iata,icao,name,city,country,lat,lon,runway_length_ft,gate_count,timezone,score,category
AAT,ZWAT,Altay Xuedu Airport,Altay,CN,47.749700,88.083300,9186,10,Asia/Urumqi,200000,medium_airport
ABE,KABE,Lehigh Valley International Airport,Allentown/Bethlehem,US,40.651773,-75.442797,7600,45,America/New_York,780000,medium_airport
ABI,KABI,Abilene Regional Airport,Abilene,US,32.411301,-99.6819,7202,25,America/Chicago,85000,small_airport
ABL,PAFM,Ambler Airport,Ambler,US,67.105529,-157.855339,3000,25,Pacific/Honolulu,5000,small_airport
ABQ,KABQ,Albuquerque International Sunport,Albuquerque,US,35.039976,-106.608925,13793,80,America/Denver,820000,medium_airport
ABR,KABR,Aberdeen Regional Airport,Aberdeen,US,45.4491,-98.421799,6901,25,America/Chicago,35000,small_airport
ABU,WATA,A.A. Bere Tallo Airport,Atambua,ID,-9.055830,124.908997,3937,1,Asia/Makassar,25000,small_airport
ABX,YMAY,Albury Airport,Albury,AU,-36.068300,146.957993,6234,3,Australia/Sydney,65000,medium_airport
ABY,KABY,Southwest Georgia Regional Airport,Albany,US,31.532946,-84.196215,6601,25,America/New_York,38000,small_airport
ABZ,EGPD,Aberdeen Airport,Aberdeen,GB,57.201944,-2.197778,6401,15,Europe/London,380000,large_airport
ACA,MMAA,Acapulco International Airport,Acapulco,MX,16.757100,-99.754000,10827,10,America/Mexico_City,260000,medium_airport
ACI,EGJA,Alderney Airport,Alderney,GG,49.706111,-2.214722,2887,2,Europe/London,5000,small_airport
ACK,KACK,Nantucket Memorial Airport,Nantucket,US,41.253101,-70.060204,6303,25,America/New_York,110000,medium_airport
ACT,KACT,Waco Regional Airport,Waco,US,31.6113,-97.230499,6596,25,America/Chicago,65000,small_airport
ACU,MPAC,Achutupo Airport,Achutupo,PA,9.198060,-77.986099,1500,1,America/Panama,8000,small_airport
ACV,KACV,California Redwood Coast-Humboldt County Airport,Arcata/Eureka,US,40.978101,-124.109,6000,25,America/Anchorage,75000,small_airport
ACY,KACY,Atlantic City International Airport,Atlantic City,US,39.456201,-74.577511,10000,45,America/New_York,520000,medium_airport
ADD,HAAB,Addis Ababa Bole International Airport,Addis Ababa,ET,8.977890,38.799301,12467,40,Africa/Addis_Ababa,920000,large_airport
ADH,KADH,Ada Regional Airport,Ada,US,34.805214,-96.671988,6203,25,America/Chicago,15000,small_airport
ADK,PADK,Adak Airport,Adak,US,51.883564,-176.642783,7790,25,Pacific/Honolulu,8000,small_airport
ADL,YPAD,Adelaide Airport,Adelaide,AU,-34.945000,138.531006,10171,35,Australia/Adelaide,950000,large_airport
ADQ,PADQ,Kodiak Airport,Kodiak,US,57.75,-152.494003,7542,25,Pacific/Honolulu,42000,small_airport
ADW,KADW,Joint Base Andrews,Camp Springs,US,38.810799,-76.866997,9755,25,America/New_York,250000,medium_airport
AEG,WIMA,Aek Godang Airport,Padang Sidempuan,ID,1.400030,99.431297,4593,1,Asia/Jakarta,15000,small_airport
AEX,KAEX,Alexandria International Airport,Alexandria,US,31.325828,-92.546702,9352,45,America/Chicago,34000,small_airport
AFW,KAFW,Perot Field/Fort Worth Alliance Airport,Fort Worth,US,32.99044,-97.31947,11010,168,America/Chicago,95000,small_airport
AGC,KAGC,Allegheny County Airport,Pittsburgh,US,40.354401,-79.930199,6501,25,America/New_York,65000,small_airport
AGS,KAGS,Augusta Regional At Bush Field,Augusta,US,33.3699,-81.9645,8001,25,America/New_York,210000,medium_airport
AGU,MMAS,Lic. Jesús Terán Peredo International Airport,Aguascalientes,MX,21.705600,-102.318000,9842,6,America/Mexico_City,230000,medium_airport
AHN,KAHN,Athens Ben Epps Airport,Athens,US,33.948842,-83.325634,5522,25,America/New_York,15000,small_airport
AIA,KAIA,Alliance Municipal Airport,Alliance,US,42.052543,-102.803965,9202,25,America/Chicago,8000,small_airport
AIN,PAWI,Wainwright Airport,Wainwright,US,70.638,-159.994995,4494,25,Pacific/Honolulu,5000,small_airport
AKC,KAKR,Akron Fulton International Airport,Akron,US,41.037355,-81.46784,6337,45,America/New_York,9000,small_airport
AKJ,RJEC,Asahikawa Airport,Asahikawa,JP,43.670898,142.447998,8202,8,Asia/Tokyo,180000,medium_airport
AKL,NZAA,Auckland International Airport,Auckland,NZ,-38.003700,174.792007,11926,45,Pacific/Auckland,1350000,large_airport
AKN,PAKN,King Salmon Airport,King Salmon,US,58.677845,-156.651965,8901,25,Pacific/Honolulu,12000,small_airport
AKP,PAKP,Anaktuvuk Pass Airport,Anaktuvuk Pass,US,68.133598,-151.742996,4800,25,Pacific/Honolulu,3000,small_airport
AKU,ZWAK,Aksu Hongqiapo Airport,Aksu,CN,41.261902,80.292503,7874,12,Asia/Urumqi,280000,medium_airport
AKY,VYAK,Sittwe Airport,Sittwe,MM,20.132500,92.871902,6000,3,Asia/Yangon,120000,medium_airport
ALA,UAAA,Almaty International Airport,Almaty,KZ,43.354267,77.042828,14764,25,Asia/Almaty,680000,large_airport
ALB,KALB,Albany International Airport,Albany,US,42.748299,-73.801697,7200,80,America/New_York,71000,small_airport
ALF,ZBAA,Arxan Yi'ershi Airport,Arxan,CN,47.309400,119.943000,7874,4,Asia/Shanghai,80000,small_airport
ALH,YABA,Albany Airport,Albany,AU,-34.940598,117.809998,5905,2,Australia/Perth,45000,small_airport
ALI,KALI,Alice International Airport,Alice,US,27.7409,-98.026901,5997,45,America/Chicago,45000,small_airport
ALM,KALM,Alamogordo White Sands Regional Airport,Alamogordo,US,32.837818,-105.993149,7006,25,America/Denver,12000,small_airport
ALN,KALN,St Louis Regional Airport,Alton/St Louis,US,38.890301,-90.045998,8101,25,America/Chicago,45000,small_airport
ALO,KALO,Waterloo Regional Airport,Waterloo,US,42.557098,-92.400299,8400,25,America/Chicago,35000,small_airport
ALS,KALS,San Luis Valley Regional Airport/Bergman Field,Alamosa,US,37.434898,-105.866997,8519,25,America/Denver,25000,small_airport
ALW,KALW,Walla Walla Regional Airport,Walla Walla,US,46.094898,-118.288002,6526,25,America/Anchorage,65000,small_airport
AMA,KAMA,Rick Husband Amarillo International Airport,Amarillo,US,35.217857,-101.706444,13502,45,America/Chicago,610000,medium_airport
AMQ,WAPP,Pattimura Airport,Ambon,ID,-3.705180,128.089005,8202,8,Asia/Jayapura,450000,large_airport
AMS,EHAM,Amsterdam Airport Schiphol,Amsterdam,NL,52.308601,4.763890,12467,165,Europe/Amsterdam,1450000,large_airport
ANB,KANB,Anniston Regional Airport,Anniston,US,33.5882,-85.8581,7000,25,America/New_York,15000,small_airport
ANC,PANC,Ted Stevens Anchorage International Airport,Anchorage,US,61.179004,-149.992561,11584,80,Pacific/Honolulu,840000,medium_airport
AND,KAND,Anderson Regional Airport,Anderson,US,34.494598,-82.709396,6002,25,America/New_York,25000,small_airport
ANI,PANI,Aniak Airport,Aniak,US,61.5816,-159.542999,6000,25,Pacific/Honolulu,8000,small_airport
ANN,PANT,Annette Island Airport,Metlakatla,US,55.037663,-131.572609,7493,25,Pacific/Honolulu,3000,small_airport
ANV,PANV,Anvik Airport,Anvik,US,62.646702,-160.190994,2960,25,Pacific/Honolulu,2000,small_airport
AOJ,RJSA,Aomori Airport,Aomori,JP,40.735001,140.688995,9840,6,Asia/Tokyo,150000,medium_airport
AOO,KAOO,Altoona Blair County Airport,Altoona,US,40.296398,-78.32,5466,25,America/New_York,21000,small_airport
APA,KAPA,Centennial Airport,Denver,US,39.570099,-104.848999,10002,25,America/Denver,95000,small_airport
APF,KAPF,Naples Municipal Airport,Naples,US,26.152599,-81.775299,5290,25,America/New_York,65000,small_airport
APG,KAPG,Phillips Army Air Field,Aberdeen,US,39.466202,-76.1688,7997,25,America/New_York,15000,small_airport
APN,KAPN,Alpena County Regional Airport,Alpena,US,45.078098,-83.560303,9001,25,America/New_York,28000,small_airport
AQB,MGQC,Quiché Airport,Santa Cruz del Quiché,GT,15.006900,-91.141700,3937,1,America/Guatemala,10000,small_airport
AQG,ZSAQ,Anqing Tianzhushan Airport,Anqing,CN,30.582800,117.050003,9186,10,Asia/Shanghai,250000,medium_airport
ARA,KARA,Acadiana Regional Airport,New Iberia,US,30.0378,-91.883904,8002,25,America/Chicago,35000,small_airport
ARC,PARC,Arctic Village Airport,Arctic Village,US,68.1147,-145.578995,4500,25,Pacific/Honolulu,4000,small_airport
ARD,WATM,Mali Airport,Alor,ID,-8.156100,124.577003,5249,1,Asia/Makassar,30000,small_airport
ARM,YARM,Armidale Airport,Armidale,AU,-30.528000,151.615000,5702,2,Australia/Sydney,40000,small_airport
ARN,ESSA,Stockholm-Arlanda Airport,Stockholm,SE,59.648490,17.928829,10830,50,Europe/Stockholm,1080000,large_airport
ART,KART,Watertown International Airport,Watertown,US,43.991901,-76.021698,5000,45,America/New_York,220000,medium_airport
ASB,UTAA,Ashgabat International Airport,Ashgabat,TM,37.986801,58.361000,12467,12,Asia/Ashgabat,395000,large_airport
ASE,KASE,Aspen-Pitkin County Airport (Sardy Field),Aspen,US,39.223202,-106.869003,8006,25,America/Denver,310000,medium_airport
ASJ,RJKA,Amami Airport,Amami,JP,28.430600,129.712000,6561,4,Asia/Tokyo,75000,medium_airport
ASP,YBAS,Alice Springs Airport,Alice Springs,AU,-23.806700,133.901993,7999,5,Australia/Darwin,190000,medium_airport
AST,KAST,Astoria Regional Airport,Astoria,US,46.158001,-123.878998,5796,25,America/Anchorage,12000,small_airport
ATH,LGAV,Athens Eleftherios Venizelos International Airport,Spata-Artemida,GR,37.936401,23.944500,13123,55,Europe/Athens,1120000,large_airport
ATK,PATQ,Atqasuk Edward Burnell Sr Memorial Airport,Atqasuk,US,70.46704,-157.436013,4370,25,Pacific/Honolulu,5000,small_airport
ATL,KATL,Hartsfield Jackson Atlanta International Airport,Atlanta,US,33.6367,-84.428101,11890,192,America/New_York,1250000,large_airport
ATW,KATW,Appleton International Airport,Appleton,US,44.258515,-88.519,8002,45,America/New_York,680000,medium_airport
ATY,KATY,Watertown Regional Airport,Watertown,US,44.914001,-97.154701,6900,25,America/Chicago,18000,small_airport
AUA,TNCA,Queen Beatrix International Airport,Oranjestad,AW,12.501056,-70.014281,9000,14,America/Aruba,460000,medium_airport
AUG,KAUG,Augusta State Airport,Augusta,US,44.320599,-69.797302,5001,25,America/New_York,25000,small_airport
AUH,OMAA,Zayed International Airport,Abu Dhabi,AE,24.440966,54.649237,13471,55,Asia/Dubai,1050000,large_airport
AUS,KAUS,Austin Bergstrom International Airport,Austin,US,30.197535,-97.662015,12248,80,America/Chicago,920000,medium_airport
AUW,KAUW,Wausau Downtown Airport,Wausau,US,44.926201,-89.626602,8000,25,America/New_York,18000,small_airport
AVL,KAVL,Asheville Regional Airport,Asheville,US,35.435488,-82.541853,8001,25,America/New_York,810000,medium_airport
AVP,KAVP,Wilkes-Barre/Scranton International Airport,Wilkes-Barre/Scranton,US,41.337064,-75.724232,7501,45,America/New_York,580000,medium_airport
AXJ,RJDA,Amakusa Airport,Amakusa,JP,32.482498,130.158997,3281,2,Asia/Tokyo,90000,medium_airport
AXN,KAXN,Chandler Field,Alexandria,US,45.866299,-95.394699,5100,25,America/Chicago,15000,small_airport
AXT,RJSK,Akita Airport,Akita,JP,39.615599,140.218994,8202,6,Asia/Tokyo,130000,medium_airport
AYQ,YAYE,Ayers Rock Connellan Airport,Yulara,AU,-25.186001,130.975006,8527,4,Australia/Darwin,150000,medium_airport
AZA,KIWA,Mesa Gateway Airport,Mesa,US,33.3078,-111.654999,10401,25,America/Denver,860000,medium_airport
AZG,MMAP,Pablo L. Sidar National Airport,Apatzingán,MX,19.080800,-102.355000,4921,1,America/Mexico_City,5000,small_airport
AZO,KAZO,Kalamazoo/Battle Creek International Airport,Kalamazoo,US,42.232105,-85.549637,6500,45,America/New_York,520000,medium_airport
AZS,MDAB,Samaná El Catey International Airport,Samaná,DO,19.268300,-69.742800,9842,4,America/Santo_Domingo,180000,medium_airport
BAB,KBAB,Beale Air Force Base,Beale Air Force Base,US,39.136101,-121.436996,12000,25,America/Anchorage,85000,small_airport
BAD,KBAD,Barksdale Air Force Base,Bossier City,US,32.501801,-93.662697,11756,25,America/Chicago,95000,small_airport
BAF,KBAF,Westfield-Barnes Regional Airport,Westfield,US,42.157799,-72.715599,9000,25,America/New_York,45000,small_airport
BAR,ZJQH,Qionghai Bo'ao Airport,Qionghai,CN,19.139400,110.457000,8530,10,Asia/Shanghai,250000,medium_airport
BAS,ZGBS,Baise Bama Airport,Baise,CN,23.725800,106.960000,8202,6,Asia/Shanghai,150000,medium_airport
BAV,ZBOW,Baotou Donghe Airport,Baotou,CN,40.560600,109.998001,9186,15,Asia/Shanghai,350000,medium_airport
BBD,KBBD,Curtis Field,Brady,US,31.178931,-99.324732,4604,25,America/Chicago,4000,small_airport
BCD,RPVB,Bacolod-Silay Airport,Bacolod,PH,10.776600,123.014999,6561,8,Asia/Manila,520000,large_airport
BCE,KBCE,Bryce Canyon Airport,Bryce Canyon,US,37.706402,-112.144997,7395,25,America/Denver,8000,small_airport
BCN,LEBL,Josep Tarradellas Barcelona-El Prat Airport,Barcelona,ES,41.297100,2.078460,11000,80,Europe/Madrid,1300000,large_airport
BCT,KBCT,Boca Raton Airport,Boca Raton,US,26.3785,-80.107697,6276,25,America/New_York,110000,medium_airport
BCV,MZBP,Belmopan Airport,Belmopan,BZ,17.269400,-88.775800,2100,1,America/Belize,10000,small_airport
BDE,KBDE,Baudette International Airport,Baudette,US,48.728401,-94.612198,6000,45,America/Chicago,30000,small_airport
BDJ,WAOO,Syamsudin Noor International Airport,Banjarmasin,ID,-3.440650,114.761002,8202,12,Asia/Makassar,560000,large_airport
BDL,KBDL,Bradley International Airport,Hartford,US,41.938555,-72.688016,9510,80,America/New_York,790000,medium_airport
BDO,WICC,Husein Sastranegara International Airport,Bandung,ID,-6.900970,107.575996,7283,6,Asia/Jakarta,250000,medium_airport
BDP,VNCG,Chandragadhi Airport,Bhadrapur,NP,26.570600,88.048300,4921,3,Asia/Kathmandu,90000,medium_airport
BDR,KBDR,Igor I Sikorsky Memorial Airport,Bridgeport,US,41.163502,-73.126198,4761,25,America/New_York,35000,small_airport
BEB,EGPU,Benbecula Airport,Benbecula,GB,57.481111,-7.362778,6023,1,Europe/London,5000,small_airport
BED,KBED,Laurence G Hanscom Field,Bedford,US,42.470001,-71.289001,7001,25,America/New_York,95000,small_airport
BEF,MNBL,Bluefields Airport,Bluefields,NI,11.988800,-83.774400,6500,2,America/Managua,90000,small_airport
BEJ,WAQQ,Kalimarau Airport,Tanjung Redeb,ID,2.155700,117.430000,7381,3,Asia/Makassar,110000,medium_airport
BET,PABE,Bethel Airport,Bethel,US,60.7798,-161.837997,6400,25,Pacific/Honolulu,140000,medium_airport
BFD,KBFD,Bradford Regional Airport,Bradford,US,41.803101,-78.640099,6309,25,America/New_York,18000,small_airport
BFF,KBFF,Western Neb. Rgnl/William B. Heilig Airport,Scottsbluff,US,41.874001,-103.596001,8279,25,America/Chicago,15000,small_airport
BFI,KBFI,King County International Airport - Boeing Field,Seattle,US,47.527042,-122.29995,10007,45,America/Anchorage,410000,medium_airport
BFL,KBFL,Meadows Field,Bakersfield,US,35.433601,-119.056999,10857,25,America/Anchorage,310000,medium_airport
BFM,KBFM,Mobile Downtown Airport,Mobile,US,30.626801,-88.0681,9618,25,America/New_York,110000,medium_airport
BFP,KBVI,Beaver County Airport,Beaver Falls,US,40.772499,-80.391403,4501,25,America/New_York,12000,small_airport
BFS,EGAA,Belfast International Airport,Belfast,GB,54.657500,-6.215833,9121,20,Europe/London,580000,large_airport
BFX,ZUBJ,Bijie Feixiong Airport,Bijie,CN,27.262500,105.474000,8530,10,Asia/Shanghai,220000,medium_airport
BGM,KBGM,Greater Binghamton/Edwin A Link field,Binghamton,US,42.208698,-75.979797,7100,25,America/New_York,65000,small_airport
BGR,KBGR,Bangor International Airport,Bangor,US,44.806364,-68.826668,11440,45,America/New_York,640000,medium_airport
BHB,KBHB,Hancock County-Bar Harbor Airport,Bar Harbor,US,44.450001,-68.361504,5200,25,America/New_York,45000,small_airport
BHD,EGAC,George Best Belfast City Airport,Belfast,GB,54.618056,-5.872500,6001,10,Europe/London,350000,large_airport
BHE,NZWB,Woodbourne Airport,Blenheim,NZ,-41.518398,173.871002,4675,4,Pacific/Auckland,140000,medium_airport
BHM,KBHM,Birmingham-Shuttlesworth International Airport,Birmingham,US,33.562877,-86.750712,10000,80,America/New_York,740000,medium_airport
BHP,VNBJ,Bhojpur Airport,Bhojpur,NP,27.146900,87.050600,1755,1,Asia/Kathmandu,15000,small_airport
BHR,VNBP,Bharatpur Airport,Bharatpur,NP,27.677800,84.426700,3800,3,Asia/Kathmandu,120000,medium_airport
BHS,YBTH,Bathurst Airport,Bathurst,AU,-33.408890,149.651993,5594,2,Australia/Sydney,30000,small_airport
BHX,EGBB,Birmingham Airport,Birmingham,GB,52.453856,-1.748028,10013,30,Europe/London,780000,large_airport
BHY,ZGBH,Beihai Fucheng Airport,Beihai,CN,21.539200,109.293999,10499,15,Asia/Shanghai,450000,medium_airport
BIF,KBIF,Biggs Army Air Field (Fort Bliss),Fort Bliss/El Paso,US,31.849501,-106.379997,13554,25,America/Denver,45000,small_airport
BIG,PABI,Allen Army Airfield,Delta Junction Ft Greely,US,63.994499,-145.722,9000,25,Pacific/Honolulu,12000,small_airport
BIH,KBIH,Eastern Sierra Regional Airport,Bishop,US,37.3731,-118.363998,7498,25,America/Anchorage,35000,small_airport
BIK,WABB,Frans Kaisiepo International Airport,Biak,ID,-1.190820,136.108002,11712,4,Asia/Jayapura,140000,medium_airport
BIL,KBIL,Billings Logan International Airport,Billings,US,45.808932,-108.541242,10518,106,America/Denver,690000,medium_airport
BIM,MYBS,South Bimini Airport,Bimini,BS,25.700000,-79.264700,5430,2,America/Nassau,50000,small_airport
BIR,VNVT,Biratnagar Airport,Biratnagar,NP,26.481100,87.266100,4921,4,Asia/Kathmandu,150000,medium_airport
BIS,KBIS,Bismarck Municipal Airport,Bismarck,US,46.772734,-100.746874,8794,25,America/Chicago,640000,medium_airport
BIX,KBIX,Keesler Air Force Base,Biloxi,US,30.4104,-88.9244,7630,25,America/New_York,85000,small_airport
BJC,KBJC,Rocky Mountain Metropolitan Airport,Denver,US,39.908798,-105.116997,9000,25,America/Denver,85000,small_airport
BJH,VNBG,Bajhang Airport,Bajhang,NP,29.539200,81.189400,2100,1,Asia/Kathmandu,8000,small_airport
BJI,KBJI,Bemidji Regional Airport,Bemidji,US,47.509399,-94.933701,6598,25,America/Chicago,45000,small_airport
BJU,VNBR,Bajura Airport,Bajura,NP,29.502800,81.673300,1880,1,Asia/Kathmandu,10000,small_airport
BJW,WATB,Soa Airport,Bajawa,ID,-8.729120,121.056000,4593,1,Asia/Makassar,35000,small_airport
BJX,MMLO,Del Bajío International Airport,León/Guanajuato,MX,20.993500,-101.481000,11483,15,America/Mexico_City,580000,large_airport
BKE,KBKE,Baker City Municipal Airport,Baker City,US,44.837299,-117.808998,5095,25,America/Anchorage,8000,small_airport
BKF,KBKF,Buckley Space Force Base,Aurora,US,39.701698,-104.751999,11000,25,America/Denver,45000,small_airport
BKH,PHBK,Barking Sands Airport,Kekaha,US,22.0228,-159.785004,6006,25,Pacific/Honolulu,15000,small_airport
BKI,WBKK,Kota Kinabalu International Airport,Kota Kinabalu,MY,5.937200,116.051500,12398,25,Asia/Kuala_Lumpur,850000,large_airport
BKK,VTBS,Suvarnabhumi Airport,Bangkok,TH,13.681100,100.747000,13123,120,Asia/Bangkok,1450000,large_airport
BKL,KBKL,Burke Lakefront Airport,Cleveland,US,41.517502,-81.683296,6198,25,America/New_York,45000,small_airport
BKQ,YBCK,Blackall Airport,Blackall,AU,-24.426900,145.427994,5200,1,Australia/Brisbane,15000,small_airport
BKW,KBKW,Raleigh County Memorial Airport,Beaver,US,37.7873,-81.124199,6750,25,America/New_York,18000,small_airport
BLB,MPPA,Panamá Pacífico International Airport,Panama City,PA,8.914940,-79.599701,8501,4,America/Panama,180000,medium_airport
BLF,KBLF,Mercer County Airport,Bluefield,US,37.295799,-81.207703,4742,25,America/New_York,12000,small_airport
BLH,KBLH,Blythe Airport,Blythe,US,33.619202,-114.717003,6543,25,America/Los_Angeles,10000,small_airport
BLI,KBLI,Bellingham International Airport,Bellingham,US,48.792801,-122.538002,6701,45,America/Anchorage,620000,medium_airport
BLR,VOBL,Kempegowda International Airport Bengaluru,Bengaluru,IN,13.197900,77.706299,13123,75,Asia/Kolkata,1270000,large_airport
BLV,KBLV,Scott AFB/Midamerica Airport,Belleville,US,38.5452,-89.835197,10000,25,America/New_York,180000,medium_airport
BME,YBRM,Broome International Airport,Broome,AU,-17.948900,122.233002,7756,5,Australia/Perth,160000,medium_airport
BMG,KBMG,Monroe County Airport,Bloomington,US,39.146,-86.616699,6500,25,America/New_York,45000,small_airport
BMI,KBMI,Central Illinois Regional Airport at Bloomington-Normal,Bloomington/Normal,US,40.4771,-88.915901,8000,25,America/New_York,340000,medium_airport
BMO,VYBM,Bhamo Airport,Bhamo,MM,24.268301,97.230797,5500,1,Asia/Yangon,20000,small_airport
BMU,WADB,Sultan Muhammad Salahuddin Airport,Bima,ID,-8.541170,118.685997,5413,2,Asia/Makassar,80000,small_airport
BMV,VVBM,Buon Ma Thuot Airport,Buon Ma Thuot,VN,12.668100,108.120000,9842,5,Asia/Ho_Chi_Minh,450000,large_airport
BNA,KBNA,Nashville International Airport,Nashville,US,36.1245,-86.6782,11030,80,America/New_York,910000,medium_airport
BNE,YBBN,Brisbane Airport,Brisbane,AU,-27.384199,153.117004,11811,65,Australia/Brisbane,1250000,large_airport
BNK,YBNA,Ballina Byron Gateway Airport,Ballina,AU,-28.833900,153.561996,6234,4,Australia/Sydney,120000,medium_airport
BNO,KBNO,Burns Municipal Airport,Burns,US,43.590463,-118.955154,5100,25,America/Anchorage,5000,small_airport
BOC,MPBO,Isla Colón International Airport,Bocas del Toro,PA,9.340800,-82.250801,4921,3,America/Panama,120000,medium_airport
BOG,SKBO,El Dorado International Airport,Bogota,CO,4.701590,-74.146900,12467,70,America/Bogota,1200000,large_airport
BOH,EGDC,Bournemouth Airport,Bournemouth,GB,50.780000,-1.829722,7451,10,Europe/London,150000,medium_airport
BOI,KBOI,Boise Air Terminal/Gowen Field,Boise,US,43.5644,-116.223,10000,60,America/Los_Angeles,940000,medium_airport
BOM,VABB,Chhatrapati Shivaji Maharaj International Airport,Mumbai,IN,19.088699,72.867897,11511,95,Asia/Kolkata,1350000,large_airport
BON,TNCB,Flamingo International Airport,Kralendijk,BQ,12.130900,-68.268700,9449,4,America/Kralendijk,150000,medium_airport
BOS,KBOS,Boston Logan International Airport,Boston,US,42.36197,-71.0079,10083,106,America/New_York,970000,medium_airport
BPE,ZBDH,Qinhuangdao Beidaihe Airport,Qinhuangdao,CN,39.666900,119.062000,8530,8,Asia/Shanghai,220000,medium_airport
BPI,KBPI,Miley Memorial Field,Big Piney,US,42.585098,-110.111,6803,25,America/Denver,4000,small_airport
BPL,ZWBL,Bole Alashankou Airport,Bole,CN,44.893300,82.299400,8530,8,Asia/Urumqi,120000,medium_airport
BPN,WALL,Sultan Aji Muhammad Sulaiman Sepinggan Airport,Balikpapan,ID,-1.268270,116.893997,8202,25,Asia/Makassar,850000,large_airport
BPT,KBPT,Jack Brooks Regional Airport,Beaumont/Port Arthur,US,29.9508,-94.020699,6750,25,America/Chicago,42000,small_airport
BPX,ZUBD,Qamdo Bamda Airport,Qamdo,CN,30.551100,97.108101,14764,8,Asia/Shanghai,150000,medium_airport
BQK,KBQK,Brunswick Golden Isles Airport,Brunswick,US,31.258801,-81.466499,8001,25,America/New_York,65000,small_airport
BQN,TJBQ,Rafael Hernández Airport,Aguadilla,PR,18.494900,-67.129400,11702,6,America/Puerto_Rico,280000,medium_airport
BRD,KBRD,Brainerd Lakes Regional Airport,Brainerd,US,46.402861,-94.129727,6500,25,America/Chicago,35000,small_airport
BRL,KBRL,Southeast Iowa Regional Airport,Burlington,US,40.783199,-91.125504,6702,25,America/Chicago,15000,small_airport
BRO,KBRO,Brownsville South Padre Island International Airport,Brownsville,US,25.907238,-97.425235,7400,45,America/Chicago,480000,medium_airport
BRR,EGPR,Barra Airport,Barra,GB,57.025000,-7.443611,2785,1,Europe/London,5000,small_airport
BRS,EGGD,Bristol Airport,Bristol,GB,51.382669,-2.719089,6598,20,Europe/London,650000,large_airport
BRW,PABR,Wiley Post Will Rogers Memorial Airport,Utqiaġvik,US,71.285402,-156.766008,6500,25,Pacific/Honolulu,110000,medium_airport
BRX,MDBH,María Montez International Airport,Barahona,DO,18.252200,-71.121400,9842,2,America/Santo_Domingo,25000,small_airport
BSO,RPUO,Basco Airport,Basco,PH,20.451300,121.973999,4101,2,Asia/Manila,85000,small_airport
BSX,VYPN,Pathein Airport,Pathein,MM,16.813900,94.770500,8500,1,Asia/Yangon,10000,small_airport
BSZ,UCFM,Manas International Airport,Bishkek,KG,43.061298,74.477600,13780,14,Asia/Bishkek,420000,large_airport
BTH,WIDD,Hang Nadim International Airport,Batam,ID,1.121030,104.119003,13205,20,Asia/Jakarta,780000,large_airport
BTI,PABA,Barter Island Long Range Radar Station Airport,Barter Island,US,70.134003,-143.582001,4820,25,Pacific/Honolulu,5000,small_airport
BTL,KBTL,Battle Creek Executive Airport at Kellogg Field,Battle Creek,US,42.307301,-85.251503,10003,25,America/New_York,65000,small_airport
BTM,KBTM,Bert Mooney Airport,Butte,US,45.9548,-112.497002,9001,25,America/Denver,45000,small_airport
BTR,KBTR,Baton Rouge Metropolitan Airport,Baton Rouge,US,30.533199,-91.149597,7004,25,America/Chicago,640000,medium_airport
BTU,WBGB,Bintulu Airport,Bintulu,MY,3.197600,113.017000,8990,5,Asia/Kuala_Lumpur,100000,medium_airport
BTV,KBTV,Patrick Leahy Burlington International Airport,Burlington,US,44.471901,-73.153297,8320,45,America/New_York,670000,medium_airport
BUD,LHBP,Budapest Liszt Ferenc International Airport,Budapest,HU,47.430180,19.262393,12162,40,Europe/Budapest,960000,large_airport
BUF,KBUF,Buffalo Niagara International Airport,Buffalo,US,42.940498,-78.732201,8829,80,America/New_York,760000,medium_airport
BUR,KBUR,Hollywood Burbank Airport,Burbank,US,34.202834,-118.35805,6886,60,America/Anchorage,960000,medium_airport
BUT,VQBT,Bathpalathang Airport,Jakar,BT,27.561900,90.746100,3937,1,Asia/Thimphu,15000,small_airport
BUW,WAAB,Betoambari Airport,Bau-Bau,ID,-5.485120,122.564003,6561,3,Asia/Makassar,110000,medium_airport
BVY,KBVY,Beverly Regional Airport,Beverly / Danvers,US,42.584202,-70.916496,5001,25,America/New_York,35000,small_airport
BWA,VNBW,Gautam Buddha International Airport,Bhairahawa,NP,27.506100,83.419400,9842,6,Asia/Kathmandu,280000,medium_airport
BWG,KBWG,Bowling Green Warren County Regional Airport,Bowling Green,US,36.9645,-86.419701,6500,25,America/New_York,21000,small_airport
BWI,KBWI,Baltimore/Washington International Thurgood Marshall Airport,Baltimore,US,39.1754,-76.668297,10502,80,America/New_York,930000,medium_airport
BWN,WBSB,Brunei International Airport,Bandar Seri Begawan,BN,4.939620,114.928001,12000,10,Asia/Brunei,450000,large_airport
BWT,YWYY,Burnie Airport,Wynyard,AU,-40.998699,145.731003,5413,2,Australia/Hobart,65000,medium_airport
BXB,WASB,Babo Airport,Babo,ID,-2.548890,133.220993,3937,1,Asia/Jayapura,10000,small_airport
BYH,KBYH,Arkansas International Airport,Blytheville,US,35.964298,-89.944,11602,45,America/New_York,80000,small_airport
BYI,KBYI,Burley Municipal Airport,Burley,US,42.542599,-113.772003,4094,25,America/Denver,5000,small_airport
BYM,MUBY,Carlos Manuel de Céspedes Airport,Bayamo,CU,20.395800,-76.620000,6500,2,America/Havana,35000,small_airport
BYN,ZMBH,Bayankhongor Airport,Bayankhongor,MN,46.170556,100.700000,9186,2,Asia/Ulaanbaatar,25000,small_airport
BYS,KBYS,Bicycle Lake Army Air Field,Fort Irwin/Barstow,US,35.280499,-116.629997,9500,25,America/Los_Angeles,15000,small_airport
BZA,MNBZ,Bonanza Airport,Bonanza,NI,14.020000,-84.620000,4000,1,America/Managua,15000,small_airport
BZE,MZBZ,Philip S. W. Goldson International Airport,Belize City,BZ,17.539101,-88.308296,7100,10,America/Belize,180000,medium_airport
BZL,VGBG,Barisal Airport,Barisal,BD,22.801000,90.301300,6000,2,Asia/Dhaka,120000,medium_airport
BZN,KBZN,Bozeman Yellowstone International Airport,Bozeman,US,45.778853,-111.153711,9003,45,America/Denver,730000,medium_airport
CAA,MHCA,Catacamas Airport,Catacamas,HN,14.851700,-85.912500,5000,1,America/Tegucigalpa,12000,small_airport
CAE,KCAE,Columbia Metropolitan Airport,Columbia,US,33.938172,-81.123022,8601,25,America/New_York,710000,medium_airport
CAH,VVCM,Ca Mau Airport,Ca Mau,VN,9.175500,105.179400,4921,2,Asia/Ho_Chi_Minh,45000,medium_airport
CAI,HECA,Cairo International Airport,Cairo,EG,30.111534,31.396694,13124,55,Africa/Cairo,1100000,large_airport
CAK,KCAK,Akron Canton Regional Airport,Akron,US,40.9161,-81.4422,7601,25,America/New_York,740000,medium_airport
CAL,EGEC,Campbeltown Airport,Campbeltown,GB,55.437222,-5.686389,5738,1,Europe/London,5000,small_airport
CAN,ZGGG,Guangzhou Baiyun International Airport,Guangzhou,CN,28.393299,113.299004,12467,170,Asia/Shanghai,1850000,large_airport
CAP,MTCH,Cap-Haïtien International Airport,Cap-Haïtien,HT,19.733100,-72.194700,8701,3,America/Port-au-Prince,150000,medium_airport
CAR,KCAR,Caribou Municipal Airport,Caribou,US,46.871498,-68.017899,4003,25,America/New_York,15000,small_airport
CBM,KCBM,Columbus Air Force Base,Columbus,US,33.643799,-88.443802,12000,25,America/New_York,85000,small_airport
CBO,RPMC,Awang Airport,Cotabato,PH,7.164500,124.216004,6233,4,Asia/Manila,190000,medium_airport
CBR,YSCB,Canberra Airport,Canberra,AU,-35.306900,149.195007,10758,15,Australia/Sydney,650000,large_airport
CCC,MUCC,Jardines del Rey Airport,Cayo Coco,CU,22.461900,-78.328300,9842,6,America/Havana,210000,medium_airport
CCR,KCCR,Buchanan Field,Concord,US,37.9897,-122.056999,5001,25,America/Anchorage,35000,small_airport
CCU,VECC,Netaji Subhash Chandra Bose International Airport,Kolkata,IN,22.654012,88.447650,11919,45,Asia/Kolkata,1020000,large_airport
CCY,KCCY,Northeast Iowa Regional Airport,Charles City,US,43.072601,-92.610802,4001,25,America/Chicago,8000,small_airport
CDB,PACD,Cold Bay Airport,Cold Bay,US,55.207871,-162.725029,10415,25,Pacific/Honolulu,12000,small_airport
CDC,KCDC,Cedar City Regional Airport,Cedar City,US,37.701,-113.098999,8653,25,America/Denver,45000,small_airport
CDE,ZBCD,Chengde Puning Airport,Chengde,CN,41.118600,118.156000,8530,6,Asia/Shanghai,150000,medium_airport
CDG,LFPG,Charles de Gaulle Airport,Paris,FR,49.009724,2.547778,13829,120,Europe/Paris,1450000,large_airport
CDR,KCDR,Chadron Municipal Airport,Chadron,US,42.837601,-103.095001,6001,25,America/Chicago,15000,small_airport
CDS,KCDS,Childress Municipal Airport,Childress,US,34.4338,-100.288002,5949,25,America/Chicago,5000,small_airport
CDV,PACV,Merle K (Mudhole) Smith Airport,Cordova,US,60.491798,-145.477997,7500,25,Pacific/Honolulu,35000,small_airport
CEB,RPVM,Mactan-Cebu International Airport,Cebu,PH,10.307500,123.978996,10826,35,Asia/Manila,1100000,large_airport
CEC,KCEC,Jack Mc Namara Field Airport,Crescent City,US,41.778929,-124.236403,5002,25,America/Anchorage,25000,small_airport
CEF,KCEF,Westover Metropolitan Airport / Westover Air Reserve Base,Chicopee,US,42.194,-72.534798,11597,25,America/New_York,45000,small_airport
CEI,VTCT,Mae Fah Luang - Chiang Rai International Airport,Chiang Rai,TH,19.951700,99.882500,9843,10,Asia/Bangkok,450000,large_airport
CEN,MMCN,Ciudad Obregón International Airport,Ciudad Obregón,MX,27.391800,-109.833000,7546,4,America/Hermosillo,210000,medium_airport
CEW,KCEW,Bob Sikes Airport,Crestview,US,30.778799,-86.522102,8005,25,America/New_York,45000,small_airport
CEZ,KCEZ,Cortez Municipal Airport,Cortez,US,37.303001,-108.627998,7205,25,America/Denver,28000,small_airport
CFG,MUCF,Jaime González Airport,Cienfuegos,CU,22.149200,-80.407200,7874,3,America/Havana,55000,small_airport
CFS,YCFS,Coffs Harbour Airport,Coffs Harbour,AU,-30.320500,153.117004,6824,4,Australia/Sydney,95000,medium_airport
CGD,ZGCD,Changde Taohuayuan Airport,Changde,CN,28.918100,111.640999,8530,10,Asia/Shanghai,280000,medium_airport
CGF,KCGF,Cuyahoga County Airport,Cleveland,US,41.565102,-81.486397,5102,25,America/New_York,45000,small_airport
CGI,KCGI,Cape Girardeau Regional Airport,Cape Girardeau,US,37.2253,-89.570801,6499,25,America/New_York,21000,small_airport
CGK,WIII,Soekarno-Hatta International Airport,Jakarta,ID,-6.125570,106.655998,11811,150,Asia/Jakarta,1500000,large_airport
CGM,RPMH,Camiguin Airport,Camiguin,PH,9.253330,124.708000,3943,2,Asia/Manila,110000,medium_airport
CGO,ZHCC,Zhengzhou Xinzheng International Airport,Zhengzhou,CN,34.519699,113.841003,11811,65,Asia/Shanghai,1350000,large_airport
CGP,VGEG,Shah Amanat International Airport,Chittagong,BD,22.249600,91.813202,9646,12,Asia/Dhaka,450000,large_airport
CGQ,ZYCC,Changchun Longjia International Airport,Changchun,CN,43.996101,125.684998,10499,45,Asia/Shanghai,950000,large_airport
CGY,RPMY,Laguindingan Airport,Cagayan de Oro,PH,8.614600,124.457001,6889,8,Asia/Manila,480000,large_airport
CHA,KCHA,Chattanooga Metropolitan Airport (Lovell Field),Chattanooga,US,35.035301,-85.203796,7400,25,America/New_York,610000,medium_airport
CHC,NZCH,Christchurch International Airport,Christchurch,NZ,-43.489399,172.531998,10787,30,Pacific/Auckland,980000,large_airport
CHG,ZYCY,Chaoyang Airport,Chaoyang,CN,41.538100,120.434000,6561,4,Asia/Shanghai,80000,small_airport
CHO,KCHO,Charlottesville Albemarle Airport,Charlottesville,US,38.138599,-78.452904,6001,115,America/New_York,520000,medium_airport
CHS,KCHS,Charleston International Airport,Charleston,US,32.896159,-80.038151,9001,80,America/New_York,790000,medium_airport
CHT,NZCI,Chatham Islands-Tuuta Airport,Chatham Islands,NZ,-43.812500,-176.464996,4429,1,Pacific/Chatham,10000,small_airport
CHX,MPCH,Capitán Manuel Niño International Airport,Changuinola,PA,9.458760,-82.518600,3281,2,America/Panama,60000,small_airport
CID,KCID,The Eastern Iowa Airport,Cedar Rapids,US,41.884701,-91.7108,8601,25,America/Chicago,680000,medium_airport
CIF,ZBCF,Chifeng Yulong Airport,Chifeng,CN,42.158100,118.835999,9186,12,Asia/Shanghai,250000,medium_airport
CIH,ZBCZ,Changzhi Wangcun Airport,Changzhi,CN,36.246700,113.125000,8530,10,Asia/Shanghai,250000,medium_airport
CIT,UAII,Shymkent International Airport,Shymkent,KZ,42.365021,69.475640,9186,10,Asia/Almaty,395000,large_airport
CIU,KCIU,Chippewa County International Airport,Kincheloe,US,46.242038,-84.462082,7201,45,America/New_York,190000,medium_airport
CJJ,RKTU,Cheongju International Airport,Cheongju,KR,36.716600,127.499000,9000,10,Asia/Seoul,380000,large_airport
CJU,RKPC,Jeju International Airport,Jeju,KR,33.511300,126.493000,10433,35,Asia/Seoul,1250000,large_airport
CKB,KCKB,North Central West Virginia Airport,Bridgeport,US,39.2966,-80.228104,7800,25,America/New_York,45000,small_airport
CKG,ZUCK,Chongqing Jiangbei International Airport,Chongqing,CN,29.719200,106.640999,12467,110,Asia/Shanghai,1600000,large_airport
CLD,KCRQ,McClellan-Palomar Airport,Carlsbad,US,33.1283,-117.279999,4897,25,America/Anchorage,110000,medium_airport
CLE,KCLE,Cleveland Hopkins International Airport,Cleveland,US,41.411701,-81.8498,9000,80,America/New_York,880000,medium_airport
CLL,KCLL,Easterwood Field,College Station,US,30.5886,-96.3638,7000,25,America/Chicago,120000,medium_airport
CLM,KCLM,William R Fairchild International Airport,Port Angeles,US,48.120201,-123.5,6347,45,America/Anchorage,60000,small_airport
CLQ,MMIA,Lic. Miguel de la Madrid Airport,Colima,MX,19.277000,-103.577000,8202,2,America/Mexico_City,70000,small_airport
CLT,KCLT,Charlotte Douglas International Airport,Charlotte,US,35.214001,-80.9431,10000,115,America/New_York,1120000,large_airport
CLU,KBAK,Columbus Municipal Airport,Columbus,US,39.262386,-85.895576,6400,25,America/New_York,18000,small_airport
CMA,YBCM,Cunnamulla Airport,Cunnamulla,AU,-28.029999,145.621002,5000,1,Australia/Brisbane,12000,small_airport
CMB,VCBI,Bandaranaike International Colombo Airport,Colombo,LK,7.180760,79.884102,10991,30,Asia/Colombo,830000,large_airport
CME,MMCE,Ciudad del Carmen International Airport,Ciudad del Carmen,MX,18.653700,-91.798800,7218,6,America/Mexico_City,150000,medium_airport
CMH,KCMH,John Glenn Columbus International Airport,Columbus,US,39.998001,-82.891899,10125,80,America/New_York,810000,medium_airport
CMI,KCMI,University of Illinois Willard Airport,Savoy,US,40.039819,-88.276249,8100,25,America/New_York,210000,medium_airport
CMJ,RCCM,Qimei Airport,Qimei,TW,23.212500,119.426000,2598,1,Asia/Taipei,15000,small_airport
CMM,MGCR,Carmelita Airport,Carmelita,GT,17.650000,-90.050000,3000,1,America/Guatemala,5000,small_airport
CMN,GMMN,Mohammed V International Airport,Casablanca,MA,33.367500,-7.589970,12205,35,Africa/Casablanca,880000,large_airport
CMW,MUCM,Ignacio Agramonte International Airport,Camagüey,CU,21.421700,-77.848300,9842,4,America/Havana,120000,medium_airport
CMX,KCMX,Houghton County Memorial Airport,Hancock,US,47.1684,-88.489098,6501,25,America/New_York,42000,small_airport
CNA,MMCA,Cananea National Airport,Cananea,MX,30.981800,-110.070000,4921,1,America/Hermosillo,5000,small_airport
CNM,KCNM,Cavern City Air Terminal,Carlsbad,US,32.337502,-104.263,7854,25,America/Denver,18000,small_airport
CNS,YBCS,Cairns Airport,Cairns,AU,-16.885800,145.755005,10486,20,Australia/Brisbane,780000,large_airport
CNU,KCNU,Chanute Martin Johnson Airport,Chanute,US,37.668173,-95.486727,4255,25,America/Chicago,4000,small_airport
CNX,VTCC,Chiang Mai International Airport,Chiang Mai,TH,18.766800,98.962600,11155,25,Asia/Bangkok,750000,large_airport
CNY,KCNY,Canyonlands Regional Airport,Moab,US,38.755001,-109.754997,7100,25,America/Denver,45000,small_airport
COD,KCOD,Yellowstone Regional Airport,Cody,US,44.520199,-109.024002,8268,25,America/Denver,8000,small_airport
COE,KCOE,Coeur D'Alene Airport - Pappy Boyington Field,Coeur d'Alene,US,47.7743,-116.82,7400,25,America/Los_Angeles,8000,small_airport
COF,KCOF,Patrick Space Force Base,Cocoa Beach,US,28.2349,-80.6101,9023,25,America/New_York,15000,small_airport
CON,KCON,Concord Municipal Airport,Concord,US,43.202702,-71.502296,6005,25,America/New_York,6000,small_airport
COQ,ZMCD,Choibalsan Airport,Choibalsan,MN,48.135556,114.646111,8530,2,Asia/Choibalsan,30000,small_airport
COS,KCOS,City of Colorado Springs Municipal Airport,Colorado Springs,US,38.805801,-104.700996,13501,60,America/Denver,740000,medium_airport
COU,KCOU,Columbia Regional Airport,Columbia,US,38.8181,-92.219597,6501,25,America/Chicago,150000,medium_airport
CPE,MMCP,Ing. Alberto Acuña Ongay International Airport,Campeche,MX,19.816600,-90.500000,8202,3,America/Merida,90000,small_airport
CPH,EKCH,Copenhagen Kastrup Airport,Copenhagen,DK,55.617901,12.656000,11811,60,Europe/Copenhagen,1150000,large_airport
CPR,KCPR,Casper-Natrona County International Airport,Casper,US,42.907381,-106.461609,10164,45,America/Denver,310000,medium_airport
CPT,FACT,Cape Town International Airport,Cape Town,ZA,-33.974030,18.604333,10502,35,Africa/Johannesburg,880000,large_airport
CPX,TJCP,Benjamín Rivera Noriega Airport,Culebra,PR,18.311700,-65.303900,2600,1,America/Puerto_Rico,60000,small_airport
CRE,KCRE,Grand Strand Airport,North Myrtle Beach,US,33.811699,-78.7239,5996,25,America/New_York,15000,small_airport
CRG,KCRG,Jacksonville Executive at Craig Airport,Jacksonville,US,30.3363,-81.514397,4004,25,America/New_York,12000,small_airport
CRK,RPLC,Clark International Airport,Angeles,PH,15.185800,120.559998,10499,20,Asia/Manila,780000,large_airport
CRM,RPVF,Catarman National Airport,Catarman,PH,12.502800,124.639000,4429,1,Asia/Manila,65000,small_airport
CRP,KCRP,Corpus Christi International Airport,Corpus Christi,US,27.770399,-97.501198,7508,45,America/Chicago,420000,medium_airport
CRW,KCRW,Yeager Airport,Charleston,US,38.3731,-81.593201,6302,25,America/New_York,150000,medium_airport
CSG,KCSG,Columbus Airport,Columbus,US,32.516415,-84.939602,6997,25,America/New_York,45000,small_airport
CSL,MMSL,Cabo San Lucas International Airport,Cabo San Lucas,MX,22.948300,-109.938000,7000,2,America/Mazatlan,85000,small_airport
CSN,KCXP,Carson Airport,Carson City,US,39.194331,-119.734312,5906,25,America/Anchorage,8000,small_airport
CSV,KCSV,Crossville Memorial Airport Whitson Field,Crossville,US,35.95131,-85.08499,5418,25,America/New_York,5000,small_airport
CSX,ZGHA,Changsha Huanghua International Airport,Changsha,CN,28.189199,113.214996,10499,65,Asia/Shanghai,1300000,large_airport
CTB,KCTB,Cut Bank International Airport,Cut Bank,US,48.608657,-112.378183,5300,45,America/Denver,8000,small_airport
CTD,MPCE,Alonso Valderrama Airport,Chitré,PA,7.986670,-80.408600,3937,1,America/Panama,25000,small_airport
CTL,YBCV,Charleville Airport,Charleville,AU,-26.413900,146.261993,5000,1,Australia/Brisbane,18000,small_airport
CTM,MMCM,Chetumal International Airport,Chetumal,MX,18.504700,-88.326800,7244,3,America/Cancun,95000,small_airport
CTS,RJCC,New Chitose Airport,Sapporo,JP,42.775200,141.692001,9840,45,Asia/Tokyo,1000000,large_airport
CTU,ZUUU,Chengdu Shuangliu International Airport,Chengdu,CN,30.578501,103.946999,11811,90,Asia/Shanghai,1400000,large_airport
CUB,KCUB,Jim Hamilton L.B. Owens Airport,Columbia,US,33.970501,-80.995201,5002,25,America/New_York,12000,small_airport
CUK,MZCK,Caye Caulker Airport,Caye Caulker,BZ,17.734700,-88.031900,2600,1,America/Belize,90000,small_airport
CUL,MMCL,Culiacán International Airport,Culiacán,MX,24.764600,-107.475000,7546,12,America/Mazatlan,550000,large_airport
CUN,MMUN,Cancún International Airport,Cancún,MX,21.036500,-86.877100,11483,80,America/Cancun,1450000,large_airport
CUU,MMCU,Chihuahua International Airport,Chihuahua,MX,28.702200,-105.964000,8530,10,America/Chihuahua,450000,large_airport
CVG,KCVG,Cincinnati Northern Kentucky International Airport,Cincinnati / Covington,US,39.048801,-84.667801,12000,80,America/New_York,890000,medium_airport
CVJ,MMCB,General Mariano Matamoros Airport,Cuernavaca,MX,18.835400,-99.261100,9088,2,America/Mexico_City,25000,small_airport
CVM,MMCV,General Pedro J. Méndez International Airport,Ciudad Victoria,MX,23.702900,-98.956400,7218,2,America/Monterrey,40000,small_airport
CVN,KCVN,Clovis Municipal Airport,Clovis,US,34.426594,-103.078794,6200,25,America/Chicago,6000,small_airport
CVO,KCVO,Corvallis Municipal Airport,Corvallis,US,44.4972,-123.290001,5900,25,America/Anchorage,5000,small_airport
CVS,KCVS,Cannon Air Force Base,Clovis,US,34.382801,-103.321999,10000,25,America/Chicago,15000,small_airport
CWA,KCWA,Central Wisconsin Airport,Mosinee,US,44.777448,-89.670238,7645,25,America/New_York,180000,medium_airport
CWL,EGFF,Cardiff Airport,Cardiff,GB,51.396667,-3.343333,7750,10,Europe/London,120000,medium_airport
CXB,VGCB,Cox's Bazar Airport,Cox's Bazar,BD,21.451900,91.963898,6791,5,Asia/Dhaka,280000,medium_airport
CXO,KCXO,Conroe-North Houston Regional Airport,Houston,US,30.351801,-95.414497,6000,130,America/Chicago,15000,small_airport
CXR,VVCR,Cam Ranh International Airport,Nha Trang,VN,11.998000,109.219000,10000,15,Asia/Ho_Chi_Minh,920000,large_airport
CYA,MTCA,Antoine-Simon Airport,Les Cayes,HT,18.271700,-73.788300,3235,1,America/Port-au-Prince,25000,small_airport
CYI,RCKU,Chiayi Airport,Chiayi,TW,23.461901,120.395000,10007,3,Asia/Taipei,40000,small_airport
CYO,MUCL,Vilo Acuña Airport,Cayo Largo del Sur,CU,21.615800,-81.543900,9842,3,America/Havana,85000,medium_airport
CYP,RPVC,Calbayog Airport,Calbayog,PH,12.073000,124.544998,5413,2,Asia/Manila,60000,small_airport
CYS,KCYS,Cheyenne Regional Jerry Olson Field,Cheyenne,US,41.155701,-104.811997,9267,25,America/Denver,45000,small_airport
CYW,MMCY,Captain Rogelio Castillo National Airport,Celaya,MX,20.545100,-100.886000,6233,1,America/Mexico_City,10000,small_airport
CYZ,RPUY,Cauayan Airport,Cauayan,PH,16.929800,121.752998,6561,1,Asia/Manila,30000,small_airport
CZA,MMCT,Chichén Itzá International Airport,Kaua,MX,20.641000,-88.446500,9186,2,America/Cancun,30000,small_airport
CZF,PACZ,Cape Romanzof LRRS Airport,Cape Romanzof,US,61.7803,-166.039002,3990,25,Pacific/Honolulu,2000,small_airport
CZH,MZCZ,Corozal Airport,Corozal,BZ,18.382800,-88.411400,2000,1,America/Belize,25000,small_airport
CZM,MMCZ,Cozumel International Airport,Cozumel,MX,20.522400,-86.925600,10492,8,America/Cancun,300000,medium_airport
CZX,ZSCG,Changzhou Benniu International Airport,Changzhou,CN,31.905600,119.781998,11155,15,Asia/Shanghai,380000,medium_airport
DAA,KDAA,Davison Army Air Field,Fort Belvoir,US,38.715,-77.181,5618,25,America/New_York,5000,small_airport
DAB,KDAB,Daytona Beach International Airport,Daytona Beach,US,29.18255,-81.059464,10500,45,America/New_York,480000,medium_airport
DAC,VGHS,Hazrat Shahjalal International Airport,Dhaka,BD,23.843300,90.397797,10499,30,Asia/Dhaka,1250000,large_airport
DAD,VVDN,Da Nang International Airport,Da Nang,VN,16.043900,108.199000,11483,30,Asia/Ho_Chi_Minh,1100000,large_airport
DAG,KDAG,Barstow Daggett Airport,Daggett,US,34.853699,-116.787003,6400,25,America/Los_Angeles,8000,small_airport
DAL,KDAL,Dallas Love Field,Dallas,US,32.844776,-96.847653,8800,168,America/Chicago,880000,medium_airport
DAN,KDAN,Danville Regional Airport,Danville,US,36.572899,-79.336098,6500,25,America/New_York,5000,small_airport
DAT,ZBDT,Datong Yungang Airport,Datong,CN,40.060001,113.482002,9842,12,Asia/Shanghai,350000,medium_airport
DAV,MPDA,Enrique Malek International Airport,David,PA,8.390970,-82.434998,8530,4,America/Panama,150000,medium_airport
DAY,KDAY,James M. Cox Dayton International Airport,Dayton,US,39.902401,-84.219398,10900,45,America/New_York,510000,medium_airport
DBO,YSDU,Dubbo City Regional Airport,Dubbo,AU,-32.217700,148.574000,5600,3,Australia/Sydney,75000,medium_airport
DBQ,KDBQ,Dubuque Regional Airport,Dubuque,US,42.402,-90.709503,6502,25,America/Chicago,45000,small_airport
DCA,KDCA,Ronald Reagan Washington National Airport,Washington,US,38.8521,-77.037697,6869,60,America/New_York,980000,medium_airport
DCY,ZUDC,Daocheng Yading Airport,Daocheng,CN,29.323100,100.053000,13780,4,Asia/Shanghai,80000,small_airport
DDC,KDDC,Dodge City Regional Airport,Dodge City,US,37.763401,-99.965599,6899,25,America/Chicago,25000,small_airport
DDG,ZYDD,Dandong Langtou Airport,Dandong,CN,40.025300,124.286000,8530,6,Asia/Shanghai,150000,medium_airport
DEC,KDEC,Decatur Airport,Decatur,US,39.834599,-88.8657,8496,25,America/New_York,18000,small_airport
DEL,VIDP,Indira Gandhi International Airport,New Delhi,IN,28.555630,77.095190,14534,110,Asia/Kolkata,1450000,large_airport
DEN,KDEN,Denver International Airport,Denver,US,39.860027,-104.673792,16000,169,America/Denver,1280000,large_airport
DET,KDET,Coleman A. Young Municipal Airport,Detroit,US,42.409199,-83.009903,5090,25,America/New_York,15000,small_airport
DEX,WAVD,Nop Goliat Dekai Airport,Dekai,ID,-4.846670,139.468002,6397,1,Asia/Jayapura,35000,small_airport
DFW,KDFW,Dallas Fort Worth International Airport,Dallas-Fort Worth,US,32.896801,-97.038002,13401,168,America/Chicago,1350000,large_airport
DGA,MZPB,Dangriga Airport,Dangriga,BZ,16.983100,-88.232200,2100,1,America/Belize,65000,small_airport
DGO,MMDO,General Guadalupe Victoria International Airport,Durango,MX,24.124100,-104.528000,9514,4,America/Monterrey,170000,medium_airport
DGT,RPVD,Silliman University-Dumaguete Airport,Dumaguete,PH,9.333060,123.300003,6299,4,Asia/Manila,250000,medium_airport
DHI,VNDH,Dhangadhi Airport,Dhangadhi,NP,28.753300,80.563600,5905,3,Asia/Kathmandu,110000,medium_airport
DHN,KDHN,Dothan Regional Airport,Dothan,US,31.321301,-85.4496,8498,25,America/New_York,65000,small_airport
DHT,KDHT,Dalhart Municipal Airport,Dalhart,US,36.022598,-102.546997,6400,25,America/Chicago,4000,small_airport
DIG,ZPDQ,Diqing Shangri-La Airport,Shangri-La,CN,27.792500,99.680298,11811,10,Asia/Shanghai,180000,medium_airport
DIK,KDIK,Dickinson Theodore Roosevelt Regional Airport,Dickinson,US,46.797533,-102.801905,6400,25,America/Chicago,35000,small_airport
DIN,VVDB,Dien Bien Phu Airport,Dien Bien Phu,VN,21.397200,103.007700,7874,3,Asia/Ho_Chi_Minh,85000,medium_airport
DJJ,WAJJ,Sentani International Airport,Jayapura,ID,-2.576550,140.516006,9842,8,Asia/Jayapura,480000,large_airport
DLC,ZYTL,Dalian Zhoushuizi International Airport,Dalian,CN,38.965698,121.539001,10499,50,Asia/Shanghai,1100000,large_airport
DLF,KDLF,Laughlin Air Force Base,Del Rio,US,29.359501,-100.778002,8857,25,America/Chicago,15000,small_airport
DLG,PADL,Dillingham Airport,Dillingham,US,59.044701,-158.505005,6400,25,Pacific/Honolulu,25000,small_airport
DLH,KDLH,Duluth International Airport,Duluth,US,46.841873,-92.198746,10152,45,America/Chicago,340000,medium_airport
DLI,VVDL,Lien Khuong Airport,Da Lat,VN,11.750500,108.370500,10662,25,Asia/Ho_Chi_Minh,720000,large_airport
DLS,KDLS,Columbia Gorge Regional Airport,Dallesport / The Dalles,US,45.620979,-121.170777,5097,25,America/Anchorage,8000,small_airport
DLU,ZPDL,Dali Fengyi Airport,Dali,CN,25.650800,100.319000,8530,15,Asia/Shanghai,350000,medium_airport
DLZ,ZMDZ,Dalanzadgad Airport,Dalanzadgad,MN,43.608611,104.366944,7546,3,Asia/Ulaanbaatar,95000,small_airport
DMA,KDMA,Davis Monthan Air Force Base,Tucson,US,32.1665,-110.883003,13643,25,America/Denver,25000,small_airport
DMK,VTBD,Don Mueang International Airport,Bangkok,TH,13.912600,100.607000,12139,80,Asia/Bangkok,1100000,large_airport
DMN,KDMN,Deming Municipal Airport,Deming,US,32.262299,-107.721001,6627,25,America/Denver,5000,small_airport
DND,EGPN,Dundee Airport,Dundee,GB,56.452500,-3.025833,4593,2,Europe/London,30000,small_airport
DNH,ZLDH,Dunhuang Mogao International Airport,Dunhuang,CN,40.165699,94.809303,9186,15,Asia/Shanghai,350000,medium_airport
DNL,KDNL,Daniel Field,Augusta,US,33.466499,-82.039398,4002,25,America/New_York,8000,small_airport
DOB,WAPD,Rar Gwamar Airport,Dobo,ID,-5.753330,134.209000,4593,1,Asia/Jayapura,30000,small_airport
DOH,OTHH,Hamad International Airport,Doha,QA,25.273056,51.608056,15912,90,Asia/Qatar,1350000,large_airport
DOP,VNDP,Dolpa Airport,Juphal,NP,28.991700,82.802800,1844,1,Asia/Kathmandu,20000,small_airport
DOV,KDOV,Dover Civil Air Terminal/Dover Air Force Base,Dover,US,39.129501,-75.466003,12903,25,America/New_York,15000,small_airport
DOY,ZSDY,Dongying Shengli Airport,Dongying,CN,37.509399,118.788002,9186,8,Asia/Shanghai,150000,medium_airport
DPA,KDPA,Dupage Airport,Chicago/West Chicago,US,41.907799,-88.248596,7570,25,America/New_York,35000,small_airport
DPL,RPMG,Dipolog Airport,Dipolog,PH,8.601130,123.342003,6889,4,Asia/Manila,180000,medium_airport
DPO,YDPO,Devonport Airport,Devonport,AU,-41.169701,146.429993,6033,3,Australia/Hobart,85000,medium_airport
DPS,WADD,Ngurah Rai International Airport,Denpasar,ID,-8.748170,115.167000,9842,60,Asia/Makassar,1300000,large_airport
DRA,KDRA,Desert Rock Airport,Mercury,US,36.6194,-116.032997,7515,25,America/Los_Angeles,4000,small_airport
DRG,PADE,Deering Airport,Deering,US,66.068901,-162.766914,3300,25,Pacific/Honolulu,2000,small_airport
DRI,KDRI,Beauregard Regional Airport,DeRidder,US,30.831699,-93.339897,5495,25,America/Chicago,6000,small_airport
DRK,MRDK,Drake Bay Airport,Drake Bay,CR,8.718800,-83.641900,2460,1,America/Costa_Rica,45000,small_airport
DRO,KDRO,Durango La Plata County Airport,Durango,US,37.151501,-107.753998,9201,25,America/Denver,110000,medium_airport
DRT,KDRT,Del Rio International Airport,Del Rio,US,29.374201,-100.927002,6300,45,America/Chicago,65000,small_airport
DRW,YPDN,Darwin International Airport,Darwin,AU,-12.408200,130.876999,11004,12,Australia/Darwin,480000,large_airport
DSI,KDTS,Destin Executive Airport,Destin,US,30.400101,-86.471497,4999,25,America/New_York,15000,small_airport
DSM,KDSM,Des Moines International Airport,Des Moines,US,41.534027,-93.656719,9003,80,America/Chicago,720000,medium_airport
DTB,WIMN,Sisingamangaraja XII International Airport,Silangit,ID,2.258830,98.991203,8792,4,Asia/Jakarta,150000,medium_airport
DTW,KDTW,Detroit Metropolitan Wayne County Airport,Detroit,US,42.21377,-83.353786,12003,60,America/New_York,1240000,large_airport
DUA,KDUA,Durant Regional Airport - Eaker Field,Durant,US,33.939675,-96.395072,5001,25,America/Chicago,5000,small_airport
DUB,EIDW,Dublin Airport,Dublin,IE,53.428713,-6.262121,10203,70,Europe/Dublin,1200000,large_airport
DUD,NZDN,Dunedin Airport,Dunedin,NZ,-45.928101,170.197998,6234,8,Pacific/Auckland,350000,medium_airport
DUG,KDUG,Bisbee Douglas International Airport,Douglas Bisbee,US,31.464139,-109.60456,7503,45,America/Denver,9500,small_airport
DUJ,KDUJ,DuBois Regional Airport,Dubois,US,41.178299,-78.898697,5504,25,America/New_York,15000,small_airport
DUT,PADU,Tom Madsen (Dutch Harbor) Airport,Unalaska,US,53.89881,-166.544996,3900,25,Pacific/Honolulu,45000,small_airport
DVL,KDVL,Devils Lake Regional Airport,Devils Lake,US,48.115454,-98.908796,5509,25,America/Chicago,15000,small_airport
DVO,RPMD,Francisco Bangoy International Airport,Davao,PH,7.125260,125.646004,9842,15,Asia/Manila,850000,large_airport
DXB,OMDB,Dubai International Airport,Dubai,AE,25.253175,55.365669,13123,180,Asia/Dubai,1480000,large_airport
DXR,KDXR,Danbury Municipal Airport,Danbury,US,41.371656,-73.482227,4422,25,America/New_York,12000,small_airport
DYG,ZGDY,Zhangjiajie Hehua International Airport,Zhangjiajie,CN,29.102200,110.452003,8530,15,Asia/Shanghai,480000,medium_airport
DYS,KDYS,Dyess Air Force Base,Abilene,US,32.420799,-99.854599,13500,25,America/Chicago,18000,small_airport
EAR,KEAR,Kearney Regional Airport,Kearney,US,40.727001,-99.006798,7094,25,America/Chicago,18000,small_airport
EAT,KEAT,Pangborn Memorial Airport,Wenatchee,US,47.398899,-120.207001,7000,25,America/Anchorage,25000,small_airport
EAU,KEAU,Chippewa Valley Regional Airport,Eau Claire,US,44.865799,-91.484299,8101,25,America/Chicago,35000,small_airport
ECG,KECG,Elizabeth City Regional Airport & Coast Guard Air Station,Elizabeth City,US,36.260601,-76.174599,7219,25,America/New_York,15000,small_airport
ECI,MNCE,Costa Esmeralda Airport,Tola,NI,11.411600,-86.035300,4999,2,America/Managua,85000,small_airport
ECP,KECP,Northwest Florida Beaches International Airport,Panama City Beach,US,30.357106,-85.795414,10000,45,America/New_York,590000,medium_airport
EDA,EGED,Eday Airport,Eday,GB,59.183333,-2.766667,1532,1,Europe/London,5000,small_airport
EDF,PAED,Elmendorf Air Force Base,Anchorage,US,61.251709,-149.807097,10000,25,Pacific/Honolulu,35000,small_airport
EDI,EGPH,Edinburgh Airport,Edinburgh,GB,55.950000,-3.372500,8399,30,Europe/London,850000,large_airport
EDW,KEDW,Edwards Air Force Base,Edwards,US,34.910781,-117.886391,15024,25,America/Anchorage,25000,small_airport
EED,KEED,Needles Airport,Needles,US,34.7663,-114.623001,5005,25,America/Los_Angeles,4000,small_airport
EEN,KEEN,Dillant Hopkins Airport,Keene,US,42.898399,-72.270798,6201,25,America/New_York,8000,small_airport
EFD,KEFD,Ellington Airport,Houston,US,29.6073,-95.158798,9001,25,America/Chicago,15000,small_airport
EGE,KEGE,Eagle County Regional Airport,Eagle,US,39.642601,-106.917999,9000,25,America/Denver,280000,medium_airport
EGI,KEGI,Duke Field,Crestview,US,30.6504,-86.522903,8000,25,America/New_York,5000,small_airport
EGX,PAII,Egegik Airport,Egegik,US,58.184386,-157.374873,5600,25,Pacific/Honolulu,2000,small_airport
EHM,PAEH,Cape Newenham LRRS Airport,Cape Newenham,US,58.6464,-162.063004,3950,25,Pacific/Honolulu,2000,small_airport
EIL,PAEI,Eielson Air Force Base,Fairbanks,US,64.665703,-147.102005,14530,25,Pacific/Honolulu,15000,small_airport
EIN,EHEH,Eindhoven Airport,Eindhoven,NL,51.450100,5.374530,9842,12,Europe/Amsterdam,680000,large_airport
EKA,KEKA,Murray Field,Eureka,US,40.803398,-124.112999,3000,25,America/Anchorage,4000,small_airport
EKN,KEKN,Elkins-Randolph County Regional Airport,Elkins,US,38.889759,-79.857651,4543,25,America/New_York,5000,small_airport
EKO,KEKO,Elko Regional Airport,Elko,US,40.824902,-115.792,7214,25,America/Los_Angeles,18000,small_airport
ELD,KELD,South Arkansas Regional Airport at Goodwin Field,El Dorado,US,33.221001,-92.813301,6600,25,America/Chicago,12000,small_airport
ELH,MYEH,North Eleuthera Airport,North Eleuthera,BS,25.475000,-76.681100,6020,3,America/Nassau,120000,medium_airport
ELM,KELM,Elmira Corning Regional Airport,Elmira/Corning,US,42.159901,-76.891602,7000,25,America/New_York,65000,small_airport
ELP,KELP,El Paso International Airport,El Paso,US,31.809908,-106.375607,12020,80,America/Denver,780000,medium_airport
ELY,KELY,Ely Airport Yelland Field,Ely,US,39.299702,-114.842003,6018,25,America/Los_Angeles,5000,small_airport
EMA,EGNX,East Midlands Airport,Nottingham,GB,52.831111,-1.328056,9491,15,Europe/London,420000,large_airport
EMD,YEML,Emerald Airport,Emerald,AU,-23.568300,148.175000,6234,3,Australia/Brisbane,65000,medium_airport
EMK,PAEM,Emmonak Airport,Emmonak,US,62.786098,-164.490997,4601,25,Pacific/Honolulu,8000,small_airport
ENA,PAEN,Kenai Municipal Airport,Kenai,US,60.570946,-151.245174,7576,25,Pacific/Honolulu,45000,small_airport
END,KEND,Vance Air Force Base,Enid,US,36.339199,-97.916496,9202,25,America/Chicago,15000,small_airport
ENE,WATE,H. Hasan Aroeboesman Airport,Ende,ID,-8.849640,121.662003,5413,2,Asia/Makassar,70000,small_airport
ENH,ZHES,Enshi Xujiaping Airport,Enshi,CN,30.320000,109.484001,8530,12,Asia/Shanghai,380000,medium_airport
ENI,RPEN,El Nido Airport,El Nido,PH,11.201400,119.416000,3937,2,Asia/Manila,160000,medium_airport
ENN,PANN,Nenana Municipal Airport,Nenana,US,64.548772,-149.074516,4600,25,Pacific/Honolulu,4000,small_airport
ENV,KENV,Wendover Airport,Wendover,US,40.7187,-114.030998,8001,25,America/Los_Angeles,12000,small_airport
ENW,KENW,Kenosha Regional Airport,Kenosha,US,42.595699,-87.927803,5499,25,America/New_York,15000,small_airport
ENY,ZLYA,Yan'an Nanniwan Airport,Yan'an,CN,36.495000,109.483000,9842,12,Asia/Shanghai,250000,medium_airport
ERI,KERI,Erie International Tom Ridge Field,Erie,US,42.083127,-80.173867,8420,45,America/New_York,210000,medium_airport
ERL,ZBER,Erenhot Saiwusu International Airport,Erenhot,CN,43.419400,112.086000,9186,6,Asia/Shanghai,120000,medium_airport
ESC,KESC,Delta County Airport,Escanaba,US,45.723199,-87.088623,6501,25,America/New_York,15000,small_airport
ESD,KORS,Orcas Island Airport,Eastsound,US,48.708199,-122.910004,2900,25,America/Anchorage,8000,small_airport
ESF,KESF,Esler Army Airfield / Esler Regional Airport,Alexandria,US,31.394266,-92.294082,5999,25,America/Chicago,5000,small_airport
EUG,KEUG,Eugene Airport,Eugene,US,44.124599,-123.211998,8009,25,America/Anchorage,450000,medium_airport
EUQ,RPVS,Evelio Javier Airport,San Jose de Buenavista,PH,10.765600,121.928001,3937,1,Asia/Manila,25000,small_airport
EUX,TNCE,F.D. Roosevelt Airport,Oranjestad,BQ,17.495900,-62.980000,4265,2,America/Kralendijk,25000,small_airport
EVV,KEVV,Evansville Regional Airport,Evansville,US,38.036999,-87.532402,8021,25,America/New_York,150000,medium_airport
EVW,KEVW,Evanston-Uinta County Airport-Burns Field,Evanston,US,41.274799,-111.035004,7300,25,America/Denver,5000,small_airport
EWB,KEWB,New Bedford Regional Airport,New Bedford,US,41.676102,-70.956902,5000,25,America/New_York,12000,small_airport
EWE,WAKE,Ewer Airport,Asmat,ID,-5.485280,138.078995,5413,1,Asia/Jayapura,18000,small_airport
EWI,WABG,Enarotali Airport,Enarotali,ID,-3.929720,136.360992,3280,1,Asia/Jayapura,15000,small_airport
EWN,KEWN,Coastal Carolina Regional Airport,New Bern,US,35.073002,-77.0429,6004,25,America/New_York,65000,small_airport
EWR,KEWR,Newark Liberty International Airport,Newark,US,40.6894,-74.170545,11000,110,America/New_York,1180000,large_airport
EXT,EGTE,Exeter Airport,Exeter,GB,50.734444,-3.413889,6833,5,Europe/London,90000,medium_airport
EYW,KEYW,Key West International Airport,Key West,US,24.556119,-81.759579,4801,45,America/New_York,640000,medium_airport
EZE,SAEZ,Ezeiza International Airport - Ministro Pistarini,Buenos Aires (Ezeiza),AR,-34.822200,-58.535800,10827,40,America/Argentina/Buenos_Aires,900000,large_airport
FAF,KFAF,Felker Army Air Field,Newport News (Fort Eustis),US,37.1325,-76.608803,3020,25,America/New_York,4000,small_airport
FAI,PAFA,Fairbanks International Airport,Fairbanks,US,64.815102,-147.856003,11800,45,Pacific/Honolulu,580000,medium_airport
FAR,KFAR,Hector International Airport,Fargo,US,46.9207,-96.815804,9000,45,America/Chicago,490000,medium_airport
FAT,KFAT,Fresno Yosemite International Airport,Fresno,US,36.775767,-119.718018,9217,80,America/Anchorage,750000,medium_airport
FAY,KFAY,Fayetteville Regional Airport - Grannis Field,Fayetteville,US,34.991199,-78.880302,7712,25,America/New_York,120000,medium_airport
FBG,KFBG,Simmons Army Air Field,Fort Bragg,US,35.131802,-78.936699,4650,25,America/New_York,5000,small_airport
FBK,PAFB,Ladd Army Airfield,Fairbanks,US,64.837502,-147.613998,8575,25,Pacific/Honolulu,5000,small_airport
FCA,KGPI,Glacier Park International Airport,Kalispell,US,48.310501,-114.255997,9007,45,America/Los_Angeles,520000,medium_airport
FCO,LIRF,Rome–Fiumicino Leonardo da Vinci International Airport,Rome,IT,41.804532,12.251998,12801,85,Europe/Rome,1250000,large_airport
FCS,KFCS,Butts AAF (Fort Carson) Air Field,Fort Carson,US,38.678398,-104.757004,4573,25,America/Denver,5000,small_airport
FDY,KFDY,Findlay Airport,Findlay,US,41.0135,-83.668701,6500,25,America/New_York,8000,small_airport
FEB,VNSR,Sanfebagar Airport,Sanfebagar,NP,29.239200,81.215800,1690,1,Asia/Kathmandu,8000,small_airport
FFO,KFFO,Wright-Patterson Air Force Base,Dayton,US,39.826099,-84.048302,12601,25,America/New_York,25000,small_airport
FHU,KFHU,Sierra Vista Municipal Airport / Libby Army Air Field,Fort Huachuca / Sierra Vista,US,31.587383,-110.348225,12001,25,America/Denver,12000,small_airport
FIE,EGEF,Fair Isle Airport,Fair Isle,GB,59.535000,-1.631667,1594,1,Europe/London,5000,small_airport
FKL,KFKL,Venango Regional Airport,Franklin,US,41.377899,-79.860397,5200,25,America/New_York,5000,small_airport
FKQ,WASF,Fakfak Airport,Fakfak,ID,-2.930410,132.268005,4593,2,Asia/Jayapura,55000,small_airport
FKS,RJSC,Fukushima Airport,Tamakawa,JP,37.227200,140.429000,8202,4,Asia/Tokyo,85000,medium_airport
FLG,KFLG,Flagstaff Pulliam Airport,Flagstaff,US,35.139757,-111.669826,6999,25,America/Denver,120000,medium_airport
FLL,KFLL,Fort Lauderdale Hollywood International Airport,Fort Lauderdale,US,26.072599,-80.152702,9000,80,America/New_York,1080000,large_airport
FLO,KFLO,Florence Regional Airport,Florence,US,34.185398,-79.7239,6499,25,America/New_York,45000,small_airport
FLS,YFLI,Flinders Island Airport,Whitemark,AU,-40.090600,148.007996,3500,1,Australia/Hobart,12000,small_airport
FLZ,WIMP,Ferdinand Lumban Tobing Airport,Sibolga,ID,1.554470,98.887901,7381,2,Asia/Jakarta,45000,small_airport
FME,KFME,Fort Meade Executive Airport,Fort Meade(Odenton),US,39.0854,-76.759399,3000,25,America/New_York,8000,small_airport
FMN,KFMN,Four Corners Regional Airport,Farmington,US,36.741199,-108.230003,6704,25,America/Denver,18000,small_airport
FMY,KFMY,Page Field,Fort Myers,US,26.586599,-81.863297,6406,25,America/New_York,35000,small_airport
FNL,KFNL,Northern Colorado Regional Airport,Loveland,US,40.44969,-105.011272,8500,25,America/Denver,12000,small_airport
FNT,KFNT,Bishop International Airport,Flint,US,42.969294,-83.743355,7849,45,America/New_York,280000,medium_airport
FOC,ZSFZ,Fuzhou Changle International Airport,Fuzhou,CN,25.935000,119.663002,11811,45,Asia/Shanghai,1100000,large_airport
FOD,KFOD,Fort Dodge Regional Airport,Fort Dodge,US,42.552624,-94.191237,6548,25,America/Chicago,5000,small_airport
FOE,KFOE,Topeka Regional Airport,Topeka,US,38.950901,-95.663597,12802,25,America/Chicago,15000,small_airport
FON,MRAN,La Fortuna Airport,La Fortuna,CR,10.468600,-84.580000,2723,1,America/Costa_Rica,65000,small_airport
FPO,MYGF,Grand Bahama International Airport,Freeport,BS,26.558600,-78.695600,11000,8,America/Nassau,180000,medium_airport
FPR,KFPR,Treasure Coast International Airport,Fort Pierce,US,27.4951,-80.368301,6492,45,America/New_York,12000,small_airport
FRA,EDDF,Frankfurt Main Airport,Frankfurt am Main,DE,50.026706,8.558350,13123,140,Europe/Berlin,1450000,large_airport
FRD,KFHR,Friday Harbor Airport,Friday Harbor,US,48.523654,-123.024645,3402,25,America/Anchorage,8000,small_airport
FRG,KFRG,Republic Airport,East Farmingdale,US,40.728576,-73.414267,6827,25,America/New_York,35000,small_airport
FRI,KFRI,Marshall Army Air Field,Fort Riley (Junction City),US,39.053021,-96.764202,4500,25,America/Chicago,4000,small_airport
FRS,MGTK,Mundo Maya International Airport,Flores,GT,16.915800,-89.833300,9842,4,America/Guatemala,150000,medium_airport
FSD,KFSD,Sioux Falls Regional Airport,Sioux Falls,US,43.585463,-96.741152,8999,25,America/Chicago,450000,medium_airport
FSI,KFSI,Henry Post Army Air Field,Fort Sill,US,34.649799,-98.402199,5000,25,America/Chicago,5000,small_airport
FSM,KFSM,Fort Smith Regional Airport,Fort Smith,US,35.336601,-94.367401,8000,25,America/Chicago,35000,small_airport
FST,KFST,Fort Stockton Pecos County Airport,Fort Stockton,US,30.915701,-102.916,7507,25,America/Chicago,5000,small_airport
FSZ,RJNS,Mt. Fuji Shizuoka Airport,Shizuoka,JP,34.796101,138.188995,8202,10,Asia/Tokyo,220000,medium_airport
FTK,KFTK,Godman Army Air Field,Fort Knox,US,37.907101,-85.972099,5253,25,America/New_York,5000,small_airport
FTW,KFTW,Fort Worth Meacham International Airport,Fort Worth,US,32.819919,-97.360818,7501,168,America/Chicago,85000,small_airport
FTY,KFTY,Fulton County Airport Brown Field,Atlanta,US,33.779099,-84.5214,5796,25,America/New_York,25000,small_airport
FUG,ZSFY,Fuyang Xiguan Airport,Fuyang,CN,32.880001,115.738998,9186,12,Asia/Shanghai,320000,medium_airport
FUJ,RJFE,Fukue Airport,Gotō,JP,32.666401,128.833000,6561,3,Asia/Tokyo,35000,small_airport
FUK,RJFF,Fukuoka Airport,Fukuoka,JP,33.585899,130.451004,9186,35,Asia/Tokyo,980000,large_airport
FUO,ZGFS,Foshan Shadi Airport,Foshan,CN,23.081800,113.069000,9186,5,Asia/Shanghai,150000,medium_airport
FWA,KFWA,Fort Wayne International Airport,Fort Wayne,US,40.978896,-85.194465,12000,45,America/New_York,390000,medium_airport
FWH,KNFW,NAS Fort Worth JRB / Carswell Field,Fort Worth,US,32.769199,-97.441498,12000,168,America/Chicago,45000,small_airport
FXE,KFXE,Fort Lauderdale Executive Airport,Fort Lauderdale,US,26.1973,-80.1707,6001,25,America/New_York,35000,small_airport
FYJ,ZYFY,Fuyuan Dongji Airport,Fuyuan,CN,48.199400,134.364000,8202,4,Asia/Shanghai,80000,small_airport
FYU,PFYU,Fort Yukon Airport,Fort Yukon,US,66.571651,-145.249987,5810,25,Pacific/Honolulu,5000,small_airport
FYV,KFYV,Drake Field,Fayetteville,US,36.0051,-94.170097,6006,25,America/Chicago,12000,small_airport
GAJ,RJSC,Yamagata Airport,Higashine,JP,38.411900,140.371002,6560,5,Asia/Tokyo,370000,medium_airport
GAL,PAGA,Edward G. Pitka Sr Airport,Galena,US,64.736198,-156.936997,7254,25,Pacific/Honolulu,5000,small_airport
GAM,PAGM,Gambell Airport,Gambell,US,63.767694,-171.733303,4501,25,Pacific/Honolulu,2000,small_airport
GCC,KGCC,Northeast Wyoming Regional Airport,Gillette,US,44.3489,-105.539001,7500,25,America/Denver,21000,small_airport
GCI,EGJB,Guernsey Airport,Guernsey,GG,49.435000,-2.601944,4800,8,Europe/London,75000,medium_airport
GCK,KGCK,Garden City Regional Airport,Garden City,US,37.927502,-100.723999,7300,25,America/Chicago,15000,small_airport
GCM,MWCR,Owen Roberts International Airport,George Town,KY,19.292801,-81.357697,7867,12,America/Cayman,400000,medium_airport
GCN,KGCN,Grand Canyon National Park Airport,Grand Canyon - Tusayan,US,35.9524,-112.147003,8999,25,America/Denver,80000,small_airport
GDL,MMGL,Miguel Hidalgo y Costilla Guadalajara International Airport,Guadalajara,MX,20.521800,-103.311000,13123,45,America/Mexico_City,1200000,large_airport
GDV,KGDV,Dawson Community Airport,Glendive,US,47.137658,-104.80691,5704,25,America/Denver,5000,small_airport
GEA,NWWM,Nouméa Magenta Airport,Nouméa,NC,-22.258301,166.473007,4101,4,Pacific/Noumea,120000,medium_airport
GEG,KGEG,Spokane International Airport,Spokane,US,47.6199,-117.533997,11002,80,America/Anchorage,790000,medium_airport
GER,MUNG,Rafael Cabrera Airport,Nueva Gerona,CU,21.833600,-82.783600,8202,2,America/Havana,45000,small_airport
GES,RPMR,General Santos International Airport,General Santos,PH,6.058330,125.096001,10561,6,Asia/Manila,350000,large_airport
GET,YGEL,Geraldton Airport,Geraldton,AU,-28.796400,114.706001,6500,3,Australia/Perth,55000,medium_airport
GFF,YGTH,Griffith Airport,Griffith,AU,-34.250500,146.067001,5591,2,Australia/Sydney,40000,small_airport
GFK,KGFK,Grand Forks International Airport,Grand Forks,US,47.949299,-97.176102,7349,45,America/Chicago,210000,medium_airport
GFL,KGFL,Floyd Bennett Memorial Airport,Glens Falls,US,43.341202,-73.610298,5000,25,America/New_York,8000,small_airport
GGG,KGGG,East Texas Regional Airport,Longview,US,32.383999,-94.711502,10000,25,America/Chicago,18000,small_airport
GGT,MYEF,Exuma International Airport,George Town,BS,23.563300,-75.873100,7051,4,America/Nassau,140000,medium_airport
GGW,KGGW,Glasgow Valley County Airport Wokal Field,Glasgow,US,48.212502,-106.614998,5001,25,America/Denver,5000,small_airport
GHB,MYEM,Governor's Harbour Airport,Governor's Harbour,BS,25.283900,-76.328300,8025,2,America/Nassau,65000,small_airport
GIS,NZGS,Gisborne Airport,Gisborne,NZ,-38.662201,177.977997,4298,2,Pacific/Auckland,85000,small_airport
GJA,MHNJ,Guanaja Airport,Guanaja,HN,16.444700,-85.906900,4000,1,America/Tegucigalpa,45000,small_airport
GJT,KGJT,Grand Junction Regional Airport,Grand Junction,US,39.126663,-108.529387,10501,25,America/Denver,210000,medium_airport
GKN,PAGK,Gulkana Airport,Gulkana,US,62.155859,-145.454662,5001,25,Pacific/Honolulu,4000,small_airport
GLA,EGPF,Glasgow Airport,Glasgow,GB,55.871944,-4.433056,8743,25,Europe/London,620000,large_airport
GLD,KGLD,Goodland Municipal Airport,Goodland,US,39.370701,-101.699753,5499,25,America/Chicago,4000,small_airport
GLF,MRGF,Golfito Airport,Golfito,CR,8.653390,-83.181400,4593,2,America/Costa_Rica,40000,small_airport
GLH,KGLH,Mid Delta Regional Airport,Greenville,US,33.482899,-90.985603,8001,25,America/Chicago,8000,small_airport
GLS,KGLS,Scholes International At Galveston Airport,Galveston,US,29.265301,-94.860397,6001,45,America/Chicago,18000,small_airport
GLT,YGLA,Gladstone Airport,Gladstone,AU,-23.869700,151.223000,6300,3,Australia/Brisbane,85000,medium_airport
GLU,VQGP,Gelephu Airport,Gelephu,BT,26.885800,90.463100,4921,1,Asia/Thimphu,10000,small_airport
GMP,RKSS,Gimpo International Airport,Seoul,KR,37.558300,126.791000,11811,40,Asia/Seoul,1200000,large_airport
GMU,KGMU,Greenville Downtown Airport,Greenville,US,34.847903,-82.350217,5393,25,America/New_York,12000,small_airport
GNI,RCGI,Lyudao Airport,Green Island,TW,22.673800,121.466000,3251,2,Asia/Taipei,35000,small_airport
GNS,WIMB,Binaka Airport,Gunung Sitoli,ID,1.166300,97.701103,7381,2,Asia/Jakarta,50000,small_airport
GNV,KGNV,Gainesville Regional Airport,Gainesville,US,29.6901,-82.271797,7504,25,America/New_York,180000,medium_airport
GON,KGON,Groton New London Airport,Groton,US,41.330101,-72.045097,5000,25,America/New_York,15000,small_airport
GOQ,ZLGM,Golmud Airport,Golmud,CN,36.402200,94.795000,15748,8,Asia/Shanghai,180000,medium_airport
GPT,KGPT,Gulfport Biloxi International Airport,Gulfport,US,30.405582,-89.069836,9002,45,America/New_York,380000,medium_airport
GRB,KGRB,Austin Straubel International Airport,Green Bay,US,44.483459,-88.130805,8201,45,America/New_York,360000,medium_airport
GRF,KGRF,Gray Army Air Field,Fort Lewis/Tacoma,US,47.079201,-122.581001,6125,25,America/Anchorage,8000,small_airport
GRI,KGRI,Central Nebraska Regional Airport,Grand Island,US,40.967499,-98.309601,7002,25,America/Chicago,45000,small_airport
GRK,KGRK,Killeen Regional Airport / Robert Gray Army Airfield,Fort Cavazos,US,31.0672,-97.828903,10000,25,America/Chicago,150000,medium_airport
GRQ,EHGG,Groningen Airport Eelde,Groningen,NL,53.119701,6.579440,8202,3,Europe/Amsterdam,85000,medium_airport
GRR,KGRR,Gerald R. Ford International Airport,Grand Rapids,US,42.880798,-85.522797,10000,80,America/New_York,820000,medium_airport
GRU,SBGR,São Paulo/Guarulhos–Governor André Franco Montoro International Airport,São Paulo,BR,-23.431274,-46.469954,12139,95,America/Sao_Paulo,1300000,large_airport
GSB,KGSB,Seymour Johnson Air Force Base,Goldsboro,US,35.339401,-77.960602,11758,25,America/New_York,21000,small_airport
GSO,KGSO,Piedmont Triad International Airport,Greensboro,US,36.09937,-79.937262,10001,80,America/New_York,710000,medium_airport
GSP,KGSP,Greenville-Spartanburg International Airport,Greenville/Greer/Spartanburg,US,34.895699,-82.218903,11000,45,America/New_York,780000,medium_airport
GST,PAGS,Gustavus Airport,Gustavus,US,58.425301,-135.707001,6720,25,Pacific/Honolulu,8000,small_airport
GTF,KGTF,Great Falls International Airport,Great Falls,US,47.481998,-111.371002,10502,45,America/Denver,180000,medium_airport
GTO,WAMG,Jalaluddin Airport,Gorontalo,ID,0.636600,122.850998,8202,4,Asia/Makassar,160000,medium_airport
GTR,KGTR,Golden Triangle Regional Airport,Columbus/W Point/Starkville,US,33.450298,-88.5914,8002,25,America/New_York,25000,small_airport
GUA,MGGT,La Aurora International Airport,Guatemala City,GT,14.583300,-90.527504,9800,15,America/Guatemala,350000,large_airport
GUC,KGUC,Gunnison Crested Butte Regional Airport,Gunnison,US,38.534672,-106.934566,9400,25,America/Denver,80000,small_airport
GUM,PGUM,Antonio B. Won Pat International Airport,Hagåtña,GU,13.485000,144.797282,12015,20,Pacific/Guam,480000,medium_airport
GUP,KGUP,Gallup Municipal Airport,Gallup,US,35.511653,-108.788166,7316,25,America/Denver,12000,small_airport
GUS,KGUS,Grissom Air Reserve Base,Peru,US,40.648102,-86.1521,12501,25,America/New_York,15000,small_airport
GUY,KGUY,Guymon Municipal Airport,Guymon,US,36.685101,-101.508003,5900,25,America/Chicago,4000,small_airport
GWO,KGWO,Greenwood–Leflore Airport,Greenwood,US,33.495025,-90.088204,6503,25,America/Chicago,6000,small_airport
GYM,MMGM,General José María Yáñez International Airport,Guaymas,MX,27.969100,-110.924000,7709,2,America/Hermosillo,30000,small_airport
GYS,ZUGU,Guangyuan Panlong Airport,Guangyuan,CN,32.389301,105.700996,8202,6,Asia/Shanghai,120000,medium_airport
GYY,KGYY,Gary/Chicago International Airport,Gary,US,41.617087,-87.413206,7003,100,America/New_York,95000,small_airport
HAC,RJTH,Hachijojima Airport,Hachijojima,JP,33.114843,139.785645,6563,3,Asia/Tokyo,200000,medium_airport
HAK,ZJHK,Haikou Meilan International Airport,Haikou,CN,19.934999,110.458000,11811,65,Asia/Shanghai,1200000,large_airport
HAN,VVNB,Noi Bai International Airport,Hanoi,VN,21.218700,105.804200,12466,55,Asia/Ho_Chi_Minh,1400000,large_airport
HAV,MUHA,José Martí International Airport,Havana,CU,22.989200,-82.409100,13123,25,America/Havana,780000,large_airport
HBA,YMHB,Hobart International Airport,Hobart,AU,-42.836102,147.510000,7385,10,Australia/Hobart,550000,large_airport
HBG,KHBG,Hattiesburg Bobby L Chain Municipal Airport,Hattiesburg,US,31.264799,-89.2528,6099,25,America/New_York,12000,small_airport
HBR,KHBR,Hobart Regional Airport,Hobart,US,34.991317,-99.051313,5507,25,America/Chicago,5000,small_airport
HCJ,ZGHC,Hechi Jinchengjiang Airport,Hechi,CN,24.789200,107.702000,7218,4,Asia/Shanghai,80000,small_airport
HCR,PAHC,Holy Cross Airport,Holy Cross,US,62.188301,-159.774994,4000,25,Pacific/Honolulu,2000,small_airport
HDG,ZBHD,Handan Airport,Handan,CN,36.526400,114.426000,8530,10,Asia/Shanghai,250000,medium_airport
HDN,KHDN,Yampa Valley Airport,Hayden,US,40.481201,-107.218002,10000,25,America/Denver,210000,medium_airport
HDY,VTSS,Hat Yai International Airport,Hat Yai,TH,6.933200,100.393000,10007,15,Asia/Bangkok,550000,large_airport
HEH,VYHH,Heho Airport,Heho,MM,20.748300,96.791702,8500,4,Asia/Yangon,150000,medium_airport
HEK,ZYHE,Heihe Aihui Airport,Heihe,CN,50.165600,127.309000,8202,6,Asia/Shanghai,150000,medium_airport
HEL,EFHK,Helsinki Vantaa Airport,Helsinki (Vantaa),FI,60.318363,24.963341,11483,40,Europe/Helsinki,960000,large_airport
HET,ZBHH,Hohhot Baita International Airport,Hohhot,CN,40.851398,111.823997,11811,35,Asia/Shanghai,850000,large_airport
HFD,KHFD,Hartford Brainard Airport,Hartford,US,41.736698,-72.649399,4417,25,America/New_York,15000,small_airport
HFE,ZSOF,Hefei Xinqiao International Airport,Hefei,CN,31.989700,116.974998,11155,45,Asia/Shanghai,980000,large_airport
HGH,ZSHC,Hangzhou Xiaoshan International Airport,Hangzhou,CN,30.229500,120.433998,11811,95,Asia/Shanghai,1550000,large_airport
HGR,KHGR,Hagerstown Regional Richard A Henson Field,Hagerstown,US,39.708771,-77.728014,5461,25,America/New_York,35000,small_airport
HHH,KHXD,Hilton Head Airport,Hilton Head Island,US,32.2244,-80.697502,4300,25,America/New_York,120000,medium_airport
HHR,KHHR,Jack Northrop Field Hawthorne Municipal Airport,Hawthorne,US,33.922798,-118.334999,4956,25,America/Anchorage,25000,small_airport
HIA,ZSSH,Huai'an Lianshui International Airport,Huai'an,CN,33.784200,119.135000,9186,10,Asia/Shanghai,280000,medium_airport
HIB,KHIB,Range Regional Airport,Hibbing,US,47.384831,-92.836905,6758,25,America/Chicago,21000,small_airport
HID,YHID,Horn Island Airport,Horn Island,AU,-10.585500,142.289000,4100,1,Australia/Brisbane,25000,small_airport
HIF,KHIF,Hill Air Force Base,Ogden,US,41.12403,-111.973086,13508,25,America/Denver,25000,small_airport
HII,KHII,Lake Havasu City Airport,Lake Havasu City,US,34.570506,-114.357745,8001,25,America/Los_Angeles,18000,small_airport
HIJ,RJOA,Hiroshima Airport,Hiroshima,JP,34.436100,132.919006,9840,12,Asia/Tokyo,350000,medium_airport
HIN,RKPS,Sacheon Airport,Jinju,KR,35.088600,128.070000,9000,3,Asia/Seoul,40000,small_airport
HIO,KHIO,Portland Hillsboro Airport,Portland,US,45.540401,-122.949997,6600,25,America/Anchorage,25000,small_airport
HJI,ZGCJ,Huaihua Zhijiang Airport,Huaihua,CN,27.441100,109.704000,8530,8,Asia/Shanghai,180000,medium_airport
HKD,RJCH,Hakodate Airport,Hakodate,JP,41.770000,140.822998,9840,10,Asia/Tokyo,250000,medium_airport
HKG,VHHH,Hong Kong International Airport,Hong Kong,HK,22.308047,113.918527,12467,90,Asia/Hong_Kong,1480000,large_airport
HKT,VTSP,Phuket International Airport,Phuket,TH,8.113200,98.316900,9843,30,Asia/Bangkok,850000,large_airport
HKY,KHKY,Hickory Regional Airport,Hickory,US,35.7411,-81.389503,6400,25,America/New_York,15000,small_airport
HLD,ZBLA,Hulunbuir Hailar Airport,Hailar,CN,49.205399,119.824997,9186,15,Asia/Shanghai,380000,medium_airport
HLG,KHLG,Wheeling Ohio County Airport,Wheeling,US,40.174999,-80.646301,5001,25,America/New_York,8000,small_airport
HLN,KHLN,Helena Regional Airport,Helena,US,46.6068,-111.983002,9000,25,America/Denver,150000,medium_airport
HLZ,NZHN,Hamilton International Airport,Hamilton,NZ,-37.866100,175.332001,7159,5,Pacific/Auckland,210000,medium_airport
HMI,ZWHM,Hami Yizhou Airport,Hami,CN,42.842200,93.666900,9186,8,Asia/Urumqi,150000,medium_airport
HMN,KHMN,Holloman Air Force Base,Alamogordo,US,32.852501,-106.107002,12800,25,America/Denver,18000,small_airport
HMO,MMHO,Hermosillo International Airport,Hermosillo,MX,29.095900,-111.048000,7546,12,America/Hermosillo,480000,large_airport
HNA,RJSI,Hanamaki Airport,Hanamaki,JP,39.429400,141.136000,8202,4,Asia/Tokyo,95000,medium_airport
HND,RJTT,Haneda Airport,Tokyo,JP,35.552299,139.779999,11020,105,Asia/Tokyo,1500000,large_airport
HNL,PHNL,Daniel K. Inouye International Airport,"Honolulu, Oahu",US,21.318387,-157.92567,12300,80,Pacific/Honolulu,1150000,large_airport
HNM,PHHN,Hana Airport,Hana,US,20.795601,-156.014008,3606,25,Pacific/Honolulu,12000,small_airport
HNS,PAHN,Haines Airport,Haines,US,59.243921,-135.523925,4000,25,Pacific/Honolulu,5000,small_airport
HNY,ZGHY,Hengyang Nanyue Airport,Hengyang,CN,26.721400,112.617000,8530,8,Asia/Shanghai,250000,medium_airport
HOB,KHOB,Lea County Regional Airport,Hobbs,US,32.6875,-103.217003,7398,25,America/Chicago,25000,small_airport
HOE,VLHS,Ban Huoeisay Airport,Ban Huoeisay,LA,20.257000,100.436996,4800,1,Asia/Vientiane,25000,small_airport
HOG,MUHG,Frank País Airport,Holguín,CU,20.785600,-76.315000,10623,8,America/Havana,320000,medium_airport
HOM,PAHO,Homer Airport,Homer,US,59.644456,-151.479235,6701,25,Pacific/Honolulu,35000,small_airport
HON,KHON,Huron Regional Airport,Huron,US,44.385201,-98.2285,7201,25,America/Chicago,12000,small_airport
HOP,KHOP,Campbell Army Airfield (Fort Campbell),Fort Campbell,US,36.674154,-87.48974,11800,25,America/New_York,15000,small_airport
HOT,KHOT,Memorial Field Airport,Hot Springs,US,34.4788,-93.096262,6595,25,America/Chicago,18000,small_airport
HOU,KHOU,William P. Hobby Airport,Houston,US,29.645336,-95.276812,7602,60,America/Chicago,920000,medium_airport
HPG,ZHSN,Shennongjia Hongping Airport,Shennongjia,CN,31.628900,110.336000,9186,6,Asia/Shanghai,150000,medium_airport
HPH,VVCI,Cat Bi International Airport,Hai Phong,VN,20.819400,106.733000,10006,10,Asia/Ho_Chi_Minh,780000,large_airport
HPN,KHPN,Westchester County Airport,White Plains,US,41.067001,-73.707603,6548,25,America/New_York,710000,medium_airport
HQM,KHQM,Bowerman Airport,Hoquiam,US,46.971199,-123.936996,5000,25,America/Anchorage,8000,small_airport
HRB,ZYHB,Harbin Taiping International Airport,Harbin,CN,45.623402,126.250000,10499,50,Asia/Shanghai,1150000,large_airport
HRJ,VNCJ,Chaurjahari Airport,Chaurjahari,NP,28.629200,82.195000,1968,1,Asia/Kathmandu,5000,small_airport
HRL,KHRL,Valley International Airport,Harlingen,US,26.2285,-97.654404,8301,45,America/Chicago,310000,medium_airport
HRO,KHRO,Boone County Airport,Harrison,US,36.261501,-93.154701,6161,25,America/Chicago,12000,small_airport
HSG,RJFS,Saga Airport,Saga,JP,33.150000,130.302000,6561,5,Asia/Tokyo,95000,medium_airport
HSL,PAHL,Huslia Airport,Huslia,US,65.697899,-156.350998,4000,25,Pacific/Honolulu,3000,small_airport
HSN,ZSZS,Zhoushan Putuoshan Airport,Zhoushan,CN,29.932900,122.362000,8202,8,Asia/Shanghai,180000,medium_airport
HST,KHST,Homestead Air Reserve Base,Homestead,US,25.4886,-80.383598,11201,25,America/New_York,18000,small_airport
HSV,KHSV,Huntsville International Airport,Huntsville,US,34.636244,-86.774378,12600,45,America/New_York,410000,medium_airport
HTI,YBHM,Great Barrier Reef Airport,Hamilton Island,AU,-20.354700,148.951004,5787,4,Australia/Brisbane,120000,medium_airport
HTN,ZWTN,Hotan Kunlun Airport,Hotan,CN,37.038101,79.865303,10499,15,Asia/Urumqi,350000,medium_airport
HTR,RORH,Hateruma Airport,Hateruma,JP,24.058300,123.801000,2625,1,Asia/Tokyo,5000,small_airport
HTS,KHTS,Tri-State Airport / Milton J. Ferguson Field,Huntington,US,38.366699,-82.557999,6509,25,America/New_York,80000,small_airport
HTV,KUTS,Huntsville Regional Airport,Huntsville,US,30.746901,-95.587196,5006,25,America/Chicago,12000,small_airport
HUA,KHUA,Redstone Army Air Field,Redstone Arsnl Huntsville,US,34.678699,-86.684799,7300,25,America/New_York,8000,small_airport
HUF,KHUF,"Terre Haute Regional Airport, Hulman Field",Terre Haute,US,39.4515,-87.307602,9020,25,America/New_York,15000,small_airport
HUI,VVPB,Phu Bai International Airport,Hue,VN,16.401000,107.703000,8775,25,Asia/Ho_Chi_Minh,680000,large_airport
HUL,KHUL,Houlton International Airport,Houlton,US,46.1231,-67.792099,5001,45,America/New_York,5000,small_airport
HUN,RCYU,Hualien Airport,Hualien,TW,24.023200,121.618000,9022,5,Asia/Taipei,95000,medium_airport
HUT,KHUT,Hutchinson Municipal Airport,Hutchinson,US,38.065498,-97.860603,7004,25,America/Chicago,8000,small_airport
HUX,MMBT,Bahías de Huatulco International Airport,Huatulco,MX,15.775300,-96.262600,9842,6,America/Mexico_City,290000,medium_airport
HUY,EGNJ,Humberside Airport,Kingston upon Hull,GB,53.574444,-0.350833,7205,5,Europe/London,65000,medium_airport
HVD,ZMKD,Khovd Airport,Khovd,MN,47.961389,91.625833,9350,3,Asia/Hovd,110000,medium_airport
HVN,KHVN,Tweed New Haven Airport,New Haven,US,41.262869,-72.887694,5600,25,America/New_York,210000,medium_airport
HVR,KHVR,Havre City County Airport,Havre,US,48.541387,-109.762859,5205,25,America/Denver,5000,small_airport
HWO,KHWO,North Perry Airport,Hollywood,US,26.0012,-80.2407,3350,25,America/New_York,15000,small_airport
HYA,KHYA,Cape Cod Gateway Airport,Hyannis,US,41.6693,-70.280403,5425,25,America/New_York,65000,small_airport
HYD,VOHS,Rajiv Gandhi International Airport,Hyderabad,IN,17.231318,78.429855,13976,50,Asia/Kolkata,1080000,large_airport
HYN,ZSTZ,Taizhou Luqiao Airport,Taizhou,CN,28.562099,121.428001,8202,10,Asia/Shanghai,250000,medium_airport
HYR,KHYR,Sawyer County Airport,Hayward,US,46.0252,-91.444298,5003,25,America/Chicago,8000,small_airport
HYS,KHYS,Hays Regional Airport,Hays,US,38.844521,-99.273148,6500,25,America/Chicago,25000,small_airport
HZG,ZLHZ,Hanzhong Chenggu Airport,Hanzhong,CN,33.131100,107.202000,8202,8,Asia/Shanghai,150000,medium_airport
IAB,KIAB,McConnell Air Force Base,Wichita,US,37.621899,-97.268204,12000,25,America/Chicago,25000,small_airport
IAD,KIAD,Washington Dulles International Airport,Dulles,US,38.9445,-77.455803,11501,80,America/New_York,1220000,large_airport
IAG,KIAG,Niagara Falls International Airport,Niagara Falls,US,43.1073,-78.946198,9829,45,America/New_York,120000,medium_airport
IAH,KIAH,George Bush Intercontinental Airport,Houston,US,29.9844,-95.3414,12001,80,America/Chicago,1280000,large_airport
IAN,PAIK,Bob Baker Memorial Airport,Kiana,US,66.976128,-160.439014,3400,25,Pacific/Honolulu,5000,small_airport
IAO,RPNS,Sayak Airport,Siargao,PH,9.858760,126.012001,4429,2,Asia/Manila,170000,medium_airport
IBR,RJAH,Ibaraki Airport,Omitama,JP,36.181200,140.415000,8858,4,Asia/Tokyo,140000,medium_airport
ICI,NFCI,Cicia Airport,Cicia,FJ,-17.744101,-179.324997,2493,1,Pacific/Fiji,3000,small_airport
ICN,RKSI,Incheon International Airport,Seoul,KR,37.469101,126.450996,13123,120,Asia/Seoul,1500000,large_airport
ICT,KICT,Wichita Dwight D. Eisenhower National Airport,Wichita,US,37.650314,-97.428583,10301,25,America/Chicago,680000,medium_airport
IDA,KIDA,Idaho Falls Regional Airport,Idaho Falls,US,43.514599,-112.070999,9002,25,America/Denver,210000,medium_airport
IFP,KIFP,Laughlin Bullhead International Airport,Bullhead City,US,35.154726,-114.559322,7520,45,America/Los_Angeles,45000,small_airport
IGA,MYIG,Inagua Airport,Matthew Town,BS,20.975300,-73.667500,7000,1,America/Nassau,20000,small_airport
IGM,KIGM,Kingman Airport,Kingman,US,35.259499,-113.938004,6826,25,America/Denver,12000,small_airport
IKI,RJDB,Iki Airport,Iki,JP,33.748900,129.789000,3937,2,Asia/Tokyo,15000,small_airport
IKK,KIKK,Greater Kankakee Airport,Kankakee,US,41.0714,-87.846298,5979,25,America/New_York,8000,small_airport
IKT,UIII,Irkutsk International Airport,Irkutsk,RU,52.266707,104.395563,11696,14,Asia/Irkutsk,445000,large_airport
ILA,WAVL,Ilaga Airport,Ilaga,ID,-3.993060,137.643997,1968,1,Asia/Jayapura,6000,small_airport
ILG,KILG,Wilmington Airport,Wilmington,US,39.678699,-75.606499,7181,25,America/New_York,35000,small_airport
ILI,PAIL,Iliamna Airport,Iliamna,US,59.754398,-154.910996,5087,25,Pacific/Honolulu,12000,small_airport
ILM,KILM,Wilmington International Airport,Wilmington,US,34.272345,-77.905117,8016,45,America/New_York,620000,medium_airport
ILN,KILN,Wilmington Airpark,Wilmington,US,39.427898,-83.792099,10701,25,America/New_York,35000,small_airport
ILO,RPVI,Iloilo International Airport,Iloilo,PH,10.832800,122.492996,8202,10,Asia/Manila,650000,large_airport
ILP,NWWE,Île des Pins Airport,Île des Pins,NC,-22.588899,167.455994,3576,2,Pacific/Noumea,35000,small_airport
ILQ,MSSS,Ilopango International Airport,San Salvador,SV,13.696700,-89.117401,7356,3,America/El_Salvador,45000,small_airport
ILY,EGPI,Islay Airport,Islay,GB,55.681944,-6.251111,5068,1,Europe/London,5000,small_airport
IMT,KIMT,Ford Airport,Kingsford,US,45.81911,-88.114557,6500,25,America/New_York,15000,small_airport
INB,MZIN,Independence Airport,Independence,BZ,16.533300,-88.433300,2100,1,America/Belize,15000,small_airport
INC,ZLIC,Yinchuan Hedong International Airport,Yinchuan,CN,38.322800,106.391998,10499,30,Asia/Shanghai,780000,large_airport
IND,KIND,Indianapolis International Airport,Indianapolis,US,39.7173,-86.294403,11200,80,America/New_York,910000,medium_airport
INK,KINK,Winkler County Airport,Wink,US,31.7796,-103.200996,5000,25,America/Chicago,5000,small_airport
INL,KINL,Falls International Airport,International Falls,US,48.5662,-93.403099,6508,45,America/Chicago,42000,small_airport
INT,KINT,Smith Reynolds Airport,Winston Salem,US,36.133701,-80.222,6655,25,America/New_York,35000,small_airport
INV,EGPE,Inverness Airport,Inverness,GB,57.542500,-4.047500,6191,5,Europe/London,85000,medium_airport
INW,KINW,Winslow Lindbergh Regional Airport,Winslow,US,35.0219,-110.723,7499,25,America/Denver,5000,small_airport
IOM,EGNS,Isle of Man Airport,Castletown,IM,54.083333,-4.623889,5754,8,Europe/London,80000,medium_airport
IPL,KIPL,Imperial County Airport,Imperial,US,32.83539,-115.574026,5304,25,America/Los_Angeles,18000,small_airport
IPT,KIPT,Williamsport Regional Airport,Williamsport,US,41.242126,-76.92245,6474,25,America/New_York,25000,small_airport
IQM,ZWCM,Qiemo Yudu Airport,Qiemo,CN,38.225600,85.503600,9186,6,Asia/Urumqi,80000,small_airport
IQN,ZLQY,Qingyang Airport,Qingyang,CN,35.801601,107.595001,8530,8,Asia/Shanghai,180000,medium_airport
IRK,KIRK,Kirksville Regional Airport,Kirksville,US,40.093498,-92.544899,6005,25,America/Chicago,12000,small_airport
ISA,YBMA,Mount Isa Airport,Mount Isa,AU,-20.663900,139.488998,8402,4,Australia/Brisbane,110000,medium_airport
ISC,EGHE,St Mary's Airport,Isles of Scilly,GB,49.913333,-6.306111,1968,2,Europe/London,5000,small_airport
ISG,ROIG,New Ishigaki Airport,Ishigaki,JP,24.396389,124.245003,6561,8,Asia/Tokyo,280000,medium_airport
ISM,KISM,Kissimmee Gateway Airport,Orlando,US,28.289801,-81.437103,6000,25,America/New_York,45000,small_airport
ISO,KISO,Kinston Regional Jetport At Stallings Field,Kinston,US,35.331402,-77.608803,11500,25,America/New_York,15000,small_airport
ISP,KISP,Long Island MacArthur Airport,Islip,US,40.796324,-73.101703,7006,25,America/New_York,65000,small_airport
IST,LTFM,İstanbul Airport,Istanbul,TR,41.274874,28.732136,13451,140,Europe/Istanbul,1500000,large_airport
ITH,KITH,Ithaca Tompkins Regional Airport,Ithaca,US,42.491001,-76.458397,6601,25,America/New_York,21000,small_airport
ITM,RJOO,Osaka International Airport (Itami),Osaka,JP,34.785500,135.438004,9840,45,Asia/Tokyo,1100000,large_airport
ITO,PHTO,Hilo International Airport,Hilo,US,19.72135,-155.045428,9800,45,Pacific/Honolulu,410000,medium_airport
IVC,NZNV,Invercargill Airport,Invercargill,NZ,-46.412498,168.320999,7250,4,Pacific/Auckland,150000,medium_airport
IWJ,RJOW,Iwami Airport,Masuda,JP,34.675000,131.791000,6561,3,Asia/Tokyo,35000,small_airport
IWK,RJOI,Marine Corps Air Station Iwakuni,Iwakuni,JP,34.143900,132.235000,8000,5,Asia/Tokyo,85000,medium_airport
IZO,RJOC,Izumo Airport,Izumo,JP,35.413502,132.890000,6561,4,Asia/Tokyo,110000,medium_airport
IZT,MMIT,Ixtepec Airport,Ixtepec,MX,16.442900,-95.057300,7627,1,America/Mexico_City,20000,small_airport
JAC,KJAC,Jackson Hole Airport,Jackson,US,43.6073,-110.737999,6300,25,America/Denver,210000,medium_airport
JAK,MTJA,Jacmel Airport,Jacmel,HT,18.241100,-72.518600,3300,1,America/Port-au-Prince,20000,small_airport
JAL,MMJA,El Lencero Airport,Xalapa,MX,19.475400,-96.798300,5577,1,America/Mexico_City,25000,small_airport
JAN,KJAN,Jackson-Medgar Wiley Evers International Airport,Jackson,US,32.311199,-90.075897,8500,45,America/Chicago,640000,medium_airport
JAX,KJAX,Jacksonville International Airport,Jacksonville,US,30.492469,-81.687813,10000,80,America/New_York,880000,medium_airport
JBQ,MDJB,La Isabela International Airport,Santo Domingo,DO,18.570600,-69.982200,4921,3,America/Santo_Domingo,120000,medium_airport
JBR,KJBR,Jonesboro Municipal Airport,Jonesboro,US,35.831699,-90.6464,6200,25,America/Chicago,5000,small_airport
JCT,KJCT,Kimble County Airport,Junction,US,30.511299,-99.763496,5000,25,America/Chicago,4000,small_airport
JDZ,ZSJD,Jingdezhen Luojia Airport,Jingdezhen,CN,29.336700,117.176003,7874,10,Asia/Shanghai,250000,medium_airport
JED,OEJN,King Abdulaziz International Airport,Jeddah,SA,21.680241,39.157436,13123,70,Asia/Riyadh,1250000,large_airport
JEE,MTJE,Jérémie Airport,Jérémie,HT,18.662800,-74.170300,3937,1,America/Port-au-Prince,15000,small_airport
JER,EGJJ,Jersey Airport,Jersey,JE,49.207944,-2.195500,5597,10,Europe/London,150000,medium_airport
JFK,KJFK,John F. Kennedy International Airport,New York,US,40.639447,-73.779317,14511,130,America/New_York,1420000,large_airport
JFN,KHZY,Northeast Ohio Regional Airport,Ashtabula,US,41.778,-80.695503,5197,25,America/New_York,8000,small_airport
JGN,ZLJQ,Jiayuguan Airport,Jiayuguan,CN,39.859699,98.341103,9842,10,Asia/Shanghai,250000,medium_airport
JGS,ZSGS,Jinggangshan Airport,Ji'an,CN,26.857201,114.737000,8530,10,Asia/Shanghai,280000,medium_airport
JHB,WMKJ,Senai International Airport,Johor Bahru,MY,1.641300,103.669600,12467,12,Asia/Kuala_Lumpur,550000,large_airport
JHG,ZPJH,Xishuangbanna Gasa International Airport,Jinghong,CN,21.973900,100.759003,7874,25,Asia/Shanghai,550000,large_airport
JHM,PHJH,Kapalua Airport,Lahaina,US,20.9629,-156.673004,3000,25,Pacific/Honolulu,15000,small_airport
JHW,KJHW,Chautauqua County-Jamestown Airport,Jamestown,US,42.15425,-79.254008,5299,25,America/New_York,8000,small_airport
JIQ,ZUQJ,Qianjiang Wulingshan Airport,Qianjiang,CN,29.516100,108.828003,7874,4,Asia/Shanghai,80000,small_airport
JJN,ZSQZ,Quanzhou Jinjiang International Airport,Quanzhou,CN,24.796900,118.589996,8530,20,Asia/Shanghai,650000,large_airport
JKR,VNJP,Janakpur Airport,Janakpur,NP,26.700600,85.924400,4300,3,Asia/Kathmandu,85000,medium_airport
JLN,KJLN,Joplin Regional Airport,Joplin,US,37.151798,-94.498299,6502,25,America/Chicago,15000,small_airport
JMO,VNJS,Jomsom Airport,Jomsom,NP,28.781900,83.722200,2424,2,Asia/Kathmandu,65000,small_airport
JMS,KJMS,Jamestown Regional Airport,Jamestown,US,46.929699,-98.6782,6500,25,America/Chicago,8000,small_airport
JMU,ZYJM,Jiamusi Dongjiao Airport,Jiamusi,CN,46.843300,130.465000,8202,10,Asia/Shanghai,220000,medium_airport
JNB,FAOR,O.R. Tambo International Airport,Johannesburg,ZA,-26.140081,28.246801,14495,60,Africa/Johannesburg,1050000,large_airport
JNG,ZSJG,Jining Qufu Airport,Jining,CN,35.293301,116.348999,9186,10,Asia/Shanghai,180000,medium_airport
JNU,PAJN,Juneau International Airport,Juneau,US,58.354935,-134.574416,8457,45,Pacific/Honolulu,380000,medium_airport
JNZ,ZYJZ,Jinzhou Bay Airport,Jinzhou,CN,40.932800,121.267000,8202,6,Asia/Shanghai,180000,medium_airport
JOG,WAHH,Adisutjipto International Airport,Yogyakarta,ID,-7.784450,110.431999,7217,6,Asia/Jakarta,220000,medium_airport
JOL,RPMJ,Jolo Airport,Jolo,PH,6.053330,121.010002,4153,1,Asia/Manila,40000,small_airport
JRF,PHJR,Kalaeloa Airport,Kapolei,US,21.3074,-158.070009,8000,25,Pacific/Honolulu,25000,small_airport
JSR,VGJR,Jessore Airport,Jessore,BD,23.183800,89.160797,7999,4,Asia/Dhaka,220000,medium_airport
JST,KJST,John Murtha Johnstown Cambria County Airport,Johnstown,US,40.316101,-78.8339,7003,25,America/New_York,12000,small_airport
JUH,ZSJH,Chizhou Jiuhuashan Airport,Chizhou,CN,30.741100,117.689000,9186,8,Asia/Shanghai,220000,medium_airport
JUM,VNJL,Jumla Airport,Jumla,NP,29.274700,82.190000,2200,1,Asia/Kathmandu,25000,small_airport
JUZ,ZSJU,Quzhou Airport,Quzhou,CN,28.966400,118.899002,8202,6,Asia/Shanghai,120000,medium_airport
JXN,KJXN,Jackson County Airport/Reynolds Field,Jackson,US,42.260509,-84.463019,5344,25,America/New_York,5000,small_airport
JZH,ZUJZ,Jiuzhai Huanglong Airport,Jiuzhaigou,CN,32.852901,103.682999,10499,8,Asia/Shanghai,200000,medium_airport
KAT,NZKT,Kaitaia Airport,Kaitaia,NZ,-35.066492,173.286208,4000,1,Pacific/Auckland,25000,small_airport
KAW,VYKT,Kawthaung Airport,Kawthaung,MM,10.048300,98.537500,6000,2,Asia/Yangon,35000,small_airport
KBR,WMKC,Sultan Ismail Petra Airport,Kota Bharu,MY,6.166700,102.293000,7874,6,Asia/Kuala_Lumpur,200000,medium_airport
KBV,VTSG,Krabi International Airport,Krabi,TH,8.097100,98.986200,9843,15,Asia/Bangkok,650000,large_airport
KCA,ZWKC,Kuqa Qiuci Airport,Kuqa,CN,41.677502,82.876701,8530,10,Asia/Urumqi,250000,medium_airport
KCH,WBGG,Kuching International Airport,Kuching,MY,1.484700,110.347000,12467,15,Asia/Kuala_Lumpur,650000,large_airport
KCZ,RJOK,Kochi Ryoma Airport,Nankoku,JP,33.545217,133.670166,8203,10,Asia/Tokyo,415000,large_airport
KDI,WAWW,Haluoleo Airport,Kendari,ID,-4.081510,122.417999,8202,5,Asia/Makassar,170000,medium_airport
KDN,VNKD,Khanidanda Airport,Khotang,NP,27.178300,86.772500,1936,1,Asia/Kathmandu,15000,small_airport
KDV,NFND,Vunisea Airport,Kadavu,FJ,-19.058300,178.156998,2392,1,Pacific/Fiji,15000,small_airport
KEF,BIKF,Keflavik International Airport,Reykjavík,IS,63.985001,-22.605600,10056,25,Atlantic/Reykjavik,700000,large_airport
KEP,VNNG,Nepalgunj Airport,Nepalgunj,NP,28.100600,81.666900,5000,4,Asia/Kathmandu,180000,medium_airport
KEQ,WAKP,Kepi Airport,Kepi,ID,-6.536940,139.341003,3937,1,Asia/Jayapura,10000,small_airport
KGI,YPKG,Kalgoorlie Boulder Airport,Kalgoorlie,AU,-30.789400,121.461998,6562,4,Australia/Perth,120000,medium_airport
KHG,ZWSH,Kashgar Laining International Airport,Kashgar,CN,39.543098,76.019997,10499,20,Asia/Urumqi,450000,medium_airport
KHH,RCKH,Kaohsiung International Airport,Kaohsiung,TW,22.577100,120.350000,10335,20,Asia/Taipei,680000,large_airport
KHM,VYKG,Kengtung Airport,Kengtung,MM,21.300501,99.637500,7800,2,Asia/Yangon,30000,small_airport
KHN,ZSCN,Nanchang Changbei International Airport,Nanchang,CN,28.864199,115.900002,11155,45,Asia/Shanghai,950000,large_airport
KHV,UHHH,Khabarovsk Novy Airport,Khabarovsk,RU,48.528338,135.188588,13124,12,Asia/Vladivostok,440000,medium_airport
KIJ,RJSN,Niigata Airport,Niigata,JP,37.962502,139.121002,8202,10,Asia/Tokyo,320000,medium_airport
KIK,RJAK,Kikai Airport,Kikai,JP,28.318300,129.927000,3937,1,Asia/Tokyo,10000,small_airport
KIN,MKJP,Norman Manley International Airport,Kingston,JM,17.935600,-76.787400,8910,14,America/Jamaica,550000,large_airport
KIX,RJBB,Kansai International Airport,Osaka,JP,34.427299,135.244003,13123,75,Asia/Tokyo,1200000,large_airport
KJT,WICA,Kertajati International Airport,Majalengka,ID,-6.657500,108.176944,9842,10,Asia/Jakarta,280000,medium_airport
KKC,VTUK,Khon Kaen Airport,Khon Kaen,TH,16.466800,102.783000,10007,6,Asia/Bangkok,250000,medium_airport
KKE,NZKK,Kerikeri Airport,Kerikeri,NZ,-35.267101,173.912003,3904,2,Pacific/Auckland,65000,small_airport
KKJ,RJFR,Kitakyushu Airport,Kitakyushu,JP,33.845600,131.035000,8202,8,Asia/Tokyo,190000,medium_airport
KKX,RJKI,Kikai Airport,Kikai,JP,28.321301,129.927994,4307,2,Asia/Tokyo,90000,medium_airport
KLO,RPVK,Kalibo International Airport,Kalibo,PH,11.679600,122.375999,7545,8,Asia/Manila,580000,large_airport
KLS,KKLS,Southwest Washington Regional Airport,Kelso,US,46.118,-122.898003,4391,25,America/Anchorage,8000,small_airport
KLW,PAKW,Klawock Airport,Klawock,US,55.579201,-133.076004,5000,25,Pacific/Honolulu,4000,small_airport
KMG,ZPPP,Kunming Changshui International Airport,Kunming,CN,25.101900,102.929001,14764,85,Asia/Shanghai,1450000,large_airport
KMI,RJFM,Miyazaki Airport,Miyazaki,JP,31.877199,131.447998,8202,10,Asia/Tokyo,290000,medium_airport
KMJ,RJFT,Kumamoto Airport,Kumamoto,JP,32.837498,130.858994,9840,12,Asia/Tokyo,380000,large_airport
KMQ,RJNK,Komatsu Airport,Komatsu,JP,36.393800,136.406000,8858,6,Asia/Tokyo,170000,medium_airport
KMV,VYKL,Kalemyo Airport,Kalemyo,MM,23.188301,94.050797,5500,2,Asia/Yangon,45000,small_airport
KNG,WASK,Utarom Airport,Kaimana,ID,-3.659910,133.753006,6561,2,Asia/Jayapura,70000,small_airport
KNH,RCBS,Kinmen Airport,Kinmen,TW,24.428200,118.359000,9845,8,Asia/Taipei,280000,medium_airport
KNO,WIMM,Kualanamu International Airport,Medan,ID,3.635560,98.880302,12303,35,Asia/Jakarta,950000,large_airport
KNQ,NWWD,Koné Airport,Koné,NC,-21.053899,164.835999,2952,1,Pacific/Noumea,15000,small_airport
KNS,YKII,King Island Airport,Currie,AU,-39.876999,143.882004,3500,1,Australia/Hobart,15000,small_airport
KNX,YPKU,Kununurra Airport,Kununurra,AU,-15.778100,128.707993,6000,2,Australia/Perth,45000,small_airport
KOA,PHKO,Ellison Onizuka Kona International Airport at Keāhole,Kailua-Kona,US,19.738783,-156.045603,11000,80,Pacific/Honolulu,890000,medium_airport
KOE,WATT,El Tari Airport,Kupang,ID,-10.170600,123.667000,9022,6,Asia/Makassar,380000,large_airport
KOI,EGPA,Kirkwall Airport,Kirkwall,GB,58.957778,-2.905000,4685,2,Europe/London,20000,small_airport
KOJ,RJFK,Kagoshima Airport,Kagoshima,JP,31.803400,130.718994,9840,15,Asia/Tokyo,450000,large_airport
KOS,VDSI,Sihanouk International Airport,Sihanoukville,KH,10.580000,103.636993,8202,6,Asia/Phnom_Penh,450000,medium_airport
KOW,ZSGZ,Ganzhou Huangjin Airport,Ganzhou,CN,25.852800,114.778999,8530,15,Asia/Shanghai,350000,medium_airport
KPC,PAPC,Port Clarence Coast Guard Station,Port Clarence,US,65.2537,-166.858994,4500,25,Pacific/Honolulu,2000,small_airport
KPO,RKTH,Pohang Gyeongju Airport,Pohang,KR,35.987800,129.421000,7000,3,Asia/Seoul,65000,medium_airport
KRL,ZWKL,Korla Licheng Airport,Korla,CN,41.614498,86.136703,9186,15,Asia/Urumqi,380000,medium_airport
KRY,ZWKM,Karamay Airport,Karamay,CN,45.466400,84.951900,8530,10,Asia/Urumqi,180000,medium_airport
KSR,WAWR,H. Aroeppala Airport,Selayar,ID,-6.166670,120.449997,4593,1,Asia/Makassar,25000,small_airport
KTA,YPKA,Karratha Airport,Karratha,AU,-20.711100,116.773003,7480,6,Australia/Perth,180000,medium_airport
KTD,RORK,Kitadaito Airport,Kitadaito,JP,25.945600,131.326000,2625,1,Asia/Tokyo,5000,small_airport
KTG,WIOK,Rahadi Oesman Airport,Ketapang,ID,-1.816670,109.961998,4593,2,Asia/Jakarta,85000,small_airport
KTI,VDTI,Techo International Airport,Phnom Penh (Boeng Khyang),KH,11.359987,104.921272,13123,20,Asia/Phnom_Penh,540000,large_airport
KTM,VNKT,Tribhuvan International Airport,Kathmandu,NP,27.696600,85.359200,10006,15,Asia/Kathmandu,950000,large_airport
KTN,PAKT,Ketchikan International Airport,Ketchikan,US,55.355598,-131.714004,9500,45,Pacific/Honolulu,110000,medium_airport
KUH,RJCK,Kushiro Airport,Kushiro,JP,43.040798,144.192993,8202,8,Asia/Tokyo,150000,medium_airport
KUL,WMKK,Kuala Lumpur International Airport,Kuala Lumpur,MY,2.745600,101.709900,13530,110,Asia/Kuala_Lumpur,1350000,large_airport
KUM,RJFC,Yakushima Airport,Yakushima,JP,30.380800,130.660000,6561,2,Asia/Tokyo,30000,small_airport
KUV,RKJK,Gunsan Airport,Gunsan,KR,35.903800,126.616000,9000,3,Asia/Seoul,55000,medium_airport
KWE,ZUGY,Guiyang Longdongbao International Airport,Guiyang,CN,26.538500,106.801003,10499,65,Asia/Shanghai,1100000,large_airport
KWJ,RKJJ,Gwangju Airport,Gwangju,KR,35.123173,126.805444,9300,10,Asia/Seoul,440000,medium_airport
KWL,ZGKL,Guilin Liangjiang International Airport,Guilin,CN,25.218100,110.039001,10499,35,Asia/Shanghai,750000,large_airport
KXF,NFNO,Koro Airport,Koro Island,FJ,-17.348600,179.412003,2592,1,Pacific/Fiji,4000,small_airport
KYD,RCLY,Lanyu Airport,Orchid Island,TW,22.029800,121.529000,3701,2,Asia/Taipei,25000,small_airport
KYP,VYKP,Kyaukpyu Airport,Kyaukpyu,MM,19.426701,93.535800,4500,2,Asia/Yangon,45000,small_airport
LAA,KLAA,Southeast Colorado Regional Airport,Lamar,US,38.066407,-102.691373,6304,25,America/Chicago,4000,small_airport
LAF,KLAF,Purdue University Airport,West Lafayette,US,40.412875,-86.939363,6600,25,America/New_York,15000,small_airport
LAL,KLAL,Lakeland Linder International Airport,Lakeland,US,27.989267,-82.020715,8500,45,America/New_York,35000,small_airport
LAN,KLAN,Capital Region International Airport,Lansing,US,42.777582,-84.585721,7251,45,America/New_York,310000,medium_airport
LAO,RPLI,Laoag International Airport,Laoag,PH,18.178301,120.531998,9133,4,Asia/Manila,140000,medium_airport
LAP,MMLP,Manuel Márquez de León International Airport,La Paz,MX,24.072600,-110.362000,8202,6,America/Mazatlan,320000,medium_airport
LAR,KLAR,Laramie Regional Airport,Laramie,US,41.312099,-105.675003,8500,25,America/Denver,18000,small_airport
LAS,KLAS,Harry Reid International Airport,Las Vegas,US,36.083361,-115.151817,14515,80,America/Los_Angeles,1310000,large_airport
LAW,KLAW,Lawton Fort Sill Regional Airport,Lawton,US,34.567699,-98.416603,8599,25,America/Chicago,25000,small_airport
LAX,KLAX,Los Angeles International Airport,Los Angeles,US,33.942501,-118.407997,12091,146,America/Anchorage,1450000,large_airport
LBA,EGNM,Leeds Bradford Airport,Leeds,GB,53.865897,-1.660569,7382,15,Europe/London,450000,large_airport
LBB,KLBB,Lubbock Preston Smith International Airport,Lubbock,US,33.663601,-101.822998,11500,45,America/Chicago,340000,medium_airport
LBE,KLBE,Arnold Palmer Regional Airport,Latrobe,US,40.275902,-79.4048,7001,25,America/New_York,35000,small_airport
LBF,KLBF,North Platte Regional Airport Lee Bird Field,North Platte,US,41.126202,-100.683998,8000,25,America/Chicago,12000,small_airport
LBJ,WATO,Komodo Airport,Labuan Bajo,ID,-8.486250,119.888998,7381,6,Asia/Makassar,300000,medium_airport
LBL,KLBL,Liberal Mid-America Regional Airport,Liberal,US,37.044201,-100.959999,7105,25,America/Chicago,8000,small_airport
LBS,NFNL,Labasa Airport,Labasa,FJ,-16.466700,179.339996,3524,2,Pacific/Fiji,35000,small_airport
LBT,KLBT,Lumberton Regional Airport,Lumberton,US,34.610773,-79.05943,5510,25,America/New_York,4000,small_airport
LCE,MHLC,Golosón International Airport,La Ceiba,HN,15.732300,-86.853000,9678,4,America/Tegucigalpa,120000,medium_airport
LCH,KLCH,Lake Charles Regional Airport,Lake Charles,US,30.126101,-93.223297,6500,25,America/Chicago,25000,small_airport
LCK,KLCK,Rickenbacker International Airport,Columbus,US,39.813801,-82.927803,12102,45,America/New_York,65000,small_airport
LCX,ZSLD,Longyan Guanzhishan Airport,Longyan,CN,25.675000,116.746002,7874,6,Asia/Shanghai,150000,medium_airport
LCY,EGLC,London City Airport,London,GB,51.505278,0.055278,4948,15,Europe/London,320000,large_airport
LDY,EGAE,City of Derry Airport,Derry,GB,55.042778,-7.161111,6453,5,Europe/London,45000,small_airport
LEB,KLEB,Lebanon Municipal Airport,Lebanon,US,43.626099,-72.304199,5496,25,America/New_York,15000,small_airport
LED,ULLI,Pulkovo Airport,St. Petersburg,RU,59.800301,30.262501,12402,40,Europe/Moscow,1000000,large_airport
LEE,KLEE,Leesburg International Airport,Leesburg,US,28.823099,-81.808701,5000,45,America/New_York,15000,small_airport
LEQ,EGHC,Land's End Airport,St Just,GB,50.102778,-5.670556,2598,2,Europe/London,5000,small_airport
LEV,NFNB,Levuka Airfield,Bureta,FJ,-17.711901,178.755997,2100,1,Pacific/Fiji,5000,small_airport
LEX,KLEX,Blue Grass Airport,Lexington,US,38.035066,-84.606738,7003,25,America/New_York,210000,medium_airport
LFI,KLFI,Langley Air Force Base,Hampton,US,37.082901,-76.360497,10000,25,America/New_York,18000,small_airport
LFK,KLFK,Angelina County Airport,Lufkin,US,31.233999,-94.75,5398,25,America/Chicago,8000,small_airport
LFT,KLFT,Lafayette Regional Airport,Lafayette,US,30.205299,-91.987602,7651,25,America/Chicago,150000,medium_airport
LGA,KLGA,LaGuardia Airport,New York,US,40.777199,-73.872597,7000,60,America/New_York,980000,medium_airport
LGB,KLGB,Long Beach International Airport,Long Beach,US,33.816523,-118.149891,10000,80,America/Anchorage,840000,medium_airport
LGI,MYLD,Deadman's Cay Airport,Long Island,BS,23.176100,-75.093100,4000,1,America/Nassau,30000,small_airport
LGK,WMKL,Langkawi International Airport,Langkawi,MY,6.329800,99.728700,12500,10,Asia/Kuala_Lumpur,400000,large_airport
LGP,RPLP,Bicol International Airport,Daraga,PH,13.111100,123.682000,8202,5,Asia/Manila,280000,medium_airport
LGU,KLGU,Logan-Cache Airport,Logan,US,41.791199,-111.851997,9010,106,America/Denver,15000,small_airport
LGW,EGKK,Gatwick Airport,London,GB,51.148056,-0.190278,10879,80,Europe/London,1200000,large_airport
LHR,EGLL,Heathrow Airport,London,GB,51.470020,-0.454295,12802,100,Europe/London,1500000,large_airport
LHW,ZLLL,Lanzhou Zhongchuan International Airport,Lanzhou,CN,36.516098,103.621002,13123,40,Asia/Shanghai,950000,large_airport
LIF,NWWL,Lifou Airport,Lifou,NC,-20.774700,167.240005,3937,2,Pacific/Noumea,45000,small_airport
LIH,PHLI,Lihue Airport,Lihue Kauai,US,21.974393,-159.337146,6500,60,Pacific/Honolulu,340000,medium_airport
LII,WAJL,Mulia Airport,Mulia,ID,-3.684170,137.957001,1968,1,Asia/Jayapura,4000,small_airport
LIM,SPJC,Jorge Chávez International Airport,Lima,PE,-12.021900,-77.114305,11506,60,America/Lima,1100000,large_airport
LIO,MRLM,Limón International Airport,Limón,CR,9.960200,-83.023200,5905,2,America/Costa_Rica,40000,small_airport
LIR,MRLB,Daniel Oduber Quirós International Airport,Liberia,CR,10.593300,-85.544403,9022,10,America/Costa_Rica,450000,large_airport
LIS,LPPT,Lisbon Humberto Delgado Airport,Lisbon,PT,38.781300,-9.135920,12500,65,Europe/Lisbon,1200000,large_airport
LIT,KLIT,Bill & Hillary Clinton National Airport/Adams Field,Little Rock,US,34.729222,-92.223591,8273,25,America/Chicago,450000,medium_airport
LJG,ZPLJ,Lijiang Sanyi International Airport,Lijiang,CN,26.673000,100.222000,9842,20,Asia/Shanghai,650000,large_airport
LJN,KLBX,Texas Gulf Coast Regional Airport,Angleton,US,29.108601,-95.462097,7000,25,America/Chicago,8000,small_airport
LKB,NFNK,Lakeba Airport,Lakeba,FJ,-18.200800,-178.817001,2372,1,Pacific/Fiji,5000,small_airport
LLF,ZUNZ,Libo Airport,Libo,CN,25.452800,107.962997,7874,6,Asia/Shanghai,120000,medium_airport
LMM,MMLM,Federal del Valle del Fuerte International Airport,Los Mochis,MX,25.685200,-109.080000,6562,4,America/Mazatlan,160000,medium_airport
LMT,KLMT,Crater Lake-Klamath Regional Airport,Klamath Falls,US,42.156101,-121.733002,10301,25,America/Anchorage,25000,small_airport
LND,KLND,Hunt Field,Lander,US,42.815201,-108.730003,5000,25,America/Denver,4000,small_airport
LNK,KLNK,Lincoln Airport,Lincoln,US,40.844882,-96.76178,12901,25,America/Chicago,80000,small_airport
LNS,KLNS,Lancaster Airport,Lancaster,US,40.1217,-76.296097,6934,25,America/New_York,15000,small_airport
LNY,PHNY,Lanai Airport,Lanai City,US,20.785675,-156.951324,5001,25,Pacific/Honolulu,25000,small_airport
LOL,KLOL,Derby Field,Lovelock,US,40.066399,-118.565002,5529,25,America/Anchorage,4000,small_airport
LOP,WADL,Lombok International Airport,Mataram,ID,-8.758060,116.273000,9022,12,Asia/Makassar,550000,large_airport
LOS,DNMM,Murtala Muhammed International Airport,Lagos,NG,6.577370,3.321160,12794,25,Africa/Lagos,700000,large_airport
LOU,KLOU,Bowman Field,Louisville,US,38.228001,-85.663696,4357,25,America/New_York,8000,small_airport
LOZ,KLOZ,London-Corbin Airport/Magee Field,London,US,37.082199,-84.0849,5650,25,America/New_York,5000,small_airport
LPL,EGGP,Liverpool John Lennon Airport,Liverpool,GB,53.333611,-2.849722,7500,20,Europe/London,480000,large_airport
LPQ,VLLB,Luang Prabang International Airport,Luang Prabang,LA,19.898600,102.162003,7218,6,Asia/Vientiane,350000,medium_airport
LRD,KLRD,Laredo International Airport,Laredo,US,27.5438,-99.461601,8236,45,America/Chicago,210000,medium_airport
LRE,YLRE,Longreach Airport,Longreach,AU,-23.433100,144.279999,6300,2,Australia/Brisbane,35000,small_airport
LRF,KLRF,Little Rock Air Force Base,Jacksonville,US,34.916901,-92.149696,12000,25,America/Chicago,25000,small_airport
LRM,MDLR,La Romana International Airport,La Romana,DO,18.450800,-68.911700,9678,6,America/Santo_Domingo,220000,medium_airport
LRU,KLRU,Las Cruces International Airport,Las Cruces,US,32.289398,-106.921997,7499,45,America/Denver,42000,small_airport
LSE,KLSE,La Crosse Regional Airport,La Crosse,US,43.879002,-91.256699,8537,25,America/Chicago,35000,small_airport
LSF,KLSF,Lawson Army Air Field,Fort Benning,US,32.332546,-84.988003,10000,25,America/New_York,12000,small_airport
LSH,VYLS,Lashio Airport,Lashio,MM,22.975300,97.752197,5200,2,Asia/Yangon,40000,small_airport
LSI,EGPB,Sumburgh Airport,Sumburgh,GB,59.878889,-1.295556,4921,3,Europe/London,18000,small_airport
LST,YMLT,Launceston Airport,Launceston,AU,-41.545300,147.214005,6500,5,Australia/Hobart,250000,medium_airport
LSV,KLSV,Nellis Air Force Base,Las Vegas,US,36.236198,-115.033997,10123,25,America/Los_Angeles,35000,small_airport
LSW,WITM,Cut Nyak Dhien Airport,Lhokseumawe,ID,4.152860,96.223801,7874,2,Asia/Jakarta,40000,small_airport
LTI,ZMAT,Altai Airport,Altai,MN,46.375833,96.219167,7513,2,Asia/Hovd,45000,small_airport
LTN,EGGW,London Luton Airport,London,GB,51.874722,-0.368333,7086,30,Europe/London,820000,large_airport
LTO,MMLT,Loreto International Airport,Loreto,MX,25.989200,-111.348000,7218,4,America/Mazatlan,95000,small_airport
LTS,KLTS,Altus Air Force Base,Altus,US,34.667099,-99.266701,13440,25,America/Chicago,15000,small_airport
LUA,VNLK,Tenzing-Hillary Airport,Lukla,NP,27.687500,86.729700,1729,2,Asia/Kathmandu,180000,medium_airport
LUF,KLUF,Luke Air Force Base,Glendale,US,33.535,-112.383003,10012,25,America/Denver,18000,small_airport
LUK,KLUK,Cincinnati Municipal Airport Lunken Field,Cincinnati,US,39.102357,-84.418945,6101,25,America/New_York,12000,small_airport
LUM,ZPMS,Dehong Mangshi Airport,Mangshi,CN,24.398600,98.530300,7218,10,Asia/Shanghai,250000,medium_airport
LUR,PALU,Cape Lisburne LRRS Airport,Cape Lisburne,US,68.875099,-166.110001,4800,25,Pacific/Honolulu,2000,small_airport
LUV,WAPL,Karel Sadsuitubun Airport,Langgur,ID,-5.760200,132.731003,7709,2,Asia/Jayapura,80000,small_airport
LUW,WAFW,Syukuran Aminuddin Amir Airport,Luwuk,ID,-1.042500,122.772000,7381,3,Asia/Makassar,120000,medium_airport
LVM,KLVM,Mission Field,Livingston,US,45.699402,-110.447998,5701,25,America/Denver,5000,small_airport
LVS,KLVS,Las Vegas Municipal Airport,Las Vegas,US,35.654202,-105.141998,8198,110,America/Denver,15000,small_airport
LWB,KLWB,Greenbrier Valley Airport,Lewisburg,US,37.857914,-80.400438,7004,25,America/New_York,12000,small_airport
LWM,KLWM,Lawrence Municipal Airport,Lawrence,US,42.717201,-71.123398,5000,25,America/New_York,8000,small_airport
LWS,KLWS,Lewiston Nez Perce County Airport,Lewiston,US,46.3745,-117.014999,6511,25,America/Anchorage,25000,small_airport
LWT,KLWT,Lewistown Municipal Airport,Lewistown,US,47.048429,-109.466143,6100,25,America/Denver,5000,small_airport
LXA,ZULS,Lhasa Gonggar Airport,Lhasa,CN,29.297800,90.912201,13123,20,Asia/Shanghai,650000,large_airport
LXG,VLLU,Luang Namtha Airport,Luang Namtha,LA,20.960501,101.402000,3937,2,Asia/Vientiane,45000,small_airport
LYA,ZHLY,Luoyang Beijiao Airport,Luoyang,CN,34.740200,112.389000,8202,15,Asia/Shanghai,380000,medium_airport
LYG,ZSLG,Lianyungang Huaguoshan Airport,Lianyungang,CN,34.568300,119.324000,9186,12,Asia/Shanghai,250000,medium_airport
LYH,KLYH,Lynchburg Regional Airport - Preston Glenn Field,Lynchburg,US,37.326698,-79.200401,5799,25,America/New_York,35000,small_airport
LYI,ZSLY,Linyi Qiyang Airport,Linyi,CN,35.049400,118.411003,10499,15,Asia/Shanghai,250000,medium_airport
LYU,KELO,Ely Municipal Airport,Ely,US,47.824501,-91.830704,5600,25,America/Chicago,5000,small_airport
LZC,MMLC,Lázaro Cárdenas Airport,Lázaro Cárdenas,MX,17.986300,-102.221000,4921,2,America/Mexico_City,35000,small_airport
LZH,ZGZH,Liuzhou Bailian Airport,Liuzhou,CN,24.207800,109.391998,8202,12,Asia/Shanghai,350000,medium_airport
LZO,ZULZ,Luzhou Yunlong Airport,Luzhou,CN,29.030000,105.416667,9186,12,Asia/Shanghai,280000,medium_airport
LZU,RCFG,Nangan Airport,Matsu,TW,26.158200,119.957000,5180,3,Asia/Taipei,85000,medium_airport
LZY,ZUNZ,Nyingchi Mainling Airport,Nyingchi,CN,29.301900,94.335300,9842,10,Asia/Shanghai,250000,medium_airport
MAA,VOMM,Chennai International Airport,Chennai,IN,12.990005,80.169296,12001,50,Asia/Kolkata,1050000,large_airport
MAC,VNMA,Manang Airport,Manang,NP,28.636400,84.053100,2000,1,Asia/Kathmandu,8000,small_airport
MAD,LEMD,Adolfo Suárez Madrid–Barajas Airport,Madrid,ES,40.493407,-3.572249,14271,104,Europe/Madrid,1400000,large_airport
MAF,KMAF,Midland International Air and Space Port,Midland,US,31.942499,-102.202003,9501,45,America/Chicago,710000,medium_airport
MAM,MMMA,General Servando Canales International Airport,Matamoros,MX,25.769900,-97.525200,7545,2,America/Monterrey,50000,small_airport
MAN,EGCC,Manchester Airport,Manchester,GB,53.353744,-2.274950,10000,60,Europe/London,950000,large_airport
MAY,MYAB,Clarence A. Bain Airport,Mangrove Cay,BS,24.290300,-77.674200,5000,1,America/Nassau,15000,small_airport
MAZ,TJMZ,Eugenio María de Hostos Airport,Mayagüez,PR,18.255300,-67.148300,4998,2,America/Puerto_Rico,45000,small_airport
MBE,RJEB,Monbetsu Airport,Monbetsu,JP,44.304200,143.404000,6561,3,Asia/Tokyo,35000,small_airport
MBG,KMBG,Mobridge Municipal Airport,Mobridge,US,45.546501,-100.407997,4411,25,America/Chicago,4000,small_airport
MBJ,MKJS,Sangster International Airport,Montego Bay,JM,18.503700,-77.913300,10039,18,America/Jamaica,850000,large_airport
MBS,KMBS,MBS International Airport,Freeland,US,43.533181,-84.083104,8002,45,America/New_York,320000,medium_airport
MBT,RPVJ,Moises R. Espinosa Airport,Masbate,PH,12.368800,123.626999,4386,2,Asia/Manila,50000,small_airport
MCB,KMCB,McComb-Pike County Airport / John E Lewis Field,McComb,US,31.178499,-90.471901,5000,25,America/Chicago,5000,small_airport
MCC,KMCC,McClellan Airfield,Sacramento,US,38.667599,-121.401001,10600,25,America/Anchorage,25000,small_airport
MCE,KMCE,Merced Regional Macready Field,Merced,US,37.284698,-120.514,5903,25,America/Anchorage,15000,small_airport
MCF,KMCF,MacDill Air Force Base,Tampa,US,27.8493,-82.521202,11421,25,America/New_York,45000,small_airport
MCG,PAMC,McGrath Airport,McGrath,US,62.9529,-155.606003,5936,25,Pacific/Honolulu,8000,small_airport
MCI,KMCI,Kansas City International Airport,Kansas City,US,39.301699,-94.713893,10801,80,America/Chicago,880000,medium_airport
MCK,KMCK,McCook Ben Nelson Regional Airport,McCook,US,40.207787,-100.592794,6449,25,America/Chicago,4000,small_airport
MCN,KMCN,Middle Georgia Regional Airport,Macon,US,32.692799,-83.6492,6501,25,America/New_York,12000,small_airport
MCO,KMCO,Orlando International Airport,Orlando,US,28.429399,-81.308998,12005,129,America/New_York,1180000,large_airport
MCW,KMCW,Mason City Municipal Airport,Mason City,US,43.159801,-93.329716,6501,25,America/Chicago,15000,small_airport
MCY,YBSU,Sunshine Coast Airport,Sunshine Coast,AU,-26.603300,153.091003,8038,5,Australia/Brisbane,250000,medium_airport
MDB,MZML,Melinda Airport,Hope Creek,BZ,16.993300,-88.307500,2100,1,America/Belize,5000,small_airport
MDC,WAMM,Sam Ratulangi International Airport,Manado,ID,1.549280,124.926003,8694,10,Asia/Makassar,500000,large_airport
MDE,SKRG,Jose Maria Córdova International Airport,Medellín,CO,6.164540,-75.423100,11286,35,America/Bogota,940000,large_airport
MDG,ZYMD,Mudanjiang Hailang International Airport,Mudanjiang,CN,44.524200,129.569000,8530,10,Asia/Shanghai,280000,medium_airport
MDH,KMDH,Southern Illinois Airport,Murphysboro,US,37.778099,-89.251999,6506,25,America/New_York,15000,small_airport
MDL,VYMD,Mandalay International Airport,Mandalay,MM,21.701900,95.977203,14000,12,Asia/Yangon,450000,large_airport
MDT,KMDT,Harrisburg International Airport,Harrisburg,US,40.192838,-76.762333,10001,45,America/New_York,640000,medium_airport
MDW,KMDW,Chicago Midway International Airport,Chicago,US,41.785999,-87.752403,6522,100,America/New_York,940000,medium_airport
MEA,NWWR,Maré Airport,Maré,NC,-21.481900,168.037994,3937,2,Pacific/Noumea,25000,small_airport
MEI,KMEI,Key Field / Meridian Regional Airport,Meridian,US,32.3326,-88.7519,10003,25,America/New_York,18000,small_airport
MEL,YMML,Melbourne Airport,Melbourne,AU,-37.673302,144.843002,11998,75,Australia/Melbourne,1400000,large_airport
MEM,KMEM,Memphis International Airport,Memphis,US,35.043845,-89.97634,11120,80,America/New_York,810000,medium_airport
MEQ,WITC,Cut Nyak Dien Airport,Nagan Raya,ID,4.092680,96.311302,5905,1,Asia/Jakarta,30000,small_airport
MER,KMER,Castle Airport,Merced,US,37.380501,-120.568001,11802,25,America/Anchorage,15000,small_airport
MEX,MMMX,Benito Juárez International Airport,Mexico City,MX,19.436300,-99.072100,13000,100,America/Mexico_City,1500000,large_airport
MFD,KMFD,Mansfield Lahm Regional Airport,Mansfield,US,40.8214,-82.516602,9001,25,America/New_York,12000,small_airport
MFE,KMFE,McAllen Miller International Airport,McAllen,US,26.176141,-98.237965,7120,45,America/Chicago,690000,medium_airport
MFH,K67L,Mesquite Airport,Mesquite,US,36.833105,-114.055928,5100,25,America/Los_Angeles,8000,small_airport
MFK,RCMT,Beigan Airport,Matsu,TW,26.223801,120.000000,3773,2,Asia/Taipei,45000,small_airport
MFM,VMMC,Macau International Airport,Nossa Senhora do Carmo,MO,22.149599,113.592003,10544,30,Asia/Macau,800000,large_airport
MFR,KMFR,Rogue Valley International-Medford Airport,Medford,US,42.374199,-122.873001,8800,45,America/Anchorage,580000,medium_airport
MGA,MNMG,Augusto C. Sandino International Airport,Managua,NI,12.141400,-86.168404,8012,10,America/Managua,350000,medium_airport
MGB,YMTG,Mount Gambier Airport,Mount Gambier,AU,-37.745300,140.785995,5000,2,Australia/Adelaide,40000,small_airport
MGC,KMGC,Michigan City Municipal Airport,Michigan City,US,41.7033,-86.821198,4100,25,America/New_York,5000,small_airport
MGE,KMGE,Dobbins Air Reserve Base,Marietta,US,33.915401,-84.516296,10000,25,America/New_York,25000,small_airport
MGM,KMGM,Montgomery Regional (Dannelly Field) Airport,Montgomery,US,32.300598,-86.393997,9010,25,America/New_York,120000,medium_airport
MGW,KMGW,Morgantown Municipal Airport Walter L. (Bill) Hart Field,Morgantown,US,39.643305,-79.917598,5199,25,America/New_York,15000,small_airport
MHH,MYAM,Leonard M. Thompson International Airport,Marsh Harbour,BS,26.511400,-77.083600,6100,4,America/Nassau,150000,medium_airport
MHK,KMHK,Manhattan Regional Airport,Manhattan,US,39.140999,-96.670799,7000,25,America/Chicago,45000,small_airport
MHR,KMHR,Sacramento Mather Airport,Sacramento,US,38.554744,-121.297989,11301,25,America/Anchorage,25000,small_airport
MHT,KMHT,Manchester-Boston Regional Airport,Manchester,US,42.932598,-71.435699,9250,106,America/New_York,580000,medium_airport
MHV,KMHV,Mojave Air &  Space Port,Mojave,US,35.056391,-118.145342,9502,25,America/Anchorage,18000,small_airport
MIA,KMIA,Miami International Airport,Miami,US,25.796011,-80.289751,13000,131,America/New_York,1260000,large_airport
MIB,KMIB,Minot Air Force Base,Minot,US,48.4156,-101.358002,13197,25,America/Chicago,15000,small_airport
MID,MMMD,Mérida International Airport,Mérida,MX,20.937000,-89.657700,10499,15,America/Merida,650000,large_airport
MIE,KMIE,Delaware County Johnson Field,Muncie,US,40.242298,-85.395897,6500,25,America/New_York,12000,small_airport
MIG,ZUMY,Mianyang Nanjiao Airport,Mianyang,CN,31.428700,104.741997,7874,15,Asia/Shanghai,350000,medium_airport
MIM,YMER,Merimbula Airport,Merimbula,AU,-36.908000,149.901001,5200,2,Australia/Sydney,35000,small_airport
MIV,KMIV,Millville Municipal Airport,Millville,US,39.367802,-75.072197,6002,25,America/New_York,8000,small_airport
MKC,KMKC,Charles B. Wheeler Downtown Airport,Kansas City,US,39.123199,-94.592796,7002,25,America/Chicago,45000,small_airport
MKE,KMKE,General Mitchell International Airport,Milwaukee,US,42.947201,-87.896599,9690,80,America/New_York,820000,medium_airport
MKG,KMKG,Muskegon County Airport,Muskegon,US,43.169498,-86.238197,6501,25,America/New_York,35000,small_airport
MKK,PHMK,Molokai Airport,Kaunakakai,US,21.152901,-157.095993,4494,25,Pacific/Honolulu,25000,small_airport
MKL,KMKL,McKellar-Sipes Regional Airport,Jackson,US,35.599899,-88.915604,6006,25,America/New_York,8000,small_airport
MKQ,WAKK,Mopah Airport,Merauke,ID,-8.520440,140.417999,8202,4,Asia/Jayapura,130000,medium_airport
MKW,WAUU,Rendani Airport,Manokwari,ID,-0.892010,134.050003,6561,4,Asia/Jayapura,150000,medium_airport
MKY,YBMK,Mackay Airport,Mackay,AU,-21.171700,149.180000,6483,5,Australia/Brisbane,220000,medium_airport
MLB,KMLB,Melbourne Orlando International Airport,Melbourne,US,28.102009,-80.641088,10181,129,America/New_York,440000,medium_airport
MLC,KMLC,Mc Alester Regional Airport,Mc Alester,US,34.882401,-95.783501,5602,25,America/Chicago,5000,small_airport
MLE,VRMM,Velana International Airport,Malé,MV,4.191830,73.529099,11155,20,Indian/Maldives,540000,large_airport
MLG,WARA,Abdul Rachman Saleh Airport,Malang,ID,-7.926580,112.712997,7545,4,Asia/Jakarta,210000,medium_airport
MLI,KMLI,Quad City International Airport,Moline,US,41.448502,-90.5075,10002,45,America/Chicago,310000,medium_airport
MLM,MMMM,General Francisco J. Mujica International Airport,Morelia,MX,19.850000,-101.025000,11155,6,America/Mexico_City,280000,medium_airport
MLS,KMLS,Miles City Airport - Frank Wiley Field,Miles City,US,46.427268,-105.885372,5680,25,America/Denver,4000,small_airport
MLU,KMLU,Monroe Regional Airport,Monroe,US,32.510899,-92.037697,7507,25,America/Chicago,65000,small_airport
MMB,RJCM,Memanbetsu Airport,Ozora,JP,43.880600,144.164001,8202,5,Asia/Tokyo,110000,medium_airport
MMD,ROMD,Minamidaito Airport,Minamidaito,JP,25.845800,131.263000,4921,1,Asia/Tokyo,8000,small_airport
MME,EGNV,Teesside International Airport,Darlington,GB,54.509167,-1.429444,7516,5,Europe/London,60000,medium_airport
MMJ,RJAF,Matsumoto Airport,Matsumoto,JP,36.166700,137.923000,6561,3,Asia/Tokyo,45000,small_airport
MMT,KMMT,Mc Entire Joint National Guard Base,Eastover,US,33.920799,-80.8013,9017,25,America/New_York,15000,small_airport
MMU,KMMU,Morristown Municipal Airport,Morristown,US,40.799062,-74.414949,5999,25,America/New_York,45000,small_airport
MMY,ROMY,Miyako Airport,Miyakojima,JP,24.782801,125.294998,6561,8,Asia/Tokyo,220000,medium_airport
MNF,NFMA,Mana Island Airport,Mana Island,FJ,-17.674400,177.106995,2000,1,Pacific/Fiji,8000,small_airport
MNL,RPLL,Ninoy Aquino International Airport,Manila,PH,14.508600,121.019997,12260,85,Asia/Manila,1500000,large_airport
MNU,VYMM,Mawlamyine Airport,Mawlamyine,MM,16.444700,97.661003,5300,2,Asia/Yangon,15000,small_airport
MNZ,KHEF,Manassas Regional Airport/Harry P. Davis Field,Manassas,US,38.721401,-77.515404,5700,25,America/New_York,25000,small_airport
MOB,KMOB,Mobile Regional Airport,Mobile,US,30.6912,-88.242798,8521,25,America/New_York,180000,medium_airport
MOD,KMOD,Modesto City Co-Harry Sham Field,Modesto,US,37.625801,-120.954002,5911,25,America/Anchorage,25000,small_airport
MOF,WATC,Frans Xavier Seda Airport,Maumere,ID,-8.641610,122.237000,7381,2,Asia/Makassar,65000,small_airport
MOT,KMOT,Minot International Airport,Minot,US,48.25801,-101.279123,7700,45,America/Chicago,210000,medium_airport
MOV,YMRB,Moranbah Airport,Moranbah,AU,-22.058300,148.076996,5000,2,Australia/Brisbane,40000,small_airport
MPH,RPVE,Godofredo P. Ramos Airport,Caticlan,PH,11.924800,121.954003,5905,5,Asia/Manila,550000,large_airport
MPV,KMPV,Edward F Knapp State Airport,Barre/Montpelier,US,44.203499,-72.562302,5002,25,America/New_York,5000,small_airport
MQL,YMIA,Mildura Airport,Mildura,AU,-34.229198,142.085999,6000,3,Australia/Melbourne,55000,medium_airport
MQT,KSAW,Marquette/Sawyer International Airport,Gwinn,US,46.351498,-87.395884,12370,45,America/New_York,140000,medium_airport
MQY,KMQY,Smyrna Airport,Smyrna,US,36.008999,-86.520103,8036,25,America/New_York,25000,small_airport
MRB,KMRB,Eastern WV Regional Airport/Shepherd Field,Martinsburg,US,39.401901,-77.984596,9600,25,America/New_York,12000,small_airport
MRI,PAMR,Merrill Field,Anchorage,US,61.212792,-149.843988,4000,25,Pacific/Honolulu,5000,small_airport
MRQ,RPUW,Marinduque Airport,Marinduque,PH,13.361900,121.831001,5039,1,Asia/Manila,55000,small_airport
MRY,KMRY,Monterey Regional Airport,Monterey,US,36.586777,-121.844183,7616,25,America/Anchorage,45000,small_airport
MSJ,RJSM,Misawa Airport,Misawa,JP,40.704600,141.369000,10000,4,Asia/Tokyo,80000,medium_airport
MSL,KMSL,Northwest Alabama Regional Airport,Muscle Shoals,US,34.745123,-87.612981,6693,25,America/New_York,12000,small_airport
MSN,KMSN,Dane County Regional Truax Field,Madison,US,43.1399,-89.337502,9005,25,America/New_York,280000,medium_airport
MSO,KMSO,Missoula Montana Airport,Missoula,US,46.915816,-114.091107,9501,25,America/Los_Angeles,180000,medium_airport
MSP,KMSP,Minneapolis–Saint Paul International Airport / Wold–Chamberlain Field,Minneapolis,US,44.880081,-93.221741,11006,80,America/Chicago,1140000,large_airport
MSS,KMSS,Massena International Airport Richards Field,Massena,US,44.936157,-74.844304,4998,45,America/New_York,21000,small_airport
MST,EHBK,Maastricht Aachen Airport,Maastricht,NL,50.911701,5.770140,9022,5,Europe/Amsterdam,180000,medium_airport
MSY,KMSY,Louis Armstrong New Orleans International Airport,New Orleans,US,29.993401,-90.264673,10104,80,America/Chicago,890000,medium_airport
MTC,KMTC,Selfridge Air National Guard Base Airport,Mount Clemens,US,42.613463,-82.836919,9000,25,America/New_York,15000,small_airport
MTH,KMTH,Florida Keys Marathon International Airport,Marathon,US,24.726006,-81.05138,5008,45,America/New_York,18000,small_airport
MTJ,KMTJ,Montrose Regional Airport,Montrose,US,38.5098,-107.893997,10000,25,America/Denver,45000,small_airport
MTN,KMTN,Martin State Airport,Baltimore,US,39.325699,-76.413803,6996,25,America/New_York,12000,small_airport
MTT,MMMT,Minatitlán/Coatzacoalcos National Airport,Minatitlán,MX,18.101000,-94.580800,6890,4,America/Mexico_City,80000,small_airport
MTW,WAOM,Beringin Airport,Muara Teweh,ID,-0.938889,114.886002,2952,1,Asia/Jakarta,15000,small_airport
MTY,MMMY,Monterrey International Airport,Monterrey,MX,25.778500,-100.107000,9842,40,America/Monterrey,1100000,large_airport
MUC,EDDM,Munich Airport,Munich,DE,48.353802,11.786100,13123,90,Europe/Berlin,1300000,large_airport
MUE,PHMU,Waimea Kohala Airport,Waimea (Kamuela),US,20.001301,-155.667999,5197,25,Pacific/Honolulu,8000,small_airport
MUI,KMUI,Muir Army Air Field (Fort Indiantown Gap) Airport,Fort Indiantown Gap(Annville),US,40.435214,-76.568661,3967,25,America/New_York,4000,small_airport
MUO,KMUO,Mountain Home Air Force Base,Mountain Home,US,43.043598,-115.872002,13500,25,America/Los_Angeles,15000,small_airport
MWA,KMWA,Veterans Airport of Southern Illinois,Marion,US,37.751208,-89.016568,8012,25,America/New_York,8000,small_airport
MWH,KMWH,Grant County International Airport,Moses Lake,US,47.207699,-119.32,13503,45,America/Anchorage,65000,small_airport
MWL,KMWL,Mineral Wells Regional Airport,Mineral Wells,US,32.781601,-98.060204,5996,25,America/Chicago,5000,small_airport
MWX,RKJB,Muan International Airport,Muan,KR,34.991501,126.381000,9186,6,Asia/Seoul,150000,medium_airport
MXF,KMXF,Maxwell Air Force Base,Montgomery,US,32.3829,-86.365799,8013,25,America/New_York,18000,small_airport
MXL,MMML,General Rodolfo Sánchez Taboada International Airport,Mexicali,MX,32.630600,-115.242000,8530,6,America/Tijuana,270000,medium_airport
MXP,LIMC,Milan Malpensa International Airport,Ferno (VA),IT,45.630600,8.728110,12861,60,Europe/Rome,1100000,large_airport
MXV,ZMMN,Mörön Airport,Mörön,MN,49.663056,100.099167,8005,3,Asia/Ulaanbaatar,85000,small_airport
MXZ,ZGMX,Meixian Airport,Meizhou,CN,24.267401,116.097000,5905,4,Asia/Shanghai,80000,small_airport
MYE,RJTQ,Miyakejima Airport,Miyakejima,JP,34.073601,139.559998,4350,2,Asia/Tokyo,45000,medium_airport
MYG,MYMM,Mayaguana Airport,Mayaguana,BS,22.380800,-73.013600,7700,1,America/Nassau,15000,small_airport
MYJ,RJOM,Matsuyama Airport,Matsuyama,JP,33.827202,132.699997,8202,10,Asia/Tokyo,360000,medium_airport
MYL,KMYL,McCall Municipal Airport,McCall,US,44.888837,-116.101112,6107,25,America/Los_Angeles,8000,small_airport
MYQ,VYMK,Myitkyina Airport,Myitkyina,MM,25.368300,97.352402,6000,2,Asia/Yangon,65000,small_airport
MYR,KMYR,Myrtle Beach International Airport,Myrtle Beach,US,33.679699,-78.928299,9503,80,America/New_York,840000,medium_airport
MYT,VYME,Myeik Airport,Myeik,MM,12.439700,98.621498,9000,3,Asia/Yangon,55000,medium_airport
MYU,PAMY,Mekoryuk Airport,Mekoryuk,US,60.372338,-166.269751,3070,25,Pacific/Honolulu,2000,small_airport
MYV,KMYV,Yuba County Airport,Marysville,US,39.097801,-121.57,6006,25,America/Anchorage,8000,small_airport
MYY,WBGR,Miri Airport,Miri,MY,4.322000,113.987000,9003,8,Asia/Kuala_Lumpur,350000,large_airport
MZG,RCQC,Penghu Airport,Magong,TW,23.568100,119.630000,9843,8,Asia/Taipei,320000,medium_airport
MZO,MUMZ,Sierra Maestra Airport,Manzanillo,CU,20.289400,-77.085000,9842,3,America/Havana,60000,small_airport
MZT,MMMZ,General Rafael Buelna International Airport,Mazatlán,MX,23.161300,-106.266000,8530,8,America/Mazatlan,340000,medium_airport
NAM,WAPR,Namlea Airport,Namlea,ID,-3.238610,127.056000,5249,1,Asia/Jayapura,25000,small_airport
NAN,NFFN,Nadi International Airport,Nadi,FJ,-17.755400,177.442993,10738,15,Pacific/Fiji,650000,large_airport
NAS,MYNN,Lynden Pindling International Airport,Nassau,BS,25.038900,-77.466100,11017,20,America/Nassau,480000,large_airport
NBG,KNBG,New Orleans NAS JRB/Alvin Callender Field,New Orleans,US,29.8253,-90.035004,9999,25,America/Chicago,15000,small_airport
NBO,HKJK,Jomo Kenyatta International Airport,Nairobi,KE,-1.318886,36.928233,13507,25,Africa/Nairobi,700000,large_airport
NBS,ZYBS,Changbaishan Airport,Baishan,CN,42.066400,127.610000,8530,8,Asia/Shanghai,250000,medium_airport
NBX,WABI,Douw Aturure Airport,Nabire,ID,-3.366670,135.498001,4593,3,Asia/Jayapura,120000,medium_airport
NCL,EGNT,Newcastle Airport,Newcastle,GB,55.037500,-1.691667,7641,20,Europe/London,520000,large_airport
NCO,KOQU,Quonset State Airport,North Kingstown,US,41.597099,-71.412102,7504,25,America/New_York,12000,small_airport
NCR,MNSC,San Carlos Airport,San Carlos,NI,11.129800,-84.770900,4000,1,America/Managua,20000,small_airport
NDG,ZYQQ,Qiqihar Sanjiazi Airport,Qiqihar,CN,47.240002,123.917999,8530,8,Asia/Shanghai,180000,medium_airport
NDZ,EGEP,Papa Westray Airport,Papa Westray,GB,59.351667,-2.900556,1532,1,Europe/London,5000,small_airport
NEG,MKNG,Negril Aerodrome,Negril,JM,18.339600,-78.334000,2200,1,America/Jamaica,15000,small_airport
NEL,KNEL,Lakehurst Maxfield Field Airport,Lakehurst,US,40.033298,-74.353302,5001,25,America/New_York,8000,small_airport
NEU,VLSS,Sam Neua Airport,Sam Neua,LA,20.418056,104.065556,3500,1,Asia/Vientiane,15000,small_airport
NEW,KNEW,Lakefront Airport,New Orleans,US,30.0424,-90.028297,6880,25,America/Chicago,18000,small_airport
NFL,KNFL,Fallon Naval Air Station,Fallon,US,39.416599,-118.700996,14005,25,America/Anchorage,15000,small_airport
NGB,ZSNB,Ningbo Lishe International Airport,Ningbo,CN,29.826799,121.461998,10499,35,Asia/Shanghai,750000,large_airport
NGF,PHNG,Kaneohe Bay MCAS (Marion E. Carl Field) Airport,Kaneohe,US,21.4505,-157.768005,7771,25,Pacific/Honolulu,12000,small_airport
NGO,RJGG,Chubu Centrair International Airport,Nagoya,JP,34.858398,136.804993,11483,40,Asia/Tokyo,950000,large_airport
NGP,KNGP,Naval Air Station Corpus Christi Truax Field,Corpus Christi,US,27.6926,-97.2911,8003,25,America/Chicago,15000,small_airport
NGQ,ZUAL,Ngari Gunsa Airport,Ngari,CN,32.100000,80.053300,14764,6,Asia/Shanghai,80000,small_airport
NGS,RJFU,Nagasaki Airport,Nagasaki,JP,33.916100,129.912994,9840,12,Asia/Tokyo,310000,medium_airport
NGU,KNGU,Norfolk Naval Station (Chambers Field),Norfolk,US,36.937599,-76.289299,8369,25,America/New_York,18000,small_airport
NHK,KNHK,Patuxent River Naval Air Station (Trapnell Field),Patuxent River,US,38.285999,-76.411797,11807,25,America/New_York,15000,small_airport
NIP,KNIP,Jacksonville Naval Air Station (Towers Field),Jacksonville,US,30.2358,-81.680603,8002,25,America/New_York,18000,small_airport
NJK,KNJK,El Centro NAF Airport (Vraciu Field),El Centro,US,32.829201,-115.671996,9503,25,America/Los_Angeles,12000,small_airport
NKG,ZSNJ,Nanjing Lukou International Airport,Nanjing,CN,31.742100,118.862000,11811,75,Asia/Shanghai,1300000,large_airport
NKM,RJNA,Nagoya Airfield (Komaki),Nagoya,JP,35.255000,136.924000,9000,6,Asia/Tokyo,210000,medium_airport
NKX,KNKX,Miramar Marine Corps Air Station - Mitscher Field,San Diego,US,32.868401,-117.142998,12000,25,America/Anchorage,25000,small_airport
NLC,KNLC,Lemoore Naval Air Station (Reeves Field) Airport,Lemoore,US,36.333,-119.952004,13502,25,America/Anchorage,18000,small_airport
NLD,MMNL,Quetzalcóatl International Airport,Nuevo Laredo,MX,27.443900,-99.572100,6562,2,America/Monterrey,60000,small_airport
NLT,ZWNL,Xinyuan Nalati Airport,Xinyuan,CN,43.431900,83.380000,7874,6,Asia/Urumqi,80000,small_airport
NLU,MMSM,Felipe Ángeles International Airport (AIFA),Mexico City,MX,19.746300,-99.014800,14763,28,America/Mexico_City,500000,large_airport
NNG,ZGNN,Nanning Wuxu International Airport,Nanning,CN,22.608299,108.171997,10499,50,Asia/Shanghai,1100000,large_airport
NNY,ZHNY,Nanyang Jiangying Airport,Nanyang,CN,32.964700,112.614000,9186,12,Asia/Shanghai,320000,medium_airport
NOB,MRNS,Nosara Airport,Nosara,CR,9.976670,-85.653300,3280,1,America/Costa_Rica,70000,small_airport
NOG,MMNG,Nogales International Airport,Nogales,MX,31.176400,-110.975000,5905,2,America/Hermosillo,25000,small_airport
NOU,NWWW,La Tontouta International Airport,Nouméa,NC,-22.014601,166.216003,10663,6,Pacific/Noumea,180000,medium_airport
NPA,KNPA,Naval Air Station Pensacola Forrest Sherman Field,Pensacola,US,30.352699,-87.318604,8002,25,America/New_York,15000,small_airport
NPE,NZNR,Napier-Hastings Airport,Napier,NZ,-39.465798,176.871002,5741,5,Pacific/Auckland,250000,medium_airport
NPL,NZNP,New Plymouth Airport,New Plymouth,NZ,-38.967602,174.179001,4298,4,Pacific/Auckland,180000,medium_airport
NPO,WION,Nanga Pinoh Airport,Nanga Pinoh,ID,-0.347596,111.758003,3280,1,Asia/Jakarta,8000,small_airport
NPT,KUUU,Newport State Airport,Newport,US,41.532207,-71.281039,2999,25,America/New_York,4000,small_airport
NQA,KNQA,Millington-Memphis Airport,Millington,US,35.356701,-89.8703,8000,25,America/New_York,8000,small_airport
NQI,KNQI,Kingsville Naval Air Station,Kingsville,US,27.5072,-97.8097,8000,25,America/Chicago,12000,small_airport
NQX,KNQX,Naval Air Station Key West/Boca Chica Field,Key West,US,24.5758,-81.688904,10000,25,America/New_York,15000,small_airport
NQY,EGHQ,Newquay Cornwall Airport,Newquay,GB,50.440556,-4.995278,9006,5,Europe/London,50000,medium_airport
NQZ,UACC,Nursultan Nazarbayev International Airport,Astana,KZ,51.027035,71.467094,11484,20,Asia/Almaty,600000,large_airport
NRB,KNRB,Naval Station Mayport / Admiral David L McDonald Field,Jacksonville,US,30.3911,-81.424698,8001,25,America/New_York,8000,small_airport
NRL,EGEL,North Ronaldsay Airport,North Ronaldsay,GB,59.366667,-2.433333,1532,1,Europe/London,5000,small_airport
NRT,RJAA,Narita International Airport,Tokyo,JP,35.764702,140.386002,13123,85,Asia/Tokyo,1450000,large_airport
NSE,KNSE,Whiting Field Naval Air Station - North,Milton,US,30.724199,-87.021896,6000,25,America/New_York,5000,small_airport
NSN,NZNS,Nelson Airport,Nelson,NZ,-41.298302,173.227997,4420,6,Pacific/Auckland,320000,medium_airport
NST,VTSF,Nakhon Si Thammarat Airport,Nakhon Si Thammarat,TH,8.539800,99.944300,6890,5,Asia/Bangkok,150000,medium_airport
NTD,KNTD,Point Mugu Naval Air Station (Naval Base Ventura Co),Point Mugu,US,34.1203,-119.121002,11102,25,America/Anchorage,12000,small_airport
NTG,ZSNT,Nantong Xingdong International Airport,Nantong,CN,32.072201,120.976997,11155,15,Asia/Shanghai,450000,medium_airport
NTI,WABI,Bintuni Airport,Bintuni,ID,-2.091110,133.317993,3937,1,Asia/Jayapura,15000,small_airport
NTL,YWLM,Newcastle Airport,Newcastle,AU,-32.795000,151.834000,7999,6,Australia/Sydney,320000,medium_airport
NTQ,RJNW,Noto Airport,Wajima,JP,37.293300,136.953000,6561,3,Asia/Tokyo,35000,small_airport
NTU,KNTU,Oceana Naval Air Station,Virginia Beach,US,36.820702,-76.033501,11997,25,America/New_York,15000,small_airport
NUI,PAQT,Nuiqsut Airport,Nuiqsut,US,70.209999,-151.005998,4343,25,Pacific/Honolulu,2000,small_airport
NUQ,KNUQ,Moffett Federal Airfield,Mountain View,US,37.4161,-122.049004,9202,25,America/Anchorage,18000,small_airport
NUW,KNUW,Whidbey Island Naval Air Station (Ault Field),Oak Harbor,US,48.351799,-122.655998,8001,25,America/Anchorage,15000,small_airport
NWI,EGSH,Norwich Airport,Norwich,GB,52.675833,1.282778,6040,5,Europe/London,70000,medium_airport
NYG,KNYG,Quantico Marine Corps Airfield / Turner Field,Quantico,US,38.501701,-77.305298,4279,25,America/New_York,8000,small_airport
NYL,KNYL,Yuma International Airport / Marine Corps Air Station Yuma,Yuma,US,32.650938,-114.609375,13299,45,America/Los_Angeles,110000,medium_airport
NYT,VYNT,Naypyidaw International Airport,Naypyidaw,MM,19.624100,96.200500,11811,8,Asia/Yangon,250000,medium_airport
NYU,VYBG,Nyaung U Airport,Bagan,MM,21.182200,94.930397,8500,4,Asia/Yangon,180000,medium_airport
NZH,ZBMZ,Manzhouli Xijiao Airport,Manzhouli,CN,49.569200,117.329000,9186,10,Asia/Shanghai,220000,medium_airport
NZY,KNZY,North Island Naval Air Station-Halsey Field,San Diego,US,32.6992,-117.214996,8000,25,America/Anchorage,18000,small_airport
OAG,YORG,Orange Airport,Orange,AU,-33.380001,149.128005,5500,2,Australia/Sydney,30000,small_airport
OAJ,KOAJ,Albert J Ellis Airport,Richlands,US,34.829201,-77.612099,7100,25,America/New_York,35000,small_airport
OAK,KOAK,San Francisco Bay Oakland International Airport,Oakland,US,37.720085,-122.221184,10000,115,America/Anchorage,910000,medium_airport
OAX,MMOX,Xoxocotlán International Airport,Oaxaca,MX,16.950200,-96.726500,8038,8,America/Mexico_City,400000,large_airport
OBO,RJCB,Tokachi-Obihiro Airport,Obihiro,JP,42.733299,143.216995,8202,6,Asia/Tokyo,370000,medium_airport
OCA,07FA,Ocean Reef Club Airport,Key Largo,US,25.325399,-80.274803,4500,25,America/New_York,8000,small_airport
OCE,KOXB,Ocean City Municipal Airport,Ocean City,US,38.310398,-75.124001,4072,25,America/New_York,8000,small_airport
OCJ,MKBS,Ian Fleming International Airport,Ocho Rios,JM,18.404200,-76.968900,4769,2,America/Jamaica,45000,small_airport
OCN,KOKB,Oceanside Municipal Airport,Oceanside,US,33.217947,-117.351683,2712,25,America/Anchorage,5000,small_airport
ODY,VLOS,Oudomxay Airport,Oudomxay,LA,20.685301,101.992996,5380,2,Asia/Vientiane,35000,small_airport
OFF,KOFF,Offutt Air Force Base,Omaha,US,41.119307,-95.90851,11700,25,America/Chicago,15000,small_airport
OFK,KOFK,Karl Stefan Memorial Airport,Norfolk,US,41.9855,-97.435097,5800,25,America/Chicago,5000,small_airport
OGB,KOGB,Orangeburg Municipal Airport,Orangeburg,US,33.456799,-80.859497,5401,25,America/New_York,5000,small_airport
OGD,KOGD,Ogden Hinckley Airport,Ogden,US,41.1959,-112.012001,8103,25,America/Denver,25000,small_airport
OGG,PHOG,Kahului International Airport,Kahului,US,20.896263,-156.431837,6995,80,Pacific/Honolulu,930000,medium_airport
OGN,ROYN,Yonaguni Airport,Yonaguni,JP,24.467298,122.979827,4920,2,Asia/Tokyo,110000,medium_airport
OGS,KOGS,Ogdensburg International Airport,Ogdensburg,US,44.6819,-75.4655,5200,45,America/New_York,35000,small_airport
OHE,ZYMH,Mohe Gulian Airport,Mohe,CN,52.923100,122.424000,7218,6,Asia/Shanghai,120000,medium_airport
OIM,RJTO,Oshima Airport,Izu Oshima,JP,34.782001,139.360001,5905,2,Asia/Tokyo,50000,medium_airport
OIR,RJEO,Okushiri Airport,Okushiri Island,JP,42.071701,139.432999,4922,1,Asia/Tokyo,35000,medium_airport
OIT,RJFO,Oita Airport,Oita,JP,33.479401,131.737000,9840,10,Asia/Tokyo,260000,medium_airport
OKA,ROAH,Naha Airport,Okinawa,JP,26.195801,127.646004,9840,40,Asia/Tokyo,950000,large_airport
OKC,KOKC,OKC Will Rogers World Airport,Oklahoma City,US,35.393388,-97.598248,9802,60,America/Chicago,620000,medium_airport
OKD,RJCO,Sapporo Okadama Airport,Sapporo,JP,43.117447,141.381340,4920,5,Asia/Tokyo,350000,medium_airport
OKE,RJKB,Okinoerabu Airport,Tokunoshima,JP,27.425300,128.696000,3937,2,Asia/Tokyo,15000,small_airport
OKI,RJNO,Oki Airport,Okinoshima,JP,36.180800,133.325000,6561,3,Asia/Tokyo,30000,small_airport
OKJ,RJOB,Okayama Airport,Okayama,JP,34.757000,133.855000,9840,6,Asia/Tokyo,160000,medium_airport
OKQ,WAJO,Oksibil Airport,Oksibil,ID,-4.908060,140.628998,2952,1,Asia/Jayapura,15000,small_airport
OLF,KOLF,L M Clayton Airport,Wolf Point,US,48.094501,-105.574997,5089,25,America/Denver,4000,small_airport
OLM,KOLM,Olympia Regional Airport,Olympia,US,46.969399,-122.903,5501,25,America/Anchorage,8000,small_airport
OLS,KOLS,Nogales International Airport,Nogales,US,31.4177,-110.848,7199,45,America/Denver,11000,small_airport
OLU,KOLU,Columbus Municipal Airport,Columbus,US,41.448145,-97.340174,6800,25,America/Chicago,5000,small_airport
OMA,KOMA,Eppley Airfield,Omaha,US,41.3032,-95.894096,9502,60,America/Chicago,680000,medium_airport
OME,PAOM,Nome Airport,Nome,US,64.512199,-165.445007,6001,25,Pacific/Honolulu,25000,small_airport
ONI,WABO,Moanemani Airport,Moanemani,ID,-4.019170,135.895996,2952,1,Asia/Jayapura,8000,small_airport
ONJ,RJSR,Odate-Noshiro Airport,Kitaakita,JP,40.191400,140.370000,6561,3,Asia/Tokyo,30000,small_airport
ONO,KONO,Ontario Municipal Airport,Oregon,US,44.0198,-117.013289,4307,25,America/Anchorage,4000,small_airport
ONP,KONP,Newport Municipal Airport,Newport,US,44.580399,-124.057999,5398,25,America/Anchorage,8000,small_airport
ONT,KONT,Ontario International Airport,Ontario,US,34.056,-117.600998,12198,80,America/Anchorage,860000,medium_airport
OOL,YBCG,Gold Coast Airport,Gold Coast,AU,-28.164400,153.505005,8176,20,Australia/Brisbane,850000,large_airport
OPF,KOPF,Miami-Opa Locka Executive Airport,Miami,US,25.907,-80.278397,8002,131,America/New_York,35000,small_airport
ORD,KORD,Chicago O'Hare International Airport,Chicago,US,41.9786,-87.9048,13000,193,America/New_York,1380000,large_airport
ORF,KORF,Norfolk International Airport,Norfolk,US,36.895341,-76.201,9001,80,America/New_York,810000,medium_airport
ORH,KORH,Worcester Regional Airport,Worcester,US,42.2673,-71.875702,7000,25,America/New_York,65000,small_airport
ORL,KORL,Orlando Executive Airport,Orlando,US,28.5455,-81.332901,6003,129,America/New_York,45000,small_airport
ORT,PAOR,Northway Airport,Northway,US,62.9613,-141.929001,5100,25,Pacific/Honolulu,2000,small_airport
ORZ,MZOW,Orange Walk Airport,Orange Walk,BZ,18.046100,-88.583300,2000,1,America/Belize,15000,small_airport
OSH,KOSH,Wittman Regional Airport,Oshkosh,US,43.984402,-88.556999,8002,25,America/New_York,25000,small_airport
OSL,ENGM,Oslo-Gardermoen International Airport,Oslo (Gardermoen),NO,60.193901,11.100400,11811,55,Europe/Oslo,1120000,large_airport
OSU,KOSU,The Ohio State University Airport - Don Scott Field,Columbus,US,40.0798,-83.072998,5004,25,America/New_York,15000,small_airport
OTH,KOTH,Southwest Oregon Regional Airport,North Bend,US,43.417099,-124.246002,5980,25,America/Anchorage,25000,small_airport
OTM,KOTM,Ottumwa Regional Airport,Ottumwa,US,41.106368,-92.449837,5885,25,America/Chicago,5000,small_airport
OTZ,PAOT,Ralph Wien Memorial Airport,Kotzebue,US,66.884697,-162.598999,5900,25,Pacific/Honolulu,25000,small_airport
OVB,UNNT,Novosibirsk Tolmachevo Airport,Novosibirsk,RU,55.019756,82.618675,11818,25,Asia/Novosibirsk,660000,large_airport
OWB,KOWB,Owensboro Daviess County Airport,Owensboro,US,37.740101,-87.166801,6494,25,America/New_York,18000,small_airport
OWD,KOWD,Norwood Memorial Airport,Norwood,US,42.190498,-71.172897,4008,25,America/New_York,12000,small_airport
OXR,KOXR,Oxnard Airport,Oxnard,US,34.200802,-119.207001,5953,25,America/Anchorage,18000,small_airport
OZC,RPMO,Labo Airport,Ozamiz,PH,8.167820,123.844002,6233,3,Asia/Manila,160000,medium_airport
OZR,KOZR,Cairns AAF (Fort Rucker) Air Field,Fort Rucker/Ozark,US,31.2757,-85.713402,5000,25,America/New_York,8000,small_airport
PAC,MPMG,Albrook Marcos A. Gelabert International Airport,Panama City,PA,8.973410,-79.555801,5905,8,America/Panama,280000,medium_airport
PAE,KPAE,Seattle Paine Field International Airport,Everett,US,47.9063,-122.281998,9010,103,America/Anchorage,410000,medium_airport
PAG,RPMP,Pagadian Airport,Pagadian,PH,7.826720,123.461998,6932,3,Asia/Manila,130000,medium_airport
PAH,KPAH,Barkley Regional Airport,Paducah,US,37.060799,-88.773804,6499,25,America/New_York,45000,small_airport
PAM,KPAM,Tyndall Air Force Base,Panama City,US,30.069599,-85.575401,10004,25,America/New_York,15000,small_airport
PAO,KPAO,Palo Alto Airport,Palo Alto,US,37.461102,-122.114998,2443,25,America/Anchorage,8000,small_airport
PAP,MTPP,Toussaint Louverture International Airport,Port-au-Prince,HT,18.575300,-72.295100,9974,8,America/Port-au-Prince,350000,medium_airport
PAQ,PAAQ,"Warren ""Bud"" Woods Palmer Municipal Airport",Palmer,US,61.594898,-149.08901,6008,25,Pacific/Honolulu,5000,small_airport
PAZ,MMPA,El Tajín National Airport,Poza Rica,MX,20.602300,-97.460800,5905,2,America/Mexico_City,35000,small_airport
PBC,MMPB,Hermanos Serdán International Airport,Puebla,MX,19.158100,-98.371400,11811,6,America/Mexico_City,210000,medium_airport
PBF,KPBF,"Pine Bluff Regional Airport, Grider Field",Pine Bluff,US,34.174121,-91.935643,5998,25,America/Chicago,5000,small_airport
PBG,KPBG,Plattsburgh International Airport,Plattsburgh,US,44.650902,-73.468102,11758,45,America/New_York,110000,medium_airport
PBH,VQPR,Paro International Airport,Paro,BT,27.403200,89.424600,7431,5,Asia/Thimphu,250000,medium_airport
PBI,KPBI,Palm Beach International Airport,West Palm Beach,US,26.683201,-80.095596,10008,80,America/New_York,890000,medium_airport
PBO,YPBO,Paraburdoo Airport,Paraburdoo,AU,-23.171301,117.746002,6998,2,Australia/Perth,50000,small_airport
PBP,MRPI,Punta Islita Airport,Punta Islita,CR,9.853330,-85.368300,2625,1,America/Costa_Rica,35000,small_airport
PBR,MGPB,Puerto Barrios Airport,Puerto Barrios,GT,15.731700,-88.583603,8900,2,America/Guatemala,45000,small_airport
PCN,NZPI,Picton Aerodrome,Picton,NZ,-41.348600,173.955000,2559,1,Pacific/Auckland,20000,small_airport
PCQ,VLBV,Boun Neua Airport,Phongsaly,LA,21.733300,101.883000,3000,1,Asia/Vientiane,10000,small_airport
PDG,WIEE,Minangkabau International Airport,Padang,ID,-0.786580,100.280998,9022,12,Asia/Jakarta,620000,large_airport
PDK,KPDK,DeKalb Peachtree Airport,Atlanta,US,33.87633,-84.30213,6001,25,America/New_York,25000,small_airport
PDM,MPPD,Pedasí Airport,Pedasí,PA,7.555000,-80.026398,3000,1,America/Panama,15000,small_airport
PDS,MMPG,Piedras Negras International Airport,Piedras Negras,MX,28.625600,-100.535000,6653,2,America/Monterrey,55000,small_airport
PDT,KPDT,Eastern Oregon Regional Airport at Pendleton,Pendleton,US,45.695099,-118.841003,6300,25,America/Anchorage,15000,small_airport
PDX,KPDX,Portland International Airport,Portland,US,45.588699,-122.598,11000,80,America/Anchorage,960000,medium_airport
PEK,ZBAA,Beijing Capital International Airport,Beijing,CN,40.080101,116.584999,12467,150,Asia/Shanghai,1800000,large_airport
PEN,WMKP,Penang International Airport,Penang,MY,5.297100,100.276900,10997,20,Asia/Kuala_Lumpur,800000,large_airport
PER,YPPH,Perth Airport,Perth,AU,-31.940300,115.967003,11299,45,Australia/Perth,1100000,large_airport
PEU,MHPL,Puerto Lempira Airport,Puerto Lempira,HN,15.260600,-83.777200,4000,1,America/Tegucigalpa,35000,small_airport
PGA,KPGA,Page Municipal Airport,Page,US,36.924234,-111.447716,5950,25,America/Denver,18000,small_airport
PGD,KPGD,Punta Gorda Airport,Punta Gorda,US,26.9202,-81.990501,6695,25,America/New_York,450000,medium_airport
PGK,WIPK,Depati Amir Airport,Pangkal Pinang,ID,-2.162780,106.139999,6561,4,Asia/Jakarta,180000,medium_airport
PGV,KPGV,Pitt-Greenville Airport,Greenville,US,35.635535,-77.384262,6500,25,America/New_York,45000,small_airport
PHE,YPPD,Port Hedland International Airport,Port Hedland,AU,-20.377501,118.625999,8202,5,Australia/Perth,170000,medium_airport
PHF,KPHF,Newport News Williamsburg International Airport,Newport News,US,37.131901,-76.492996,8003,45,America/New_York,210000,medium_airport
PHL,KPHL,Philadelphia International Airport,Philadelphia,US,39.871899,-75.241096,10506,80,America/New_York,1080000,large_airport
PHX,KPHX,Phoenix Sky Harbor International Airport,Phoenix,US,33.435302,-112.005905,11489,106,America/Denver,1210000,large_airport
PIA,KPIA,General Wayne A. Downing Peoria International Airport,Peoria,US,40.663841,-89.692631,10104,45,America/New_York,310000,medium_airport
PIB,KPIB,Hattiesburg Laurel Regional Airport,Moselle,US,31.4671,-89.337097,6501,25,America/New_York,15000,small_airport
PIE,KPIE,St. Petersburg Clearwater International Airport,Pinellas Park,US,27.9102,-82.687401,9730,80,America/New_York,720000,medium_airport
PIH,KPIH,Pocatello Regional Airport,Pocatello,US,42.909801,-112.596001,9060,25,America/Denver,25000,small_airport
PIK,EGPZ,Glasgow Prestwick Airport,Glasgow,GB,55.509444,-4.594444,9786,5,Europe/London,55000,medium_airport
PIR,KPIR,Pierre Regional Airport,Pierre,US,44.382702,-100.286003,6900,25,America/Chicago,15000,small_airport
PIT,KPIT,Pittsburgh International Airport,Pittsburgh,US,40.491501,-80.232903,11500,80,America/New_York,880000,medium_airport
PIZ,PPIZ,Point Lay LRRS Airport,Point Lay,US,69.732903,-163.005005,3519,25,Pacific/Honolulu,2000,small_airport
PJM,MRPJ,Puerto Jiménez Airport,Puerto Jiménez,CR,8.535800,-83.300000,2690,1,America/Costa_Rica,55000,small_airport
PKB,KPKB,Mid Ohio Valley Regional Airport,Parkersburg (Williamstown),US,39.3451,-81.439201,6781,25,America/New_York,15000,small_airport
PKE,YPAR,Parkes Airport,Parkes,AU,-33.131100,148.238998,5500,2,Australia/Sydney,25000,small_airport
PKN,WAOI,Iskandar Airport,Pangkalan Bun,ID,-2.705600,111.672997,5413,2,Asia/Jakarta,90000,medium_airport
PKR,VNPR,Pokhara International Airport,Pokhara,NP,28.183600,84.015000,8202,6,Asia/Kathmandu,350000,medium_airport
PKU,WIBB,Sultan Syarif Kasim II International Airport,Pekanbaru,ID,0.460560,101.444000,8661,12,Asia/Jakarta,650000,large_airport
PKX,ZBAD,Beijing Daxing International Airport,Beijing,CN,39.509167,116.410556,12467,120,Asia/Shanghai,1750000,large_airport
PKZ,VLPS,Pakse International Airport,Pakse,LA,15.133800,105.780998,5331,4,Asia/Vientiane,150000,medium_airport
PLJ,MZPL,Placencia Airport,Placencia,BZ,16.537200,-88.361400,2100,2,America/Belize,80000,small_airport
PLM,WIPP,Sultan Mahmud Badaruddin II Airport,Palembang,ID,-2.898100,104.700996,9842,15,Asia/Jakarta,700000,large_airport
PLN,KPLN,Pellston Regional Airport of Emmet County Airport,Pellston,US,45.5709,-84.7967,6512,25,America/New_York,18000,small_airport
PLO,YPLC,Port Lincoln Airport (PLO),Port Lincoln,AU,-34.605202,135.876999,4921,2,Australia/Adelaide,35000,small_airport
PLP,MPRA,Capitán Ramón Xatruch Airport,La Palma,PA,8.406940,-78.136100,3000,1,America/Panama,10000,small_airport
PLS,MBPV,Providenciales International Airport,Providenciales,TC,21.773697,-72.268321,9199,12,America/Grand_Turk,420000,medium_airport
PLW,WAFF,Mutiara SIS Al-Jufrie Airport,Palu,ID,-0.918450,119.908997,8202,5,Asia/Makassar,180000,medium_airport
PMD,KPMD,Palmdale Regional Airport / USAF Plant 42 Airport,Palmdale,US,34.629398,-118.084999,12002,25,America/Anchorage,15000,small_airport
PMQ,YPMQ,Port Macquarie Airport,Port Macquarie,AU,-31.436001,152.863007,5249,3,Australia/Sydney,60000,medium_airport
PMR,NZPM,Palmerston North Airport,Palmerston North,NZ,-40.320702,175.617996,6240,5,Pacific/Auckland,280000,medium_airport
PNC,KPNC,Ponca City Regional Airport,Ponca City,US,36.731998,-97.0998,7201,25,America/Chicago,5000,small_airport
PND,MZPG,Punta Gorda Airport,Punta Gorda,BZ,16.103100,-88.805800,2200,1,America/Belize,40000,small_airport
PNE,KPNE,Northeast Philadelphia Airport,Philadelphia,US,40.082406,-75.010614,7000,25,America/New_York,15000,small_airport
PNH,VDPP,Phnom Penh International Airport,Phnom Penh,KH,11.546600,104.844002,9840,15,Asia/Phnom_Penh,850000,large_airport
PNK,WIOO,Supadio International Airport,Pontianak,ID,-0.149200,109.403999,7381,10,Asia/Jakarta,580000,large_airport
PNS,KPNS,Pensacola International Airport,Pensacola,US,30.472718,-87.186639,7004,80,America/New_York,680000,medium_airport
PNX,KGYI,North Texas Regional Airport Perrin Field,Denison,US,33.7141,-96.673698,9000,25,America/Chicago,5000,small_airport
POB,KPOB,Pope Field,Fort Bragg,US,35.170898,-79.014503,7501,25,America/New_York,8000,small_airport
POE,KPOE,Polk Army Air Field,Fort Polk,US,31.0448,-93.191704,4109,25,America/Chicago,5000,small_airport
POP,MDPP,Gregorio Luperón International Airport,Puerto Plata,DO,19.757900,-70.569900,10108,10,America/Santo_Domingo,350000,medium_airport
POU,KPOU,Dutchess County Airport,Poughkeepsie,US,41.626598,-73.884201,5001,25,America/New_York,12000,small_airport
PPE,MMPE,Mar de Cortés International Airport,Puerto Peñasco,MX,31.351500,-113.303000,8202,2,America/Hermosillo,20000,small_airport
PPL,VNPL,Phaplu Airport,Phaplu,NP,27.315000,86.585000,2200,1,Asia/Kathmandu,35000,small_airport
PPP,YBPN,Proserpine Whitsunday Coast Airport,Proserpine,AU,-20.495001,148.552002,6800,3,Australia/Brisbane,80000,medium_airport
PPS,RPVP,Puerto Princesa International Airport,Puerto Princesa,PH,9.742050,118.759003,8530,8,Asia/Manila,450000,large_airport
PPW,EGEW,Westray Airport,Westray,GB,59.350000,-2.950000,1532,1,Europe/London,5000,small_airport
PQC,VVPQ,Phu Quoc International Airport,Phu Quoc,VN,10.169300,103.993300,9842,35,Asia/Ho_Chi_Minh,880000,large_airport
PQI,KPQI,Presque Isle International Airport,Presque Isle,US,46.688999,-68.0448,7440,45,America/New_York,41000,small_airport
PQM,MMPQ,Palenque International Airport,Palenque,MX,17.534200,-92.014500,8202,2,America/Mexico_City,65000,small_airport
PRB,KPRB,Paso Robles Municipal Airport,Paso Robles,US,35.672901,-120.626999,6009,25,America/Anchorage,8000,small_airport
PRC,KPRC,Prescott Regional Airport - Ernest A. Love Field,Prescott,US,34.653502,-112.419883,7550,25,America/Denver,25000,small_airport
PRG,LKPR,Václav Havel Airport Prague,Prague,CZ,50.100874,14.259911,12189,40,Europe/Prague,960000,large_airport
PRX,KPRX,Cox Field,Paris,US,33.6366,-95.450798,6002,25,America/Chicago,4000,small_airport
PSC,KPSC,Tri Cities Airport,Pasco,US,46.264702,-119.119003,7711,25,America/Anchorage,180000,medium_airport
PSE,TJPS,Mercedita International Airport,Ponce,PR,18.008300,-66.563000,6900,4,America/Puerto_Rico,150000,medium_airport
PSG,PAPG,Petersburg James A Johnson Airport,Petersburg,US,56.801701,-132.945007,6000,25,Pacific/Honolulu,15000,small_airport
PSM,KPSM,Portsmouth International Airport at Pease,Portsmouth,US,43.0779,-70.823303,11321,45,America/New_York,95000,small_airport
PSP,KPSP,Palm Springs International Airport,Palm Springs,US,33.8297,-116.507004,10000,80,America/Los_Angeles,790000,medium_airport
PSU,WIOP,Pangsuma Airport,Putussibau,ID,0.835153,112.936996,4593,2,Asia/Jakarta,50000,small_airport
PTF,NFFO,Malolo Lailai Airport,Malololailai,FJ,-17.777800,177.195000,2034,1,Pacific/Fiji,10000,small_airport
PTH,PAPH,Port Heiden Airport,Port Heiden,US,56.957893,-158.630219,5000,25,Pacific/Honolulu,2000,small_airport
PTK,KPTK,Oakland County International Airport,Pontiac,US,42.665501,-83.420097,6200,45,America/New_York,45000,small_airport
PTU,PAPM,Platinum Airport,Platinum,US,59.017675,-161.827927,3304,25,Pacific/Honolulu,2000,small_airport
PTY,MPTO,Tocumen International Airport,Panama City,PA,9.071360,-79.383500,10007,45,America/Panama,1100000,large_airport
PUB,KPUB,Pueblo Memorial Airport,Pueblo,US,38.289101,-104.497002,10496,25,America/Denver,15000,small_airport
PUE,MPOA,Puerto Obaldía Airport,Puerto Obaldía,PA,8.665560,-77.418800,2000,1,America/Panama,12000,small_airport
PUJ,MDPC,Punta Cana International Airport,Punta Cana,DO,18.567400,-68.363400,10171,35,America/Santo_Domingo,1100000,large_airport
PUM,WAUP,Sangia Nibandera Airport,Pomalaa,ID,-4.183330,121.615997,4593,1,Asia/Makassar,35000,small_airport
PUS,RKPK,Gimhae International Airport,Busan,KR,35.179401,128.938000,10500,30,Asia/Seoul,950000,large_airport
PUT,VYPT,Putao Airport,Putao,MM,27.327501,97.426700,8500,1,Asia/Yangon,25000,small_airport
PUW,KPUW,Pullman-Moscow Regional Airport,Pullman,US,46.741601,-117.11163,6730,25,America/Anchorage,45000,small_airport
PUZ,MNPC,Puerto Cabezas Airport,Bilwi,NI,14.045000,-83.385300,9842,2,America/Managua,75000,small_airport
PVD,KPVD,Rhode Island T. F. Green International Airport,Providence/Warwick,US,41.725038,-71.425668,8700,80,America/New_York,810000,medium_airport
PVG,ZSPD,Shanghai Pudong International Airport,Shanghai,CN,31.143400,121.805000,13123,160,Asia/Shanghai,1900000,large_airport
PVR,MMPR,Licenciado Gustavo Díaz Ordaz International Airport,Puerto Vallarta,MX,20.680100,-105.254000,10171,20,America/Mexico_City,780000,large_airport
PVU,KPVU,Provo Municipal Airport,Provo,US,40.218894,-111.722445,8599,25,America/Denver,310000,medium_airport
PWK,KPWK,Chicago Executive Airport,Chicago/Prospect Heights/Wheeling,US,42.114222,-87.901494,5000,100,America/New_York,35000,small_airport
PWM,KPWM,Portland International Jetport,Portland,US,43.646198,-70.309303,7200,80,America/New_York,780000,medium_airport
PWT,KPWT,Bremerton National Airport,Bremerton,US,47.4902,-122.764999,6000,25,America/Anchorage,8000,small_airport
PWY,KPNA,Ralph Wenz Field,Pinedale,US,42.795502,-109.806999,7100,25,America/Denver,5000,small_airport
PXM,MMPS,Puerto Escondido International Airport,Puerto Escondido,MX,15.876900,-97.088100,7546,4,America/Mexico_City,310000,medium_airport
PXU,VVPK,Pleiku Airport,Pleiku,VN,14.004400,108.017200,7874,5,Asia/Ho_Chi_Minh,410000,large_airport
PYC,MPPY,Playón Chico Airport,Playón Chico,PA,9.308060,-78.225502,1500,1,America/Panama,8000,small_airport
QRO,MMQT,Querétaro Intercontinental Airport,Querétaro,MX,20.617300,-100.186000,11483,8,America/Mexico_City,350000,medium_airport
RAL,KRAL,Riverside Municipal Airport,Riverside,US,33.9519,-117.445,5401,25,America/Anchorage,8000,small_airport
RAP,KRAP,Rapid City Regional Airport,Rapid City,US,44.0453,-103.056999,8701,25,America/Chicago,150000,medium_airport
RBL,KRBL,Red Bluff Municipal Airport,Red Bluff,US,40.1507,-122.251999,5700,25,America/Anchorage,4000,small_airport
RBY,PARY,Ruby Airport,Ruby,US,64.727203,-155.470001,4000,25,Pacific/Honolulu,2000,small_airport
RCA,KRCA,Ellsworth Air Force Base,Rapid City,US,44.145,-103.103996,13497,25,America/Chicago,15000,small_airport
RDD,KRDD,Redding Municipal Airport,Redding,US,40.508999,-122.292999,7003,25,America/Anchorage,35000,small_airport
RDE,WAVR,Marinda Airport,Waisai,ID,-0.428611,130.826111,4593,1,Asia/Jayapura,25000,small_airport
RDG,KRDG,Reading Regional Airport (Carl A Spaatz Field),Reading,US,40.378502,-75.965202,6350,25,America/New_York,15000,small_airport
RDM,KRDM,Roberts Field,Redmond,US,44.254101,-121.150002,7040,25,America/Anchorage,280000,medium_airport
RDR,KRDR,Grand Forks Air Force Base,Grand Forks,US,47.961102,-97.401199,12350,25,America/Chicago,12000,small_airport
RDU,KRDU,Raleigh-Durham International Airport,Raleigh/Durham,US,35.878659,-78.7873,10000,80,America/New_York,950000,medium_airport
RER,MGRT,Retalhuleu Airport,Retalhuleu,GT,14.509700,-91.698000,5000,1,America/Guatemala,15000,small_airport
REX,MMRX,General Lucio Blanco International Airport,Reynosa,MX,26.008900,-98.228500,6245,4,America/Monterrey,130000,medium_airport
RFD,KRFD,Chicago Rockford International Airport,Chicago/Rockford,US,42.1954,-89.097198,10004,100,America/New_York,210000,medium_airport
RGN,VYYY,Yangon International Airport,Yangon,MM,16.907301,96.133202,11200,25,Asia/Yangon,950000,large_airport
RHI,KRHI,Rhinelander Oneida County Airport,Rhinelander,US,45.631199,-89.467499,6800,25,America/New_York,21000,small_airport
RHP,VNRC,Ramechhap Airport,Manthali,NP,27.394200,86.061700,1700,2,Asia/Kathmandu,55000,small_airport
RIC,KRIC,Richmond International Airport,Richmond,US,37.505199,-77.319702,9003,80,America/New_York,820000,medium_airport
RIH,MPSM,Scarlett Martínez International Airport,Río Hato,PA,8.375280,-80.128600,8005,3,America/Panama,95000,small_airport
RIL,KRIL,Garfield County Regional Airport,Rifle,US,39.526299,-107.726997,7000,25,America/Denver,15000,small_airport
RIS,RJER,Rishiri Airport,Rishiri,JP,45.242001,141.186005,5906,2,Asia/Tokyo,70000,medium_airport
RIV,KRIV,March Air Reserve Base,Riverside,US,33.880699,-117.259003,13300,25,America/Anchorage,25000,small_airport
RIW,KRIW,Central Wyoming Regional Airport,Riverton,US,43.064201,-108.459999,8203,25,America/Denver,15000,small_airport
RIZ,ZSRZ,Rizhao Shanzihe Airport,Rizhao,CN,35.398600,119.326000,8530,8,Asia/Shanghai,150000,medium_airport
RJH,VGRJ,Shah Makhdum Airport,Rajshahi,BD,24.437101,88.616302,5905,3,Asia/Dhaka,150000,medium_airport
RKD,KRKD,Knox County Regional Airport,Rockland,US,44.060101,-69.099197,5007,25,America/New_York,12000,small_airport
RKS,KRKS,Southwest Wyoming Regional Airport,Rock Springs,US,41.5942,-109.065001,10000,25,America/Denver,18000,small_airport
RKZ,ZURK,Shigatse Peace Airport,Shigatse,CN,29.351700,89.308300,16404,8,Asia/Shanghai,120000,medium_airport
RMA,YROM,Roma Airport,Roma,AU,-26.545800,148.774994,5000,2,Australia/Brisbane,35000,small_airport
RME,KRME,Griffiss International Airport,Rome,US,43.233799,-75.406998,11820,45,America/New_York,65000,small_airport
RMG,KRMG,Richard B Russell Airport,Rome,US,34.350601,-85.157997,6000,25,America/New_York,5000,small_airport
RMQ,RCMQ,Taichung International Airport,Taichung,TW,24.264601,120.620000,12000,10,Asia/Taipei,350000,large_airport
RND,KRND,Randolph Air Force Base,Universal City,US,29.529699,-98.2789,8353,25,America/Chicago,15000,small_airport
RNH,KRNH,New Richmond Regional Airport,New Richmond,US,45.1483,-92.538101,4003,25,America/Chicago,4000,small_airport
RNI,MNCI,Corn Island Airport,Corn Island,NI,12.170600,-83.056900,6500,2,America/Managua,120000,medium_airport
RNJ,RORE,Yoron Airport,Yoron,JP,27.043600,128.401000,3937,2,Asia/Tokyo,12000,small_airport
RNO,KRNO,Reno Tahoe International Airport,Reno,US,39.4991,-119.767998,11002,80,America/Anchorage,770000,medium_airport
ROA,KROA,Roanoke–Blacksburg Regional Airport,Roanoke,US,37.3255,-79.975403,6800,25,America/New_York,180000,medium_airport
ROC,KROC,Frederick Douglass Greater Rochester International Airport,Rochester,US,43.1189,-77.672401,8001,80,America/New_York,740000,medium_airport
ROK,YBRK,Rockhampton Airport,Rockhampton,AU,-23.381100,150.475006,8622,5,Australia/Brisbane,180000,medium_airport
ROR,PTRO,Roman Tmetuchl International Airport,Babelthuap Island,PW,7.366965,134.544085,7200,5,Pacific/Palau,150000,large_airport
ROT,NZRO,Rotorua Regional Airport,Rotorua,NZ,-38.109001,176.317001,6936,4,Pacific/Auckland,160000,medium_airport
ROW,KROW,Roswell Air Center Airport,Roswell,US,33.301601,-104.530998,13001,25,America/Denver,25000,small_airport
RSD,MYER,Rock Sound International Airport,Rock Sound,BS,24.894400,-76.177200,7200,2,America/Nassau,55000,small_airport
RSL,KRSL,Russell Municipal Airport,Russell,US,38.872101,-98.811798,5000,25,America/Chicago,4000,small_airport
RST,KRST,Rochester International Airport,Rochester,US,43.908298,-92.5,9033,45,America/Chicago,310000,medium_airport
RSU,RKJY,Yeosu Airport,Yeosu,KR,34.842300,127.616997,6890,6,Asia/Seoul,370000,medium_airport
RSW,KRSW,Southwest Florida International Airport,Fort Myers,US,26.534685,-81.752816,12000,80,America/New_York,920000,medium_airport
RSY,RKJY,Yeosu Airport,Yeosu,KR,34.842300,127.616000,6890,4,Asia/Seoul,85000,medium_airport
RTA,NFNR,Rotuma Airport,Rotuma,FJ,-12.482800,177.067993,3838,1,Pacific/Fiji,6000,small_airport
RTB,MHRO,Juan Manuel Gálvez International Airport,Roatán,HN,16.316800,-86.525500,7000,6,America/Tegucigalpa,220000,medium_airport
RTG,WATG,Frans Sales Lega Airport,Ruteng,ID,-8.595960,120.477997,4265,1,Asia/Makassar,40000,small_airport
RTI,WATR,David Constantijn Saudale Airport,Rote,ID,-10.709300,123.061996,3937,1,Asia/Makassar,20000,small_airport
RTM,EHRD,Rotterdam The Hague Airport,Rotterdam,NL,51.956902,4.437220,7218,10,Europe/Amsterdam,350000,large_airport
RUH,OERK,King Khalid International Airport,Riyadh,SA,24.957600,46.698799,13796,60,Asia/Riyadh,1150000,large_airport
RUI,KSRR,Sierra Blanca Regional Airport,Alto,US,33.462799,-105.535004,8099,25,America/Denver,8000,small_airport
RUK,VNRK,Rukum Salle Airport,Rukum,NP,28.629000,82.445000,1900,1,Asia/Kathmandu,6000,small_airport
RUM,VNRT,Rumjatar Airport,Rumjatar,NP,27.304400,86.551900,1900,1,Asia/Kathmandu,12000,small_airport
RUT,KRUT,Rutland - Southern Vermont Regional Airport,Rutland,US,43.5294,-72.9496,5000,25,America/New_York,12000,small_airport
RVS,KRVS,Tulsa Riverside Airport,Tulsa,US,36.0396,-95.984596,5103,25,America/Chicago,25000,small_airport
RWF,KRWF,Redwood Falls Municipal Airport,Redwood Falls,US,44.547199,-95.082298,4001,25,America/Chicago,4000,small_airport
RWI,KRWI,Rocky Mount Wilson Regional Airport,Rocky Mount,US,35.8563,-77.891899,7100,25,America/New_York,8000,small_airport
RWL,KRWL,Rawlins Municipal Airport/Harvey Field,Rawlins,US,41.805599,-107.199997,7008,25,America/Denver,5000,small_airport
RXS,RPVR,Roxas Airport,Roxas,PH,11.597500,122.751999,6201,4,Asia/Manila,220000,medium_airport
SAB,TNCS,Juancho E. Yrausquin Airport,Zion's Hill,BQ,17.645600,-63.220600,1312,1,America/Kralendijk,15000,small_airport
SAC,KSAC,Sacramento Executive Airport,Sacramento,US,38.512501,-121.492996,5503,25,America/Anchorage,25000,small_airport
SAF,KSAF,Santa Fe Municipal Airport,Santa Fe,US,35.6171,-106.088997,8342,25,America/Denver,85000,small_airport
SAI,VDSA,Siem Reap-Angkor International Airport,Siem Reap,KH,13.372222,104.133333,11811,15,Asia/Phnom_Penh,750000,large_airport
SAL,MSLP,El Salvador International Airport,San Salvador,SV,13.440900,-89.055702,10499,14,America/El_Salvador,450000,large_airport
SAN,KSAN,San Diego International Airport,San Diego,US,32.733601,-117.190002,9401,80,America/Anchorage,1120000,large_airport
SAP,MHLM,Ramón Villeda Morales International Airport,San Pedro Sula,HN,15.452700,-87.923500,9383,8,America/Tegucigalpa,280000,medium_airport
SAQ,MYAN,San Andros Airport,Andros,BS,25.053600,-78.048600,5000,1,America/Nassau,15000,small_airport
SAT,KSAT,San Antonio International Airport,San Antonio,US,29.533701,-98.469803,8505,80,America/Chicago,910000,medium_airport
SAV,KSAV,Savannah Hilton Head International Airport,Savannah,US,32.126591,-81.19998,9351,80,America/New_York,760000,medium_airport
SBA,KSBA,Santa Barbara Municipal Airport,Santa Barbara,US,34.426201,-119.839996,6052,25,America/Anchorage,340000,medium_airport
SBD,KSBD,San Bernardino International Airport,San Bernardino,US,34.096717,-117.236596,10001,80,America/Anchorage,45000,small_airport
SBG,WIAS,Maimun Saleh Airport,Sabang,ID,5.874130,95.337997,6036,1,Asia/Jakarta,20000,small_airport
SBN,KSBN,South Bend International Airport,South Bend,US,41.708304,-86.316922,8412,45,America/New_York,280000,medium_airport
SBP,KSBP,San Luis County Regional Airport,San Luis Obispo,US,35.236801,-120.641998,6100,25,America/Anchorage,210000,medium_airport
SBW,WBGS,Sibu Airport,Sibu,MY,2.261800,111.984000,9006,5,Asia/Kuala_Lumpur,120000,medium_airport
SBY,KSBY,Salisbury Ocean City Wicomico Regional Airport,Salisbury,US,38.3405,-75.5103,5500,25,America/New_York,45000,small_airport
SCC,PASC,Deadhorse Airport,Deadhorse,US,70.194702,-148.464996,6500,25,Pacific/Honolulu,25000,small_airport
SCE,KUNV,State College Regional Airport,State College,US,40.849374,-77.84852,6701,25,America/New_York,80000,small_airport
SCH,KSCH,Schenectady County Airport,Schenectady,US,42.852501,-73.928902,7000,25,America/New_York,12000,small_airport
SCK,KSCK,Stockton Metropolitan Airport,Stockton,US,37.893279,-121.238079,10650,25,America/Anchorage,65000,small_airport
SCL,SCEL,Comodoro Arturo Merino Benítez International Airport,Santiago,CL,-33.393002,-70.785797,12303,65,America/Santiago,1100000,large_airport
SCU,MUCU,Antonio Maceo Airport,Santiago de Cuba,CU,19.969200,-75.836100,8202,6,America/Havana,250000,medium_airport
SDF,KSDF,Louisville Muhammad Ali International Airport,Louisville,US,38.1706,-85.735076,10850,80,America/New_York,840000,medium_airport
SDJ,RJSS,Sendai Airport,Sendai,JP,38.139698,140.917007,9840,12,Asia/Tokyo,410000,large_airport
SDK,WBKS,Sandakan Airport,Sandakan,MY,5.900600,118.061000,7000,5,Asia/Kuala_Lumpur,150000,medium_airport
SDM,KSDM,Brown Field Municipal Airport,San Diego,US,32.572639,-116.980019,7972,25,America/Los_Angeles,25000,small_airport
SDP,PASD,Sand Point Airport,Sand Point,US,55.313908,-160.522099,4000,25,Pacific/Honolulu,5000,small_airport
SDQ,MDSD,Las Américas International Airport,Santo Domingo,DO,18.429700,-69.668900,11000,15,America/Santo_Domingo,750000,large_airport
SDY,KSDY,Sidney - Richland Regional Airport,Sidney,US,47.705141,-104.194422,5705,25,America/Denver,8000,small_airport
SDZ,EGEE,Sanday Airport,Sanday,GB,59.250000,-2.575000,1532,1,Europe/London,5000,small_airport
SEA,KSEA,Seattle–Tacoma International Airport,Seattle,US,47.447943,-122.310276,11900,103,America/Anchorage,1240000,large_airport
SEN,EGMC,London Southend Airport,London,GB,51.571389,0.695556,5236,5,Europe/London,110000,medium_airport
SFB,KSFB,Orlando Sanford International Airport,Orlando,US,28.774277,-81.234626,9600,129,America/New_York,520000,medium_airport
SFF,KSFF,Felts Field,Spokane,US,47.682899,-117.321925,6000,25,America/Anchorage,18000,small_airport
SFH,MMSF,San Felipe International Airport,San Felipe,MX,30.930400,-114.808000,4921,1,America/Tijuana,15000,small_airport
SFO,KSFO,San Francisco International Airport,San Francisco,US,37.619806,-122.374821,11870,115,America/Anchorage,1280000,large_airport
SGF,KSGF,Springfield Branson National Airport,Springfield,US,37.245047,-93.388596,8000,25,America/Chicago,340000,medium_airport
SGH,KSGH,Springfield-Beckley Municipal Airport,Springfield,US,39.840302,-83.840202,9009,25,America/New_York,8000,small_airport
SGN,VVTS,Tan Son Nhat International Airport,Ho Chi Minh City,VN,10.818800,106.651900,12468,50,Asia/Ho_Chi_Minh,1450000,large_airport
SGR,KSGR,Sugar Land Regional Airport,Houston,US,29.622299,-95.656502,8000,25,America/Chicago,35000,small_airport
SGS,RPMN,Sanga-Sanga Airport,Tawi-Tawi,PH,5.044170,119.742996,5249,1,Asia/Manila,45000,small_airport
SGU,KSGU,St George Regional Airport,St George,US,37.036389,-113.510306,6606,25,America/Denver,120000,medium_airport
SHA,ZSSS,Shanghai Hongqiao International Airport,Shanghai,CN,31.197901,121.335999,11155,80,Asia/Shanghai,1500000,large_airport
SHB,RJCN,Nakashibetsu Airport,Nakashibetsu,JP,43.577500,144.960000,6561,3,Asia/Tokyo,40000,small_airport
SHD,KSHD,Shenandoah Valley Regional Airport,Weyers Cave,US,38.263802,-78.8964,6002,25,America/New_York,15000,small_airport
SHE,ZYTX,Shenyang Taoxian International Airport,Shenyang,CN,41.639801,123.483002,10499,55,Asia/Shanghai,1200000,large_airport
SHI,RORS,Shimojishima Airport,Miyakojima,JP,24.826700,125.144997,9842,4,Asia/Tokyo,120000,medium_airport
SHM,RJBD,Nanki-Shirahama Airport,Shirahama,JP,33.662201,135.362000,6561,3,Asia/Tokyo,55000,medium_airport
SHR,KSHR,Sheridan County Airport,Sheridan,US,44.769199,-106.980003,8300,25,America/Denver,18000,small_airport
SHS,ZHSS,Jingzhou Shashi Airport,Jingzhou,CN,30.276400,112.321000,8530,8,Asia/Shanghai,250000,medium_airport
SHV,KSHV,Shreveport Regional Airport,Shreveport,US,32.446602,-93.8256,8351,25,America/Chicago,150000,medium_airport
SIF,VNSI,Simara Airport,Pipara Simara,NP,27.165000,84.979700,3914,3,Asia/Kathmandu,95000,medium_airport
SIG,TJIG,Fernando Luis Ribas Dominicci Airport,San Juan,PR,18.456600,-66.098000,5539,4,America/Puerto_Rico,85000,small_airport
SIN,WSSS,Changi Airport,Singapore,SG,1.364400,103.991500,13123,150,Asia/Singapore,1500000,large_airport
SIQ,WIMS,Dabo Airport,Dabo Singkep,ID,-0.478953,104.577003,3937,1,Asia/Jakarta,10000,small_airport
SIT,PASI,Sitka Rocky Gutierrez Airport,Sitka,US,57.0471,-135.362,6500,25,Pacific/Honolulu,45000,small_airport
SIU,MNSI,Siuna Airport,Siuna,NI,13.733300,-84.783300,4000,1,America/Managua,15000,small_airport
SJC,KSJC,Norman Y. Mineta San Jose International Airport,San Jose,US,37.362452,-121.929188,11000,80,America/Anchorage,910000,medium_airport
SJD,MMSD,Los Cabos International Airport,San José del Cabo,MX,23.151800,-109.721000,9000,25,America/Mazatlan,850000,large_airport
SJI,RPUH,San Jose Airport,San Jose,PH,12.361900,121.045998,6007,3,Asia/Manila,120000,medium_airport
SJO,MROC,Juan Santamaría International Airport,San José,CR,9.993860,-84.208801,9882,20,America/Costa_Rica,580000,large_airport
SJT,KSJT,San Angelo Regional Mathis Field,San Angelo,US,31.3577,-100.496002,8049,25,America/Chicago,45000,small_airport
SJU,TJSJ,Luis Muñoz Marín International Airport,San Juan,PR,18.439400,-66.001800,10400,35,America/Puerto_Rico,1200000,large_airport
SJW,ZBSJ,Shijiazhuang Zhengding International Airport,Shijiazhuang,CN,38.280601,114.695999,11155,40,Asia/Shanghai,850000,large_airport
SJX,MZSJ,Sarteneja Airport,Sarteneja,BZ,18.356400,-88.132500,2200,1,America/Belize,8000,small_airport
SKA,KSKA,Fairchild Air Force Base,Spokane,US,47.615101,-117.655998,13901,25,America/Anchorage,15000,small_airport
SKF,KSKF,Lackland Air Force Base,San Antonio,US,29.384199,-98.5811,11550,25,America/Chicago,18000,small_airport
SKH,VNSK,Surkhet Airport,Birendranagar,NP,28.586100,81.636400,4121,2,Asia/Kathmandu,45000,small_airport
SLC,KSLC,Salt Lake City International Airport,Salt Lake City,US,40.78886,-111.979866,12004,80,America/Denver,960000,medium_airport
SLE,KSLE,Salem-Willamette Valley Airport/McNary Field,Salem,US,44.9095,-123.002998,5811,25,America/Anchorage,25000,small_airport
SLK,KSLK,Adirondack Regional Airport,Saranac Lake,US,44.38691,-74.204629,6573,25,America/New_York,12000,small_airport
SLN,KSLN,Salina Municipal Airport,Salina,US,38.791,-97.652199,12300,25,America/Chicago,18000,small_airport
SLP,MMSP,Ponciano Arriaga International Airport,San Luis Potosí,MX,22.254300,-100.931000,10335,6,America/Mexico_City,220000,medium_airport
SLW,MMIO,Plan de Guadalupe International Airport,Saltillo,MX,25.548500,-100.929000,9514,2,America/Monterrey,45000,small_airport
SME,KSME,Lake Cumberland Regional Airport,Somerset,US,37.053398,-84.615898,5800,25,America/New_York,5000,small_airport
SMF,KSMF,Sacramento International Airport,Sacramento,US,38.6954,-121.591003,8601,80,America/Anchorage,890000,medium_airport
SML,MYLS,Stella Maris Airport,Long Island,BS,23.583300,-75.266700,3900,1,America/Nassau,25000,small_airport
SMN,KSMN,Lemhi County Airport,Salmon,US,45.122233,-113.88196,5150,25,America/Denver,4000,small_airport
SMO,KSMO,Santa Monica Municipal Airport,Santa Monica,US,34.0158,-118.450996,3500,25,America/Anchorage,25000,small_airport
SMQ,WAOS,H. Asan Airport,Sampit,ID,-2.499690,112.976997,6069,2,Asia/Jakarta,75000,small_airport
SMX,KSMX,Santa Maria Public Airport Captain G Allan Hancock Field,Santa Maria,US,34.898899,-120.457001,6304,25,America/Anchorage,65000,small_airport
SNA,KSNA,John Wayne Orange County International Airport,Santa Ana,US,33.675063,-117.869281,5700,80,America/Anchorage,920000,medium_airport
SNP,PASN,St Paul Island Airport,St Paul Island,US,57.166311,-170.222555,6500,25,Pacific/Honolulu,5000,small_airport
SNS,KSNS,Salinas Municipal Airport,Salinas,US,36.6628,-121.606003,6004,25,America/Anchorage,25000,small_airport
SNU,MUSC,Abel Santamaría Airport,Santa Clara,CU,22.493200,-79.943100,9842,6,America/Havana,280000,medium_airport
SNW,VYTD,Thandwe Airport,Thandwe,MM,18.460799,94.305603,8500,3,Asia/Yangon,85000,medium_airport
SNY,KSNY,Sidney Municipal Airport Lloyd W Carr Field,Sidney,US,41.101299,-102.985001,6600,25,America/Chicago,5000,small_airport
SOC,WAHQ,Adisumarmo International Airport,Surakarta,ID,-7.516140,110.755997,8530,5,Asia/Jakarta,200000,medium_airport
SOQ,WASS,Domine Eduard Osok Airport,Sorong,ID,-0.891390,131.291000,8202,6,Asia/Jayapura,400000,large_airport
SOU,EGHI,Southampton Airport,Southampton,GB,50.950278,-1.356667,5653,10,Europe/London,180000,medium_airport
SOW,KSOW,Show Low Regional Airport,Show Low,US,34.264062,-110.007091,7200,25,America/Denver,12000,small_airport
SOY,EGEA,Stronsay Airport,Stronsay,GB,59.155000,-2.640833,1689,1,Europe/London,5000,small_airport
SPD,VGSD,Saidpur Airport,Saidpur,BD,25.759200,88.908501,7000,4,Asia/Dhaka,180000,medium_airport
SPI,KSPI,Abraham Lincoln Capital Airport,Springfield,US,39.844101,-89.677902,7999,25,America/New_York,80000,small_airport
SPN,PGSN,Saipan International Airport,"I Fadang, Saipan",MP,15.119384,145.728848,8700,10,Pacific/Saipan,420000,medium_airport
SPR,MZSA,San Pedro Airport,San Pedro,BZ,17.914200,-87.962000,3000,3,America/Belize,150000,medium_airport
SPS,KSPS,Wichita Falls Municipal Airport / Sheppard Air Force Base,Wichita Falls,US,33.9888,-98.491898,13101,25,America/Chicago,35000,small_airport
SQG,WIOS,Tebelian Airport,Sintang,ID,-0.063259,111.474998,4593,2,Asia/Jakarta,60000,small_airport
SQL,KSQL,San Carlos Airport,San Carlos,US,37.51313,-122.250838,2600,25,America/Anchorage,15000,small_airport
SRG,WAHS,Ahmad Yani International Airport,Semarang,ID,-6.972320,110.375000,8400,15,Asia/Jakarta,680000,large_airport
SRN,YSRN,Strahan Airport,Strahan,AU,-42.155598,145.292999,3937,1,Australia/Hobart,5000,small_airport
SRQ,KSRQ,Sarasota Bradenton International Airport,Sarasota/Bradenton,US,27.394631,-82.554359,9500,80,America/New_York,710000,medium_airport
SSC,KSSC,Shaw Air Force Base,Sumter,US,33.972698,-80.470596,10016,25,America/New_York,18000,small_airport
SSF,KSSF,Stinson Municipal Airport,San Antonio,US,29.337,-98.4711,4835,25,America/Chicago,8000,small_airport
SSI,KSSI,St Simons Island Airport,St Simons Island,US,31.1518,-81.391296,5800,25,America/New_York,15000,small_airport
STC,KSTC,Saint Cloud Regional Airport,Saint Cloud,US,45.5466,-94.059898,7000,25,America/Chicago,25000,small_airport
STG,PAPB,St George Airport,St George,US,56.577345,-169.663823,5000,25,Pacific/Honolulu,5000,small_airport
STI,MDST,Cibao International Airport,Santiago de los Caballeros,DO,19.407000,-70.604700,8596,8,America/Santo_Domingo,480000,large_airport
STJ,KSTJ,Rosecrans Memorial Airport,St Joseph,US,39.7719,-94.909698,8059,25,America/Chicago,8000,small_airport
STL,KSTL,St. Louis Lambert International Airport,St Louis,US,38.748697,-90.370003,11019,80,America/Chicago,910000,medium_airport
STN,EGSS,London Stansted Airport,London,GB,51.885000,0.235000,10003,50,Europe/London,880000,large_airport
STP,KSTP,Saint Paul Downtown Holman Field,Saint Paul,US,44.93479,-93.060036,6711,25,America/Chicago,35000,small_airport
STS,KSTS,Charles M. Schulz Sonoma County Airport,Santa Rosa,US,38.508999,-122.813003,6000,25,America/Anchorage,210000,medium_airport
SUB,WARR,Juanda International Airport,Surabaya,ID,-7.379830,112.787003,9842,45,Asia/Jakarta,1100000,large_airport
SUG,RPMS,Surigao Airport,Surigao,PH,9.758360,125.480003,5577,3,Asia/Manila,150000,medium_airport
SUN,KSUN,Friedman Memorial Airport,Hailey,US,43.504398,-114.295998,6952,25,America/Los_Angeles,85000,small_airport
SUS,KSUS,Spirit of St Louis Airport,St Louis,US,38.662102,-90.652,7485,25,America/Chicago,45000,small_airport
SUU,KSUU,Travis Air Force Base,Fairfield,US,38.262699,-121.927002,11001,25,America/Anchorage,18000,small_airport
SUV,NFNA,Nausori International Airport,Suva,FJ,-18.043900,178.559006,6128,4,Pacific/Fiji,150000,medium_airport
SUX,KSUX,Sioux Gateway Airport / Brigadier General Bud Day Field,Sioux City,US,42.397605,-96.382237,9002,25,America/Chicago,45000,small_airport
SVA,PASA,Savoonga Airport,Savoonga,US,63.686401,-170.492996,4400,25,Pacific/Honolulu,2000,small_airport
SVC,KSVC,Grant County Airport,Silver City,US,32.636701,-108.154736,6802,25,America/Denver,8000,small_airport
SVN,KSVN,Hunter Army Air Field,Savannah,US,32.009998,-81.145699,11375,25,America/New_York,15000,small_airport
SVO,UUEE,Sheremetyevo International Airport,Moscow,RU,55.976858,37.411210,12139,60,Europe/Moscow,1150000,large_airport
SVU,NFNS,Savusavu Airport,Savusavu,FJ,-16.802801,179.341003,3100,1,Pacific/Fiji,20000,small_airport
SVW,PASV,Sparrevohn LRRS Airport,Sparrevohn,US,61.097401,-155.574005,4100,25,Pacific/Honolulu,2000,small_airport
SWA,ZGOW,Jieyang Chaoshan International Airport,Jieyang,CN,23.549999,116.505997,9186,20,Asia/Shanghai,350000,medium_airport
SWD,PAWD,Seward Airport,Seward,US,60.130478,-149.418612,4240,25,Pacific/Honolulu,4000,small_airport
SWF,KSWF,New York Stewart International Airport,Newburgh,US,41.50421,-74.108901,11818,45,America/New_York,180000,medium_airport
SWO,KSWO,Stillwater Regional Airport,Stillwater,US,36.162132,-97.085581,7401,25,America/Chicago,25000,small_airport
SXK,WAPS,Mathilda Batlayeri Airport,Saumlaki,ID,-7.986940,131.304001,5380,2,Asia/Jayapura,65000,small_airport
SXQ,PASX,Soldotna Airport,Soldotna,US,60.474935,-151.038471,5000,25,Pacific/Honolulu,5000,small_airport
SYA,PASY,Eareckson Air Station,Shemya,US,52.712299,174.113998,10000,25,America/New_York,5000,small_airport
SYD,YSSY,Sydney Kingsford Smith Airport,Sydney,AU,-33.946100,151.177002,13000,85,Australia/Sydney,1500000,large_airport
SYK,VNSM,Simikot Airport,Simikot,NP,29.970300,81.828100,1801,1,Asia/Kathmandu,35000,small_airport
SYM,ZPSM,Pu'er Simao Airport,Pu'er,CN,22.794201,100.959999,8202,8,Asia/Shanghai,150000,medium_airport
SYO,RJSY,Shonai Airport,Sakata,JP,38.812200,139.787000,6561,4,Asia/Tokyo,75000,medium_airport
SYP,MPSA,Rubén Cantú Airport,Santiago de Veraguas,PA,8.086110,-80.942703,3937,1,America/Panama,20000,small_airport
SYQ,MRPV,Tobías Bolaños International Airport,San José,CR,9.956690,-84.139702,5141,4,America/Costa_Rica,120000,medium_airport
SYR,KSYR,Syracuse Hancock International Airport,Syracuse,US,43.111198,-76.1063,9003,80,America/New_York,680000,medium_airport
SYX,ZJSY,Sanya Phoenix International Airport,Sanya,CN,18.302900,109.412003,11155,55,Asia/Shanghai,1250000,large_airport
SYY,EGPO,Stornoway Airport,Stornoway,GB,58.215556,-6.331111,7218,2,Europe/London,25000,small_airport
SZB,WMSA,Sultan Abdul Aziz Shah Airport,Subang,MY,3.130600,101.549000,12402,10,Asia/Kuala_Lumpur,450000,large_airport
SZL,KSZL,Whiteman Air Force Base,Knob Noster,US,38.730301,-93.547897,12400,25,America/Chicago,15000,small_airport
SZS,NZRC,Ryan's Creek Aerodrome,Stewart Island,NZ,-46.899994,168.119001,2073,1,Pacific/Auckland,15000,small_airport
SZX,ZGSZ,Shenzhen Bao'an International Airport,Shenzhen,CN,22.639299,113.810997,12467,100,Asia/Shanghai,1600000,large_airport
TAC,RPVA,Daniel Z. Romualdez Airport,Tacloban,PH,11.226600,125.027999,6998,6,Asia/Manila,420000,large_airport
TAE,RKTN,Daegu International Airport,Daegu,KR,35.894001,128.659000,9022,10,Asia/Seoul,350000,large_airport
TAG,RPSP,Bohol-Panglao International Airport,Panglao,PH,9.566389,123.766389,8202,6,Asia/Manila,320000,large_airport
TAK,RJOT,Takamatsu Airport,Takamatsu,JP,34.214199,134.014999,8202,10,Asia/Tokyo,280000,medium_airport
TAL,VNTL,Talcha Airport,Rara,NP,29.531700,82.049400,1870,1,Asia/Kathmandu,25000,small_airport
TAM,MMTM,General Francisco Javier Mina International Airport,Tampico,MX,22.296500,-97.865900,8366,6,America/Monterrey,190000,medium_airport
TAO,ZSQD,Qingdao Jiaodong International Airport,Qingdao,CN,36.269000,120.082000,11811,80,Asia/Shanghai,1400000,large_airport
TAP,MMTP,Tapachula International Airport,Tapachula,MX,14.794200,-92.370000,6562,4,America/Mexico_City,140000,medium_airport
TAS,UZTT,Tashkent International Airport,Tashkent,UZ,41.257900,69.281197,13123,20,Asia/Tashkent,500000,large_airport
TBB,VVTH,Tuy Hoa Airport,Tuy Hoa,VN,13.050000,109.334000,9520,5,Asia/Ho_Chi_Minh,380000,large_airport
TBN,KTBN,Waynesville-St. Robert Regional Airport-Forney Field,Fort Leonard Wood,US,37.7416,-92.140701,6038,25,America/Chicago,12000,small_airport
TCC,KTCC,Tucumcari Municipal Airport,Tucumcari,US,35.1828,-103.602997,7102,25,America/Chicago,5000,small_airport
TCL,KTCL,Tuscaloosa National Airport,Tuscaloosa,US,33.2206,-87.611397,6499,25,America/New_York,15000,small_airport
TCM,KTCM,McChord Air Force Base,Tacoma,US,47.137699,-122.475998,10108,25,America/Anchorage,25000,small_airport
TCN,MMHC,Tehuacán National Airport,Tehuacán,MX,18.497700,-97.420600,6561,1,America/Mexico_City,15000,small_airport
TCO,MHTJ,Trujillo Airport,Trujillo,HN,15.931700,-85.936700,3000,1,America/Tegucigalpa,15000,small_airport
TCQ,ZWTC,Tacheng Tarbagatay Airport,Tacheng,CN,46.726400,83.340800,7874,8,Asia/Urumqi,150000,medium_airport
TCS,KTCS,Truth or Consequences Municipal Airport,Truth or Consequences,US,33.2369,-107.272003,7200,25,America/Denver,5000,small_airport
TCX,MYAT,Treasure Cay Airport,Treasure Cay,BS,26.745600,-77.391700,7000,2,America/Nassau,35000,small_airport
TCZ,ZPTC,Tengchong Tuofeng Airport,Tengchong,CN,24.938800,98.483900,7709,10,Asia/Shanghai,250000,medium_airport
TEB,KTEB,Teterboro Airport,Teterboro,US,40.850101,-74.060799,7000,25,America/New_York,45000,small_airport
TEN,ZUTR,Tongren Fenghuang Airport,Tongren,CN,27.884701,109.306999,8530,10,Asia/Shanghai,180000,medium_airport
TEX,KTEX,Telluride Regional Airport,Telluride,US,37.9538,-107.907997,6870,25,America/Denver,18000,small_airport
TFU,ZUTF,Chengdu Tianfu International Airport,Chengdu,CN,30.273600,104.444400,13123,110,Asia/Shanghai,1600000,large_airport
TGG,WMKN,Sultan Mahmud Airport,Kuala Terengganu,MY,5.382600,103.103000,11417,6,Asia/Kuala_Lumpur,250000,medium_airport
TGJ,NWWA,Tiga Airport,Tiga,NC,-21.096701,167.802002,3937,1,Pacific/Noumea,5000,small_airport
TGO,ZBTL,Tongliao Airport,Tongliao,CN,43.555000,122.200996,8530,10,Asia/Shanghai,180000,medium_airport
TGU,MHTG,Toncontín International Airport,Tegucigalpa,HN,14.060600,-87.217300,6631,6,America/Tegucigalpa,150000,medium_airport
TGZ,MMTG,Tuxtla Gutiérrez International Airport,Tuxtla Gutiérrez,MX,16.563000,-93.026000,8202,8,America/Mexico_City,380000,large_airport
THD,VVTX,Tho Xuan Airport,Thanh Hoa,VN,19.903000,105.470000,10535,25,Asia/Ho_Chi_Minh,650000,large_airport
THL,VYTL,Tachileik Airport,Tachileik,MM,20.483900,99.935799,7000,2,Asia/Yangon,55000,medium_airport
THQ,ZLTS,Tianshui Maijishan Airport,Tianshui,CN,34.557201,105.918999,9186,6,Asia/Shanghai,120000,medium_airport
TIJ,MMTJ,Tijuana International Airport,Tijuana,MX,32.541100,-116.970000,9711,30,America/Tijuana,950000,large_airport
TIK,KTIK,Tinker Air Force Base,Oklahoma City,US,35.4147,-97.386597,11100,25,America/Chicago,25000,small_airport
TIM,WAYY,Mozes Kilangin Airport,Timika,ID,-4.529690,136.886993,7837,6,Asia/Jayapura,420000,large_airport
TIU,NZTU,Richard Pearse Airport,Timaru,NZ,-44.302898,171.225006,4200,2,Pacific/Auckland,45000,small_airport
TIW,KTIW,Tacoma Narrows Airport,Tacoma,US,47.267407,-122.577295,5002,103,America/Anchorage,18000,small_airport
TIX,KTIX,Space Coast Regional Airport,Titusville,US,28.514799,-80.799202,7319,25,America/New_York,15000,small_airport
TJH,RJBT,Tajima Airport,Toyooka,JP,35.506700,134.786000,3937,2,Asia/Tokyo,20000,small_airport
TJQ,WIKD,H.A.S. Hanandjoeddin Airport,Tanjung Pandan,ID,-2.745580,107.752998,7381,4,Asia/Jakarta,170000,medium_airport
TJS,WAOK,Tanjung Harapan Airport,Ketapang,ID,-2.812420,114.390999,4593,1,Asia/Jakarta,20000,small_airport
TKA,PATK,Talkeetna Airport,Talkeetna,US,62.320499,-150.093994,3500,25,Pacific/Honolulu,5000,small_airport
TKF,KTRK,Truckee Tahoe Airport,Truckee,US,39.318628,-120.140562,7000,25,America/Anchorage,25000,small_airport
TKG,WILL,Radin Inten II Airport,Bandar Lampung,ID,-5.242370,105.179001,9842,6,Asia/Jakarta,350000,large_airport
TKN,RJKN,Tokunoshima Airport,Tokunoshima,JP,27.835800,128.881000,6561,2,Asia/Tokyo,20000,small_airport
TKS,RJOS,Tokushima Airport,Tokushima,JP,34.132801,134.606000,8202,5,Asia/Tokyo,130000,medium_airport
TLC,MMTO,Toluca International Airport,Toluca,MX,19.337100,-99.566000,13780,10,America/Mexico_City,250000,medium_airport
TLH,KTLH,Tallahassee International Airport,Tallahassee,US,30.401209,-84.35433,8000,45,America/New_York,320000,medium_airport
TLJ,PATL,Tatalina LRRS Airport,Takotna,US,62.894402,-155.977005,3800,25,Pacific/Honolulu,2000,small_airport
TLQ,ZWTP,Turpan Jiaohe Airport,Turpan,CN,43.030600,89.098300,9186,8,Asia/Urumqi,120000,medium_airport
TLV,LLBG,Ben Gurion International Airport,Tel Aviv,IL,32.011398,34.886700,13327,55,Asia/Jerusalem,1100000,large_airport
TMB,KTMB,Miami Executive Airport,Miami,US,25.6479,-80.4328,5001,131,America/New_York,25000,small_airport
TMC,WADT,Lede Kalumbang Airport,Tambolaka,ID,-9.408790,119.245003,6069,2,Asia/Makassar,75000,small_airport
TMH,WAKT,Tanah Merah Airport,Tanah Merah,ID,-6.103890,140.313003,3937,1,Asia/Jayapura,20000,small_airport
TMI,VNTR,Tumlingtar Airport,Tumlingtar,NP,27.314700,87.195300,4000,2,Asia/Kathmandu,40000,small_airport
TMK,VNTH,Thamkharka Airport,Khotang,NP,27.046900,86.840600,1900,1,Asia/Kathmandu,5000,small_airport
TMU,MRTR,Tambor Airport,Tambor,CR,9.739700,-85.015000,2296,1,America/Costa_Rica,85000,small_airport
TNA,ZSJN,Jinan Yaoqiang International Airport,Jinan,CN,36.857101,117.216003,11811,50,Asia/Shanghai,1100000,large_airport
TNE,RJFG,Tanegashima Airport,Nakatane,JP,30.612800,130.957000,6561,2,Asia/Tokyo,25000,small_airport
TNJ,WIDN,Raja Haji Fisabilillah Airport,Tanjung Pinang,ID,0.920950,104.531998,7381,4,Asia/Jakarta,160000,medium_airport
TNN,RCNN,Tainan Airport,Tainan,TW,22.950300,120.207000,10007,5,Asia/Taipei,150000,medium_airport
TNO,MRTM,Tamarindo Airport,Tamarindo,CR,10.316600,-85.816600,2624,1,America/Costa_Rica,95000,small_airport
TOI,KTOI,Troy Municipal Airport at N Kenneth Campbell Field,Troy,US,31.860399,-86.012101,5022,25,America/New_York,5000,small_airport
TOK,RJSI,Tokachi-Obihiro Airport,Obihiro,JP,42.733300,143.216995,8202,6,Asia/Tokyo,120000,medium_airport
TOL,KTOL,Eugene F. Kranz Toledo Express Airport,Toledo,US,41.5868,-83.8078,10600,25,America/New_York,80000,small_airport
TOP,KTOP,Philip Billard Municipal Airport,Topeka,US,39.069899,-95.622606,5099,25,America/Chicago,12000,small_airport
TOU,NWWU,Touho Airport,Touho,NC,-20.790001,165.259003,3609,1,Pacific/Noumea,8000,small_airport
TOY,RJNT,Toyama Airport,Toyama,JP,36.648300,137.186000,6561,4,Asia/Tokyo,90000,medium_airport
TPA,KTPA,Tampa International Airport,Tampa,US,27.9755,-82.533203,11002,80,America/New_York,1020000,large_airport
TPE,RCTP,Taoyuan International Airport,Taipei,TW,25.077700,121.233000,12467,80,Asia/Taipei,1400000,large_airport
TPH,KTPH,Tonopah Airport,Tonopah,US,38.0602,-117.086998,7057,25,America/Anchorage,8000,small_airport
TPJ,VNTJ,Taplejung Airport,Taplejung,NP,27.350000,87.695300,2300,1,Asia/Kathmandu,12000,small_airport
TPL,KTPL,Draughon Miller Central Texas Regional Airport,Temple,US,31.1525,-97.407799,6301,25,America/Chicago,15000,small_airport
TPQ,MMEP,Amado Nervo National Airport,Tepic,MX,21.419400,-104.842000,7218,2,America/Mazatlan,85000,small_airport
TQO,MMTU,Felipe Carrillo Puerto International Airport,Tulum,MX,20.147200,-87.659100,12139,13,America/Cancun,450000,large_airport
TRA,RORT,Tarama Airport,Tarama,JP,24.653100,124.675000,2625,1,Asia/Tokyo,4000,small_airport
TRC,MMTC,Francisco Sarabia International Airport,Torreón,MX,25.568300,-103.411000,9022,6,America/Monterrey,250000,medium_airport
TRE,EGPT,Tiree Airport,Tiree,GB,56.499167,-6.869167,4829,1,Europe/London,5000,small_airport
TRG,NZTG,Tauranga Airport,Tauranga,NZ,-37.671902,176.195999,6644,4,Pacific/Auckland,190000,medium_airport
TRI,KTRI,Tri-Cities Regional TN/VA Airport,Blountville,US,36.475201,-82.407401,8030,25,America/New_York,210000,medium_airport
TRK,WAQQ,Juwata International Airport,Tarakan,ID,3.326280,117.566002,7381,6,Asia/Makassar,320000,large_airport
TRM,KTRM,Jacqueline Cochran Regional Airport,Palm Springs,US,33.626701,-116.160004,8500,25,America/Los_Angeles,18000,small_airport
TSA,RCSS,Taipei Songshan Airport,Taipei,TW,25.069700,121.552000,8546,25,Asia/Taipei,850000,large_airport
TSJ,RJDT,Tsushima Airport,Tsushima,JP,34.285300,129.330000,6234,2,Asia/Tokyo,25000,small_airport
TSM,KSKX,Taos Regional Airport,Taos,US,36.452494,-105.67749,5798,25,America/Denver,12000,small_airport
TSN,ZBTJ,Tianjin Binhai International Airport,Tianjin,CN,39.124401,117.346001,11811,50,Asia/Shanghai,1080000,large_airport
TSV,YBTL,Townsville Airport,Townsville,AU,-19.252501,146.766006,8950,10,Australia/Brisbane,350000,medium_airport
TTD,KTTD,Portland Troutdale Airport,Portland,US,45.5494,-122.401001,5399,25,America/Anchorage,15000,small_airport
TTJ,RJOR,Tottori Airport,Tottori,JP,35.530000,134.167000,6561,3,Asia/Tokyo,65000,small_airport
TTN,KTTN,Trenton Mercer Airport,Ewing Township,US,40.276699,-74.813499,6006,25,America/New_York,450000,medium_airport
TTQ,MRIA,Tortuguero Airport,Tortuguero,CR,10.569400,-83.513600,3117,1,America/Costa_Rica,60000,small_airport
TTT,RCFN,Taitung Airport,Taitung,TW,22.754700,121.101000,8000,5,Asia/Taipei,120000,medium_airport
TUG,RPUT,Tuguegarao Airport,Tuguegarao,PH,17.638500,121.731003,6429,3,Asia/Manila,140000,medium_airport
TUL,KTUL,Tulsa International Airport,Tulsa,US,36.197084,-95.886225,9999,80,America/Chicago,640000,medium_airport
TUO,NZTO,Taupo Airport,Taupo,NZ,-38.740002,176.085007,4550,2,Pacific/Auckland,55000,small_airport
TUP,KTUP,Tupelo Regional Airport,Tupelo,US,34.268101,-88.769897,6500,25,America/New_York,18000,small_airport
TUS,KTUS,Tucson International Airport,Tucson,US,32.115004,-110.938053,10996,80,America/Denver,740000,medium_airport
TVC,KTVC,Cherry Capital Airport,Traverse City,US,44.741402,-85.582199,6501,25,America/New_York,340000,medium_airport
TVF,KTVF,Thief River Falls Regional Airport,Thief River Falls,US,48.065701,-96.184998,6503,25,America/Chicago,8000,small_airport
TVL,KTVL,Lake Tahoe Airport,South Lake Tahoe,US,38.893902,-119.995003,8544,25,America/Anchorage,15000,small_airport
TVU,NFNM,Matei Airport,Taveuni,FJ,-16.690800,-179.878006,2985,1,Pacific/Fiji,25000,small_airport
TVY,VYDW,Dawei Airport,Dawei,MM,14.101700,98.204003,7000,3,Asia/Yangon,65000,medium_airport
TWB,YTWB,Toowoomba Wellcamp Airport,Toowoomba,AU,-27.558300,151.794006,9416,3,Australia/Brisbane,45000,small_airport
TWF,KTWF,Joslin Field Magic Valley Regional Airport,Twin Falls,US,42.4818,-114.487999,8703,25,America/Los_Angeles,45000,small_airport
TWU,WBKW,Tawau Airport,Tawau,MY,4.313400,118.127000,8809,6,Asia/Kuala_Lumpur,180000,medium_airport
TXK,KTXK,Texarkana Regional Airport (Webb Field),Texarkana,US,33.453701,-93.990997,6601,25,America/Chicago,35000,small_airport
TXN,ZSTX,Huangshan Tunxi International Airport,Huangshan,CN,29.732201,118.255997,8530,12,Asia/Shanghai,350000,medium_airport
TYN,ZBYN,Taiyuan Wusu International Airport,Taiyuan,CN,37.746899,112.628998,11811,40,Asia/Shanghai,880000,large_airport
TYR,KTYR,Tyler Pounds Regional Airport,Tyler,US,32.354099,-95.402397,7200,25,America/Chicago,45000,small_airport
TYS,KTYS,McGhee Tyson Airport,Knoxville/Maryville,US,35.811001,-83.994003,9005,60,America/New_York,680000,medium_airport
TZA,MZBE,Belize City Municipal Airport,Belize City,BZ,17.515600,-88.191700,2800,2,America/Belize,85000,small_airport
TZN,MYAK,South Andros Airport,Congo Town,BS,24.155800,-77.589200,5320,1,America/Nassau,20000,small_airport
TZS,ZBTS,Tangshan Sannühe Airport,Tangshan,CN,39.718300,118.006000,8530,8,Asia/Shanghai,180000,medium_airport
UAC,MMRM,San Luis Río Colorado Airport,San Luis Río Colorado,MX,32.443100,-114.805000,4921,1,America/Hermosillo,5000,small_airport
UBJ,RJDC,Yamaguchi Ube Airport,Ube,JP,33.930000,131.279000,8202,5,Asia/Tokyo,120000,medium_airport
UBN,ZMCK,Chinggis Khaan International Airport,Ulaanbaatar,MN,47.650000,106.818889,11811,12,Asia/Ulaanbaatar,1800000,large_airport
UBP,VTUU,Ubon Ratchathani Airport,Ubon Ratchathani,TH,15.253400,104.869000,9843,6,Asia/Bangkok,200000,medium_airport
UEO,ROKJ,Kumejima Airport,Kumejima,JP,26.363900,126.713000,6561,2,Asia/Tokyo,35000,small_airport
UIH,VVPC,Phu Cat Airport,Quy Nhon,VN,13.955000,109.042000,10010,25,Asia/Ho_Chi_Minh,620000,large_airport
UII,MHUT,Utila Airport,Utila,HN,16.115800,-86.877800,3000,1,America/Tegucigalpa,65000,small_airport
UIN,KUIN,Quincy Regional Airport Baldwin Field,Quincy,US,39.942699,-91.194603,7098,25,America/Chicago,15000,small_airport
UIO,SEQM,Mariscal Sucre International Airport,Quito,EC,-0.125399,-78.354306,13445,20,America/Guayaquil,620000,large_airport
UKB,RJBE,Kobe Airport,Kobe,JP,34.632799,135.223999,8202,12,Asia/Tokyo,400000,large_airport
UKI,KUKI,Ukiah Municipal Airport,Ukiah,US,39.125999,-123.200996,4415,25,America/Anchorage,8000,small_airport
ULG,ZMUL,Ölgii Airport,Ölgii,MN,48.994444,89.919722,9350,2,Asia/Hovd,80000,small_airport
ULN,ZMUB,Buyant-Ukhaa International Airport,Ulaanbaatar,MN,47.843102,106.766998,10170,14,Asia/Ulaanbaatar,430000,large_airport
ULO,ZMUG,Ulaangom Airport,Ulaangom,MN,50.067222,91.937778,8848,2,Asia/Hovd,40000,small_airport
ULZ,ZMDN,Donoi Airport,Uliastai,MN,47.712778,96.524167,7546,2,Asia/Ulaanbaatar,35000,small_airport
UNK,PAUN,Unalakleet Airport,Unalakleet,US,63.888401,-160.798996,6004,25,Pacific/Honolulu,8000,small_airport
UOX,KUOX,University Oxford Airport,Oxford,US,34.3843,-89.536797,5600,25,America/New_York,12000,small_airport
UPG,WAAA,Sultan Hasanuddin International Airport,Makassar,ID,-5.061630,119.554001,10170,35,Asia/Makassar,1000000,large_airport
UPN,MMPN,Uruapan International Airport,Uruapan,MX,19.396700,-102.039000,7874,2,America/Mexico_City,85000,small_airport
URC,ZWWW,Ürümqi Diwopu International Airport,Ürümqi,CN,43.907101,87.474197,11811,70,Asia/Urumqi,1250000,large_airport
URT,VTSB,Surat Thani International Airport,Surat Thani,TH,9.132600,99.136500,9843,8,Asia/Bangkok,300000,large_airport
USA,KJQF,Concord-Padgett Regional Airport,Concord,US,35.387798,-80.709099,7403,25,America/New_York,210000,medium_airport
USM,VTSM,Samui Airport,Koh Samui,TH,9.547700,100.061000,6890,8,Asia/Bangkok,400000,large_airport
USN,RKPU,Ulsan Airport,Ulsan,KR,35.593600,129.352000,6562,4,Asia/Seoul,120000,medium_airport
UST,KSGJ,Northeast Florida Regional Airport,St Augustine,US,29.9592,-81.339798,12000,25,America/New_York,18000,small_airport
USU,RPVV,Francisco B. Reyes Airport,Coron,PH,12.121100,120.100998,3937,2,Asia/Manila,180000,medium_airport
UTH,VTUD,Udon Thani International Airport,Udon Thani,TH,17.386300,102.788000,10007,8,Asia/Bangkok,350000,large_airport
UTO,PAIM,Indian Mountain LRRS Airport,Utopia Creek,US,65.992798,-153.703995,4100,25,Pacific/Honolulu,2000,small_airport
UUD,UIUU,Baikal International Airport,Ulan Ude,RU,51.808614,107.439652,11155,8,Asia/Irkutsk,350000,large_airport
UUS,UHSS,Yuzhno-Sakhalinsk International Airport,Yuzhno-Sakhalinsk,RU,46.885461,142.717466,11155,10,Asia/Sakhalin,405000,large_airport
UVE,NWWV,Ouvéa Airport,Ouvéa,NC,-20.641400,166.539993,3937,1,Pacific/Noumea,20000,small_airport
UYN,ZLYL,Yulin Yuyang Airport,Yulin,CN,38.363900,109.596001,9186,15,Asia/Shanghai,350000,medium_airport
VAD,KVAD,Moody Air Force Base,Valdosta,US,30.9678,-83.193001,9300,25,America/New_York,15000,small_airport
VBG,KVBG,Vandenberg Space Force Base,Lompoc,US,34.737301,-120.584,15000,25,America/Anchorage,18000,small_airport
VBV,NFNV,Vanuabalavu Airport,Vanuabalavu,FJ,-17.228100,-178.951004,2264,1,Pacific/Fiji,4000,small_airport
VCA,VVCT,Can Tho International Airport,Can Tho,VN,10.085300,105.712000,9842,10,Asia/Ho_Chi_Minh,580000,large_airport
VCE,LIPZ,Venice Marco Polo Airport,Venezia (VE),IT,45.505299,12.351900,10827,35,Europe/Rome,880000,large_airport
VCL,VVCA,Chu Lai Airport,Chu Lai,VN,15.406100,108.705500,10006,5,Asia/Ho_Chi_Minh,480000,large_airport
VCS,VVCS,Con Dao Airport,Con Dao,VN,8.732500,106.628800,6003,3,Asia/Ho_Chi_Minh,310000,large_airport
VCT,KVCT,Victoria Regional Airport,Victoria,US,28.8526,-96.918503,9101,25,America/Chicago,15000,small_airport
VDH,VVDH,Dong Hoi Airport,Dong Hoi,VN,17.515000,106.590500,7874,3,Asia/Ho_Chi_Minh,340000,large_airport
VDO,VVVD,Van Don International Airport,Ha Long,VN,21.117700,107.414100,11811,5,Asia/Ho_Chi_Minh,550000,large_airport
VDZ,PAVD,Valdez Pioneer Field,Valdez,US,61.132712,-146.246567,6508,25,Pacific/Honolulu,12000,small_airport
VEL,KVEL,Vernal Regional Airport,Vernal,US,40.436214,-109.511661,6201,25,America/Denver,15000,small_airport
VER,MMVR,Veracruz International Airport,Veracruz,MX,19.145600,-96.183500,7874,10,America/Mexico_City,420000,large_airport
VGT,KVGT,North Las Vegas Airport,Las Vegas,US,36.209074,-115.193982,5004,110,America/Los_Angeles,45000,small_airport
VIE,LOWW,Vienna International Airport,Vienna,AT,48.110298,16.569700,11811,60,Europe/Vienna,1150000,large_airport
VII,VVVH,Vinh International Airport,Vinh,VN,18.738000,105.671000,7875,25,Asia/Ho_Chi_Minh,640000,large_airport
VIS,KVIS,Visalia Municipal Airport,Visalia,US,36.318699,-119.392998,6559,25,America/Anchorage,12000,small_airport
VKG,VVRG,Rach Gia Airport,Rach Gia,VN,9.958000,105.132000,4921,1,Asia/Ho_Chi_Minh,35000,medium_airport
VLD,KVLD,Valdosta Regional Airport,Valdosta,US,30.782499,-83.276703,8002,25,America/New_York,35000,small_airport
VLY,EGOV,Anglesey Airport,Anglesey,GB,53.248056,-4.535278,5370,1,Europe/London,5000,small_airport
VNY,KVNY,Van Nuys Airport,Van Nuys,US,34.209801,-118.489998,8001,60,America/Anchorage,65000,small_airport
VOK,KVOK,Volk Field,Camp Douglas,US,43.938999,-90.253403,9000,25,America/Chicago,12000,small_airport
VPS,KVPS,Destin-Fort Walton Beach Airport,Valparaiso,US,30.481315,-86.515839,12005,25,America/New_York,520000,medium_airport
VPZ,KVPZ,Porter County Municipal Airport,Valparaiso,US,41.453999,-87.007103,7000,25,America/New_York,8000,small_airport
VQQ,KVQQ,Cecil Airport,Jacksonville,US,30.2187,-81.876701,12504,25,America/New_York,15000,small_airport
VQS,TJVQ,Antonio Rivera Rodríguez Airport,Vieques,PR,18.134700,-65.493600,4200,2,America/Puerto_Rico,90000,small_airport
VRA,MUVR,Juan Gualberto Gómez Airport,Varadero,CU,23.034400,-81.435300,11490,12,America/Havana,550000,large_airport
VRB,KVRB,Vero Beach Regional Airport,Vero Beach,US,27.6556,-80.417901,7314,25,America/New_York,45000,small_airport
VRC,RPUV,Virac Airport,Virac,PH,13.577200,124.206001,5531,2,Asia/Manila,70000,small_airport
VSA,MMVA,Carlos Rovirosa Pérez International Airport,Villahermosa,MX,17.997500,-92.817300,7218,8,America/Mexico_City,360000,large_airport
VTE,VLVT,Wattay International Airport,Vientiane,LA,17.988300,102.563004,9840,10,Asia/Vientiane,550000,large_airport
VTN,KVTN,Miller Field,Valentine,US,42.856211,-100.549192,4700,25,America/Chicago,4000,small_airport
VVO,UHWW,Vladivostok International Airport,Artyom,RU,43.396256,132.148155,11483,15,Asia/Vladivostok,470000,large_airport
WAG,WABW,Waghete Airport,Waghete,ID,-4.023890,136.216003,2952,1,Asia/Jayapura,5000,small_airport
WAW,EPWA,Warsaw Chopin Airport,Warsaw,PL,52.165699,20.967100,12106,40,Europe/Warsaw,1000000,large_airport
WEF,ZSWF,Weifang Airport,Weifang,CN,36.645000,119.117996,8530,6,Asia/Shanghai,120000,medium_airport
WEH,ZSWH,Weihai Dashuibo Airport,Weihai,CN,37.185299,122.238998,8530,15,Asia/Shanghai,350000,medium_airport
WGA,YWWA,Wagga Wagga City Airport,Wagga Wagga,AU,-35.166100,147.466004,5800,3,Australia/Sydney,75000,medium_airport
WGP,WRRW,Umbu Mehang Kunda Airport,Waingapu,ID,-9.670690,120.301003,6561,2,Asia/Makassar,60000,small_airport
WHK,NZWK,Whakatane Airport,Whakatane,NZ,-37.920502,176.914993,4261,2,Pacific/Auckland,45000,small_airport
WIC,EGPC,Wick John O'Groats Airport,Wick,GB,58.458889,-3.093056,5988,1,Europe/London,5000,small_airport
WJF,KWJF,General William J Fox Airfield,Lancaster,US,34.7411,-118.219002,7201,25,America/Anchorage,12000,small_airport
WJU,RKNW,Wonju Airport,Wonju,KR,37.439100,127.960000,9000,2,Asia/Seoul,30000,small_airport
WKJ,RJCW,Wakkanai Airport,Wakkanai,JP,45.402298,141.800995,7218,4,Asia/Tokyo,45000,small_airport
WKK,5A8,Aleknagik / New Airport,Aleknagik,US,59.2826,-158.617996,2040,25,Pacific/Honolulu,2000,small_airport
WLG,NZWN,Wellington International Airport,Wellington,NZ,-41.327202,174.804993,6827,25,Pacific/Auckland,950000,large_airport
WMC,KWMC,Winnemucca Municipal Airport,Winnemucca,US,40.896599,-117.806,7000,25,America/Anchorage,8000,small_airport
WMH,KBPK,Ozark Regional Airport,Mountain Home,US,36.3689,-92.470497,5001,25,America/Chicago,8000,small_airport
WMX,WAVV,Wamena Airport,Wamena,ID,-4.097560,138.951996,7135,4,Asia/Jayapura,160000,medium_airport
WNH,ZPWS,Wenshan Puzhehei Airport,Wenshan,CN,23.560600,104.329002,7874,6,Asia/Shanghai,120000,medium_airport
WNI,WAWD,Matahora Airport,Wangi-Wangi,ID,-5.263889,123.619446,6561,1,Asia/Makassar,40000,small_airport
WNP,RPUN,Naga Airport,Naga,PH,13.585500,123.271004,4612,1,Asia/Manila,35000,small_airport
WNZ,ZSWZ,Wenzhou Longwan International Airport,Wenzhou,CN,27.912201,120.851997,10499,30,Asia/Shanghai,650000,large_airport
WOT,RCWA,Wang-an Airport,Wang-an,TW,23.372500,119.502000,2707,1,Asia/Taipei,12000,small_airport
WRB,KWRB,Robins Air Force Base,Warner Robins,US,32.640099,-83.591904,12001,25,America/New_York,18000,small_airport
WRE,NZWR,Whangarei Airport,Whangarei,NZ,-35.768600,174.365005,3599,2,Pacific/Auckland,75000,small_airport
WRG,PAWG,Wrangell Airport,Wrangell,US,56.484299,-132.369995,5999,25,Pacific/Honolulu,15000,small_airport
WRI,KWRI,Mc Guire Air Force Base,Wrightstown,US,40.015598,-74.591698,10001,25,America/New_York,15000,small_airport
WRL,KWRL,Worland Municipal Airport,Worland,US,43.965698,-107.950996,7005,25,America/Denver,5000,small_airport
WRO,EPWR,Copernicus Wrocław Airport,Wrocław,PL,51.103719,16.882096,8212,18,Europe/Warsaw,500000,large_airport
WSP,MNWP,Waspam Airport,Waspam,NI,14.739700,-83.971400,4000,1,America/Managua,15000,small_airport
WST,KWST,Westerly State Airport,Westerly,US,41.349602,-71.803398,4010,25,America/New_York,12000,small_airport
WSZ,NZWS,Westport Airport,Westport,NZ,-41.737701,171.580994,4200,1,Pacific/Auckland,30000,small_airport
WTB,YBWP,Weipa Airport,Weipa,AU,-12.678000,141.925003,5500,1,Australia/Brisbane,20000,small_airport
WUA,ZBUH,Wuhai Airport,Wuhai,CN,39.794200,106.802000,8530,8,Asia/Shanghai,150000,medium_airport
WUH,ZHHH,Wuhan Tianhe International Airport,Wuhan,CN,30.783800,114.208000,11811,80,Asia/Shanghai,1450000,large_airport
WUS,ZSWY,Wuyishan Airport,Wuyishan,CN,27.701100,118.000000,7874,8,Asia/Shanghai,180000,medium_airport
WUX,ZSWX,Sunan Shuofang International Airport,Wuxi/Suzhou,CN,31.494400,120.429001,10499,25,Asia/Shanghai,650000,large_airport
WUZ,ZGWZ,Wuzhou Xijiang Airport,Wuzhou,CN,23.398600,111.050000,8530,8,Asia/Shanghai,220000,medium_airport
WWA,PAWS,Wasilla Airport,Wasilla,US,61.571701,-149.539993,3700,25,Pacific/Honolulu,5000,small_airport
WXN,ZUWX,Wanzhou Wuqiao Airport,Wanzhou,CN,30.796700,108.427002,9186,8,Asia/Shanghai,150000,medium_airport
WYA,YWHA,Whyalla Airport,Whyalla,AU,-33.058899,137.514008,4500,2,Australia/Adelaide,30000,small_airport
XFN,ZHXF,Xiangyang Liuji Airport,Xiangyang,CN,32.150800,112.288000,7874,10,Asia/Shanghai,350000,medium_airport
XIC,ZUXC,Xichang Qingshan Airport,Xichang,CN,27.988200,102.184998,11811,8,Asia/Shanghai,180000,medium_airport
XIL,ZBXH,Xilinhot Airport,Xilinhot,CN,43.913300,115.961998,9186,8,Asia/Shanghai,180000,medium_airport
XIY,ZLXY,Xi'an Xianyang International Airport,Xi'an,CN,34.447102,108.751999,12467,100,Asia/Shanghai,1550000,large_airport
XKH,VLXK,Xieng Khouang Airport,Phonsavan,LA,19.453300,103.158997,4600,1,Asia/Vientiane,30000,small_airport
XMN,ZSAM,Xiamen Gaoqi International Airport,Xiamen,CN,24.544001,118.127998,11155,60,Asia/Shanghai,1300000,large_airport
XNN,ZLXN,Xining Caojiabao International Airport,Xining,CN,36.527500,102.040001,12467,25,Asia/Shanghai,750000,large_airport
XPL,MHPR,Palmerola International Airport,Comayagua,HN,14.382100,-87.620900,8000,8,America/Tegucigalpa,250000,medium_airport
XQP,MRQP,Quepos Managua Airport,Quepos,CR,9.467490,-84.129402,2969,1,America/Costa_Rica,75000,small_airport
XSP,WSSL,Seletar Airport,Singapore,SG,1.416900,103.867800,6024,5,Asia/Singapore,80000,medium_airport
XUZ,ZSXZ,Xuzhou Guanyin International Airport,Xuzhou,CN,34.058300,117.555000,11155,15,Asia/Shanghai,350000,medium_airport
XYF,ZHXY,Xinyang Minggang Airport,Xinyang,CN,32.531100,114.078000,8530,10,Asia/Shanghai,250000,medium_airport
YAM,CYAM,Sault Ste. Marie Airport,Sault Ste. Marie,CA,46.485001,-84.509399,6000,2,America/Toronto,60000,small_airport
YBP,ZUYB,Yibin Wuliangye Airport,Yibin,CN,28.805000,104.545000,8530,10,Asia/Shanghai,250000,medium_airport
YBR,CYBR,Brandon Municipal Airport,Brandon,CA,49.910000,-99.951897,6500,2,America/Winnipeg,25000,small_airport
YCD,CYCD,Nanaimo Airport,Nanaimo,CA,49.052300,-123.869003,6600,4,America/Vancouver,100000,medium_airport
YCG,CYCG,Castlegar/West Kootenay Regional Airport,Castlegar,CA,49.296398,-117.632004,5300,2,America/Vancouver,40000,small_airport
YCU,ZBYC,Yuncheng Yanhu International Airport,Yuncheng,CN,35.116900,111.036000,9842,15,Asia/Shanghai,450000,medium_airport
YCW,ZSYC,Yichun Mingyueshan Airport,Yichun,CN,27.801100,114.306000,7874,8,Asia/Shanghai,220000,medium_airport
YDF,CYDF,Deer Lake Regional Airport,Deer Lake,CA,49.210800,-57.391399,8005,3,America/St_Johns,95000,small_airport
YEG,CYEG,Edmonton International Airport,Edmonton,CA,53.309700,-113.580002,10995,30,America/Edmonton,850000,large_airport
YEV,CYEV,Inuvik (Mike Zubko) Airport,Inuvik,CA,68.304200,-133.483002,6000,2,America/Inuvik,45000,small_airport
YFB,CYFB,Iqaluit Airport,Iqaluit,CA,63.756401,-68.555801,8600,3,America/Iqaluit,90000,medium_airport
YFC,CYFC,Fredericton International Airport,Fredericton,CA,45.868889,-66.537222,8010,5,America/Halifax,220000,medium_airport
YGJ,ROYN,Yonaguni Airport,Yonaguni,JP,24.468300,122.978000,2625,1,Asia/Tokyo,8000,small_airport
YHZ,CYHZ,Halifax Stanfield International Airport,Halifax,CA,44.880798,-63.508598,10500,20,America/Halifax,650000,large_airport
YIA,WAHI,Yogyakarta International Airport,Yogyakarta,ID,-7.902222,110.059444,10662,20,Asia/Jakarta,820000,large_airport
YIC,ZYLD,Yichun Lindu Airport,Yichun,CN,47.653100,129.014000,7874,4,Asia/Shanghai,80000,small_airport
YIH,ZHYC,Yichang Sanxia Airport,Yichang,CN,30.551701,111.476997,8530,15,Asia/Shanghai,450000,medium_airport
YIN,ZWYN,Yining Airport,Yining,CN,43.955799,81.330299,7874,12,Asia/Urumqi,280000,medium_airport
YIW,ZSYW,Yiwu Airport,Yiwu,CN,29.344301,120.032997,9842,15,Asia/Shanghai,350000,medium_airport
YKA,CYKA,Kamloops Airport,Kamloops,CA,50.702202,-120.444000,8000,4,America/Vancouver,140000,medium_airport
YKH,ZYYK,Yingkou Lanqi Airport,Yingkou,CN,40.540800,122.355000,8202,6,Asia/Shanghai,150000,medium_airport
YKS,UEEE,Platon Oyunsky Yakutsk International Airport,Yakutsk,RU,62.093300,129.770996,11155,10,Asia/Yakutsk,380000,large_airport
YLW,CYLW,Kelowna International Airport,Kelowna,CA,49.956100,-119.377998,7300,10,America/Vancouver,420000,medium_airport
YMM,CYMM,Fort McMurray International Airport,Fort McMurray,CA,56.653301,-111.222000,7500,6,America/Edmonton,150000,medium_airport
YNJ,ZYYJ,Yanji Chaoyangchuan International Airport,Yanji,CN,42.882801,129.451004,8530,12,Asia/Shanghai,350000,medium_airport
YNT,ZSYT,Yantai Penglai International Airport,Yantai,CN,37.661000,120.985000,11155,30,Asia/Shanghai,750000,large_airport
YNY,RKNY,Yangyang International Airport,Yangyang,KR,38.061298,128.669000,8202,4,Asia/Seoul,45000,medium_airport
YNZ,ZSYN,Yancheng Nanyang International Airport,Yancheng,CN,33.425301,120.203003,9186,12,Asia/Shanghai,250000,medium_airport
YON,VQTY,Yongphulla Airport,Trashigang,BT,27.256700,91.515300,4154,1,Asia/Thimphu,12000,small_airport
YOW,CYOW,Ottawa Macdonald-Cartier International Airport,Ottawa,CA,45.322500,-75.669197,10005,25,America/Toronto,780000,large_airport
YPR,CYPR,Prince Rupert Airport,Prince Rupert,CA,54.286100,-130.444000,6000,2,America/Vancouver,55000,small_airport
YQB,CYQB,Québec City Jean Lesavage International Airport,Quebec City,CA,46.791100,-71.393303,9000,12,America/Toronto,380000,medium_airport
YQG,CYQG,Windsor International Airport,Windsor,CA,42.275600,-82.955597,9000,6,America/Toronto,280000,medium_airport
YQM,CYQM,Greater Moncton Roméo LeBlanc International Airport,Moncton,CA,46.112202,-64.678604,10001,8,America/Halifax,350000,medium_airport
YQQ,CYQQ,Comox Valley Airport,Comox,CA,49.710800,-124.900002,10000,4,America/Vancouver,110000,medium_airport
YQR,CYQR,Regina International Airport,Regina,CA,50.431900,-104.666000,7900,8,America/Regina,320000,medium_airport
YQT,CYQT,Thunder Bay International Airport,Thunder Bay,CA,48.371900,-89.323900,7300,5,America/Thunder_Bay,90000,medium_airport
YQU,CYQU,Grande Prairie Airport,Grande Prairie,CA,55.170800,-118.885002,6500,4,America/Edmonton,180000,medium_airport
YQX,CYQX,Gander International Airport,Gander,CA,48.936901,-54.568100,10200,4,America/St_Johns,80000,small_airport
YQY,CYQY,Sydney/J.A. Douglas McCurdy Airport,Sydney,CA,46.161400,-60.047800,7070,3,America/Halifax,65000,small_airport
YRT,CYRT,Rankin Inlet Airport,Rankin Inlet,CA,62.811401,-92.115800,6000,2,America/Rankin_Inlet,35000,small_airport
YSB,CYSB,Sudbury Airport,Sudbury,CA,46.625000,-80.798897,6600,3,America/Toronto,85000,small_airport
YSJ,CYSJ,Saint John Airport,Saint John,CA,45.316101,-65.890297,7000,4,America/Halifax,160000,medium_airport
YTS,CYTS,Timmins/Victor M. Power Airport,Timmins,CA,48.569698,-81.376701,6000,2,America/Toronto,75000,small_airport
YTY,ZSYA,Yangzhou Taizhou Airport,Yangzhou,CN,32.563400,119.719800,10499,10,Asia/Shanghai,440000,medium_airport
YTZ,CYTZ,Billy Bishop Toronto City Airport,Toronto,CA,43.627499,-79.396202,3988,10,America/Toronto,480000,medium_airport
YUL,CYUL,Montréal-Pierre Elliott Trudeau International Airport,Montreal,CA,45.470600,-73.740799,11000,65,America/Montreal,1250000,large_airport
YUS,ZLYS,Yushu Batang Airport,Yushu,CN,32.836400,97.111400,12467,8,Asia/Shanghai,150000,medium_airport
YUY,CYUY,Rouyn-Noranda Airport,Rouyn-Noranda,CA,48.206100,-78.835602,7500,2,America/Toronto,55000,small_airport
YVO,CYVO,Val-d'Or Airport,Val-d'Or,CA,48.053300,-77.782800,10000,2,America/Toronto,45000,small_airport
YVP,CYVP,Kuujjuaq Airport,Kuujjuaq,CA,58.096100,-68.426900,6000,2,America/Iqaluit,30000,small_airport
YVR,CYVR,Vancouver International Airport,Vancouver,CA,49.193901,-123.183998,11500,75,America/Vancouver,1350000,large_airport
YWG,CYWG,Winnipeg James Armstrong Richardson International Airport,Winnipeg,CA,49.909999,-97.239898,11000,15,America/Winnipeg,550000,large_airport
YXC,CYXC,Cranbrook/Canadian Rockies International Airport,Cranbrook,CA,49.610802,-115.781998,8000,3,America/Edmonton,70000,small_airport
YXE,CYXE,Saskatoon John G. Diefenbaker International Airport,Saskatoon,CA,52.170800,-106.699997,8300,8,America/Regina,310000,medium_airport
YXS,CYXS,Prince George Airport,Prince George,CA,53.889400,-122.679001,7400,5,America/Vancouver,170000,medium_airport
YXT,CYXT,Northwest Regional Airport Terrace-Kitimat,Terrace,CA,54.468498,-128.576996,7500,4,America/Vancouver,250000,medium_airport
YXU,CYXU,London International Airport,London,CA,43.033600,-81.151100,8800,6,America/Toronto,190000,medium_airport
YXX,CYXX,Abbotsford International Airport,Abbotsford,CA,49.025299,-122.360001,9600,5,America/Vancouver,280000,medium_airport
YXY,CYXY,Erik Nielsen Whitehorse International Airport,Whitehorse,CA,60.709599,-135.067001,9500,4,America/Whitehorse,130000,medium_airport
YYC,CYBW,Calgary International Airport,Calgary,CA,51.113899,-114.019997,14000,50,America/Edmonton,1100000,large_airport
YYJ,CYYJ,Victoria International Airport,Victoria,CA,48.646900,-123.426002,7000,10,America/Vancouver,450000,medium_airport
YYR,CYYR,Goose Bay Airport,Goose Bay,CA,53.319200,-60.425800,11000,3,America/Goose_Bay,65000,small_airport
YYT,CYYT,St. John's International Airport,St. John's,CA,47.618600,-52.751900,8500,6,America/St_Johns,320000,medium_airport
YYZ,CYYZ,Toronto Pearson International Airport,Toronto,CA,43.677200,-79.630600,11120,105,America/Toronto,1500000,large_airport
YZF,CYZF,Yellowknife Airport,Yellowknife,CA,62.462800,-114.440002,7500,4,America/Yellowknife,120000,medium_airport
YZP,CYZP,Sandspit Airport,Sandspit,CA,53.253300,-131.813995,5100,1,America/Vancouver,20000,small_airport
YZV,CYZV,Sept-Îles Airport,Sept-Îles,CA,50.223301,-66.265602,6500,2,America/Toronto,50000,small_airport
ZAG,LDZA,Zagreb Franjo Tuđman International Airport,Velika Gorica,HR,45.742901,16.068800,10669,18,Europe/Zagreb,490000,large_airport
ZAM,RPMZ,Zamboanga International Airport,Zamboanga,PH,6.922410,122.059998,8563,6,Asia/Manila,380000,large_airport
ZAT,ZPZT,Zhaotong Airport,Zhaotong,CN,27.327501,103.755997,8530,6,Asia/Shanghai,150000,medium_airport
ZCL,MMZC,General Leobardo C. Ruiz International Airport,Zacatecas,MX,22.897100,-102.687000,9842,4,America/Mexico_City,180000,medium_airport
ZHA,ZGZJ,Zhanjiang Wuchuan Airport,Zhanjiang,CN,21.424000,110.552000,10499,15,Asia/Shanghai,250000,medium_airport
ZHY,ZLZW,Zhongwei Shapotou Airport,Zhongwei,CN,37.573300,105.151000,9186,6,Asia/Shanghai,120000,medium_airport
ZJK,ZBZJ,Zhangjiakou Ningyuan Airport,Zhangjiakou,CN,40.738300,114.935000,9842,10,Asia/Shanghai,280000,medium_airport
ZLO,MMZO,Playa de Oro International Airport,Manzanillo,MX,19.143200,-104.558000,7218,4,America/Mexico_City,180000,medium_airport
ZNE,YNWN,Newman Airport,Newman,AU,-23.418000,119.800003,6800,2,Australia/Perth,60000,small_airport
ZQN,NZQN,Queenstown International Airport,Queenstown,NZ,-45.021000,168.738998,6204,15,Pacific/Auckland,650000,large_airport
ZRH,LSZH,Zürich Airport,Zurich,CH,47.458056,8.548056,12139,70,Europe/Zurich,1200000,large_airport
ZSA,MYSM,San Salvador Airport,San Salvador,BS,24.062800,-74.526100,8000,2,America/Nassau,45000,small_airport
ZUH,ZGSD,Zhuhai Jinwan Airport,Zhuhai,CN,22.006400,113.375999,13123,25,Asia/Shanghai,450000,medium_airport
ZVK,VLSK,Savannakhet Airport,Savannakhet,LA,16.556301,104.759003,5348,2,Asia/Vientiane,85000,medium_airport
ZYI,ZUZY,Zunyi Xinzhou Airport,Zunyi,CN,27.811100,107.246000,9186,15,Asia/Shanghai,350000,medium_airport
ZYL,VGSY,Osmani International Airport,Sylhet,BD,24.963200,91.866798,10499,8,Asia/Dhaka,350000,large_airport
ORY,LFPO,Paris-Orly Airport,"Paris (Orly, Val-de-Marne)",FR,48.729499,2.358963,11975,54,Europe/Paris,1150000,large_airport
PMI,LEPA,Palma de Mallorca Airport,Palma de Mallorca,ES,39.551701,2.73881,10728,49,Europe/Madrid,1119000,large_airport
BRU,EBBR,Brussels Airport,Zaventem,BE,50.901402,4.48444,11936,41,Europe/Brussels,1059000,large_airport
DUS,EDDL,Düsseldorf Airport,Düsseldorf,DE,51.289501,6.76678,9842,39,Europe/Berlin,1044000,large_airport
AGP,LEMG,Málaga-Costa del Sol Airport,Málaga,ES,36.6749,-4.49911,10500,31,Europe/Madrid,958000,large_airport
GVA,LSGG,Geneva International Airport,Geneva,CH,46.238098,6.10895,12795,28,Europe/Zurich,924000,large_airport
HAM,EDDH,Hamburg Helmut Schmidt Airport,Hamburg,DE,53.630402,9.98823,12028,27,Europe/Berlin,917000,large_airport
ALC,LEAL,Alicante-Elche Miguel Hernández Airport,Alicante,ES,38.2822,-0.558156,9842,22,Europe/Madrid,851000,large_airport
NCE,LFMN,Nice-Côte d'Azur Airport,"Nice, Alpes-Maritimes",FR,43.658401,7.21587,9721,22,Europe/Paris,844000,large_airport
OTP,LROP,Bucharest Henri Coandă International Airport,Otopeni,RO,44.571792,26.103285,11484,22,Europe/Bucharest,842000,large_airport
BGY,LIME,Il Caravaggio International Airport,Orio al Serio (BG),IT,45.669362,9.708851,9429,20,Europe/Rome,818000,large_airport
LPA,GCLP,Gran Canaria Airport,Gran Canaria Island,ES,27.9319,-15.3866,10171,19,Atlantic/Canary,796000,large_airport
OPO,LPPR,Francisco de Sá Carneiro Airport,Porto,PT,41.2481002808,-8.68138980865,11417,19,Europe/Lisbon,794000,large_airport
STR,EDDS,Stuttgart Airport,Stuttgart,DE,48.689899,9.22196,10974,18,Europe/Berlin,772000,large_airport
LYS,LFLL,Lyon Saint-Exupéry Airport,"Colombier-Saugnieu, Rhône",FR,45.725996,5.090139,13124,17,Europe/Paris,751000,large_airport
CGN,EDDK,Cologne Bonn Airport,Köln (Cologne),DE,50.865898,7.14274,12516,16,Europe/Berlin,744000,large_airport
TLS,LFBO,Toulouse-Blagnac Airport,Toulouse/Blagnac,FR,43.629101,1.36382,11483,15,Europe/Paris,726000,large_airport
BER,EDDB,Berlin Brandenburg Airport,Berlin,DE,52.361738,13.502341,13123,15,Europe/Berlin,718000,large_airport
BSL,LFSB,EuroAirport Basel–Mulhouse–Freiburg,Bâle / Mulhouse,FR,47.60068,7.521117,12795,15,Europe/Paris,708000,large_airport
TFS,GCTS,Tenerife Sur Airport,Tenerife,ES,28.0445,-16.5725,10499,15,Atlantic/Canary,708000,large_airport
NAP,LIRN,Naples International Airport,Napoli,IT,40.886002,14.2908,8622,15,Europe/Rome,707000,large_airport
BLQ,LIPE,Bologna Guglielmo Marconi Airport,Bologna,IT,44.5354,11.2887,9196,15,Europe/Rome,707000,large_airport
CTA,LICC,Catania-Fontanarossa Airport,Catania,IT,37.466801,15.0664,7989,15,Europe/Rome,707000,large_airport
FAO,LPFR,Faro - Gago Coutinho International Airport,Faro,PT,37.015909,-7.970939,8169,15,Europe/Lisbon,704000,large_airport
MRS,LFML,Marseille Provence Airport,"Marignane, Bouches-du-Rhône",FR,43.438088,5.2125,11483,14,Europe/Paris,681000,large_airport
VLC,LEVC,Valencia Airport,Valencia,ES,39.489162,-0.480961,8858,13,Europe/Madrid,672000,large_airport
IBZ,LEIB,Ibiza Airport,Ibiza (Eivissa),ES,38.872898,1.37312,9186,13,Europe/Madrid,667000,large_airport
LCA,LCLK,Larnaca International Airport,Larnaca,CY,34.875099,33.624901,9823,12,Asia/Nicosia,644000,large_airport
CRL,EBCI,Brussels South Charleroi Airport,Charleroi,BE,50.461963,4.459562,10023,12,Europe/Brussels,643000,large_airport
KRK,EPKK,Kraków John Paul II International Airport,Balice,PL,50.077702,19.7848,8366,12,Europe/Warsaw,642000,large_airport
SVQ,LEZL,Seville Airport,Seville,ES,37.417999,-5.89311,11030,12,Europe/Madrid,625000,large_airport
RIX,EVRA,Riga International Airport,Riga,LV,56.920752,23.970711,10499,11,Europe/Riga,624000,large_airport
LIN,LIML,Milano Linate Airport,Segrate (MI),IT,45.445099,9.27674,8012,11,Europe/Rome,614000,large_airport
NTE,LFRS,Nantes Atlantique Airport,Nantes,FR,47.153198,-1.61073,9514,11,Europe/Paris,611000,large_airport
BOD,LFBD,Bordeaux–Mérignac Airport,Bordeaux,FR,44.82865,-0.715356,10171,11,Europe/Paris,611000,large_airport
PMO,LICJ,Falcone–Borsellino Airport,Palermo,IT,38.175999,13.091,10912,11,Europe/Rome,609000,large_airport
SOF,LBSF,Sofia Airport,Sofia,BG,42.696357,23.417671,11811,11,Europe/Sofia,608000,large_airport
ACE,GCRR,César Manrique-Lanzarote Airport,San Bartolomé,ES,28.945499,-13.6052,7874,11,Atlantic/Canary,606000,large_airport
HER,LGIR,Heraklion International Nikos Kazantzakis Airport,Heraklion,GR,35.339699,25.1803,8904,11,Europe/Athens,601000,large_airport
GOT,ESGG,Göteborg Landvetter Airport,Göteborg,SE,57.6628,12.2798,10823,10,Europe/Stockholm,575000,large_airport
TFN,GCXO,Tenerife Norte-Ciudad de La Laguna Airport,Tenerife,ES,28.482752,-16.341707,10404,10,Atlantic/Canary,572000,large_airport
MLA,LMML,Malta International Airport,Valletta,MT,35.845932,14.491546,10991,10,Europe/Malta,564000,large_airport
BEG,LYBE,Belgrade Nikola Tesla Airport,Belgrade,RS,44.818401,20.309099,11483,10,Europe/Belgrade,563000,large_airport
SKG,LGTS,Thessaloniki Macedonia International Airport,Thessaloniki,GR,40.51928,22.970009,11286,9,Europe/Athens,561000,large_airport
BGO,ENBR,"Bergen Airport, Flesland",Bergen,NO,60.2934,5.21814,9810,9,Europe/Oslo,560000,large_airport
CIA,LIRA,Ciampino–G. B. Pastine International Airport,Rome,IT,41.798769,12.595331,7226,9,Europe/Rome,554000,large_airport
HAJ,EDDV,Hannover Airport,Hannover,DE,52.461102,9.68508,12434,9,Europe/Berlin,550000,large_airport
BIO,LEBB,Bilbao Airport,Bilbao,ES,43.301102,-2.91061,8530,9,Europe/Madrid,550000,large_airport
FUE,GCFV,Fuerteventura Airport,El Matorral,ES,28.4527,-13.8638,11220,8,Atlantic/Canary,514000,large_airport
BRI,LIBD,Bari Karol Wojtyła International Airport,Bari,IT,41.138901,16.760599,9843,8,Europe/Rome,500000,large_airport
CAG,LIEE,Cagliari Elmas Airport,Cagliari,IT,39.251499,9.05428,9196,8,Europe/Rome,493000,large_airport
PSA,LIRP,Pisa International Airport,Pisa (PI),IT,43.683899,10.3927,9820,8,Europe/Rome,493000,large_airport
KTW,EPKT,Katowice Wojciech Korfanty International Airport,Katowice,PL,50.476015,19.080705,10499,7,Europe/Warsaw,480000,large_airport
GDN,EPGD,Gdańsk Lech Wałęsa Airport,Gdańsk,PL,54.377602,18.4662,9186,7,Europe/Warsaw,474000,large_airport
TRD,ENVA,"Trondheim Airport, Værnes",Trondheim,NO,63.457802,10.924,9052,7,Europe/Oslo,469000,large_airport
LUX,ELLX,Luxembourg-Findel International Airport,Luxembourg,LU,49.626845,6.212134,13123,7,Europe/Luxembourg,456000,large_airport
VNO,EYVI,Vilnius International Airport,Vilnius,LT,54.634102,25.285801,8251,7,Europe/Vilnius,446000,large_airport
BVA,LFOB,Beauvais-Tillé airport,Beauvais,FR,49.454399,2.11278,7972,7,Europe/Paris,444000,large_airport
SVG,ENZV,"Stavanger Airport, Sola",Stavanger,NO,58.876701,5.63778,9369,7,Europe/Oslo,439000,large_airport
RHO,LGRP,"Rhodes International Airport ""Diagoras""",Rhodes,GR,36.405399,28.086201,10846,6,Europe/Athens,435000,large_airport
NUE,EDDN,Nuremberg Airport,Nuremberg,DE,49.498699,11.078056,8858,6,Europe/Berlin,429000,large_airport
TRN,LIMF,Turin Airport,Caselle Torinese (TO),IT,45.200802,7.64963,10827,6,Europe/Rome,424000,large_airport
BLL,EKBI,Billund Airport,Billund,DK,55.740335,9.157019,10172,6,Europe/Copenhagen,387000,large_airport
TSF,LIPH,Treviso Airport,Treviso (TV),IT,45.648399,12.1944,7941,5,Europe/Rome,376000,large_airport
VRN,LIPX,Verona Villafranca Valerio Catullo Airport,Caselle (VR),IT,45.394955,10.887303,10064,5,Europe/Rome,363000,large_airport
TLL,EETN,Lennart Meri Tallinn Airport,Tallinn,EE,59.413246,24.83264,11417,5,Europe/Tallinn,360000,large_airport
MAH,LEMH,Menorca Airport,Mahón (Maó),ES,39.862598,4.21865,8366,5,Europe/Madrid,347000,large_airport
SPU,LDSP,Split Saint Jerome Airport,Split,HR,43.538898,16.298,8366,5,Europe/Zagreb,340000,large_airport
PFO,LCPH,Paphos International Airport,Paphos,CY,34.717999,32.485699,8858,5,Asia/Nicosia,340000,large_airport
FNC,LPMA,Cristiano Ronaldo International Airport,Funchal,PT,32.697812,-16.774613,9110,5,Atlantic/Madeira,338000,large_airport
SCQ,LEST,Santiago-Rosalía de Castro Airport,Santiago de Compostela,ES,42.896301,-8.41514,10499,5,Europe/Madrid,338000,large_airport
WMI,EPMO,Warsaw Modlin Airport,Nowy Dwór Mazowiecki,PL,52.451099,20.6518,8202,5,Europe/Warsaw,336000,large_airport
CLJ,LRCL,Avram Iancu Cluj International Airport,Cluj-Napoca,RO,46.786042,23.685733,6693,5,Europe/Bucharest,331000,large_airport
FLR,LIRQ,"Florence Airport, Peretola",Firenze (FI),IT,43.808558,11.202822,5118,5,Europe/Rome,323000,large_airport
SUF,LICA,Lamezia Terme Sant'Eufemia International Airport,Lamezia Terme (CZ),IT,38.906214,16.246007,9898,4,Europe/Rome,319000,large_airport
DTM,EDLW,Dortmund Airport,Dortmund,DE,51.518299,7.61224,6562,4,Europe/Berlin,306000,large_airport
BDS,LIBR,Brindisi Airport,Brindisi,IT,40.6576,17.947001,10000,4,Europe/Rome,305000,large_airport
OLB,LIEO,Olbia Costa Smeralda Airport,Olbia (SS),IT,40.898953,9.518457,9006,4,Europe/Rome,303000,large_airport
CFU,LGKR,Corfu Ioannis Kapodistrias International Airport,Kerkyra (Corfu),GR,39.60145,19.912179,7792,4,Europe/Athens,294000,medium_airport
DBV,LDDU,Dubrovnik Ruđer Bošković Airport,Dubrovnik,HR,42.562247,18.265543,10597,4,Europe/Zagreb,292000,medium_airport
CHQ,LGSA,Chania International Airport,Souda,GR,35.531207,24.150673,10982,4,Europe/Athens,284000,medium_airport
ORK,EICK,Cork International Airport,Cork,IE,51.841301,-8.49111,6998,4,Europe/Dublin,278000,medium_airport
BOJ,LBBG,Burgas Airport,Burgas,BG,42.569917,27.515173,10499,4,Europe/Sofia,272000,medium_airport
LEJ,EDDP,Leipzig/Halle Airport,Schkeuditz,DE,51.420657,12.232705,11811,4,Europe/Berlin,271000,medium_airport
RUN,FMEE,Roland Garros Airport,Sainte-Marie,RE,-20.890087,55.518894,10499,4,Europe/Brussels,265000,medium_airport
PTP,TFFR,Maryse Condé International Airport,Pointe-à-Pitre,GP,16.265443,-61.532754,11499,4,Europe/Brussels,263000,medium_airport
BMA,ESSB,Stockholm-Bromma Airport,Stockholm,SE,59.354401,17.9417,5472,4,Europe/Stockholm,262000,medium_airport
SKP,LWSK,Skopje International Airport,Ilinden,MK,41.958087,21.622581,9678,4,Europe/Skopje,261000,medium_airport
BRE,EDDW,Bremen Airport,Bremen,DE,53.046786,8.78932,8642,4,Europe/Berlin,241000,medium_airport
NYO,ESKN,Stockholm Skavsta Airport,Nyköping,SE,58.789656,16.911479,9442,4,Europe/Stockholm,240000,medium_airport
TOS,ENTC,Tromsø Airport,Tromsø,NO,69.683296,18.9189,8041,4,Europe/Oslo,232000,medium_airport
KGS,LGKO,"Kos International Airport ""Ippokratis""",Kos Island,GR,36.794523,27.09115,7841,4,Europe/Athens,229000,medium_airport
POZ,EPPO,Poznań-Ławica Airport,Poznań,PL,52.421598,16.823359,8215,4,Europe/Warsaw,225000,medium_airport
BTS,LZIB,M. R. Štefánik Airport,Bratislava,SK,48.1702,17.2127,10466,4,Europe/Bratislava,219000,medium_airport
TRF,ENTO,"Sandefjord Airport, Torp",Sandefjord(Torp),NO,59.186699,10.2586,9216,4,Europe/Oslo,204000,medium_airport
PDL,LPPD,João Paulo II Airport,Ponta Delgada,PT,37.7411994934,-25.6979007721,8192,4,Atlantic/Azores,201000,medium_airport
JTR,LGSR,Santorini International Airport,Santorini Island,GR,36.400045,25.478638,7208,4,Europe/Athens,197000,medium_airport
LIL,LFQQ,Lille Airport,Lesquin,FR,50.566564,3.102429,9268,4,Europe/Paris,184000,medium_airport
FDF,TFFF,Martinique Aimé Césaire International Airport,Fort-de-France,MQ,14.591,-61.003201,9843,4,Europe/Brussels,183000,medium_airport
MMX,ESMS,Malmö Sturup Airport,Malmö,SE,55.535564,13.376327,9186,4,Europe/Stockholm,183000,medium_airport
MPL,LFMT,Montpellier-Méditerranée Airport,Montpellier/Méditerranée,FR,43.576199,3.96301,8530,4,Europe/Paris,171000,medium_airport
GRO,LEGE,Girona-Costa Brava Airport,Girona,ES,41.904639,2.761774,7874,4,Europe/Madrid,154000,medium_airport
VAR,LBWN,Varna Airport,Varna,BG,43.232101,27.8251,8258,4,Europe/Sofia,154000,medium_airport
BOO,ENBO,Bodø Airport,Bodø,NO,67.269203,14.3653,9167,4,Europe/Oslo,138000,medium_airport
LJU,LJLJ,Ljubljana Jože Pučnik Airport,Zgornji Brnik,SI,46.223701,14.4576,10827,4,Europe/Ljubljana,123000,medium_airport
FMM,EDJA,Memmingen Allgau Airport,Memmingen,DE,47.988092,10.238248,8629,4,Europe/Berlin,118000,medium_airport
TSR,LRTR,Timișoara Traian Vuia International Airport,Timişoara,RO,45.809898,21.3379,11483,4,Europe/Bucharest,110000,medium_airport
AJA,LFKJ,Ajaccio Napoléon Bonaparte airport,Ajaccio,FR,41.923599,8.80292,7897,4,Europe/Paris,110000,medium_airport
DRS,EDDC,Dresden Airport,Dresden,DE,51.134123,13.767831,9350,4,Europe/Berlin,110000,medium_airport
SNN,EINN,Shannon Airport,Shannon,IE,52.702,-8.92482,10495,4,Europe/Dublin,108000,medium_airport
SZG,LOWS,Salzburg Airport,Salzburg,AT,47.793301,13.0043,9022,4,Europe/Vienna,83000,medium_airport
OVD,LEAS,Asturias Airport,Ranón,ES,43.563599,-6.03462,7218,4,Europe/Madrid,73000,medium_airport
GOA,LIMJ,Genoa Cristoforo Colombo Airport,Genova (GE),IT,44.412039,8.840732,9564,4,Europe/Rome,69000,medium_airport
BIA,LFKB,Bastia-Poretta International airport,Bastia,FR,42.5527,9.48373,8266,4,Europe/Paris,66000,medium_airport
JMK,LGMK,Mykonos Island National Airport,Mykonos,GR,37.435101,25.348101,6240,4,Europe/Athens,65000,medium_airport
SPC,GCLA,La Palma Airport,"Sta Cruz de la Palma, La Palma Island",ES,28.626499,-17.7556,7218,4,Atlantic/Canary,63000,medium_airport
LCG,LECO,A Coruña Airport,Culleredo,ES,43.302101,-8.37726,7178,4,Europe/Madrid,61000,medium_airport
AAL,EKYT,Aalborg Airport,Aalborg,DK,57.094763,9.84993,8707,4,Europe/Copenhagen,60000,medium_airport
IAS,LRIA,Iaşi International Airport,Iaşi,RO,47.179633,27.621431,7874,4,Europe/Bucharest,50000,medium_airport
HHN,EDFH,Frankfurt-Hahn Airport,Frankfurt am Main (Lautzenhausen),DE,49.946353,7.261734,12467,4,Europe/Berlin,30000,small_airport
GRX,LEGR,F.G.L. Airport Granada-Jaén Airport,Granada,ES,37.188702,-3.77736,9514,4,Europe/Madrid,30000,small_airport
ZTH,LGZA,Zakynthos International Airport Dionysios Solomos,Zakynthos,GR,37.7509,20.8843,7310,4,Europe/Athens,30000,small_airport
FKB,EDSB,Karlsruhe Baden-Baden Airport,Rheinmünster,DE,48.7794,8.0805,9787,4,Europe/Berlin,30000,small_airport
SDR,LEXJ,Seve Ballesteros-Santander Airport,Santander,ES,43.427101,-3.82001,7612,4,Europe/Madrid,30000,small_airport
AHO,LIEA,Alghero-Fertilia Airport,Alghero,IT,40.632099,8.29077,9843,4,Europe/Rome,30000,small_airport
NRN,EDLV,Weeze (Niederrhein) Airport,Weeze,DE,51.601362,6.141228,8005,4,Europe/Berlin,30000,small_airport
TGD,LYPG,Podgorica Airport / Podgorica Golubovci Airbase,Podgorica,ME,42.359402,19.2519,8202,4,Europe/Podgorica,30000,small_airport
TIV,LYTV,Tivat Airport,Tivat,ME,42.404701,18.723301,8208,4,Europe/Podgorica,30000,small_airport
LLA,ESPA,Luleå Airport,Luleå,SE,65.5438,22.122,10990,4,Europe/Stockholm,30000,small_airport
AES,ENAL,Ålesund Airport,Ålesund,NO,62.560443,6.110845,7592,4,Europe/Oslo,30000,small_airport
KUN,EYKA,Kaunas International Airport,Kaunas,LT,54.963965,24.08582,10663,4,Europe/Vilnius,30000,small_airport
SXB,LFST,Strasbourg Airport,Strasbourg,FR,48.5383,7.62823,7874,4,Europe/Paris,30000,small_airport
BES,LFRB,Brest Bretagne airport,Brest,FR,48.447899,-4.41854,10171,4,Europe/Paris,30000,small_airport
XRY,LEJR,Jerez Airport,Jerez de la Frontera,ES,36.744598,-6.06011,7546,4,Europe/Madrid,30000,small_airport
RMU,LEMI,Region of Murcia International Airport,Corvera,ES,37.802852,-1.124884,9842,4,Europe/Madrid,30000,small_airport
KRS,ENCN,Kristiansand Airport,Kristiansand(Kjevik),NO,58.204201,8.08537,6677,4,Europe/Oslo,30000,small_airport
OUL,EFOU,Oulu Airport,Oulu / Oulunsalo,FI,64.930099,25.354601,8205,4,Europe/Helsinki,30000,small_airport
GRZ,LOWG,Graz Airport,Feldkirchen bei Graz,AT,46.9911,15.4396,9842,4,Europe/Vienna,30000,small_airport
VGO,LEVX,Vigo Airport,Vigo,ES,42.2318,-8.62677,7874,4,Europe/Madrid,30000,small_airport
BIQ,LFBZ,Biarritz Pays Basque airport,Biarritz,FR,43.468372,-1.523223,7382,4,Europe/Paris,30000,small_airport
INN,LOWI,Innsbruck Airport,Innsbruck,AT,47.260201,11.344,6562,4,Europe/Vienna,30000,small_airport
UME,ESNU,Umeå Airport,Umeå,SE,63.791801,20.282801,7551,4,Europe/Stockholm,30000,small_airport
FMO,EDDG,Münster Osnabrück Airport,Greven,DE,52.133816,7.688482,7119,4,Europe/Berlin,30000,small_airport
REU,LERS,Reus Airport,Reus,ES,41.147509,1.168354,8054,4,Europe/Madrid,30000,small_airport
LEI,LEAM,Almería Airport,Almería,ES,36.843899,-2.3701,10499,4,Europe/Madrid,30000,small_airport
RNS,LFRN,Rennes-Saint-Jacques Airport,"Saint-Jacques-de-la-Lande, Ille-et-Vilaine",FR,48.0695,-1.73479,6890,4,Europe/Paris,30000,small_airport
NOC,EIKN,Ireland West Airport Knock,Charlestown,IE,53.910439,-8.817002,7546,4,Europe/Dublin,30000,small_airport
EVE,ENEV,Harstad/Narvik Airport,Evenes,NO,68.491302,16.678101,9236,4,Europe/Oslo,30000,small_airport
TRS,LIPQ,Trieste Airport,Ronchi dei Legionari/Trieste,IT,45.827862,13.466672,9843,4,Europe/Rome,30000,small_airport
RZE,EPRZ,Rzeszów-Jasionka Airport,Jasionka,PL,50.109791,22.024155,10498,4,Europe/Warsaw,30000,small_airport
SBZ,LRSB,Sibiu International Airport,Sibiu,RO,45.785841,24.086666,8629,4,Europe/Bucharest,30000,small_airport
PSR,LIBP,Abruzzo Airport,Pescara,IT,42.431079,14.182981,7933,4,Europe/Rome,30000,small_airport
PAD,EDLP,Paderborn Lippstadt Airport,Büren,DE,51.612527,8.617459,7152,4,Europe/Berlin,30000,small_airport
FSC,LFKF,Figari Sud-Corse Airport,Figari,FR,41.50185,9.097092,8136,4,Europe/Paris,30000,small_airport
ZAD,LDZD,Zadar Airport,Zadar,HR,44.096986,15.353565,8202,4,Europe/Zagreb,30000,small_airport
TER,LPLA,Lajes Airport,Praia da Vitória,PT,38.761799,-27.090799,10870,4,Atlantic/Azores,30000,small_airport
RVN,EFRO,Rovaniemi Airport,Rovaniemi,FI,66.563327,25.829751,9849,4,Europe/Helsinki,30000,small_airport
HAU,ENHD,"Haugesund Airport, Karmøy",Karmøy,NO,59.345299,5.20836,6957,4,Europe/Oslo,30000,small_airport
DEB,LHDC,Debrecen International Airport,Debrecen,HU,47.489469,21.616278,8196,4,Europe/Budapest,30000,small_airport
EFL,LGKF,Kefallinia Airport,Kefallinia Island,GR,38.12009811401367,20.500499725341797,7992,4,Europe/Athens,30000,small_airport
PUF,LFBP,Pau Pyrénées Airport,Pau/Pyrénées (Uzein),FR,43.380001,-0.418611,8202,4,Europe/Paris,30000,small_airport
SZZ,EPSC,Solidarity Szczecin–Goleniów Airport,Szczecin(Glewice),PL,53.584702,14.9022,8202,4,Europe/Warsaw,30000,small_airport
PUY,LDPL,Pula Airport,Pula,HR,44.893501,13.9222,9678,4,Europe/Zagreb,30000,small_airport
CAY,SOCA,Cayenne – Félix Eboué Airport,Matoury,GF,4.819964,-52.361326,10486,4,Europe/Brussels,30000,small_airport
CRA,LRCV,Craiova International Airport,Craiova,RO,44.3181,23.888599,8203,4,Europe/Bucharest,30000,small_airport
TLN,LFTH,Toulon-Hyères Airport,"Hyères, Var",FR,43.097301,6.14603,6955,4,Europe/Paris,30000,small_airport
BCM,LRBC,Bacău George Enescu International  Airport,Bacău,RO,46.5219,26.910299,8203,4,Europe/Bucharest,30000,small_airport
KSC,LZKZ,Košice International Airport,Košice,SK,48.663101,21.2411,10171,4,Europe/Bratislava,30000,small_airport
AOI,LIPY,Marche Airport,Falconara Marittima (AN),IT,43.616299,13.3623,9718,4,Europe/Rome,30000,small_airport
PGF,LFMP,Perpignan-Rivesaltes (Llabanère) Airport,Perpignan/Rivesaltes,FR,42.740398,2.87067,8202,4,Europe/Paris,30000,small_airport
OSD,ESNZ,Åre Östersund Airport,Östersund,SE,63.193546,14.504168,8202,4,Europe/Stockholm,30000,small_airport
VBY,ESSV,Visby Airport,Visby,SE,57.6628,18.346201,6562,4,Europe/Stockholm,30000,small_airport
MJT,LGMT,Mytilene International Airport,Mytilene,GR,39.057406,26.598629,7894,4,Europe/Athens,30000,small_airport
PVK,LGPZ,Aktion National Airport,Preveza,GR,38.925499,20.765301,9419,4,Europe/Athens,30000,small_airport
MLN,GEML,Melilla Airport,Melilla,ES,35.2798,-2.95626,4701,4,Europe/Madrid,30000,small_airport
MOL,ENML,"Molde Airport, Årø",Årø,NO,62.744701,7.2625,6922,4,Europe/Oslo,30000,small_airport
TKU,EFTU,Turku Airport,Turku,FI,60.514099,22.2628,8202,4,Europe/Helsinki,30000,small_airport
BZG,EPBY,Ignacy Jan Paderewski Bydgoszcz Airport,Bydgoszcz,PL,53.096802,17.977699,8202,4,Europe/Warsaw,30000,small_airport
CFE,LFLC,Clermont-Ferrand Auvergne airport,Clermont-Ferrand,FR,45.786701,3.16917,9885,4,Europe/Paris,30000,small_airport
AAR,EKAH,Aarhus Airport,Aarhus,DK,56.303331,10.618286,9111,4,Europe/Copenhagen,30000,small_airport
FDH,EDNY,Bodensee Airport Friedrichshafen,Friedrichshafen,DE,47.671299,9.51149,7729,4,Europe/Berlin,30000,small_airport
AGH,ESTA,Ängelholm-Helsingborg Airport,Ängelholm,SE,56.29610061645508,12.847100257873535,6381,4,Europe/Stockholm,30000,small_airport
TPS,LICT,Vincenzo Florio Airport Trapani-Birgi,Trapani (TP),IT,37.9114,12.488,8852,4,Europe/Rome,30000,small_airport
REG,LICR,Reggio Calabria Airport,Reggio Calabria,IT,38.071201,15.6516,6549,4,Europe/Rome,30000,small_airport
KIR,EIKY,Kerry Airport,Farranfore,IE,52.180901,-9.52378,6562,4,Europe/Dublin,30000,small_airport
LNZ,LOWL,Linz-Hörsching Airport,Linz,AT,48.235362,14.188128,9843,4,Europe/Vienna,30000,small_airport
CCF,LFMK,Carcassonne Salvaza Airport,Carcassonne,FR,43.216,2.30632,6726,4,Europe/Paris,30000,small_airport
OST,EBOS,Ostend-Bruges International Airport,Oostende,BE,51.1998,2.874673,10499,4,Europe/Brussels,30000,small_airport
DZA,FMCZ,Dzaoudzi Pamandzi International Airport,Dzaoudzi,YT,-12.809319,45.281815,6330,4,Europe/Brussels,30000,small_airport
PLQ,EYPA,Palanga International Airport,Palanga,LT,55.973202,21.093901,7480,4,Europe/Vilnius,30000,small_airport
LUZ,EPLB,Lublin Airport,Lublin,PL,51.240157,22.713461,8268,4,Europe/Warsaw,30000,small_airport
EAS,LESO,San Sebastián Airport,Hondarribia,ES,43.356499,-1.79061,5755,4,Europe/Madrid,30000,small_airport
LDE,LFBT,Tarbes-Lourdes-Pyrénées Airport,Tarbes/Lourdes/Pyrénées,FR,43.178699,-0.006439,9843,4,Europe/Paris,30000,small_airport
ZAZ,LEZG,Zaragoza Airport,Zaragoza,ES,41.666199,-1.04155,12198,4,Europe/Madrid,30000,small_airport
KKN,ENKR,"Kirkenes Airport, Høybuktmoen",Kirkenes,NO,69.7258,29.8913,6939,4,Europe/Oslo,30000,small_airport
SCN,EDDR,Saarbrücken Airport,Saarbrücken,DE,49.214545,7.109735,6562,4,Europe/Berlin,30000,small_airport
KTT,EFKT,Kittilä International Airport,Kittilä,FI,67.700996,24.8468,8202,4,Europe/Helsinki,30000,small_airport
CIY,LICB,Comiso Airport,Comiso,IT,36.99583,14.60889,8070,4,Europe/Rome,30000,small_airport
SMI,LGSM,Samos Airport,Samos Island,GR,37.689999,26.911699,6706,4,Europe/Athens,30000,small_airport
LIG,LFBL,Limoges Airport,Limoges/Bellegarde,FR,45.862801,1.17944,8202,4,Europe/Paris,30000,small_airport
RKV,BIRK,Reykjavík Domestic Airport,Reykjavík,IS,64.128732,-21.93759,5138,4,Atlantic/Reykjavik,30000,small_airport
CFR,LFRK,Caen Carpiquet airport,Caen,FR,49.17678,-0.454883,6233,4,Europe/Paris,30000,small_airport
RMI,LIPR,Federico Fellini International Airport,Rimini (RN),IT,44.020024,12.612198,9828,4,Europe/Rome,30000,small_airport
VAA,EFVA,Vaasa Airport,Vaasa,FI,63.05023,21.762543,8727,4,Europe/Helsinki,30000,small_airport
VDE,GCHI,El Hierro Airport,El Hierro Island,ES,27.8148,-17.8871,4101,4,Atlantic/Canary,30000,small_airport
SFT,ESNS,Skellefteå Airport,Skellefteå,SE,64.62480163574219,21.076900482177734,8268,4,Europe/Stockholm,30000,small_airport
HOR,LPHR,Horta Airport,Horta,PT,38.519901275634766,-28.715900421142578,5233,4,Atlantic/Azores,30000,small_airport
KRN,ESNQ,Kiruna Airport,Kiruna,SE,67.821999,20.3368,8209,4,Europe/Stockholm,30000,small_airport
LMP,LICD,Lampedusa Airport,Lampedusa,IT,35.497898,12.6181,5906,4,Europe/Rome,30000,small_airport
BZR,LFMU,Béziers Vias airport,Béziers,FR,43.323502,3.3539,5971,4,Europe/Paris,30000,small_airport
BDU,ENDU,Bardufoss Airport,Målselv,NO,69.055801,18.5404,8015,4,Europe/Oslo,30000,small_airport
INI,LYNI,Niš Constantine the Great Airport,Niš,RS,43.336538,21.856242,8202,4,Europe/Belgrade,30000,small_airport
JKH,LGHI,Chios Island National Airport,Chios Island,GR,38.34320068359375,26.140600204467773,4957,4,Europe/Athens,30000,small_airport
KSU,ENKB,"Kristiansund Airport, Kvernberget",Kvernberget,NO,63.111801,7.82452,7841,4,Europe/Oslo,30000,small_airport
EGC,LFBE,Bergerac Dordogne-Périgord airport,Bergerac,FR,44.825298,0.518611,7234,4,Europe/Paris,30000,small_airport
AXD,LGAL,Alexandroupoli Democritus Airport,Alexandroupolis,GR,40.8559,25.956301,8471,4,Europe/Athens,30000,small_airport
PAS,LGPA,Paros National Airport,Paros,GR,37.020495,25.113195,4593,4,Europe/Athens,30000,small_airport
CLY,LFKC,Calvi Sainte Catherine Airport,Calvi,FR,42.530422,8.792984,7579,4,Europe/Paris,30000,small_airport
FNI,LFTW,Nîmes-Arles-Camargue Airport,Nîmes/Garons,FR,43.757401,4.41635,8005,4,Europe/Paris,30000,small_airport
ANR,EBAW,Antwerp International Airport (Deurne),Antwerp,BE,51.190667,4.463153,4954,4,Europe/Brussels,30000,small_airport
PNA,LEPP,Pamplona Airport,Pamplona,ES,42.77,-1.64633,7241,4,Europe/Madrid,30000,small_airport
VXO,ESMX,Växjö Kronoberg Airport,Växjö,SE,56.929100036621094,14.727999687194824,6900,4,Europe/Stockholm,30000,small_airport
KUO,EFKU,Kuopio Airport,Kuopio / Siilinjärvi,FI,63.007099,27.7978,9186,4,Europe/Helsinki,30000,small_airport
SCV,LRSV,Suceava Ștefan cel Mare International Airport,Suceava,RO,47.6875,26.354099,8070,4,Europe/Bucharest,30000,small_airport
AOK,LGKP,Karpathos Airport,Karpathos Island,GR,35.421398,27.146,7871,4,Europe/Athens,30000,small_airport
LCJ,EPLL,Łódź Władysław Reymont Airport,Łódź,PL,51.721901,19.3981,8202,4,Europe/Warsaw,30000,small_airport
PEG,LIRZ,Perugia San Francesco d'Assisi – Umbria International Airport,Perugia (PG),IT,43.095901,12.5132,7215,4,Europe/Rome,30000,small_airport
SFG,TFFG,Grand Case-l'Espérance Airport,Grand Case,MF,18.100057,-63.047444,3937,4,Europe/Brussels,30000,small_airport
KLR,ESMQ,Kalmar Airport,Kalmar,SE,56.685501,16.2876,6726,4,Europe/Stockholm,30000,small_airport
RNB,ESDF,Ronneby Airport,Ronneby,SE,56.266701,15.265,7648,4,Europe/Stockholm,30000,small_airport
RNN,EKRN,Bornholm Airport,Rønne,DK,55.063301,14.7596,6568,4,Europe/Copenhagen,30000,small_airport
GNB,LFLS,Grenoble Alpes Isère Airport,Grenoble,FR,45.3629,5.32937,10007,4,Europe/Paris,30000,small_airport
VLL,LEVD,Valladolid Airport,Valladolid,ES,41.7061,-4.85194,9843,4,Europe/Madrid,30000,small_airport
TMP,EFTP,Tampere-Pirkkala Airport,Tampere / Pirkkala,FI,61.414101,23.604401,8858,4,Europe/Helsinki,30000,small_airport
SDL,ESNN,Sundsvall-Härnösand Airport,Sundsvall/ Härnösand,SE,62.528099060058594,17.443899154663086,6857,4,Europe/Stockholm,30000,small_airport
IVL,EFIV,Ivalo Airport,Ivalo,FI,68.6073,27.4053,8199,4,Europe/Helsinki,30000,small_airport
TUF,LFOT,Tours Val de Loire Airport,"Tours, Indre-et-Loire",FR,47.432201,0.727606,7887,4,Europe/Paris,30000,small_airport
LRH,LFBH,La Rochelle Île de Ré Airport,La Rochelle,FR,46.179199,-1.19528,7398,4,Europe/Paris,30000,small_airport
KVA,LGKV,Kavala Alexander the Great International Airport,Kavala,GR,40.9133,24.6192,9844,4,Europe/Athens,30000,small_airport
KLX,LGKL,Kalamata Airport,Kalamata,GR,37.06829833984375,22.02549934387207,9843,4,Europe/Athens,30000,small_airport
KLU,LOWK,Klagenfurt Airport,Klagenfurt am Wörthersee,AT,46.642502,14.3377,8924,4,Europe/Vienna,30000,small_airport
TGM,LRTM,Târgu Mureş Transilvania International Airport,Recea,RO,46.467701,24.4125,6562,4,Europe/Bucharest,30000,small_airport
LYR,ENSB,"Svalbard Airport, Longyear",Longyearbyen,NO,78.246101,15.4656,7608,4,Europe/Oslo,30000,small_airport
CRV,LIBC,Crotone Sant'Anna Pythagoras Airport,Isola di Capo Rizzuto (KR),IT,38.9972,17.0802,6562,4,Europe/Rome,30000,small_airport
ETZ,LFJL,Metz-Nancy-Lorraine Airport,Goin,FR,48.982101,6.25132,8202,4,Europe/Paris,30000,small_airport
AEY,BIAR,Akureyri International Airport,Akureyri,IS,65.656573,-18.072018,8858,4,Atlantic/Reykjavik,30000,small_airport
VIT,LEVT,Vitoria Airport,Alava,ES,42.882801,-2.72447,11483,4,Europe/Madrid,30000,small_airport
JSI,LGSK,Skiathos Island National Airport,Skiathos,GR,39.177101,23.5037,5341,4,Europe/Athens,30000,small_airport
PXO,LPPS,Porto Santo Airport,Vila Baleira,PT,33.0733985901,-16.3500003815,9861,4,Atlantic/Madeira,30000,small_airport
CMF,LFLB,Chambéry Aix les Bains airport,Chambéry,FR,45.6381,5.88023,6628,4,Europe/Paris,30000,small_airport
LGG,EBLG,Liège Airport,Grâce-Hollogne,BE,50.638574,5.443897,12106,4,Europe/Brussels,30000,small_airport
GPA,LGRX,Patras Araxos Agamemnon Airport,Patras,GR,38.1511,21.4256,10999,4,Europe/Athens,30000,small_airport
