origin_iata,dest_iata,anchor_annual,anchor_weekly,years_used,first_year,last_year,method
JFK,LHR,1602046.0,30808.5769,5,2015,2019,eu_trend_wm_max_recent_v2
LHR,JFK,1590149.0,30579.7885,5,2015,2019,eu_trend_wm_max_recent_v2
DXB,LHR,1394613.36,26819.4877,5,2015,2019,eu_trend_wm_max_recent_v2
LHR,DXB,1287256.47,24754.9321,5,2015,2019,eu_trend_wm_max_recent_v2
BCN,MAD,1237100.04,23790.3854,7,2015,2024,eu_trend_wm_max_recent_v2
MAD,BCN,1234235.84,23735.3047,7,2015,2024,eu_trend_wm_max_recent_v2
TLS,ORY,1168867.98,22478.2304,7,2015,2024,eu_trend_wm_max_recent_v2
ORY,TLS,1159279.98,22293.8458,7,2015,2024,eu_trend_wm_max_recent_v2
ORY,NCE,1094295.78,21044.1496,7,2015,2024,eu_trend_wm_max_recent_v2
NCE,ORY,1093204.38,21023.1612,7,2015,2024,eu_trend_wm_max_recent_v2
TRD,OSL,1061926.44,20421.6623,5,2015,2019,eu_trend_wm_max_recent_v2
PMI,BCN,1061480.84,20413.0931,7,2015,2024,eu_trend_wm_max_recent_v2
OSL,TRD,1047985.35,20153.5644,5,2015,2019,eu_trend_wm_max_recent_v2
BCN,PMI,1047757.55,20149.1837,7,2015,2024,eu_trend_wm_max_recent_v2
CTA,FCO,1031699.4,19840.3731,7,2015,2024,eu_trend_wm_max_recent_v2
BGO,OSL,1011212.0,19446.3846,5,2015,2019,eu_trend_wm_max_recent_v2
PMI,MAD,1008286.0,19390.1154,7,2015,2024,eu_trend_wm_max_recent_v2
OSL,BGO,992374.0,19084.1154,5,2015,2019,eu_trend_wm_max_recent_v2
FCO,CTA,988706.4,19013.5846,7,2015,2024,eu_trend_wm_max_recent_v2
MAD,PMI,986818.0,18977.2692,7,2015,2024,eu_trend_wm_max_recent_v2
DUB,LHR,939639.87,18069.9976,7,2015,2024,eu_trend_wm_max_recent_v2
LHR,DUB,911230.26,17523.6588,7,2015,2024,eu_trend_wm_max_recent_v2
MUC,HAM,890932.26,17133.3127,7,2015,2024,eu_trend_wm_max_recent_v2
HAM,MUC,889692.96,17109.48,7,2015,2024,eu_trend_wm_max_recent_v2
AMS,LHR,879219.15,16908.0606,7,2015,2024,eu_trend_wm_max_recent_v2
LHR,AMS,867773.0,16687.9423,7,2015,2024,eu_trend_wm_max_recent_v2
MAD,LIS,863043.46,16596.9897,7,2015,2024,eu_trend_wm_max_recent_v2
LIS,MAD,853450.25,16412.5049,7,2015,2024,eu_trend_wm_max_recent_v2
SVG,OSL,842477.0,16201.4808,5,2015,2019,eu_trend_wm_max_recent_v2
OSL,SVG,838858.0,16131.8846,5,2015,2019,eu_trend_wm_max_recent_v2
LPA,MAD,834907.0,16055.9038,7,2015,2024,eu_trend_wm_max_recent_v2
HKG,LHR,834012.73,16038.7064,5,2015,2019,eu_trend_wm_max_recent_v2
LAX,LHR,826798.83,15899.9774,5,2015,2019,eu_trend_wm_max_recent_v2
MAD,LPA,824199.0,15849.9808,7,2015,2024,eu_trend_wm_max_recent_v2
JFK,CDG,821106.0,15790.5,7,2015,2024,eu_trend_wm_max_recent_v2
CDG,JFK,819259.66,15754.9934,7,2015,2024,eu_trend_wm_max_recent_v2
LHR,HKG,818979.99,15749.6152,5,2015,2019,eu_trend_wm_max_recent_v2
FCO,MAD,817980.13,15730.3871,7,2015,2024,eu_trend_wm_max_recent_v2
LHR,LAX,811370.51,15603.279,5,2015,2019,eu_trend_wm_max_recent_v2
SIN,LHR,804380.0,15468.8462,5,2015,2019,eu_trend_wm_max_recent_v2
MAD,FCO,803614.33,15454.1218,7,2015,2024,eu_trend_wm_max_recent_v2
FCO,PMO,802491.39,15432.5267,7,2015,2024,eu_trend_wm_max_recent_v2
PMO,FCO,800778.98,15399.5958,7,2015,2024,eu_trend_wm_max_recent_v2
SKG,ATH,794933.94,15287.1912,7,2015,2024,eu_trend_wm_max_recent_v2
LHR,FRA,786160.0,15118.4615,7,2015,2024,eu_trend_wm_max_recent_v2
FRA,LHR,779900.49,14998.0863,7,2015,2024,eu_trend_wm_max_recent_v2
ATH,SKG,779875.68,14997.6092,7,2015,2024,eu_trend_wm_max_recent_v2
ARN,CPH,776539.26,14933.4473,7,2015,2024,eu_trend_wm_max_recent_v2
OSL,CPH,769527.0,14798.5962,7,2015,2024,eu_trend_wm_max_recent_v2
CPH,ARN,765794.58,14726.8188,7,2015,2024,eu_trend_wm_max_recent_v2
CPH,OSL,765717.06,14725.3281,7,2015,2024,eu_trend_wm_max_recent_v2
BCN,LGW,763176.06,14676.4626,7,2015,2024,eu_trend_wm_max_recent_v2
LGW,BCN,756202.26,14542.3511,7,2015,2024,eu_trend_wm_max_recent_v2
TFN,MAD,750944.0,14441.2308,7,2015,2024,eu_trend_wm_max_recent_v2
DUS,MUC,746648.0,14358.6154,7,2015,2024,eu_trend_wm_max_recent_v2
MAD,LHR,743601.42,14300.0273,7,2015,2024,eu_trend_wm_max_recent_v2
MAD,TFN,742811.0,14284.8269,7,2015,2024,eu_trend_wm_max_recent_v2
MUC,DUS,741733.0,14264.0962,7,2015,2024,eu_trend_wm_max_recent_v2
ARN,OSL,728351.28,14006.7554,7,2015,2024,eu_trend_wm_max_recent_v2
HAM,FRA,726417.68,13969.5708,7,2015,2024,eu_trend_wm_max_recent_v2
FRA,HAM,725140.07,13945.0014,7,2015,2024,eu_trend_wm_max_recent_v2
MAD,ORY,723291.26,13909.4474,7,2015,2024,eu_trend_wm_max_recent_v2
LHR,SIN,722259.0,13889.5962,5,2015,2019,eu_trend_wm_max_recent_v2
OSL,ARN,721792.83,13880.6313,7,2015,2024,eu_trend_wm_max_recent_v2
ORY,MAD,712436.99,13700.7113,7,2015,2024,eu_trend_wm_max_recent_v2
FCO,BCN,702900.0,13517.3077,7,2015,2024,eu_trend_wm_max_recent_v2
ORY,LIS,699939.71,13460.3791,7,2015,2024,eu_trend_wm_max_recent_v2
BCN,FCO,699857.0,13458.7885,7,2015,2024,eu_trend_wm_max_recent_v2
LIS,ORY,699750.41,13456.7387,7,2015,2024,eu_trend_wm_max_recent_v2
LHR,MAD,697202.59,13407.7422,7,2015,2024,eu_trend_wm_max_recent_v2
BCN,AMS,694902.34,13363.5066,7,2015,2024,eu_trend_wm_max_recent_v2
AMS,BCN,693053.72,13327.9562,7,2015,2024,eu_trend_wm_max_recent_v2
DOH,LHR,691125.0,13290.8654,5,2015,2019,eu_trend_wm_max_recent_v2
PMI,DUS,685151.97,13175.9993,7,2015,2024,eu_trend_wm_max_recent_v2
LGW,DUB,684969.0,13172.4808,7,2015,2024,eu_trend_wm_max_recent_v2
DUS,PMI,678341.13,13045.0218,7,2015,2024,eu_trend_wm_max_recent_v2
BOG,MAD,670774.6,12899.5116,7,2015,2024,eu_trend_wm_max_recent_v2
CDG,BCN,667397.36,12834.5646,7,2015,2024,eu_trend_wm_max_recent_v2
DUB,LGW,662850.0,12747.1154,7,2015,2024,eu_trend_wm_max_recent_v2
BCN,CDG,660936.99,12710.3267,7,2015,2024,eu_trend_wm_max_recent_v2
DXB,IST,656965.88,12633.9593,2,2023,2024,eu_trend_wm_max_recent_v2
PTP,ORY,645595.44,12415.2969,7,2015,2024,eu_trend_wm_max_recent_v2
ORY,PTP,643342.49,12371.971,7,2015,2024,eu_trend_wm_max_recent_v2
LHR,MUC,639183.0,12291.9808,7,2015,2024,eu_trend_wm_max_recent_v2
IST,DXB,637889.4,12267.1038,2,2023,2024,eu_trend_wm_max_recent_v2
CDG,AMS,637881.48,12266.9515,7,2015,2024,eu_trend_wm_max_recent_v2
CDG,LHR,634820.46,12208.0858,7,2015,2024,eu_trend_wm_max_recent_v2
ORD,LHR,634041.0,12193.0962,5,2015,2019,eu_trend_wm_max_recent_v2
LHR,CDG,633560.94,12183.8643,7,2015,2024,eu_trend_wm_max_recent_v2
HEL,ARN,633460.02,12181.9236,7,2015,2024,eu_trend_wm_max_recent_v2
OSL,TOS,628210.73,12080.9755,5,2015,2019,eu_trend_wm_max_recent_v2
MUC,LHR,627514.0,12067.5769,7,2015,2024,eu_trend_wm_max_recent_v2
FNC,LIS,627192.19,12061.3883,7,2015,2024,eu_trend_wm_max_recent_v2
JTR,ATH,626198.0,12042.2692,7,2015,2024,eu_trend_wm_max_recent_v2
CDG,YUL,625391.0,12026.75,7,2015,2024,eu_trend_wm_max_recent_v2
TOS,OSL,622091.8,11963.3039,5,2015,2019,eu_trend_wm_max_recent_v2
YUL,CDG,621909.0,11959.7885,7,2015,2024,eu_trend_wm_max_recent_v2
LIS,FNC,621788.62,11957.4735,7,2015,2024,eu_trend_wm_max_recent_v2
LHR,EDI,618418.86,11892.6704,5,2015,2019,eu_trend_wm_max_recent_v2
FCO,CDG,616444.14,11854.695,7,2015,2024,eu_trend_wm_max_recent_v2
LHR,ORD,616385.0,11853.5577,5,2015,2019,eu_trend_wm_max_recent_v2
VIE,FRA,615624.06,11838.9242,7,2015,2024,eu_trend_wm_max_recent_v2
CDG,FCO,615140.58,11829.6265,7,2015,2024,eu_trend_wm_max_recent_v2
AMS,CDG,614882.0,11824.6538,7,2015,2024,eu_trend_wm_max_recent_v2
ARN,HEL,610684.0,11743.9231,7,2015,2024,eu_trend_wm_max_recent_v2
IST,LHR,607882.9,11690.0558,3,2019,2024,eu_trend_wm_max_recent_v2
EDI,LHR,604406.1,11623.1942,5,2015,2019,eu_trend_wm_max_recent_v2
HER,ATH,598323.87,11506.2283,7,2015,2024,eu_trend_wm_max_recent_v2
FRA,MUC,597621.41,11492.7194,7,2015,2024,eu_trend_wm_max_recent_v2
FRA,VIE,592323.18,11390.8304,7,2015,2024,eu_trend_wm_max_recent_v2
DXB,CDG,592315.02,11390.6735,7,2015,2024,eu_trend_wm_max_recent_v2
MUC,FRA,591212.77,11369.4764,7,2015,2024,eu_trend_wm_max_recent_v2
LHR,ZRH,590901.42,11363.4889,7,2015,2024,eu_trend_wm_max_recent_v2
CDG,DXB,590154.75,11349.1298,7,2015,2024,eu_trend_wm_max_recent_v2
AMS,DUB,589570.07,11337.886,7,2015,2024,eu_trend_wm_max_recent_v2
AUH,LHR,588418.0,11315.7308,5,2015,2019,eu_trend_wm_max_recent_v2
ZRH,LHR,586752.0,11283.6923,7,2015,2024,eu_trend_wm_max_recent_v2
DUB,AMS,586102.94,11271.2103,7,2015,2024,eu_trend_wm_max_recent_v2
BCN,ORY,578816.0,11131.0769,7,2015,2024,eu_trend_wm_max_recent_v2
LHR,YYZ,578136.0,11118.0,5,2015,2019,eu_trend_wm_max_recent_v2
IBZ,BCN,577792.33,11111.391,7,2015,2024,eu_trend_wm_max_recent_v2
YYZ,LHR,573656.0,11031.8462,5,2015,2019,eu_trend_wm_max_recent_v2
LHR,DOH,573562.0,11030.0385,5,2015,2019,eu_trend_wm_max_recent_v2
ATH,JTR,571948.0,10999.0,7,2015,2024,eu_trend_wm_max_recent_v2
ORY,BCN,569688.0,10955.5385,7,2015,2024,eu_trend_wm_max_recent_v2
BCN,IBZ,569249.53,10947.1064,7,2015,2024,eu_trend_wm_max_recent_v2
FCO,LIN,567344.4,10910.4692,7,2015,2024,eu_trend_wm_max_recent_v2
CDG,MAD,564370.0,10853.2692,7,2015,2024,eu_trend_wm_max_recent_v2
LCA,ATH,562361.34,10814.6412,7,2015,2024,eu_trend_wm_max_recent_v2
LIN,FCO,560593.02,10780.635,7,2015,2024,eu_trend_wm_max_recent_v2
MAD,AMS,560472.57,10778.3186,7,2015,2024,eu_trend_wm_max_recent_v2
MAD,BOG,560243.89,10773.9209,7,2015,2024,eu_trend_wm_max_recent_v2
ATH,LCA,559383.79,10757.3805,7,2015,2024,eu_trend_wm_max_recent_v2
AGP,LGW,559119.12,10752.2908,7,2015,2024,eu_trend_wm_max_recent_v2
LGW,AGP,557715.0,10725.2885,7,2015,2024,eu_trend_wm_max_recent_v2
MAD,CDG,554865.34,10670.4873,7,2015,2024,eu_trend_wm_max_recent_v2
LGW,AMS,554540.34,10664.2373,7,2015,2024,eu_trend_wm_max_recent_v2
BCN,LIS,553331.67,10640.9937,7,2015,2024,eu_trend_wm_max_recent_v2
AMS,MAD,553249.36,10639.4108,7,2015,2024,eu_trend_wm_max_recent_v2
AMS,LGW,552245.34,10620.1027,7,2015,2024,eu_trend_wm_max_recent_v2
FDF,ORY,551712.49,10609.8555,7,2015,2024,eu_trend_wm_max_recent_v2
ATH,HER,551316.77,10602.2455,7,2015,2024,eu_trend_wm_max_recent_v2
MIA,LHR,550898.0,10594.1923,5,2015,2019,eu_trend_wm_max_recent_v2
LLA,ARN,548375.46,10545.6819,7,2015,2024,eu_trend_wm_max_recent_v2
AMS,FCO,546027.42,10500.5273,7,2015,2024,eu_trend_wm_max_recent_v2
FRA,BER,545986.18,10499.7342,2,2023,2024,eu_trend_wm_max_recent_v2
EWR,LHR,545931.17,10498.6764,5,2015,2019,eu_trend_wm_max_recent_v2
ARN,LLA,545207.34,10484.7565,7,2015,2024,eu_trend_wm_max_recent_v2
NCE,CDG,544657.69,10474.1863,7,2015,2024,eu_trend_wm_max_recent_v2
BER,FRA,544399.94,10469.2296,2,2023,2024,eu_trend_wm_max_recent_v2
MAD,FRA,543977.36,10461.1032,7,2015,2024,eu_trend_wm_max_recent_v2
ORY,FDF,542164.92,10426.2486,7,2015,2024,eu_trend_wm_max_recent_v2
LIS,BCN,541838.11,10419.9637,7,2015,2024,eu_trend_wm_max_recent_v2
FCO,AMS,541165.08,10407.0208,7,2015,2024,eu_trend_wm_max_recent_v2
DEL,LHR,540540.86,10395.0165,5,2015,2019,eu_trend_wm_max_recent_v2
SFO,LHR,540381.0,10391.9423,5,2015,2019,eu_trend_wm_max_recent_v2
CDG,NCE,540324.86,10390.8626,7,2015,2024,eu_trend_wm_max_recent_v2
GVA,LHR,539954.34,10383.7373,7,2015,2024,eu_trend_wm_max_recent_v2
CPH,AMS,538344.58,10352.7803,7,2015,2024,eu_trend_wm_max_recent_v2
AMS,CPH,537878.48,10343.8169,7,2015,2024,eu_trend_wm_max_recent_v2
LHR,GVA,537627.72,10338.9946,7,2015,2024,eu_trend_wm_max_recent_v2
JED,IST,536798.54,10323.0488,2,2023,2024,eu_trend_wm_max_recent_v2
LHR,SFO,535173.0,10291.7885,5,2015,2019,eu_trend_wm_max_recent_v2
MAN,AMS,532839.84,10246.92,7,2015,2024,eu_trend_wm_max_recent_v2
CDG,FRA,532625.64,10242.8008,7,2015,2024,eu_trend_wm_max_recent_v2
LHR,AUH,531255.0,10216.4423,5,2015,2019,eu_trend_wm_max_recent_v2
AMS,MAN,530697.84,10205.7277,7,2015,2024,eu_trend_wm_max_recent_v2
FRA,MAD,530059.45,10193.451,7,2015,2024,eu_trend_wm_max_recent_v2
LHR,DEL,524100.46,10078.855,5,2015,2019,eu_trend_wm_max_recent_v2
MAD,LGW,523149.0,10060.5577,7,2015,2024,eu_trend_wm_max_recent_v2
BCN,FRA,521043.54,10020.0681,7,2015,2024,eu_trend_wm_max_recent_v2
LGW,MAD,520345.71,10006.6482,7,2015,2024,eu_trend_wm_max_recent_v2
LHR,MIA,519088.0,9982.4615,5,2015,2019,eu_trend_wm_max_recent_v2
LHR,IST,518480.53,9970.7794,3,2019,2024,eu_trend_wm_max_recent_v2
LGW,DXB,518427.7,9969.7635,5,2015,2019,eu_trend_wm_max_recent_v2
IST,JED,516967.27,9941.6783,2,2023,2024,eu_trend_wm_max_recent_v2
ORY,OPO,516425.97,9931.2687,7,2015,2024,eu_trend_wm_max_recent_v2
LHR,EWR,515982.22,9922.735,5,2015,2019,eu_trend_wm_max_recent_v2
ORY,FCO,515948.27,9922.0821,7,2015,2024,eu_trend_wm_max_recent_v2
OPO,ORY,515428.76,9912.0916,7,2015,2024,eu_trend_wm_max_recent_v2
FRA,BCN,515145.0,9906.6346,7,2015,2024,eu_trend_wm_max_recent_v2
CGN,MUC,514729.0,9898.6346,7,2015,2024,eu_trend_wm_max_recent_v2
MEX,MAD,512033.01,9846.7887,7,2015,2024,eu_trend_wm_max_recent_v2
LHR,FCO,510742.76,9821.9762,7,2015,2024,eu_trend_wm_max_recent_v2
OPO,LIS,510586.0,9818.9615,7,2015,2024,eu_trend_wm_max_recent_v2
CPH,LHR,507739.21,9764.2156,7,2015,2024,eu_trend_wm_max_recent_v2
SVQ,BCN,507190.23,9753.6583,7,2015,2024,eu_trend_wm_max_recent_v2
JNB,LHR,506279.0,9736.1346,4,2016,2019,eu_trend_wm_max_recent_v2
MAD,BRU,505176.62,9714.9351,7,2015,2024,eu_trend_wm_max_recent_v2
FCO,LHR,504797.92,9707.6523,7,2015,2024,eu_trend_wm_max_recent_v2
VIE,ZRH,503558.7,9683.8212,7,2015,2024,eu_trend_wm_max_recent_v2
DUB,MAN,503268.0,9678.2308,7,2015,2024,eu_trend_wm_max_recent_v2
DXB,MAN,503210.0,9677.1154,5,2015,2019,eu_trend_wm_max_recent_v2
ZRH,VIE,502761.06,9668.4819,7,2015,2024,eu_trend_wm_max_recent_v2
MUC,CGN,502412.0,9661.7692,7,2015,2024,eu_trend_wm_max_recent_v2
LHR,CPH,501708.37,9648.2378,7,2015,2024,eu_trend_wm_max_recent_v2
BCN,SVQ,501641.73,9646.9563,7,2015,2024,eu_trend_wm_max_recent_v2
CTA,MXP,501423.9,9642.7673,7,2015,2024,eu_trend_wm_max_recent_v2
ARN,LHR,500400.78,9623.0919,7,2015,2024,eu_trend_wm_max_recent_v2
BRU,MAD,500320.04,9621.5392,7,2015,2024,eu_trend_wm_max_recent_v2
MAN,DUB,500188.0,9619.0,7,2015,2024,eu_trend_wm_max_recent_v2
LIS,OPO,500110.0,9617.5,7,2015,2024,eu_trend_wm_max_recent_v2
MAN,DXB,500009.0,9615.5577,5,2015,2019,eu_trend_wm_max_recent_v2
DXB,FRA,500000.31,9615.3906,7,2015,2024,eu_trend_wm_max_recent_v2
BOM,LHR,499513.73,9606.0332,5,2015,2019,eu_trend_wm_max_recent_v2
LHR,JNB,497911.0,9575.2115,4,2016,2019,eu_trend_wm_max_recent_v2
LHR,BOM,497466.34,9566.6603,5,2015,2019,eu_trend_wm_max_recent_v2
FCO,ORY,496262.97,9543.5187,7,2015,2024,eu_trend_wm_max_recent_v2
MXP,CTA,493048.68,9481.7054,7,2015,2024,eu_trend_wm_max_recent_v2
FRA,CDG,492943.56,9479.6838,7,2015,2024,eu_trend_wm_max_recent_v2
CDG,MUC,492872.49,9478.3172,7,2015,2024,eu_trend_wm_max_recent_v2
LGW,MCO,492841.0,9477.7115,5,2015,2019,eu_trend_wm_max_recent_v2
MAD,MEX,492058.55,9462.6644,7,2015,2024,eu_trend_wm_max_recent_v2
LHR,ARN,489633.66,9416.0319,7,2015,2024,eu_trend_wm_max_recent_v2
ZRH,AMS,489071.23,9405.216,7,2015,2024,eu_trend_wm_max_recent_v2
MUC,AMS,488816.0,9400.3077,7,2015,2024,eu_trend_wm_max_recent_v2
BOS,LHR,486577.0,9357.25,5,2015,2019,eu_trend_wm_max_recent_v2
MAD,OPO,486073.0,9347.5577,7,2015,2024,eu_trend_wm_max_recent_v2
AMS,ZRH,484315.0,9313.75,7,2015,2024,eu_trend_wm_max_recent_v2
OPO,MAD,484037.0,9308.4038,7,2015,2024,eu_trend_wm_max_recent_v2
LHR,BOS,483662.0,9301.1923,5,2015,2019,eu_trend_wm_max_recent_v2
MUC,CDG,483329.26,9294.7935,7,2015,2024,eu_trend_wm_max_recent_v2
LIS,LHR,483221.97,9292.7302,7,2015,2024,eu_trend_wm_max_recent_v2
PMI,FRA,483158.64,9291.5123,7,2015,2024,eu_trend_wm_max_recent_v2
EZE,MAD,483115.0,9290.6731,7,2015,2024,eu_trend_wm_max_recent_v2
LHR,LIS,483038.12,9289.1947,7,2015,2024,eu_trend_wm_max_recent_v2
FRA,PMI,482631.16,9281.3684,7,2015,2024,eu_trend_wm_max_recent_v2
AMS,MUC,482376.0,9276.4615,7,2015,2024,eu_trend_wm_max_recent_v2
ORY,MRS,482362.08,9276.1938,7,2015,2024,eu_trend_wm_max_recent_v2
OUL,HEL,482128.0,9271.6923,7,2015,2024,eu_trend_wm_max_recent_v2
MRS,ORY,481799.21,9265.3695,7,2015,2024,eu_trend_wm_max_recent_v2
MCO,LGW,481137.0,9252.6346,5,2015,2019,eu_trend_wm_max_recent_v2
CDG,TLS,478876.48,9209.163,7,2015,2024,eu_trend_wm_max_recent_v2
FRA,DXB,477892.72,9190.2445,7,2015,2024,eu_trend_wm_max_recent_v2
BCN,BRU,477702.0,9186.5769,7,2015,2024,eu_trend_wm_max_recent_v2
HEL,OUL,474798.0,9130.7308,7,2015,2024,eu_trend_wm_max_recent_v2
BRU,BCN,474467.0,9124.3654,7,2015,2024,eu_trend_wm_max_recent_v2
DUB,BHX,473450.34,9104.8142,7,2015,2024,eu_trend_wm_max_recent_v2
DXB,LGW,473350.0,9102.8846,5,2015,2019,eu_trend_wm_max_recent_v2
LHR,GLA,473226.61,9100.5117,5,2015,2019,eu_trend_wm_max_recent_v2
BHX,DUB,472009.08,9077.0977,7,2015,2024,eu_trend_wm_max_recent_v2
TLS,CDG,470500.36,9048.0839,7,2015,2024,eu_trend_wm_max_recent_v2
LIS,AMS,467790.98,8995.9804,7,2015,2024,eu_trend_wm_max_recent_v2
GLA,LHR,467647.32,8993.2176,5,2015,2019,eu_trend_wm_max_recent_v2
MAD,EZE,466005.0,8961.6346,7,2015,2024,eu_trend_wm_max_recent_v2
FCO,JFK,463620.74,8915.7835,7,2015,2024,eu_trend_wm_max_recent_v2
AMS,LIS,463619.82,8915.7657,7,2015,2024,eu_trend_wm_max_recent_v2
AMS,DXB,462370.41,8891.7386,7,2015,2024,eu_trend_wm_max_recent_v2
STN,DUB,462230.34,8889.045,7,2015,2024,eu_trend_wm_max_recent_v2
MXP,BCN,459694.4,8840.2769,7,2015,2024,eu_trend_wm_max_recent_v2
PMI,CGN,459636.42,8839.1618,7,2015,2024,eu_trend_wm_max_recent_v2
BCN,MXP,459301.76,8832.7262,7,2015,2024,eu_trend_wm_max_recent_v2
GOT,ARN,459172.38,8830.2381,7,2015,2024,eu_trend_wm_max_recent_v2
CAG,FCO,458847.0,8823.9808,7,2015,2024,eu_trend_wm_max_recent_v2
DXB,AMS,458293.45,8813.3356,7,2015,2024,eu_trend_wm_max_recent_v2
ARN,GOT,457753.56,8802.9531,7,2015,2024,eu_trend_wm_max_recent_v2
PVG,CDG,457189.21,8792.1003,7,2015,2024,eu_trend_wm_max_recent_v2
CGN,PMI,455767.8,8764.7654,7,2015,2024,eu_trend_wm_max_recent_v2
DUB,STN,454217.22,8734.9465,7,2015,2024,eu_trend_wm_max_recent_v2
IST,CDG,452204.78,8696.2458,3,2019,2024,eu_trend_wm_max_recent_v2
ORY,BOD,449780.53,8649.6255,5,2015,2019,eu_trend_wm_max_recent_v2
BKK,LHR,447949.0,8614.4038,5,2015,2019,eu_trend_wm_max_recent_v2
IAD,LHR,447695.56,8609.5301,5,2015,2019,eu_trend_wm_max_recent_v2
BOD,ORY,447403.21,8603.9079,5,2015,2019,eu_trend_wm_max_recent_v2
CDG,PVG,446083.98,8578.5382,7,2015,2024,eu_trend_wm_max_recent_v2
FCO,CAG,445389.44,8565.1816,7,2015,2024,eu_trend_wm_max_recent_v2
BCN,MUC,444683.61,8551.6078,7,2015,2024,eu_trend_wm_max_recent_v2
PMI,HAM,443523.0,8529.2885,7,2015,2024,eu_trend_wm_max_recent_v2
AMS,FRA,443322.76,8525.4378,7,2015,2024,eu_trend_wm_max_recent_v2
MAD,MUC,443295.06,8524.905,7,2015,2024,eu_trend_wm_max_recent_v2
TFN,LPA,443265.56,8524.3378,7,2015,2024,eu_trend_wm_max_recent_v2
JFK,FCO,442719.66,8513.8397,7,2015,2024,eu_trend_wm_max_recent_v2
MAN,TFS,442563.62,8510.8389,7,2015,2024,eu_trend_wm_max_recent_v2
HAM,PMI,441928.71,8498.6289,7,2015,2024,eu_trend_wm_max_recent_v2
TFS,MAN,441271.14,8485.9836,7,2015,2024,eu_trend_wm_max_recent_v2
LPA,TFN,439808.39,8457.8536,7,2015,2024,eu_trend_wm_max_recent_v2
IBZ,MAD,439696.08,8455.6938,7,2015,2024,eu_trend_wm_max_recent_v2
MUC,MAD,434410.86,8354.055,7,2015,2024,eu_trend_wm_max_recent_v2
AGP,BCN,433386.05,8334.3471,7,2015,2024,eu_trend_wm_max_recent_v2
HEL,CPH,433222.0,8331.1923,7,2015,2024,eu_trend_wm_max_recent_v2
ARN,AMS,433203.0,8330.8269,7,2015,2024,eu_trend_wm_max_recent_v2
FRA,AMS,433151.81,8329.8426,7,2015,2024,eu_trend_wm_max_recent_v2
LHR,IAD,432102.05,8309.6548,5,2015,2019,eu_trend_wm_max_recent_v2
RUN,ORY,431244.7,8293.1674,7,2015,2024,eu_trend_wm_max_recent_v2
MAD,IBZ,431145.07,8291.2514,7,2015,2024,eu_trend_wm_max_recent_v2
AAL,CPH,431001.0,8288.4808,7,2015,2024,eu_trend_wm_max_recent_v2
AMS,ARN,430445.0,8277.7885,7,2015,2024,eu_trend_wm_max_recent_v2
CPH,AAL,430303.32,8275.0638,7,2015,2024,eu_trend_wm_max_recent_v2
BCN,AGP,429861.58,8266.5689,7,2015,2024,eu_trend_wm_max_recent_v2
CDG,IST,429408.9,8257.8634,3,2019,2024,eu_trend_wm_max_recent_v2
BOO,OSL,429349.9,8256.7288,5,2015,2019,eu_trend_wm_max_recent_v2
OSL,BOO,428835.54,8246.8373,5,2015,2019,eu_trend_wm_max_recent_v2
VIE,LHR,428373.26,8237.9472,7,2015,2024,eu_trend_wm_max_recent_v2
CDG,TLV,426399.25,8199.9856,7,2015,2024,eu_trend_wm_max_recent_v2
MAH,BCN,426392.7,8199.8597,7,2015,2024,eu_trend_wm_max_recent_v2
LGW,GVA,426298.8,8198.0538,7,2015,2024,eu_trend_wm_max_recent_v2
MUC,BCN,426171.77,8195.6109,7,2015,2024,eu_trend_wm_max_recent_v2
ORY,RUN,425006.94,8173.2103,7,2015,2024,eu_trend_wm_max_recent_v2
LIS,PDL,424928.14,8171.695,7,2015,2024,eu_trend_wm_max_recent_v2
ATL,CDG,424405.53,8161.6448,7,2015,2024,eu_trend_wm_max_recent_v2
TLV,CDG,423908.58,8152.088,7,2015,2024,eu_trend_wm_max_recent_v2
PDL,LIS,421708.0,8109.7692,7,2015,2024,eu_trend_wm_max_recent_v2
LGW,ALC,419675.18,8070.6766,7,2015,2024,eu_trend_wm_max_recent_v2
CPH,HEL,419519.0,8067.6731,7,2015,2024,eu_trend_wm_max_recent_v2
SVO,CDG,418943.0,8056.5962,5,2015,2019,eu_trend_wm_max_recent_v2
GVA,LGW,418810.98,8054.0573,7,2015,2024,eu_trend_wm_max_recent_v2
MUC,BER,418465.02,8047.4043,4,2016,2024,eu_trend_wm_max_recent_v2
ALC,LGW,417308.99,8025.1729,7,2015,2024,eu_trend_wm_max_recent_v2
BCN,MAH,416656.1,8012.6173,7,2015,2024,eu_trend_wm_max_recent_v2
LHR,BKK,415226.0,7985.1154,5,2015,2019,eu_trend_wm_max_recent_v2
CDG,ATL,415196.97,7984.557,7,2015,2024,eu_trend_wm_max_recent_v2
ATL,AMS,414225.56,7965.8762,7,2015,2024,eu_trend_wm_max_recent_v2
LHR,VIE,413529.0,7952.4808,7,2015,2024,eu_trend_wm_max_recent_v2
CPH,LGW,413447.82,7950.9196,7,2015,2024,eu_trend_wm_max_recent_v2
JFK,AMS,412468.0,7932.0769,7,2015,2024,eu_trend_wm_max_recent_v2
MXP,CDG,412301.16,7928.8684,7,2015,2024,eu_trend_wm_max_recent_v2
CDG,SVO,412037.0,7923.7885,5,2015,2019,eu_trend_wm_max_recent_v2
AMS,LTN,411723.73,7917.7641,7,2015,2024,eu_trend_wm_max_recent_v2
VIE,CDG,411415.15,7911.8297,7,2015,2024,eu_trend_wm_max_recent_v2
BER,MUC,411184.58,7907.3957,4,2016,2024,eu_trend_wm_max_recent_v2
AMS,ATL,410688.56,7897.8569,7,2015,2024,eu_trend_wm_max_recent_v2
CDG,MXP,409404.68,7873.167,7,2015,2024,eu_trend_wm_max_recent_v2
IST,TLV,408434.83,7854.516,1,2023,2023,eu_trend_wm_max_recent_v2
CDG,VIE,408208.51,7850.1637,7,2015,2024,eu_trend_wm_max_recent_v2
AMS,JFK,407257.33,7831.8717,7,2015,2024,eu_trend_wm_max_recent_v2
LTN,AMS,406150.31,7810.5829,7,2015,2024,eu_trend_wm_max_recent_v2
MAD,JFK,405311.75,7794.4567,7,2015,2024,eu_trend_wm_max_recent_v2
JFK,MAD,405062.05,7789.6549,7,2015,2024,eu_trend_wm_max_recent_v2
VIE,AMS,403344.35,7756.6222,7,2015,2024,eu_trend_wm_max_recent_v2
LIM,MAD,402273.71,7736.0329,2,2023,2024,eu_trend_wm_max_recent_v2
LGW,CPH,401921.82,7729.2658,7,2015,2024,eu_trend_wm_max_recent_v2
PMI,MUC,398649.66,7666.3396,7,2015,2024,eu_trend_wm_max_recent_v2
MUC,PMI,398277.36,7659.18,7,2015,2024,eu_trend_wm_max_recent_v2
AMS,VIE,396465.23,7624.3313,7,2015,2024,eu_trend_wm_max_recent_v2
BCN,LHR,395979.0,7614.9808,7,2015,2024,eu_trend_wm_max_recent_v2
DFW,LHR,395484.0,7605.4615,5,2015,2019,eu_trend_wm_max_recent_v2
CDG,VCE,394710.42,7590.585,7,2015,2024,eu_trend_wm_max_recent_v2
VCE,CDG,393134.52,7560.2792,7,2015,2024,eu_trend_wm_max_recent_v2
MXP,JFK,392274.93,7543.7487,7,2015,2024,eu_trend_wm_max_recent_v2
BIO,MAD,391914.52,7536.8177,7,2015,2024,eu_trend_wm_max_recent_v2
MAN,ALC,391658.73,7531.8986,7,2015,2024,eu_trend_wm_max_recent_v2
FAO,LGW,391618.08,7531.1168,7,2015,2024,eu_trend_wm_max_recent_v2
ALC,MAN,391235.6,7523.7616,7,2015,2024,eu_trend_wm_max_recent_v2
LGW,FAO,391077.63,7520.7236,7,2015,2024,eu_trend_wm_max_recent_v2
AMS,MXP,390114.63,7502.2044,7,2015,2024,eu_trend_wm_max_recent_v2
VIE,DUS,389776.0,7495.6923,7,2015,2024,eu_trend_wm_max_recent_v2
CDG,CPH,389645.0,7493.1731,7,2015,2024,eu_trend_wm_max_recent_v2
LHR,BCN,389359.0,7487.6731,7,2015,2024,eu_trend_wm_max_recent_v2
CPH,CDG,389117.23,7483.0236,7,2015,2024,eu_trend_wm_max_recent_v2
LGW,PMI,387898.0,7459.5769,7,2015,2024,eu_trend_wm_max_recent_v2
PMI,LGW,387370.0,7449.423,7,2015,2024,eu_trend_wm_max_recent_v2
ACE,LPA,386835.82,7439.1503,7,2015,2024,eu_trend_wm_max_recent_v2
PMI,STR,386450.46,7431.7396,7,2015,2024,eu_trend_wm_max_recent_v2
IST,FRA,386273.36,7428.3338,3,2019,2024,eu_trend_wm_max_recent_v2
MXP,AMS,384928.23,7402.466,7,2015,2024,eu_trend_wm_max_recent_v2
LHR,ATH,384685.78,7397.8034,7,2015,2024,eu_trend_wm_max_recent_v2
TLV,IST,384678.15,7397.6567,1,2023,2023,eu_trend_wm_max_recent_v2
LPA,ACE,384474.58,7393.7419,7,2015,2024,eu_trend_wm_max_recent_v2
ATH,LHR,383681.16,7378.4838,7,2015,2024,eu_trend_wm_max_recent_v2
LHR,DFW,383313.0,7371.4038,5,2015,2019,eu_trend_wm_max_recent_v2
MAD,BIO,382163.89,7349.3056,7,2015,2024,eu_trend_wm_max_recent_v2
BRI,FCO,382137.9,7348.8058,7,2015,2024,eu_trend_wm_max_recent_v2
STR,PMI,381886.98,7343.9804,7,2015,2024,eu_trend_wm_max_recent_v2
DUS,VIE,381399.0,7334.5962,7,2015,2024,eu_trend_wm_max_recent_v2
LIS,FRA,380212.1,7311.7711,7,2015,2024,eu_trend_wm_max_recent_v2
LGW,EDI,379134.6,7291.05,5,2015,2019,eu_trend_wm_max_recent_v2
IST,AMS,379012.21,7288.6963,3,2019,2024,eu_trend_wm_max_recent_v2
FRA,JFK,378254.76,7274.13,7,2015,2024,eu_trend_wm_max_recent_v2
MAD,MXP,378051.0,7270.2115,7,2015,2024,eu_trend_wm_max_recent_v2
JFK,FRA,377366.34,7257.045,7,2015,2024,eu_trend_wm_max_recent_v2
JFK,MXP,376993.6,7249.877,7,2015,2024,eu_trend_wm_max_recent_v2
LIS,BRU,375637.44,7223.7969,7,2015,2024,eu_trend_wm_max_recent_v2
FRA,IST,375351.93,7218.3063,3,2019,2024,eu_trend_wm_max_recent_v2
MAN,PMI,375279.42,7216.9119,7,2015,2024,eu_trend_wm_max_recent_v2
PMO,MXP,375204.11,7215.4637,7,2015,2024,eu_trend_wm_max_recent_v2
PMI,MAN,374996.88,7211.4785,7,2015,2024,eu_trend_wm_max_recent_v2
AMS,BER,374983.32,7211.2176,7,2015,2024,eu_trend_wm_max_recent_v2
DXB,MUC,374885.7,7209.3404,7,2015,2024,eu_trend_wm_max_recent_v2
FCO,MUC,374837.76,7208.4185,7,2015,2024,eu_trend_wm_max_recent_v2
FCO,BRI,374826.54,7208.2027,7,2015,2024,eu_trend_wm_max_recent_v2
ZRH,DUS,374564.0,7203.1538,7,2015,2024,eu_trend_wm_max_recent_v2
FCO,FRA,374399.16,7199.9838,7,2015,2024,eu_trend_wm_max_recent_v2
STN,EDI,374330.82,7198.6696,5,2015,2019,eu_trend_wm_max_recent_v2
FRA,LIS,374306.79,7198.2075,7,2015,2024,eu_trend_wm_max_recent_v2
BER,AMS,374202.68,7196.2055,7,2015,2024,eu_trend_wm_max_recent_v2
BRU,LIS,373694.34,7186.4296,7,2015,2024,eu_trend_wm_max_recent_v2
MXP,PMO,373437.72,7181.4947,7,2015,2024,eu_trend_wm_max_recent_v2
DUS,ZRH,373295.0,7178.75,7,2015,2024,eu_trend_wm_max_recent_v2
HEL,LHR,372809.65,7169.4164,7,2015,2024,eu_trend_wm_max_recent_v2
LGW,FCO,372011.0,7154.0577,7,2015,2024,eu_trend_wm_max_recent_v2
CDG,GVA,371864.46,7151.2396,7,2015,2024,eu_trend_wm_max_recent_v2
FRA,YYZ,370529.1,7125.5595,7,2015,2024,eu_trend_wm_max_recent_v2
MXP,MAD,370403.0,7123.1346,7,2015,2024,eu_trend_wm_max_recent_v2
LHR,HEL,370307.49,7121.2979,7,2015,2024,eu_trend_wm_max_recent_v2
EDI,STN,370046.35,7116.276,5,2015,2019,eu_trend_wm_max_recent_v2
CDG,ZRH,369583.0,7107.3654,7,2015,2024,eu_trend_wm_max_recent_v2
CTA,LIN,369544.64,7106.6276,7,2015,2024,eu_trend_wm_max_recent_v2
MAD,LIM,369283.19,7101.5998,2,2023,2024,eu_trend_wm_max_recent_v2
FCO,BRU,368865.66,7093.5704,7,2015,2024,eu_trend_wm_max_recent_v2
LHR,DUS,368809.0,7092.4808,7,2015,2024,eu_trend_wm_max_recent_v2
FCO,LGW,368807.0,7092.4423,7,2015,2024,eu_trend_wm_max_recent_v2
DUB,CDG,368720.82,7090.785,7,2015,2024,eu_trend_wm_max_recent_v2
STR,HAM,368629.0,7089.0192,7,2015,2024,eu_trend_wm_max_recent_v2
HAM,STR,368557.0,7087.6346,7,2015,2024,eu_trend_wm_max_recent_v2
DOH,CDG,368481.59,7086.1844,7,2015,2024,eu_trend_wm_max_recent_v2
PVG,FRA,368393.0,7084.4808,7,2015,2024,eu_trend_wm_max_recent_v2
CDG,DUB,367656.96,7070.3262,7,2015,2024,eu_trend_wm_max_recent_v2
FRA,PVG,366244.0,7043.1538,7,2015,2024,eu_trend_wm_max_recent_v2
BRU,FCO,366052.5,7039.4712,7,2015,2024,eu_trend_wm_max_recent_v2
EDI,LGW,365883.29,7036.2172,5,2015,2019,eu_trend_wm_max_recent_v2
BER,PMI,365759.64,7033.8393,7,2015,2024,eu_trend_wm_max_recent_v2
CDG,DOH,365134.0,7021.8077,7,2015,2024,eu_trend_wm_max_recent_v2
GVA,CDG,364714.26,7013.7358,7,2015,2024,eu_trend_wm_max_recent_v2
PMI,BER,363896.25,6998.0047,7,2015,2024,eu_trend_wm_max_recent_v2
TFS,LGW,363637.14,6993.0219,7,2015,2024,eu_trend_wm_max_recent_v2
AMS,OSL,363279.0,6986.1346,7,2015,2024,eu_trend_wm_max_recent_v2
CDG,PRG,363051.66,6981.7627,7,2015,2024,eu_trend_wm_max_recent_v2
MUC,DXB,362932.32,6979.4677,7,2015,2024,eu_trend_wm_max_recent_v2
BHX,DXB,362779.32,6976.5254,5,2015,2019,eu_trend_wm_max_recent_v2
DUS,LHR,362151.49,6964.4518,7,2015,2024,eu_trend_wm_max_recent_v2
DXB,BHX,361948.02,6960.5388,5,2015,2019,eu_trend_wm_max_recent_v2
PRG,CDG,361749.12,6956.7138,7,2015,2024,eu_trend_wm_max_recent_v2
FCO,TLV,361233.08,6946.79,7,2015,2024,eu_trend_wm_max_recent_v2
LGW,TFS,361089.18,6944.0227,7,2015,2024,eu_trend_wm_max_recent_v2
BHD,LHR,360527.73,6933.2256,5,2015,2019,eu_trend_wm_max_recent_v2
OSL,AMS,360335.0,6929.5192,7,2015,2024,eu_trend_wm_max_recent_v2
LIN,CTA,360331.13,6929.4447,7,2015,2024,eu_trend_wm_max_recent_v2
ATH,CDG,360181.46,6926.5666,7,2015,2024,eu_trend_wm_max_recent_v2
UME,ARN,359862.15,6920.4259,7,2015,2024,eu_trend_wm_max_recent_v2
MUC,FCO,359238.68,6908.4361,7,2015,2024,eu_trend_wm_max_recent_v2
GVA,OPO,359009.1,6904.0212,7,2015,2024,eu_trend_wm_max_recent_v2
AMS,IST,358972.0,6903.3077,3,2019,2024,eu_trend_wm_max_recent_v2
LHR,BHD,358905.75,6902.0336,5,2015,2019,eu_trend_wm_max_recent_v2
OPO,GVA,358416.0,6892.6153,7,2015,2024,eu_trend_wm_max_recent_v2
LGW,VCE,358185.46,6888.1819,7,2015,2024,eu_trend_wm_max_recent_v2
DUB,AGP,358084.33,6886.2372,7,2015,2024,eu_trend_wm_max_recent_v2
IST,MXP,357866.02,6882.0388,3,2019,2024,eu_trend_wm_max_recent_v2
AGP,DUB,357821.96,6881.1916,7,2015,2024,eu_trend_wm_max_recent_v2
ICN,FRA,357788.46,6880.5473,7,2015,2024,eu_trend_wm_max_recent_v2
TLV,FCO,357685.46,6878.5666,7,2015,2024,eu_trend_wm_max_recent_v2
ARN,FRA,356706.0,6859.7308,7,2015,2024,eu_trend_wm_max_recent_v2
LHR,MAN,356692.82,6859.4772,5,2015,2019,eu_trend_wm_max_recent_v2
MIA,MAD,355604.41,6838.5463,7,2015,2024,eu_trend_wm_max_recent_v2
MAD,MIA,355592.0,6838.3077,7,2015,2024,eu_trend_wm_max_recent_v2
LCG,MAD,355262.91,6831.9791,7,2015,2024,eu_trend_wm_max_recent_v2
VCE,LGW,355223.93,6831.2294,7,2015,2024,eu_trend_wm_max_recent_v2
AGP,AMS,355039.34,6827.6796,7,2015,2024,eu_trend_wm_max_recent_v2
CDG,LAX,355036.51,6827.6253,7,2015,2024,eu_trend_wm_max_recent_v2
ARN,UME,354815.85,6823.3817,7,2015,2024,eu_trend_wm_max_recent_v2
ZRH,CDG,354329.0,6814.0192,7,2015,2024,eu_trend_wm_max_recent_v2
ATH,TLV,353721.94,6802.3449,7,2015,2024,eu_trend_wm_max_recent_v2
FRA,FCO,353460.79,6797.3229,7,2015,2024,eu_trend_wm_max_recent_v2
CDG,ATH,353361.64,6795.4161,7,2015,2024,eu_trend_wm_max_recent_v2
GVA,AMS,353251.74,6793.3026,7,2015,2024,eu_trend_wm_max_recent_v2
YYZ,FRA,352930.25,6787.1203,7,2015,2024,eu_trend_wm_max_recent_v2
AMS,BHX,352788.2,6784.3884,7,2015,2024,eu_trend_wm_max_recent_v2
JFK,LGW,352068.0,6770.5385,5,2015,2019,eu_trend_wm_max_recent_v2
GRU,MAD,352033.0,6769.8654,7,2015,2024,eu_trend_wm_max_recent_v2
AMS,AGP,351889.95,6767.1144,7,2015,2024,eu_trend_wm_max_recent_v2
FRA,ICN,351776.58,6764.9342,7,2015,2024,eu_trend_wm_max_recent_v2
BHX,AMS,351565.0,6760.8654,7,2015,2024,eu_trend_wm_max_recent_v2
FRA,ARN,350886.12,6747.81,7,2015,2024,eu_trend_wm_max_recent_v2
AMS,GVA,350826.96,6746.6723,7,2015,2024,eu_trend_wm_max_recent_v2
TLV,ATH,350227.95,6735.1529,7,2015,2024,eu_trend_wm_max_recent_v2
HAM,ZRH,349900.0,6728.8462,7,2015,2024,eu_trend_wm_max_recent_v2
ZRH,BER,349786.36,6726.6607,4,2017,2024,eu_trend_wm_max_recent_v2
BER,ZRH,349427.9,6719.7674,4,2017,2024,eu_trend_wm_max_recent_v2
OSL,LHR,348966.0,6710.8846,7,2015,2024,eu_trend_wm_max_recent_v2
LHR,ABZ,348720.0,6706.1538,5,2015,2019,eu_trend_wm_max_recent_v2
CMN,ORY,348544.0,6702.7692,7,2015,2024,eu_trend_wm_max_recent_v2
ATH,FCO,348364.56,6699.3184,7,2015,2024,eu_trend_wm_max_recent_v2
HEL,AMS,348171.94,6695.6142,7,2015,2024,eu_trend_wm_max_recent_v2
LAX,CDG,347925.62,6690.8773,7,2015,2024,eu_trend_wm_max_recent_v2
LGW,JFK,347784.0,6688.1538,5,2015,2019,eu_trend_wm_max_recent_v2
JER,LGW,347241.82,6677.7274,5,2015,2019,eu_trend_wm_max_recent_v2
LGW,JER,346681.0,6666.9423,5,2015,2019,eu_trend_wm_max_recent_v2
TLV,LHR,346655.0,6666.4423,5,2015,2019,eu_trend_wm_max_recent_v2
FCO,ATH,346628.65,6665.9356,7,2015,2024,eu_trend_wm_max_recent_v2
AMS,HEL,346097.38,6655.7189,7,2015,2024,eu_trend_wm_max_recent_v2
ZRH,MAD,345841.54,6650.7988,7,2015,2024,eu_trend_wm_max_recent_v2
FRA,BKK,345194.32,6638.3522,7,2015,2024,eu_trend_wm_max_recent_v2
GRU,LIS,344226.65,6619.7433,7,2015,2024,eu_trend_wm_max_recent_v2
BRU,LHR,344124.0,6617.7692,7,2015,2024,eu_trend_wm_max_recent_v2
CDG,MRS,343976.64,6614.9354,7,2015,2024,eu_trend_wm_max_recent_v2
MRS,CDG,343578.84,6607.2854,7,2015,2024,eu_trend_wm_max_recent_v2
ABZ,LHR,343569.0,6607.0962,5,2015,2019,eu_trend_wm_max_recent_v2
EDI,AMS,343414.0,6604.1154,7,2015,2024,eu_trend_wm_max_recent_v2
MAD,ZRH,343243.9,6600.8442,7,2015,2024,eu_trend_wm_max_recent_v2
ZRH,HAM,343041.0,6596.9423,7,2015,2024,eu_trend_wm_max_recent_v2
AMS,PRG,342736.89,6591.0941,7,2015,2024,eu_trend_wm_max_recent_v2
MAD,LCG,342208.05,6580.9241,7,2015,2024,eu_trend_wm_max_recent_v2
PRG,AMS,342085.6,6578.5692,7,2015,2024,eu_trend_wm_max_recent_v2
MAD,GRU,341900.0,6575.0,7,2015,2024,eu_trend_wm_max_recent_v2
LIN,CDG,341825.58,6573.5688,7,2015,2024,eu_trend_wm_max_recent_v2
ATL,LHR,341700.02,6571.1542,5,2015,2019,eu_trend_wm_max_recent_v2
EDI,DUB,341505.0,6567.4039,7,2015,2024,eu_trend_wm_max_recent_v2
CDG,LIS,341114.91,6559.9021,7,2015,2024,eu_trend_wm_max_recent_v2
BKK,FRA,340258.3,6543.4289,7,2015,2024,eu_trend_wm_max_recent_v2
LIS,CDG,339270.28,6524.4284,7,2015,2024,eu_trend_wm_max_recent_v2
ORY,CMN,339159.0,6522.2885,7,2015,2024,eu_trend_wm_max_recent_v2
CDG,LIN,339012.47,6519.4706,7,2015,2024,eu_trend_wm_max_recent_v2
FRA,CPH,338783.82,6515.0735,7,2015,2024,eu_trend_wm_max_recent_v2
MXP,IST,337847.5,6497.0673,3,2019,2024,eu_trend_wm_max_recent_v2
LHR,OSL,337843.38,6496.9881,7,2015,2024,eu_trend_wm_max_recent_v2
VGO,MAD,337351.4,6487.5268,7,2015,2024,eu_trend_wm_max_recent_v2
CPH,FRA,337113.53,6482.9525,7,2015,2024,eu_trend_wm_max_recent_v2
ATH,IST,336933.82,6479.4965,3,2019,2024,eu_trend_wm_max_recent_v2
CHQ,ATH,336928.27,6479.3899,7,2015,2024,eu_trend_wm_max_recent_v2
AMS,EDI,336897.0,6478.7885,7,2015,2024,eu_trend_wm_max_recent_v2
MXP,DXB,336566.34,6472.4296,7,2015,2024,eu_trend_wm_max_recent_v2
ZRH,FRA,336244.56,6466.2416,7,2015,2024,eu_trend_wm_max_recent_v2
LIS,GRU,335785.48,6457.413,7,2015,2024,eu_trend_wm_max_recent_v2
DXB,MXP,335762.0,6456.9615,7,2015,2024,eu_trend_wm_max_recent_v2
ORD,FRA,335402.52,6450.0485,7,2015,2024,eu_trend_wm_max_recent_v2
MAN,LHR,335384.38,6449.6997,5,2015,2019,eu_trend_wm_max_recent_v2
KUL,LHR,335218.42,6446.508,5,2015,2019,eu_trend_wm_max_recent_v2
FRA,ORD,335035.85,6442.9971,7,2015,2024,eu_trend_wm_max_recent_v2
SPC,TFN,334700.14,6436.5412,7,2015,2024,eu_trend_wm_max_recent_v2
IST,ATH,334419.11,6431.1367,3,2019,2024,eu_trend_wm_max_recent_v2
CDG,PEK,333308.79,6409.7844,7,2015,2024,eu_trend_wm_max_recent_v2
SCQ,MAD,332861.41,6401.181,7,2015,2024,eu_trend_wm_max_recent_v2
ZRH,BCN,331634.24,6377.5816,7,2015,2024,eu_trend_wm_max_recent_v2
LHR,BRU,331545.0,6375.8654,7,2015,2024,eu_trend_wm_max_recent_v2
LHR,TLV,331475.0,6374.5192,5,2015,2019,eu_trend_wm_max_recent_v2
TFN,SPC,330317.31,6352.2559,7,2015,2024,eu_trend_wm_max_recent_v2
BCN,ZRH,329900.0,6344.2308,7,2015,2024,eu_trend_wm_max_recent_v2
AES,OSL,329851.0,6343.2885,5,2015,2019,eu_trend_wm_max_recent_v2
CDG,BOD,329642.0,6339.2692,7,2015,2024,eu_trend_wm_max_recent_v2
MAD,VGO,329632.67,6339.0898,7,2015,2024,eu_trend_wm_max_recent_v2
PMI,ZRH,329628.97,6339.0187,7,2015,2024,eu_trend_wm_max_recent_v2
LIN,LHR,329111.38,6329.0649,7,2015,2024,eu_trend_wm_max_recent_v2
CDG,ICN,328334.63,6314.1276,7,2015,2024,eu_trend_wm_max_recent_v2
MXP,LGW,327746.0,6302.8077,7,2015,2024,eu_trend_wm_max_recent_v2
FRA,SFO,327697.0,6301.8654,7,2015,2024,eu_trend_wm_max_recent_v2
DUB,EDI,327579.28,6299.6016,7,2015,2024,eu_trend_wm_max_recent_v2
PMI,VLC,327354.66,6295.282,7,2015,2024,eu_trend_wm_max_recent_v2
ATH,CHQ,326959.06,6287.6742,7,2015,2024,eu_trend_wm_max_recent_v2
MMX,ARN,326680.5,6282.3173,7,2015,2024,eu_trend_wm_max_recent_v2
LGW,GLA,326321.46,6275.4127,5,2015,2019,eu_trend_wm_max_recent_v2
RHO,ATH,325756.21,6264.5425,7,2015,2024,eu_trend_wm_max_recent_v2
FRA,ZRH,325221.07,6254.2514,7,2015,2024,eu_trend_wm_max_recent_v2
LHR,LIN,325054.38,6251.0457,7,2015,2024,eu_trend_wm_max_recent_v2
OSL,AES,325002.0,6250.0385,5,2015,2019,eu_trend_wm_max_recent_v2
CDG,MAN,324814.09,6246.4248,7,2015,2024,eu_trend_wm_max_recent_v2
ZRH,PMI,324228.17,6235.1571,7,2015,2024,eu_trend_wm_max_recent_v2
VIE,BCN,324080.36,6232.3145,7,2015,2024,eu_trend_wm_max_recent_v2
LIS,GVA,323983.35,6230.4491,7,2015,2024,eu_trend_wm_max_recent_v2
PEK,CDG,323597.69,6223.0326,7,2015,2024,eu_trend_wm_max_recent_v2
GVA,BCN,323521.0,6221.5577,7,2015,2024,eu_trend_wm_max_recent_v2
AMS,LCY,323490.53,6220.9718,7,2015,2024,eu_trend_wm_max_recent_v2
AGP,MAD,323453.68,6220.2631,7,2015,2024,eu_trend_wm_max_recent_v2
VLC,PMI,323383.03,6218.9045,7,2015,2024,eu_trend_wm_max_recent_v2
BOD,CDG,322766.0,6207.0385,7,2015,2024,eu_trend_wm_max_recent_v2
BCN,VIE,322385.0,6199.7115,7,2015,2024,eu_trend_wm_max_recent_v2
MAN,CDG,322102.74,6194.2835,7,2015,2024,eu_trend_wm_max_recent_v2
FRA,SIN,321136.4,6175.7,7,2015,2024,eu_trend_wm_max_recent_v2
GVA,LIS,321069.54,6174.4143,7,2015,2024,eu_trend_wm_max_recent_v2
IAD,FRA,321059.99,6174.2306,7,2015,2024,eu_trend_wm_max_recent_v2
SIN,FRA,320532.57,6164.0879,7,2015,2024,eu_trend_wm_max_recent_v2
LHR,ATL,320477.85,6163.0357,5,2015,2019,eu_trend_wm_max_recent_v2
BCN,GVA,320098.0,6155.7308,7,2015,2024,eu_trend_wm_max_recent_v2
LGW,MXP,319962.78,6153.1303,7,2015,2024,eu_trend_wm_max_recent_v2
SFO,FRA,319741.97,6148.884,7,2015,2024,eu_trend_wm_max_recent_v2
GLA,LGW,319481.0,6143.8654,5,2015,2019,eu_trend_wm_max_recent_v2
ARN,MMX,319352.82,6141.4004,7,2015,2024,eu_trend_wm_max_recent_v2
ICN,CDG,319283.15,6140.0607,7,2015,2024,eu_trend_wm_max_recent_v2
ATH,RHO,319084.56,6136.2415,7,2015,2024,eu_trend_wm_max_recent_v2
OPO,BCN,318841.7,6131.5711,7,2015,2024,eu_trend_wm_max_recent_v2
BCN,OPO,318530.13,6125.5794,7,2015,2024,eu_trend_wm_max_recent_v2
FRA,IAD,316984.91,6095.8637,7,2015,2024,eu_trend_wm_max_recent_v2
LGW,NCE,316862.91,6093.5176,7,2015,2024,eu_trend_wm_max_recent_v2
LHR,KUL,316578.51,6088.0483,5,2015,2019,eu_trend_wm_max_recent_v2
BER,CDG,315790.29,6072.8902,3,2019,2024,eu_trend_wm_max_recent_v2
GVA,ZRH,315497.14,6067.2527,7,2015,2024,eu_trend_wm_max_recent_v2
FUE,LPA,315262.25,6062.7356,7,2015,2024,eu_trend_wm_max_recent_v2
STN,CIA,315246.0,6062.4231,7,2015,2024,eu_trend_wm_max_recent_v2
GRU,CDG,314877.39,6055.3345,7,2015,2024,eu_trend_wm_max_recent_v2
ATH,MUC,314817.88,6054.19,7,2015,2024,eu_trend_wm_max_recent_v2
NCE,LGW,314044.34,6039.3143,7,2015,2024,eu_trend_wm_max_recent_v2
SUF,MXP,313930.99,6037.1344,7,2015,2024,eu_trend_wm_max_recent_v2
CDG,BER,313896.41,6036.4694,3,2019,2024,eu_trend_wm_max_recent_v2
VIE,HAM,313840.74,6035.3988,7,2015,2024,eu_trend_wm_max_recent_v2
DTW,AMS,313604.41,6030.854,7,2015,2024,eu_trend_wm_max_recent_v2
LCA,TLV,312810.37,6015.584,7,2015,2024,eu_trend_wm_max_recent_v2
AMS,DTW,312574.0,6011.0385,7,2015,2024,eu_trend_wm_max_recent_v2
CIA,STN,311854.0,5997.1923,7,2015,2024,eu_trend_wm_max_recent_v2
FCO,DXB,311396.82,5988.4004,7,2015,2024,eu_trend_wm_max_recent_v2
BIO,BCN,311326.0,5987.0385,7,2015,2024,eu_trend_wm_max_recent_v2
BCN,BIO,311275.0,5986.0577,7,2015,2024,eu_trend_wm_max_recent_v2
ATH,FRA,310929.0,5979.4038,7,2015,2024,eu_trend_wm_max_recent_v2
LPA,FUE,310911.12,5979.06,7,2015,2024,eu_trend_wm_max_recent_v2
TLV,LCA,310753.89,5976.0363,7,2015,2024,eu_trend_wm_max_recent_v2
HAM,VIE,309674.04,5955.27,7,2015,2024,eu_trend_wm_max_recent_v2
SVO,IST,309648.97,5954.7878,2,2023,2024,eu_trend_wm_max_recent_v2
DUB,JFK,309327.24,5948.6008,7,2015,2024,eu_trend_wm_max_recent_v2
HAM,LHR,309160.98,5945.4035,7,2015,2024,eu_trend_wm_max_recent_v2
AMS,SVO,308405.0,5930.8654,5,2015,2019,eu_trend_wm_max_recent_v2
GVA,BRU,308177.0,5926.4808,7,2015,2024,eu_trend_wm_max_recent_v2
DXB,FCO,307945.14,5922.0219,7,2015,2024,eu_trend_wm_max_recent_v2
MXP,SUF,307658.08,5916.5015,7,2015,2024,eu_trend_wm_max_recent_v2
MAD,AGP,307519.16,5913.83,7,2015,2024,eu_trend_wm_max_recent_v2
HND,CDG,307320.89,5910.0171,7,2015,2024,eu_trend_wm_max_recent_v2
JFK,DUB,307237.4,5908.4116,7,2015,2024,eu_trend_wm_max_recent_v2
FRA,ATH,306955.0,5902.9808,7,2015,2024,eu_trend_wm_max_recent_v2
ZRH,GVA,306856.62,5901.0888,7,2015,2024,eu_trend_wm_max_recent_v2
BRU,GVA,306828.0,5900.5385,7,2015,2024,eu_trend_wm_max_recent_v2
MUC,ATH,306340.68,5891.1669,7,2015,2024,eu_trend_wm_max_recent_v2
CDG,GRU,305173.71,5868.7251,7,2015,2024,eu_trend_wm_max_recent_v2
EVE,OSL,305007.83,5865.5351,5,2015,2019,eu_trend_wm_max_recent_v2
OSL,EVE,304945.55,5864.3374,5,2015,2019,eu_trend_wm_max_recent_v2
SVO,AMS,304647.0,5858.5962,5,2015,2019,eu_trend_wm_max_recent_v2
DXB,ZRH,304366.31,5853.1983,7,2015,2024,eu_trend_wm_max_recent_v2
LGW,BFS,304240.5,5850.7788,5,2015,2019,eu_trend_wm_max_recent_v2
BFS,LGW,303604.02,5838.5388,5,2015,2019,eu_trend_wm_max_recent_v2
LHR,HAM,303258.0,5831.8846,7,2015,2024,eu_trend_wm_max_recent_v2
IST,FCO,303164.41,5830.0847,3,2019,2024,eu_trend_wm_max_recent_v2
IST,SVO,302838.38,5823.815,2,2023,2024,eu_trend_wm_max_recent_v2
MAD,SCQ,302635.71,5819.9176,7,2015,2024,eu_trend_wm_max_recent_v2
FCO,IST,302044.92,5808.5562,3,2019,2024,eu_trend_wm_max_recent_v2
LCY,AMS,301812.76,5804.0915,7,2015,2024,eu_trend_wm_max_recent_v2
BCN,DUB,301483.0,5797.75,7,2015,2024,eu_trend_wm_max_recent_v2
OTP,TLV,301371.63,5795.6082,7,2015,2024,eu_trend_wm_max_recent_v2
CDG,HND,301039.56,5789.2223,7,2015,2024,eu_trend_wm_max_recent_v2
DUB,BCN,300048.0,5770.1538,7,2015,2024,eu_trend_wm_max_recent_v2
FAO,DUB,298538.8,5741.1308,7,2015,2024,eu_trend_wm_max_recent_v2
OTP,LTN,298436.66,5739.1665,7,2015,2024,eu_trend_wm_max_recent_v2
TLV,OTP,296428.69,5700.5517,7,2015,2024,eu_trend_wm_max_recent_v2
IST,CAI,296178.38,5695.738,2,2023,2024,eu_trend_wm_max_recent_v2
LIS,ZRH,296161.29,5695.4095,7,2015,2024,eu_trend_wm_max_recent_v2
TLV,AMS,296056.22,5693.3889,7,2015,2024,eu_trend_wm_max_recent_v2
NAP,MXP,295944.0,5691.2308,7,2015,2024,eu_trend_wm_max_recent_v2
DUB,FAO,295655.48,5685.6823,7,2015,2024,eu_trend_wm_max_recent_v2
MAN,AGP,295550.0,5683.6538,7,2015,2024,eu_trend_wm_max_recent_v2
ACE,MAD,294879.69,5670.7632,7,2015,2024,eu_trend_wm_max_recent_v2
ZRH,LIS,294567.21,5664.754,7,2015,2024,eu_trend_wm_max_recent_v2
AGP,MAN,294370.98,5660.9804,7,2015,2024,eu_trend_wm_max_recent_v2
LHR,PEK,294304.0,5659.6923,5,2015,2019,eu_trend_wm_max_recent_v2
HND,LHR,293943.0,5652.75,5,2015,2019,eu_trend_wm_max_recent_v2
ZRH,DXB,293877.95,5651.499,7,2015,2024,eu_trend_wm_max_recent_v2
SVG,BGO,293247.96,5639.3838,5,2015,2019,eu_trend_wm_max_recent_v2
AMS,TLV,292986.0,5634.3462,7,2015,2024,eu_trend_wm_max_recent_v2
LHR,NCE,292325.02,5621.6349,7,2015,2024,eu_trend_wm_max_recent_v2
LHR,HND,292283.0,5620.8269,5,2015,2019,eu_trend_wm_max_recent_v2
PEK,LHR,291528.0,5606.3077,5,2015,2019,eu_trend_wm_max_recent_v2
FRA,PEK,291021.0,5596.5577,7,2015,2024,eu_trend_wm_max_recent_v2
PEK,FRA,290292.0,5582.5385,7,2015,2024,eu_trend_wm_max_recent_v2
LTN,OTP,290274.72,5582.2062,7,2015,2024,eu_trend_wm_max_recent_v2
PMI,HAJ,289682.73,5570.8218,7,2015,2024,eu_trend_wm_max_recent_v2
MAD,ACE,289675.36,5570.6799,7,2015,2024,eu_trend_wm_max_recent_v2
AMS,YYZ,289442.0,5566.1923,7,2015,2024,eu_trend_wm_max_recent_v2
CAG,LIN,289066.71,5558.9751,7,2015,2024,eu_trend_wm_max_recent_v2
MXP,NAP,288502.0,5548.1154,7,2015,2024,eu_trend_wm_max_recent_v2
BFS,STN,288075.0,5539.9038,5,2015,2019,eu_trend_wm_max_recent_v2
NCE,LHR,287930.28,5537.1209,7,2015,2024,eu_trend_wm_max_recent_v2
BRU,FRA,287556.16,5529.9261,7,2015,2024,eu_trend_wm_max_recent_v2
HAJ,PMI,287288.77,5524.7841,7,2015,2024,eu_trend_wm_max_recent_v2
CDG,YYZ,287257.05,5524.1741,7,2015,2024,eu_trend_wm_max_recent_v2
GVA,MAD,286891.22,5517.1388,7,2015,2024,eu_trend_wm_max_recent_v2
MAD,GVA,286358.49,5506.894,7,2015,2024,eu_trend_wm_max_recent_v2
BGO,SVG,285547.14,5491.2912,5,2015,2019,eu_trend_wm_max_recent_v2
BUD,LTN,285347.0,5487.4423,7,2015,2024,eu_trend_wm_max_recent_v2
AMS,MSP,285283.92,5486.2293,7,2015,2024,eu_trend_wm_max_recent_v2
BCN,TFN,285282.0,5486.1923,7,2015,2024,eu_trend_wm_max_recent_v2
TFN,BCN,284776.0,5476.4615,7,2015,2024,eu_trend_wm_max_recent_v2
STN,BFS,284744.0,5475.8462,5,2015,2019,eu_trend_wm_max_recent_v2
FRA,BRU,284434.96,5469.903,7,2015,2024,eu_trend_wm_max_recent_v2
IST,BER,283742.49,5456.5864,2,2023,2024,eu_trend_wm_max_recent_v2
LTN,BUD,283323.0,5448.5192,7,2015,2024,eu_trend_wm_max_recent_v2
MXP,LIS,283081.94,5443.8835,7,2015,2024,eu_trend_wm_max_recent_v2
ORY,MPL,282703.0,5436.5962,7,2015,2024,eu_trend_wm_max_recent_v2
FCO,SVO,282485.0,5432.4038,5,2015,2019,eu_trend_wm_max_recent_v2
LHR,YVR,282419.64,5431.1469,5,2015,2019,eu_trend_wm_max_recent_v2
LIN,CAG,282240.21,5427.6964,7,2015,2024,eu_trend_wm_max_recent_v2
CAI,IST,282171.96,5426.3838,2,2023,2024,eu_trend_wm_max_recent_v2
IST,JFK,281996.43,5423.0082,2,2023,2024,eu_trend_wm_max_recent_v2
CTA,BLQ,281553.67,5414.4936,7,2015,2024,eu_trend_wm_max_recent_v2
DUB,FRA,280840.21,5400.7732,7,2015,2024,eu_trend_wm_max_recent_v2
FRA,DUB,280787.15,5399.7528,7,2015,2024,eu_trend_wm_max_recent_v2
MPL,ORY,279843.0,5381.5962,7,2015,2024,eu_trend_wm_max_recent_v2
VIE,BER,279656.33,5378.0063,5,2016,2024,eu_trend_wm_max_recent_v2
CDG,WAW,278804.0,5361.6154,7,2015,2024,eu_trend_wm_max_recent_v2
VIE,FCO,278704.24,5359.6969,7,2015,2024,eu_trend_wm_max_recent_v2
BLQ,CTA,278572.0,5357.1539,7,2015,2024,eu_trend_wm_max_recent_v2
YYZ,AMS,278437.0,5354.5577,7,2015,2024,eu_trend_wm_max_recent_v2
BOD,LYS,278230.01,5350.5771,7,2015,2024,eu_trend_wm_max_recent_v2
FCO,VIE,278121.0,5348.4808,7,2015,2024,eu_trend_wm_max_recent_v2
LIS,MXP,277814.18,5342.5803,7,2015,2024,eu_trend_wm_max_recent_v2
STN,GLA,277669.23,5339.793,5,2015,2019,eu_trend_wm_max_recent_v2
MUC,HEL,277304.05,5332.7703,7,2015,2024,eu_trend_wm_max_recent_v2
BCN,DXB,277212.0,5331.0,7,2015,2024,eu_trend_wm_max_recent_v2
FNC,OPO,276736.09,5321.8478,7,2015,2024,eu_trend_wm_max_recent_v2
WAW,CDG,276708.0,5321.3077,7,2015,2024,eu_trend_wm_max_recent_v2
ARN,MUC,275915.12,5306.06,7,2015,2024,eu_trend_wm_max_recent_v2
IST,DUS,275699.0,5301.9038,3,2019,2024,eu_trend_wm_max_recent_v2
HEL,MUC,275621.73,5300.4178,7,2015,2024,eu_trend_wm_max_recent_v2
SVO,FCO,275428.0,5296.6923,5,2015,2019,eu_trend_wm_max_recent_v2
MAD,DUB,275374.5,5295.6635,7,2015,2024,eu_trend_wm_max_recent_v2
YVR,LHR,275179.68,5291.9169,5,2015,2019,eu_trend_wm_max_recent_v2
MUC,HAJ,275050.0,5289.4231,7,2015,2024,eu_trend_wm_max_recent_v2
OSL,FRA,275038.0,5289.1923,7,2015,2024,eu_trend_wm_max_recent_v2
OPO,FNC,274503.46,5278.9127,7,2015,2024,eu_trend_wm_max_recent_v2
YYZ,CDG,274502.55,5278.8953,7,2015,2024,eu_trend_wm_max_recent_v2
MSP,AMS,274405.5,5277.0288,7,2015,2024,eu_trend_wm_max_recent_v2
LYS,BOD,274014.31,5269.506,7,2015,2024,eu_trend_wm_max_recent_v2
ICN,LHR,273889.0,5267.0962,5,2015,2019,eu_trend_wm_max_recent_v2
BER,VIE,273610.68,5261.7439,5,2016,2024,eu_trend_wm_max_recent_v2
SVO,LHR,272689.0,5244.0192,5,2015,2019,eu_trend_wm_max_recent_v2
KRS,OSL,272593.56,5242.1838,5,2015,2019,eu_trend_wm_max_recent_v2
DUS,HAM,272038.08,5231.5015,7,2015,2024,eu_trend_wm_max_recent_v2
GLA,STN,271930.39,5229.4305,5,2015,2019,eu_trend_wm_max_recent_v2
BDS,FCO,271915.62,5229.1465,7,2015,2024,eu_trend_wm_max_recent_v2
DUB,MAD,270805.92,5207.8062,7,2015,2024,eu_trend_wm_max_recent_v2
CMN,CDG,270433.62,5200.6465,7,2015,2024,eu_trend_wm_max_recent_v2
BRU,AGP,270376.7,5199.5519,7,2015,2024,eu_trend_wm_max_recent_v2
PRG,FRA,269914.44,5190.6623,7,2015,2024,eu_trend_wm_max_recent_v2
AGP,BRU,269835.48,5189.1439,7,2015,2024,eu_trend_wm_max_recent_v2
HAV,MAD,269420.0,5181.1538,7,2015,2024,eu_trend_wm_max_recent_v2
CPH,KEF,269411.0,5180.9808,7,2015,2024,eu_trend_wm_max_recent_v2
OSL,KRS,269256.06,5178.0012,5,2015,2019,eu_trend_wm_max_recent_v2
BER,IST,268680.12,5166.9253,2,2023,2024,eu_trend_wm_max_recent_v2
FCO,TRN,268638.42,5166.1235,7,2015,2024,eu_trend_wm_max_recent_v2
HEL,FRA,268175.0,5157.2115,7,2015,2024,eu_trend_wm_max_recent_v2
DUS,IST,267932.0,5152.5385,3,2019,2024,eu_trend_wm_max_recent_v2
CDG,CMN,267422.58,5142.7419,7,2015,2024,eu_trend_wm_max_recent_v2
CDG,MEX,267346.37,5141.2764,7,2015,2024,eu_trend_wm_max_recent_v2
IAH,LHR,266839.0,5131.5192,5,2015,2019,eu_trend_wm_max_recent_v2
VCE,MAD,266566.54,5126.2796,7,2015,2024,eu_trend_wm_max_recent_v2
VIE,MUC,266346.0,5122.0385,7,2015,2024,eu_trend_wm_max_recent_v2
HAJ,MUC,266016.0,5115.6923,7,2015,2024,eu_trend_wm_max_recent_v2
CPH,AGP,265968.44,5114.7777,7,2015,2024,eu_trend_wm_max_recent_v2
AGP,CPH,265862.39,5112.7383,7,2015,2024,eu_trend_wm_max_recent_v2
WAW,FRA,265778.0,5111.1154,7,2015,2024,eu_trend_wm_max_recent_v2
FCO,BDS,265745.7,5110.4942,7,2015,2024,eu_trend_wm_max_recent_v2
SFO,CDG,265719.18,5109.9842,7,2015,2024,eu_trend_wm_max_recent_v2
KEF,CPH,265630.0,5108.2692,7,2015,2024,eu_trend_wm_max_recent_v2
CDG,ARN,265316.28,5102.2362,7,2015,2024,eu_trend_wm_max_recent_v2
MUC,VIE,265161.0,5099.25,7,2015,2024,eu_trend_wm_max_recent_v2
MEX,CDG,265118.28,5098.4284,7,2015,2024,eu_trend_wm_max_recent_v2
HAM,DUS,264487.02,5086.2888,7,2015,2024,eu_trend_wm_max_recent_v2
FRA,OSL,264407.0,5084.75,7,2015,2024,eu_trend_wm_max_recent_v2
DXB,DUS,264356.56,5083.7799,7,2015,2024,eu_trend_wm_max_recent_v2
CDG,SIN,264273.37,5082.1803,7,2015,2024,eu_trend_wm_max_recent_v2
CDG,SFO,264237.12,5081.4831,7,2015,2024,eu_trend_wm_max_recent_v2
CDG,RUN,264159.11,5079.9828,7,2015,2024,eu_trend_wm_max_recent_v2
MUC,ARN,263232.64,5062.1662,7,2015,2024,eu_trend_wm_max_recent_v2
FRA,PRG,262919.28,5056.14,7,2015,2024,eu_trend_wm_max_recent_v2
LIN,AMS,262445.08,5047.0209,7,2015,2024,eu_trend_wm_max_recent_v2
PMI,IBZ,262359.42,5045.3735,7,2015,2024,eu_trend_wm_max_recent_v2
IBZ,PMI,262204.54,5042.395,7,2015,2024,eu_trend_wm_max_recent_v2
DUS,DXB,261409.31,5027.1021,7,2015,2024,eu_trend_wm_max_recent_v2
WAW,AMS,261396.52,5026.8562,7,2015,2024,eu_trend_wm_max_recent_v2
WAW,LHR,261099.04,5021.1354,7,2015,2024,eu_trend_wm_max_recent_v2
LIS,MUC,261092.3,5021.0058,7,2015,2024,eu_trend_wm_max_recent_v2
LYS,CDG,260708.03,5013.616,7,2015,2024,eu_trend_wm_max_recent_v2
EDI,LCY,260677.0,5013.0192,5,2015,2019,eu_trend_wm_max_recent_v2
SIN,CDG,260160.42,5003.0849,7,2015,2024,eu_trend_wm_max_recent_v2
TRN,FCO,260128.56,5002.4723,7,2015,2024,eu_trend_wm_max_recent_v2
OSL,HEL,260055.0,5001.0577,7,2015,2024,eu_trend_wm_max_recent_v2
BMA,MMX,259991.88,4999.8438,7,2015,2024,eu_trend_wm_max_recent_v2
MAD,VCE,259949.27,4999.0244,7,2015,2024,eu_trend_wm_max_recent_v2
MAD,HAV,259948.0,4999.0,7,2015,2024,eu_trend_wm_max_recent_v2
JFK,IST,259850.0,4997.1154,2,2023,2024,eu_trend_wm_max_recent_v2
FRA,HEL,259753.0,4995.25,7,2015,2024,eu_trend_wm_max_recent_v2
HEL,OSL,259266.64,4985.8969,7,2015,2024,eu_trend_wm_max_recent_v2
LHR,PVG,259125.0,4983.1731,5,2015,2019,eu_trend_wm_max_recent_v2
RUN,CDG,258638.68,4973.8207,7,2015,2024,eu_trend_wm_max_recent_v2
LHR,NCL,258155.49,4964.5287,5,2015,2019,eu_trend_wm_max_recent_v2
LHR,SVO,258064.0,4962.7692,5,2015,2019,eu_trend_wm_max_recent_v2
ARN,LGW,257409.94,4950.1912,7,2015,2024,eu_trend_wm_max_recent_v2
ARN,CDG,257219.52,4946.5292,7,2015,2024,eu_trend_wm_max_recent_v2
FRA,WAW,256861.0,4939.6346,7,2015,2024,eu_trend_wm_max_recent_v2
CDG,BKK,256673.32,4936.0253,7,2015,2024,eu_trend_wm_max_recent_v2
VCE,BCN,256470.58,4932.1265,7,2015,2024,eu_trend_wm_max_recent_v2
SCL,MAD,256294.0,4928.7308,7,2015,2024,eu_trend_wm_max_recent_v2
MMX,BMA,256063.86,4924.305,7,2015,2024,eu_trend_wm_max_recent_v2
MUC,LIS,255657.01,4916.481,7,2015,2024,eu_trend_wm_max_recent_v2
FRA,HND,255606.0,4915.5,7,2015,2024,eu_trend_wm_max_recent_v2
BCN,VCE,255191.97,4907.538,7,2015,2024,eu_trend_wm_max_recent_v2
CDG,LYS,255007.22,4903.985,7,2015,2024,eu_trend_wm_max_recent_v2
LHR,ICN,254474.0,4893.7308,5,2015,2019,eu_trend_wm_max_recent_v2
MAD,DXB,254187.0,4888.2115,7,2015,2024,eu_trend_wm_max_recent_v2
LCY,EDI,254044.0,4885.4615,5,2015,2019,eu_trend_wm_max_recent_v2
HND,FRA,253941.0,4883.4808,7,2015,2024,eu_trend_wm_max_recent_v2
AMS,LIN,253870.88,4882.1322,7,2015,2024,eu_trend_wm_max_recent_v2
VCE,FCO,253679.1,4878.4442,7,2015,2024,eu_trend_wm_max_recent_v2
AMS,WAW,253662.0,4878.1154,7,2015,2024,eu_trend_wm_max_recent_v2
NCL,LHR,253302.03,4871.1928,5,2015,2019,eu_trend_wm_max_recent_v2
BKK,CDG,253276.2,4870.6962,7,2015,2024,eu_trend_wm_max_recent_v2
TLV,FRA,252946.0,4864.3462,7,2015,2024,eu_trend_wm_max_recent_v2
NTE,LYS,252674.67,4859.1282,7,2015,2024,eu_trend_wm_max_recent_v2
NAP,LIN,252656.94,4858.7874,7,2015,2024,eu_trend_wm_max_recent_v2
ATH,AMS,252633.0,4858.3269,7,2015,2024,eu_trend_wm_max_recent_v2
IST,OTP,252514.67,4856.0514,3,2019,2024,eu_trend_wm_max_recent_v2
DXB,MAD,252096.0,4848.0,7,2015,2024,eu_trend_wm_max_recent_v2
LGW,ARN,251810.46,4842.5088,7,2015,2024,eu_trend_wm_max_recent_v2
PVG,LHR,251550.0,4837.5,5,2015,2019,eu_trend_wm_max_recent_v2
DOH,MAD,251415.29,4834.9095,2,2023,2024,eu_trend_wm_max_recent_v2
LYS,NTE,251357.52,4833.7984,7,2015,2024,eu_trend_wm_max_recent_v2
FCO,VCE,251330.04,4833.27,7,2015,2024,eu_trend_wm_max_recent_v2
RIX,SVO,251249.0,4831.7115,5,2015,2019,eu_trend_wm_max_recent_v2
CPH,VIE,251073.47,4828.336,7,2015,2024,eu_trend_wm_max_recent_v2
JMK,ATH,250900.0,4825.0,7,2015,2024,eu_trend_wm_max_recent_v2
LHR,WAW,250711.32,4821.3716,7,2015,2024,eu_trend_wm_max_recent_v2
TLV,BUD,250450.8,4816.3615,7,2015,2024,eu_trend_wm_max_recent_v2
DUB,GLA,250413.0,4815.6346,7,2015,2024,eu_trend_wm_max_recent_v2
MAD,SCL,250245.0,4812.4038,7,2015,2024,eu_trend_wm_max_recent_v2
LHR,IAH,250172.0,4811.0,5,2015,2019,eu_trend_wm_max_recent_v2
VIE,TLV,250163.48,4810.8362,7,2015,2024,eu_trend_wm_max_recent_v2
GLA,DUB,250060.0,4808.8462,7,2015,2024,eu_trend_wm_max_recent_v2
BUD,TLV,250038.76,4808.4378,7,2015,2024,eu_trend_wm_max_recent_v2
BCN,BER,249419.79,4796.5344,7,2015,2024,eu_trend_wm_max_recent_v2
MAN,ACE,249393.92,4796.0369,7,2015,2024,eu_trend_wm_max_recent_v2
ACE,MAN,249366.21,4795.5039,7,2015,2024,eu_trend_wm_max_recent_v2
DXB,BCN,249261.0,4793.4808,7,2015,2024,eu_trend_wm_max_recent_v2
MAD,OVD,248951.07,4787.5206,7,2015,2024,eu_trend_wm_max_recent_v2
STN,BCN,248754.54,4783.7412,7,2015,2024,eu_trend_wm_max_recent_v2
AMS,ATH,248669.0,4782.0962,7,2015,2024,eu_trend_wm_max_recent_v2
BER,BCN,248657.62,4781.8772,7,2015,2024,eu_trend_wm_max_recent_v2
FRA,TLV,248455.0,4777.9808,7,2015,2024,eu_trend_wm_max_recent_v2
OTP,IST,248365.68,4776.2631,3,2019,2024,eu_trend_wm_max_recent_v2
LIN,NAP,248325.03,4775.4814,7,2015,2024,eu_trend_wm_max_recent_v2
SVO,RIX,248216.0,4773.3846,5,2015,2019,eu_trend_wm_max_recent_v2
PHL,LHR,248038.27,4769.9667,5,2015,2019,eu_trend_wm_max_recent_v2
LHR,BER,248027.55,4769.7606,2,2023,2024,eu_trend_wm_max_recent_v2
BFS,LPL,247896.07,4767.232,5,2015,2019,eu_trend_wm_max_recent_v2
BER,LHR,247850.17,4766.3495,2,2023,2024,eu_trend_wm_max_recent_v2
MCO,MAN,247699.86,4763.4588,5,2015,2019,eu_trend_wm_max_recent_v2
STN,BGY,247615.2,4761.8308,7,2015,2024,eu_trend_wm_max_recent_v2
BCN,MAN,247098.76,4751.8993,7,2015,2024,eu_trend_wm_max_recent_v2
OVD,MAD,247087.86,4751.6896,7,2015,2024,eu_trend_wm_max_recent_v2
MAD,DOH,246881.98,4747.7305,2,2023,2024,eu_trend_wm_max_recent_v2
MAN,MCO,246807.36,4746.2954,5,2015,2019,eu_trend_wm_max_recent_v2
CDG,HKG,246770.0,4745.5769,7,2015,2024,eu_trend_wm_max_recent_v2
VIE,PMI,246755.49,4745.2979,7,2015,2024,eu_trend_wm_max_recent_v2
VIE,CPH,246727.7,4744.7635,7,2015,2024,eu_trend_wm_max_recent_v2
RVN,HEL,246527.25,4740.9086,7,2015,2024,eu_trend_wm_max_recent_v2
ATH,MXP,246379.41,4738.0656,7,2015,2024,eu_trend_wm_max_recent_v2
DUB,LIS,246368.74,4737.8604,7,2015,2024,eu_trend_wm_max_recent_v2
STN,MAD,246229.5,4735.1827,7,2015,2024,eu_trend_wm_max_recent_v2
LPL,BFS,246141.89,4733.4979,5,2015,2019,eu_trend_wm_max_recent_v2
LIS,DUB,246100.65,4732.7047,7,2015,2024,eu_trend_wm_max_recent_v2
TLV,VIE,245853.74,4727.9566,7,2015,2024,eu_trend_wm_max_recent_v2
CDG,IAD,245780.76,4726.5531,7,2015,2024,eu_trend_wm_max_recent_v2
AGP,ARN,245534.09,4721.8095,7,2015,2024,eu_trend_wm_max_recent_v2
MAN,BCN,245474.79,4720.669,7,2015,2024,eu_trend_wm_max_recent_v2
CDG,HEL,245334.33,4717.9679,7,2015,2024,eu_trend_wm_max_recent_v2
STN,AGP,245327.36,4717.8339,7,2015,2024,eu_trend_wm_max_recent_v2
MAD,STN,245230.42,4715.9696,7,2015,2024,eu_trend_wm_max_recent_v2
ATH,ZRH,245134.56,4714.1262,7,2015,2024,eu_trend_wm_max_recent_v2
DEL,FRA,244902.0,4709.6538,7,2015,2024,eu_trend_wm_max_recent_v2
GRU,FRA,244670.0,4705.1923,7,2015,2024,eu_trend_wm_max_recent_v2
LTN,TLV,244592.0,4703.6923,5,2015,2019,eu_trend_wm_max_recent_v2
VIE,BRU,244119.0,4694.5962,7,2015,2024,eu_trend_wm_max_recent_v2
BCN,STN,243996.24,4692.2354,7,2015,2024,eu_trend_wm_max_recent_v2
BGY,STN,243864.56,4689.703,7,2015,2024,eu_trend_wm_max_recent_v2
ZRH,ATH,243576.95,4684.1721,7,2015,2024,eu_trend_wm_max_recent_v2
VCE,FRA,243485.69,4682.417,7,2015,2024,eu_trend_wm_max_recent_v2
ARN,AGP,243372.3,4680.2365,7,2015,2024,eu_trend_wm_max_recent_v2
IAD,CDG,243329.8,4679.4192,7,2015,2024,eu_trend_wm_max_recent_v2
PMI,VIE,243050.15,4674.0413,7,2015,2024,eu_trend_wm_max_recent_v2
IST,ICN,242699.74,4667.3026,2,2023,2024,eu_trend_wm_max_recent_v2
DOH,IST,242569.47,4664.7976,2,2023,2024,eu_trend_wm_max_recent_v2
BUD,FRA,242481.87,4663.1128,7,2015,2024,eu_trend_wm_max_recent_v2
BCN,SVO,242077.0,4655.3269,5,2015,2019,eu_trend_wm_max_recent_v2
BRU,VIE,242058.0,4654.9615,7,2015,2024,eu_trend_wm_max_recent_v2
LGW,CDG,241907.57,4652.0686,7,2015,2024,eu_trend_wm_max_recent_v2
CDG,DUS,241234.08,4639.1169,7,2015,2024,eu_trend_wm_max_recent_v2
ALC,AMS,241111.65,4636.7624,7,2015,2024,eu_trend_wm_max_recent_v2
CPH,BRU,241077.0,4636.0962,7,2015,2024,eu_trend_wm_max_recent_v2
AGP,STN,240889.01,4632.481,7,2015,2024,eu_trend_wm_max_recent_v2
HAM,AMS,240731.91,4629.4599,7,2015,2024,eu_trend_wm_max_recent_v2
DUB,LCY,240685.16,4628.5607,7,2015,2024,eu_trend_wm_max_recent_v2
TLV,LTN,240548.0,4625.9231,5,2015,2019,eu_trend_wm_max_recent_v2
BUD,CDG,240540.48,4625.7785,7,2015,2024,eu_trend_wm_max_recent_v2
MUC,MXP,240498.66,4624.9742,7,2015,2024,eu_trend_wm_max_recent_v2
FRA,DEL,240401.07,4623.0974,7,2015,2024,eu_trend_wm_max_recent_v2
AGP,CDG,239996.0,4615.3077,7,2015,2024,eu_trend_wm_max_recent_v2
SVO,BCN,239752.0,4610.6154,5,2015,2019,eu_trend_wm_max_recent_v2
ATH,JMK,239735.0,4610.2885,7,2015,2024,eu_trend_wm_max_recent_v2
BCN,CPH,239714.34,4609.8911,7,2015,2024,eu_trend_wm_max_recent_v2
CPH,BCN,239608.03,4607.8468,7,2015,2024,eu_trend_wm_max_recent_v2
OSL,HAU,239513.58,4606.0305,5,2015,2019,eu_trend_wm_max_recent_v2
AMS,ALC,239492.15,4605.6182,7,2015,2024,eu_trend_wm_max_recent_v2
AJA,ORY,239452.14,4604.8488,7,2015,2024,eu_trend_wm_max_recent_v2
IST,DOH,239324.93,4602.4025,2,2023,2024,eu_trend_wm_max_recent_v2
MAN,FAO,239255.28,4601.0631,7,2015,2024,eu_trend_wm_max_recent_v2
CDG,AGP,238942.0,4595.0385,7,2015,2024,eu_trend_wm_max_recent_v2
BCN,LPA,238825.82,4592.8042,7,2015,2024,eu_trend_wm_max_recent_v2
HAU,OSL,238771.8,4591.7654,5,2015,2019,eu_trend_wm_max_recent_v2
HKG,CDG,238688.0,4590.1538,7,2015,2024,eu_trend_wm_max_recent_v2
SDQ,MAD,238608.95,4588.6336,7,2015,2024,eu_trend_wm_max_recent_v2
ORY,AJA,238583.1,4588.1365,7,2015,2024,eu_trend_wm_max_recent_v2
BFS,MAN,237962.0,4576.1923,5,2015,2019,eu_trend_wm_max_recent_v2
FRA,GRU,237793.0,4572.9423,7,2015,2024,eu_trend_wm_max_recent_v2
FRA,VCE,237694.68,4571.0515,7,2015,2024,eu_trend_wm_max_recent_v2
OTP,VIE,237674.63,4570.666,7,2015,2024,eu_trend_wm_max_recent_v2
MIA,CDG,237639.32,4569.9869,7,2015,2024,eu_trend_wm_max_recent_v2
LCY,DUB,237637.37,4569.9494,7,2015,2024,eu_trend_wm_max_recent_v2
FAO,MAN,237612.06,4569.4627,7,2015,2024,eu_trend_wm_max_recent_v2
LHR,PHL,237583.25,4568.9086,5,2015,2019,eu_trend_wm_max_recent_v2
AMS,HAM,237559.0,4568.4423,7,2015,2024,eu_trend_wm_max_recent_v2
FRA,LIN,237472.63,4566.7813,7,2015,2024,eu_trend_wm_max_recent_v2
BRU,CPH,237430.0,4565.9615,7,2015,2024,eu_trend_wm_max_recent_v2
AMS,NCE,237068.4,4559.0077,7,2015,2024,eu_trend_wm_max_recent_v2
MUC,CPH,237034.74,4558.3604,7,2015,2024,eu_trend_wm_max_recent_v2
NCE,AMS,236950.08,4556.7323,7,2015,2024,eu_trend_wm_max_recent_v2
CDG,OSL,236847.7,4554.7635,7,2015,2024,eu_trend_wm_max_recent_v2
STN,PMI,236753.42,4552.9505,7,2015,2024,eu_trend_wm_max_recent_v2
NAP,BGY,236523.0,4548.5192,5,2017,2024,eu_trend_wm_max_recent_v2
LPA,BCN,236483.6,4547.7615,7,2015,2024,eu_trend_wm_max_recent_v2
STN,TFS,236425.63,4546.6467,7,2015,2024,eu_trend_wm_max_recent_v2
BGY,NAP,236286.0,4543.9615,5,2017,2024,eu_trend_wm_max_recent_v2
OSL,CDG,235989.07,4538.2513,7,2015,2024,eu_trend_wm_max_recent_v2
HEL,RVN,235947.11,4537.4445,7,2015,2024,eu_trend_wm_max_recent_v2
MXP,ATH,235743.18,4533.5227,7,2015,2024,eu_trend_wm_max_recent_v2
TFS,STN,235679.31,4532.2944,7,2015,2024,eu_trend_wm_max_recent_v2
MXP,MUC,235306.86,4525.1319,7,2015,2024,eu_trend_wm_max_recent_v2
CGN,HAM,235185.0,4522.7885,7,2015,2024,eu_trend_wm_max_recent_v2
SUF,FCO,235179.36,4522.68,7,2015,2024,eu_trend_wm_max_recent_v2
LIN,FRA,235075.04,4520.6738,7,2015,2024,eu_trend_wm_max_recent_v2
IST,RUH,234859.06,4516.5204,2,2023,2024,eu_trend_wm_max_recent_v2
CDG,MIA,234133.86,4502.5742,7,2015,2024,eu_trend_wm_max_recent_v2
LTN,WAW,233960.99,4499.2498,7,2015,2024,eu_trend_wm_max_recent_v2
PRG,LHR,233165.08,4483.9439,5,2015,2019,eu_trend_wm_max_recent_v2
IST,BCN,233037.24,4481.4853,2,2023,2024,eu_trend_wm_max_recent_v2
DXB,GLA,232952.39,4479.8537,5,2015,2019,eu_trend_wm_max_recent_v2
CPH,ZRH,232547.09,4472.0594,7,2015,2024,eu_trend_wm_max_recent_v2
MAN,BFS,232493.0,4471.0192,5,2015,2019,eu_trend_wm_max_recent_v2
WAW,LTN,232481.54,4470.7989,7,2015,2024,eu_trend_wm_max_recent_v2
CDG,HAM,232458.0,4470.3462,7,2015,2024,eu_trend_wm_max_recent_v2
OTP,AMS,232451.37,4470.2187,7,2015,2024,eu_trend_wm_max_recent_v2
ZRH,CPH,232409.75,4469.4183,7,2015,2024,eu_trend_wm_max_recent_v2
CDG,BUD,232282.56,4466.9723,7,2015,2024,eu_trend_wm_max_recent_v2
HAM,CDG,232078.0,4463.0385,7,2015,2024,eu_trend_wm_max_recent_v2
PMI,STN,231960.3,4460.775,7,2015,2024,eu_trend_wm_max_recent_v2
CDG,LGW,231859.38,4458.8343,7,2015,2024,eu_trend_wm_max_recent_v2
FCO,SUF,231530.82,4452.5158,7,2015,2024,eu_trend_wm_max_recent_v2
FCO,LIS,231524.0,4452.3846,7,2015,2024,eu_trend_wm_max_recent_v2
SIN,ZRH,230809.62,4438.6465,7,2015,2024,eu_trend_wm_max_recent_v2
GLA,DXB,230775.0,4437.9808,5,2015,2019,eu_trend_wm_max_recent_v2
GRU,LHR,230680.09,4436.1556,5,2015,2019,eu_trend_wm_max_recent_v2
MAD,TLV,230590.09,4434.4249,7,2015,2024,eu_trend_wm_max_recent_v2
TLV,MAD,230463.4,4431.9885,7,2015,2024,eu_trend_wm_max_recent_v2
DUS,CDG,229976.51,4422.6252,7,2015,2024,eu_trend_wm_max_recent_v2
VIE,OTP,229714.17,4417.5801,7,2015,2024,eu_trend_wm_max_recent_v2
IST,VIE,229423.15,4411.9837,3,2019,2024,eu_trend_wm_max_recent_v2
LIS,FCO,229002.0,4403.8846,7,2015,2024,eu_trend_wm_max_recent_v2
ICN,IST,228842.06,4400.8088,2,2023,2024,eu_trend_wm_max_recent_v2
BRI,BGY,228536.0,4394.9231,7,2015,2024,eu_trend_wm_max_recent_v2
HAM,CGN,228458.0,4393.4231,7,2015,2024,eu_trend_wm_max_recent_v2
LPL,DUB,228453.12,4393.3292,7,2015,2024,eu_trend_wm_max_recent_v2
MAD,SDQ,228381.98,4391.9612,7,2015,2024,eu_trend_wm_max_recent_v2
BRS,AMS,228381.84,4391.9584,7,2015,2024,eu_trend_wm_max_recent_v2
IST,MAD,228322.85,4390.8241,2,2023,2024,eu_trend_wm_max_recent_v2
BGY,BRI,228097.0,4386.4808,7,2015,2024,eu_trend_wm_max_recent_v2
CPH,MUC,227996.9,4384.5558,7,2015,2024,eu_trend_wm_max_recent_v2
ALC,BCN,227933.0,4383.3269,7,2015,2024,eu_trend_wm_max_recent_v2
STN,BER,227823.0,4381.2115,7,2015,2024,eu_trend_wm_max_recent_v2
BUD,AMS,227774.0,4380.2692,7,2015,2024,eu_trend_wm_max_recent_v2
VIE,DXB,227551.65,4375.9932,7,2015,2024,eu_trend_wm_max_recent_v2
OPO,LUX,227542.22,4375.812,7,2015,2024,eu_trend_wm_max_recent_v2
ZRH,TLV,227519.16,4375.3685,7,2015,2024,eu_trend_wm_max_recent_v2
BCN,IST,227401.78,4373.1112,2,2023,2024,eu_trend_wm_max_recent_v2
DUB,BOS,227300.16,4371.1569,7,2015,2024,eu_trend_wm_max_recent_v2
MXP,DOH,227078.43,4366.893,6,2016,2024,eu_trend_wm_max_recent_v2
GRU,FCO,227075.0,4366.8269,7,2015,2024,eu_trend_wm_max_recent_v2
BUD,STN,226994.26,4365.2741,7,2015,2024,eu_trend_wm_max_recent_v2
AMS,BRS,226948.97,4364.4033,7,2015,2024,eu_trend_wm_max_recent_v2
AMS,BUD,226754.0,4360.6538,7,2015,2024,eu_trend_wm_max_recent_v2
BER,STN,226053.0,4347.1731,7,2015,2024,eu_trend_wm_max_recent_v2
MAN,AUH,225888.53,4344.0101,5,2015,2019,eu_trend_wm_max_recent_v2
TLV,ZRH,225711.0,4340.5962,7,2015,2024,eu_trend_wm_max_recent_v2
LIN,PMO,225569.79,4337.8807,7,2015,2024,eu_trend_wm_max_recent_v2
PMO,LIN,225519.91,4336.9213,7,2015,2024,eu_trend_wm_max_recent_v2
FRA,IAH,225518.14,4336.8874,7,2015,2024,eu_trend_wm_max_recent_v2
DUB,LPL,225405.35,4334.7183,7,2015,2024,eu_trend_wm_max_recent_v2
CDG,FLR,225373.0,4334.0962,7,2015,2024,eu_trend_wm_max_recent_v2
AMS,OTP,225300.7,4332.7058,7,2015,2024,eu_trend_wm_max_recent_v2
LUX,OPO,224923.75,4325.4568,7,2015,2024,eu_trend_wm_max_recent_v2
FRA,BUD,224880.38,4324.6227,7,2015,2024,eu_trend_wm_max_recent_v2
LHR,PRG,224689.99,4320.9613,5,2015,2019,eu_trend_wm_max_recent_v2
SCQ,BCN,224598.18,4319.1957,7,2015,2024,eu_trend_wm_max_recent_v2
DEL,IST,224592.37,4319.084,2,2023,2024,eu_trend_wm_max_recent_v2
HEL,CDG,224350.3,4314.4289,7,2015,2024,eu_trend_wm_max_recent_v2
STN,BUD,224218.19,4311.8883,7,2015,2024,eu_trend_wm_max_recent_v2
AUH,CDG,224132.33,4310.2371,7,2015,2024,eu_trend_wm_max_recent_v2
AMS,BSL,223854.4,4304.8923,7,2015,2024,eu_trend_wm_max_recent_v2
DXB,HAM,223655.0,4301.0577,7,2015,2024,eu_trend_wm_max_recent_v2
HAM,DXB,223598.61,4299.9732,7,2015,2024,eu_trend_wm_max_recent_v2
FLR,CDG,223452.95,4297.1721,7,2015,2024,eu_trend_wm_max_recent_v2
ORD,DUB,223070.08,4289.8093,7,2015,2024,eu_trend_wm_max_recent_v2
IAH,FRA,223004.37,4288.5456,7,2015,2024,eu_trend_wm_max_recent_v2
VIE,STR,222987.89,4288.2287,7,2015,2024,eu_trend_wm_max_recent_v2
PMI,SVQ,222948.85,4287.4778,7,2015,2024,eu_trend_wm_max_recent_v2
CDG,AUH,222837.03,4285.3276,7,2015,2024,eu_trend_wm_max_recent_v2
STR,VIE,222626.87,4281.286,7,2015,2024,eu_trend_wm_max_recent_v2
DOH,MXP,222509.09,4279.0211,6,2016,2024,eu_trend_wm_max_recent_v2
BCN,JFK,221624.18,4262.0034,7,2015,2024,eu_trend_wm_max_recent_v2
JFK,ZRH,221565.42,4260.8735,7,2015,2024,eu_trend_wm_max_recent_v2
BOS,CDG,221534.0,4260.2692,7,2015,2024,eu_trend_wm_max_recent_v2
BOS,DUB,221533.51,4260.2599,7,2015,2024,eu_trend_wm_max_recent_v2
ZRH,BKK,221464.0,4258.9231,7,2015,2024,eu_trend_wm_max_recent_v2
IST,MUC,221185.22,4253.562,3,2019,2024,eu_trend_wm_max_recent_v2
BCN,ALC,221165.0,4253.1731,7,2015,2024,eu_trend_wm_max_recent_v2
IST,BEG,221022.77,4250.4379,3,2019,2024,eu_trend_wm_max_recent_v2
SVQ,PMI,220876.66,4247.6281,7,2015,2024,eu_trend_wm_max_recent_v2
LHR,GRU,220565.0,4241.6346,5,2015,2019,eu_trend_wm_max_recent_v2
GLA,AMS,220498.0,4240.3462,7,2015,2024,eu_trend_wm_max_recent_v2
AUH,MAN,220478.45,4239.9701,5,2015,2019,eu_trend_wm_max_recent_v2
DUB,ORD,220438.91,4239.2098,7,2015,2024,eu_trend_wm_max_recent_v2
DOH,MAN,220410.0,4238.6538,5,2015,2019,eu_trend_wm_max_recent_v2
BRU,DUB,220167.0,4233.9808,7,2015,2024,eu_trend_wm_max_recent_v2
LGW,YYZ,220164.0,4233.9231,5,2015,2019,eu_trend_wm_max_recent_v2
MAD,VIE,220040.58,4231.5496,7,2015,2024,eu_trend_wm_max_recent_v2
BSL,AMS,219813.32,4227.1792,7,2015,2024,eu_trend_wm_max_recent_v2
CPH,BGO,219719.22,4225.3696,7,2015,2024,eu_trend_wm_max_recent_v2
STN,PRG,219602.0,4223.1154,5,2015,2019,eu_trend_wm_max_recent_v2
AMS,GLA,219555.0,4222.2115,7,2015,2024,eu_trend_wm_max_recent_v2
CDG,BOS,219519.0,4221.5192,7,2015,2024,eu_trend_wm_max_recent_v2
DXB,VIE,219490.71,4220.9752,7,2015,2024,eu_trend_wm_max_recent_v2
ZRH,FCO,219242.3,4216.1982,7,2015,2024,eu_trend_wm_max_recent_v2
ZRH,LCY,219231.48,4215.99,7,2015,2024,eu_trend_wm_max_recent_v2
ZRH,JFK,219226.56,4215.8954,7,2015,2024,eu_trend_wm_max_recent_v2
ZRH,SIN,219135.29,4214.1402,7,2015,2024,eu_trend_wm_max_recent_v2
DUB,DXB,219121.07,4213.8668,7,2015,2024,eu_trend_wm_max_recent_v2
BRU,ALC,218787.85,4207.4586,7,2015,2024,eu_trend_wm_max_recent_v2
BKK,ZRH,218600.52,4203.8562,7,2015,2024,eu_trend_wm_max_recent_v2
AGP,ORY,218567.97,4203.2302,7,2015,2024,eu_trend_wm_max_recent_v2
NAP,LGW,218451.0,4200.9808,7,2015,2024,eu_trend_wm_max_recent_v2
BGO,CPH,218435.04,4200.6738,7,2015,2024,eu_trend_wm_max_recent_v2
DUB,BRU,218401.0,4200.0192,7,2015,2024,eu_trend_wm_max_recent_v2
BER,SVO,218127.0,4194.75,5,2015,2019,eu_trend_wm_max_recent_v2
ALC,BRU,217745.75,4187.4182,7,2015,2024,eu_trend_wm_max_recent_v2
BRI,LIN,217653.36,4185.6416,7,2015,2024,eu_trend_wm_max_recent_v2
MAD,DUS,217622.99,4185.0574,7,2015,2024,eu_trend_wm_max_recent_v2
DXB,DUB,217593.0,4184.4808,7,2015,2024,eu_trend_wm_max_recent_v2
AMS,HKG,217576.29,4184.1595,7,2015,2024,eu_trend_wm_max_recent_v2
FCO,GRU,217282.0,4178.5,7,2015,2024,eu_trend_wm_max_recent_v2
FCO,MXP,217127.0,4175.5192,5,2015,2019,eu_trend_wm_max_recent_v2
LGW,NAP,217085.0,4174.7115,7,2015,2024,eu_trend_wm_max_recent_v2
JFK,BCN,217024.88,4173.5553,7,2015,2024,eu_trend_wm_max_recent_v2
PRG,STN,216798.0,4169.1923,5,2015,2019,eu_trend_wm_max_recent_v2
YYZ,LGW,216636.0,4166.0769,5,2015,2019,eu_trend_wm_max_recent_v2
CDG,NTE,216614.96,4165.6723,7,2015,2024,eu_trend_wm_max_recent_v2
NTE,CDG,216452.36,4162.5455,7,2015,2024,eu_trend_wm_max_recent_v2
DUB,ACE,216058.46,4154.9704,7,2015,2024,eu_trend_wm_max_recent_v2
VIE,MAD,216038.48,4154.5862,7,2015,2024,eu_trend_wm_max_recent_v2
MXP,SVO,215969.0,4153.25,5,2015,2019,eu_trend_wm_max_recent_v2
ACE,DUB,215953.4,4152.9499,7,2015,2024,eu_trend_wm_max_recent_v2
RUH,IST,215942.4,4152.7385,2,2023,2024,eu_trend_wm_max_recent_v2
ORY,AGP,215583.03,4145.8274,7,2015,2024,eu_trend_wm_max_recent_v2
MAD,OTP,215369.0,4141.7115,7,2015,2024,eu_trend_wm_max_recent_v2
DUS,MAD,215343.42,4141.2196,7,2015,2024,eu_trend_wm_max_recent_v2
IST,DEL,215219.95,4138.8453,2,2023,2024,eu_trend_wm_max_recent_v2
BRS,ALC,214955.73,4133.7641,7,2015,2024,eu_trend_wm_max_recent_v2
ORY,BIA,214575.22,4126.4465,7,2015,2024,eu_trend_wm_max_recent_v2
EWR,FRA,214517.0,4125.3269,7,2015,2024,eu_trend_wm_max_recent_v2
BCN,GRX,214430.86,4123.6705,7,2015,2024,eu_trend_wm_max_recent_v2
GVA,FRA,214367.28,4122.4477,7,2015,2024,eu_trend_wm_max_recent_v2
HKG,AMS,214267.26,4120.5242,7,2015,2024,eu_trend_wm_max_recent_v2
MAN,FRA,214167.86,4118.6127,7,2015,2024,eu_trend_wm_max_recent_v2
FCO,ZRH,214159.2,4118.4462,7,2015,2024,eu_trend_wm_max_recent_v2
AMS,PVG,214122.64,4117.7431,7,2015,2024,eu_trend_wm_max_recent_v2
MPL,CDG,213787.0,4111.2885,7,2015,2024,eu_trend_wm_max_recent_v2
PMI,ALC,213767.67,4110.9167,7,2015,2024,eu_trend_wm_max_recent_v2
MAD,BER,213761.2,4110.7924,7,2015,2024,eu_trend_wm_max_recent_v2
BRI,MXP,213623.86,4108.1511,7,2015,2024,eu_trend_wm_max_recent_v2
AMS,NBO,213500.28,4105.7746,7,2015,2024,eu_trend_wm_max_recent_v2
MXP,BRI,213486.19,4105.5036,7,2015,2024,eu_trend_wm_max_recent_v2
SEA,LHR,213461.0,4105.0192,5,2015,2019,eu_trend_wm_max_recent_v2
CDG,MPL,213354.0,4102.9615,7,2015,2024,eu_trend_wm_max_recent_v2
FRA,EWR,213342.0,4102.7308,7,2015,2024,eu_trend_wm_max_recent_v2
SVO,BER,213249.0,4100.9423,5,2015,2019,eu_trend_wm_max_recent_v2
ALC,BRS,213161.63,4099.2621,7,2015,2024,eu_trend_wm_max_recent_v2
AMS,VCE,213136.14,4098.7719,7,2015,2024,eu_trend_wm_max_recent_v2
VIE,IST,213120.05,4098.4626,3,2019,2024,eu_trend_wm_max_recent_v2
GRX,BCN,213095.82,4097.9965,7,2015,2024,eu_trend_wm_max_recent_v2
NBO,AMS,212797.17,4092.2533,7,2015,2024,eu_trend_wm_max_recent_v2
DUB,MUC,212794.05,4092.1933,7,2015,2024,eu_trend_wm_max_recent_v2
LHR,SEA,212731.0,4090.9808,5,2015,2019,eu_trend_wm_max_recent_v2
PVG,AMS,212656.72,4089.5523,7,2015,2024,eu_trend_wm_max_recent_v2
BER,MAD,212465.97,4085.8841,7,2015,2024,eu_trend_wm_max_recent_v2
OTP,MAD,212291.0,4082.5192,7,2015,2024,eu_trend_wm_max_recent_v2
BRU,MUC,212223.91,4081.2291,7,2015,2024,eu_trend_wm_max_recent_v2
CAI,LHR,212166.0,4080.1154,5,2015,2019,eu_trend_wm_max_recent_v2
BGO,TRD,212067.85,4078.2279,5,2015,2019,eu_trend_wm_max_recent_v2
TLS,LYS,212028.32,4077.4677,7,2015,2024,eu_trend_wm_max_recent_v2
STN,CGN,212010.58,4077.1264,7,2015,2024,eu_trend_wm_max_recent_v2
BCN,TLV,211887.66,4074.7627,7,2015,2024,eu_trend_wm_max_recent_v2
LGW,ATH,211883.02,4074.6736,7,2015,2024,eu_trend_wm_max_recent_v2
CUN,LGW,211866.02,4074.3465,5,2015,2019,eu_trend_wm_max_recent_v2
BIA,ORY,211710.18,4071.3496,7,2015,2024,eu_trend_wm_max_recent_v2
DOH,FCO,211483.0,4066.9808,6,2016,2024,eu_trend_wm_max_recent_v2
IST,BRU,211482.08,4066.963,2,2023,2024,eu_trend_wm_max_recent_v2
ACE,LGW,211469.14,4066.7143,7,2015,2024,eu_trend_wm_max_recent_v2
FRA,GVA,211422.54,4065.8181,7,2015,2024,eu_trend_wm_max_recent_v2
DUB,BRS,211354.0,4064.5,7,2015,2024,eu_trend_wm_max_recent_v2
SVO,MXP,210877.0,4055.3269,5,2015,2019,eu_trend_wm_max_recent_v2
BRS,DUB,210854.0,4054.8846,7,2015,2024,eu_trend_wm_max_recent_v2
LGW,ACE,210423.35,4046.6029,7,2015,2024,eu_trend_wm_max_recent_v2
SVQ,MAD,210224.72,4042.7831,7,2015,2024,eu_trend_wm_max_recent_v2
TLV,BCN,210215.88,4042.6131,7,2015,2024,eu_trend_wm_max_recent_v2
CGN,STN,210118.48,4040.7401,7,2015,2024,eu_trend_wm_max_recent_v2
VCE,AMS,210037.38,4039.1804,7,2015,2024,eu_trend_wm_max_recent_v2
MUC,IST,209962.35,4037.7375,3,2019,2024,eu_trend_wm_max_recent_v2
MAD,SVQ,209516.13,4029.1564,7,2015,2024,eu_trend_wm_max_recent_v2
FRA,HKG,209503.0,4028.9038,7,2015,2024,eu_trend_wm_max_recent_v2
ALC,PMI,209231.59,4023.6844,7,2015,2024,eu_trend_wm_max_recent_v2
STN,ALC,209223.27,4023.5245,7,2015,2024,eu_trend_wm_max_recent_v2
DEL,CDG,209217.73,4023.4179,7,2015,2024,eu_trend_wm_max_recent_v2
LIN,BRI,209196.48,4023.0093,7,2015,2024,eu_trend_wm_max_recent_v2
FRA,MAN,209054.45,4020.2779,7,2015,2024,eu_trend_wm_max_recent_v2
MUC,DUB,209043.41,4020.0656,7,2015,2024,eu_trend_wm_max_recent_v2
BEG,ZRH,208944.85,4018.1702,7,2015,2024,eu_trend_wm_max_recent_v2
BCN,LTN,208865.4,4016.6423,7,2015,2024,eu_trend_wm_max_recent_v2
CDG,BHX,208862.38,4016.5842,7,2015,2024,eu_trend_wm_max_recent_v2
BMA,GOT,208741.98,4014.2688,7,2015,2024,eu_trend_wm_max_recent_v2
OTP,CIA,208596.0,4011.4615,7,2015,2024,eu_trend_wm_max_recent_v2
LYS,TLS,208341.14,4006.5604,7,2015,2024,eu_trend_wm_max_recent_v2
CIA,OTP,208242.0,4004.6538,7,2015,2024,eu_trend_wm_max_recent_v2
MUC,BRU,208083.12,4001.5985,7,2015,2024,eu_trend_wm_max_recent_v2
EWR,CDG,208038.22,4000.7349,7,2015,2024,eu_trend_wm_max_recent_v2
LGW,CUN,207924.98,3998.5573,5,2015,2019,eu_trend_wm_max_recent_v2
ZRH,ARN,207848.46,3997.0858,7,2015,2024,eu_trend_wm_max_recent_v2
BCN,SCQ,207621.18,3992.7151,7,2015,2024,eu_trend_wm_max_recent_v2
ORK,LHR,207424.14,3988.9258,7,2015,2024,eu_trend_wm_max_recent_v2
LGW,LIS,207216.68,3984.9362,7,2015,2024,eu_trend_wm_max_recent_v2
ORY,BIQ,207206.88,3984.7477,7,2015,2024,eu_trend_wm_max_recent_v2
MXP,FCO,207187.0,3984.3654,5,2015,2019,eu_trend_wm_max_recent_v2
OTP,CLJ,207177.0,3984.1731,7,2015,2024,eu_trend_wm_max_recent_v2
HKG,FRA,206946.0,3979.7308,7,2015,2024,eu_trend_wm_max_recent_v2
ATH,LGW,206918.28,3979.1977,7,2015,2024,eu_trend_wm_max_recent_v2
BHX,CDG,206899.15,3978.8297,7,2015,2024,eu_trend_wm_max_recent_v2
DXB,LIS,206807.33,3977.064,7,2015,2024,eu_trend_wm_max_recent_v2
BEG,IST,206735.77,3975.688,3,2019,2024,eu_trend_wm_max_recent_v2
EMA,ALC,206735.64,3975.6854,7,2015,2024,eu_trend_wm_max_recent_v2
BGY,OTP,206735.36,3975.68,7,2015,2024,eu_trend_wm_max_recent_v2
ALC,EMA,206126.47,3963.9706,7,2015,2024,eu_trend_wm_max_recent_v2
OSL,LGW,206060.0,3962.6923,7,2015,2024,eu_trend_wm_max_recent_v2
GOT,BMA,206052.24,3962.5431,7,2015,2024,eu_trend_wm_max_recent_v2
ALC,STN,206029.54,3962.1065,7,2015,2024,eu_trend_wm_max_recent_v2
TLV,WAW,206016.89,3961.8632,7,2015,2024,eu_trend_wm_max_recent_v2
OTP,BGY,205999.05,3961.5203,7,2015,2024,eu_trend_wm_max_recent_v2
IST,SIN,205843.85,3958.5355,2,2023,2024,eu_trend_wm_max_recent_v2
MAD,IST,205671.09,3955.2132,2,2023,2024,eu_trend_wm_max_recent_v2
CDG,EWR,205570.1,3953.2711,7,2015,2024,eu_trend_wm_max_recent_v2
LIS,EWR,205529.74,3952.495,7,2015,2024,eu_trend_wm_max_recent_v2
LCY,ZRH,205301.0,3948.0962,7,2015,2024,eu_trend_wm_max_recent_v2
MUC,OSL,205266.76,3947.4377,7,2015,2024,eu_trend_wm_max_recent_v2
PMI,BHX,205208.71,3946.3214,7,2015,2024,eu_trend_wm_max_recent_v2
LGW,OSL,205022.0,3942.7308,7,2015,2024,eu_trend_wm_max_recent_v2
DUS,FRA,204944.73,3941.2449,7,2015,2024,eu_trend_wm_max_recent_v2
TRD,BGO,204914.94,3940.6719,5,2015,2019,eu_trend_wm_max_recent_v2
LIS,STN,204870.11,3939.8099,7,2015,2024,eu_trend_wm_max_recent_v2
STN,LIS,204772.19,3937.9267,7,2015,2024,eu_trend_wm_max_recent_v2
BHX,PMI,204715.99,3936.8461,7,2015,2024,eu_trend_wm_max_recent_v2
WAW,TLV,204650.84,3935.5931,7,2015,2024,eu_trend_wm_max_recent_v2
CDG,DEL,204488.57,3932.4724,7,2015,2024,eu_trend_wm_max_recent_v2
LTN,BCN,204387.6,3930.5308,7,2015,2024,eu_trend_wm_max_recent_v2
JNB,FRA,204371.0,3930.2115,7,2015,2024,eu_trend_wm_max_recent_v2
ARN,ZRH,204337.72,3929.5716,7,2015,2024,eu_trend_wm_max_recent_v2
LGW,IST,204280.7,3928.475,3,2019,2024,eu_trend_wm_max_recent_v2
FCO,DOH,204170.0,3926.3462,6,2016,2024,eu_trend_wm_max_recent_v2
BIQ,ORY,203646.06,3916.2704,7,2015,2024,eu_trend_wm_max_recent_v2
CLJ,OTP,203576.0,3914.9231,7,2015,2024,eu_trend_wm_max_recent_v2
BCN,BLQ,203295.88,3909.5362,7,2015,2024,eu_trend_wm_max_recent_v2
ATH,VIE,203224.75,3908.1682,7,2015,2024,eu_trend_wm_max_recent_v2
CPH,BER,203201.65,3907.724,7,2015,2024,eu_trend_wm_max_recent_v2
BRS,EDI,203152.35,3906.776,5,2015,2019,eu_trend_wm_max_recent_v2
OSL,MUC,203068.39,3905.1614,7,2015,2024,eu_trend_wm_max_recent_v2
LHR,ORK,202949.54,3902.8757,7,2015,2024,eu_trend_wm_max_recent_v2
LHR,CAI,202786.0,3899.7308,5,2015,2019,eu_trend_wm_max_recent_v2
FRA,JNB,202762.0,3899.2692,7,2015,2024,eu_trend_wm_max_recent_v2
EDI,BRS,202673.75,3897.5721,5,2015,2019,eu_trend_wm_max_recent_v2
BLQ,BCN,202616.85,3896.478,7,2015,2024,eu_trend_wm_max_recent_v2
LAX,FRA,202385.0,3892.0192,7,2015,2024,eu_trend_wm_max_recent_v2
IST,BKK,202347.09,3891.2902,2,2023,2024,eu_trend_wm_max_recent_v2
LGW,DOH,202288.0,3890.1538,2,2018,2019,eu_trend_wm_max_recent_v2
ALA,IST,202264.87,3889.709,2,2023,2024,eu_trend_wm_max_recent_v2
MUC,ORD,202227.95,3888.9991,7,2015,2024,eu_trend_wm_max_recent_v2
FRA,LAX,202216.0,3888.7692,7,2015,2024,eu_trend_wm_max_recent_v2
VIE,ATH,202161.4,3887.7192,7,2015,2024,eu_trend_wm_max_recent_v2
GVA,NCE,202130.34,3887.1219,7,2015,2024,eu_trend_wm_max_recent_v2
OTP,CDG,202005.9,3884.7288,7,2015,2024,eu_trend_wm_max_recent_v2
BLL,AMS,201869.28,3882.1016,7,2015,2024,eu_trend_wm_max_recent_v2
ZRH,BEG,201811.32,3880.9868,7,2015,2024,eu_trend_wm_max_recent_v2
EDI,CDG,201726.27,3879.3513,7,2015,2024,eu_trend_wm_max_recent_v2
STN,WMI,201520.72,3875.3986,7,2015,2024,eu_trend_wm_max_recent_v2
FCO,DUB,201285.59,3870.8768,7,2015,2024,eu_trend_wm_max_recent_v2
CDG,OTP,201235.8,3869.9192,7,2015,2024,eu_trend_wm_max_recent_v2
ORD,MUC,201093.07,3867.1745,7,2015,2024,eu_trend_wm_max_recent_v2
LIS,LGW,201032.46,3866.0088,7,2015,2024,eu_trend_wm_max_recent_v2
WMI,STN,200966.52,3864.7408,7,2015,2024,eu_trend_wm_max_recent_v2
LGW,MLA,200875.0,3862.9808,7,2015,2024,eu_trend_wm_max_recent_v2
STN,FAO,200870.79,3862.8998,7,2015,2024,eu_trend_wm_max_recent_v2
NUE,PMI,200193.68,3849.8785,7,2015,2024,eu_trend_wm_max_recent_v2
BGY,PMO,199999.56,3846.1454,7,2015,2024,eu_trend_wm_max_recent_v2
CAI,CDG,199985.74,3845.8797,7,2015,2024,eu_trend_wm_max_recent_v2
CDG,EDI,199958.03,3845.3467,7,2015,2024,eu_trend_wm_max_recent_v2
MLA,LGW,199895.0,3844.1346,7,2015,2024,eu_trend_wm_max_recent_v2
PMI,NUE,199790.63,3842.1275,7,2015,2024,eu_trend_wm_max_recent_v2
DUB,FCO,199760.32,3841.5447,7,2015,2024,eu_trend_wm_max_recent_v2
BDS,BGY,199654.84,3839.5162,7,2015,2024,eu_trend_wm_max_recent_v2
PMO,BGY,199465.08,3835.8669,7,2015,2024,eu_trend_wm_max_recent_v2
HAV,CDG,199130.52,3829.4331,7,2015,2024,eu_trend_wm_max_recent_v2
LIS,DXB,199095.94,3828.768,7,2015,2024,eu_trend_wm_max_recent_v2
BRU,IST,198540.85,3818.0932,2,2023,2024,eu_trend_wm_max_recent_v2
SIN,IST,198426.29,3815.8902,2,2023,2024,eu_trend_wm_max_recent_v2
STN,OTP,198379.18,3814.9842,7,2015,2024,eu_trend_wm_max_recent_v2
BER,CPH,198221.2,3811.9461,7,2015,2024,eu_trend_wm_max_recent_v2
FAO,STN,198087.24,3809.37,7,2015,2024,eu_trend_wm_max_recent_v2
AMS,BLL,198025.36,3808.18,7,2015,2024,eu_trend_wm_max_recent_v2
OTP,STN,197956.05,3806.8472,7,2015,2024,eu_trend_wm_max_recent_v2
BGY,BDS,197788.36,3803.6224,7,2015,2024,eu_trend_wm_max_recent_v2
AMS,PEK,197622.0,3800.4231,7,2015,2024,eu_trend_wm_max_recent_v2
FDF,PTP,197617.47,3800.336,7,2015,2024,eu_trend_wm_max_recent_v2
MAN,DOH,197581.0,3799.6346,5,2015,2019,eu_trend_wm_max_recent_v2
HKG,ZRH,197577.06,3799.5588,7,2015,2024,eu_trend_wm_max_recent_v2
NCE,GVA,197508.72,3798.2446,7,2015,2024,eu_trend_wm_max_recent_v2
EWR,LIS,197466.42,3797.4311,7,2015,2024,eu_trend_wm_max_recent_v2
PMI,BRS,197296.43,3794.1621,7,2015,2024,eu_trend_wm_max_recent_v2
AUH,FCO,197220.0,3792.6923,7,2015,2024,eu_trend_wm_max_recent_v2
IST,ALA,197180.95,3791.9413,2,2023,2024,eu_trend_wm_max_recent_v2
PTP,FDF,197101.15,3790.4068,7,2015,2024,eu_trend_wm_max_recent_v2
BSL,BER,197087.46,3790.1435,7,2015,2024,eu_trend_wm_max_recent_v2
CIA,MAD,197017.0,3788.7885,5,2015,2019,eu_trend_wm_max_recent_v2
IST,BOM,197014.66,3788.7434,2,2023,2024,eu_trend_wm_max_recent_v2
FCO,MLA,196656.0,3781.8462,7,2015,2024,eu_trend_wm_max_recent_v2
BRS,PMI,196655.28,3781.8323,7,2015,2024,eu_trend_wm_max_recent_v2
MLA,FCO,196575.0,3780.2885,7,2015,2024,eu_trend_wm_max_recent_v2
CTA,VCE,196488.06,3778.6166,7,2015,2024,eu_trend_wm_max_recent_v2
MAD,CIA,196207.81,3773.2271,5,2015,2019,eu_trend_wm_max_recent_v2
IST,MAN,196135.16,3771.8299,3,2019,2024,eu_trend_wm_max_recent_v2
BGY,BCN,195241.46,3754.6435,7,2015,2024,eu_trend_wm_max_recent_v2
OPO,ZRH,195008.99,3750.1728,7,2015,2024,eu_trend_wm_max_recent_v2
CDG,HAV,194955.66,3749.1473,7,2015,2024,eu_trend_wm_max_recent_v2
MUC,BRE,194845.07,3747.0206,7,2015,2024,eu_trend_wm_max_recent_v2
MUC,BKK,194679.18,3743.8303,7,2015,2024,eu_trend_wm_max_recent_v2
OTP,FRA,194533.99,3741.0383,7,2015,2024,eu_trend_wm_max_recent_v2
DOH,BCN,194363.22,3737.7542,2,2023,2024,eu_trend_wm_max_recent_v2
ZRH,HKG,194266.14,3735.8873,7,2015,2024,eu_trend_wm_max_recent_v2
BRE,MUC,194239.56,3735.3761,7,2015,2024,eu_trend_wm_max_recent_v2
LOS,LHR,194044.0,3731.6154,5,2015,2019,eu_trend_wm_max_recent_v2
BKK,MUC,193742.4,3725.8153,7,2015,2024,eu_trend_wm_max_recent_v2
PEK,AMS,193694.0,3724.8846,7,2015,2024,eu_trend_wm_max_recent_v2
SUF,BGY,193687.0,3724.75,7,2015,2024,eu_trend_wm_max_recent_v2
TFN,ACE,193581.85,3722.7278,7,2015,2024,eu_trend_wm_max_recent_v2
BER,BSL,193488.9,3720.9404,7,2015,2024,eu_trend_wm_max_recent_v2
PFO,LGW,193299.65,3717.301,7,2015,2024,eu_trend_wm_max_recent_v2
ACE,TFN,193288.39,3717.0844,7,2015,2024,eu_trend_wm_max_recent_v2
LGW,OPO,192957.8,3710.7269,7,2015,2024,eu_trend_wm_max_recent_v2
NAP,ORY,192802.85,3707.747,7,2015,2024,eu_trend_wm_max_recent_v2
LGW,PFO,192787.14,3707.445,7,2015,2024,eu_trend_wm_max_recent_v2
ZRH,MUC,192734.62,3706.4351,7,2015,2024,eu_trend_wm_max_recent_v2
IST,HAM,192691.06,3705.5973,3,2019,2024,eu_trend_wm_max_recent_v2
ORY,NAP,192630.09,3704.4247,7,2015,2024,eu_trend_wm_max_recent_v2
SVO,DUS,192505.0,3702.0192,5,2015,2019,eu_trend_wm_max_recent_v2
BCN,BGY,192346.03,3698.9621,7,2015,2024,eu_trend_wm_max_recent_v2
LTN,LIS,192345.54,3698.9527,7,2015,2024,eu_trend_wm_max_recent_v2
TFS,MAD,192340.0,3698.8461,7,2015,2024,eu_trend_wm_max_recent_v2
ZRH,OPO,192243.92,3696.9984,7,2015,2024,eu_trend_wm_max_recent_v2
MAD,ATH,192121.0,3694.6346,7,2015,2024,eu_trend_wm_max_recent_v2
FUE,MAD,192089.64,3694.0315,7,2015,2024,eu_trend_wm_max_recent_v2
IST,LGW,191775.53,3687.9909,3,2019,2024,eu_trend_wm_max_recent_v2
OPO,LGW,191713.32,3686.7947,7,2015,2024,eu_trend_wm_max_recent_v2
BCN,DOH,191642.5,3685.4326,2,2023,2024,eu_trend_wm_max_recent_v2
BUD,BCN,191571.0,3684.0577,7,2015,2024,eu_trend_wm_max_recent_v2
TFS,BHX,191555.0,3683.75,7,2015,2024,eu_trend_wm_max_recent_v2
ALC,OSL,191445.04,3681.6355,7,2015,2024,eu_trend_wm_max_recent_v2
CPH,MAN,191089.11,3674.7906,7,2015,2024,eu_trend_wm_max_recent_v2
CDG,DTW,191082.83,3674.6698,7,2015,2024,eu_trend_wm_max_recent_v2
VIE,WAW,191063.01,3674.2886,7,2015,2024,eu_trend_wm_max_recent_v2
FCO,ICN,190903.0,3671.2115,7,2015,2024,eu_trend_wm_max_recent_v2
IST,BUD,190901.57,3671.1841,3,2019,2024,eu_trend_wm_max_recent_v2
BHX,TFS,190665.0,3666.6346,7,2015,2024,eu_trend_wm_max_recent_v2
ATH,MAD,190662.0,3666.5769,7,2015,2024,eu_trend_wm_max_recent_v2
MAD,TFS,190374.06,3661.0395,7,2015,2024,eu_trend_wm_max_recent_v2
MAD,FUE,190344.49,3660.471,7,2015,2024,eu_trend_wm_max_recent_v2
BGY,SUF,190010.0,3654.0385,7,2015,2024,eu_trend_wm_max_recent_v2
LHR,LOS,189962.76,3653.13,5,2015,2019,eu_trend_wm_max_recent_v2
FRA,DUS,189891.5,3651.7596,7,2015,2024,eu_trend_wm_max_recent_v2
LPA,DUS,189779.0,3649.5962,7,2015,2024,eu_trend_wm_max_recent_v2
LIS,LTN,189550.91,3645.2098,7,2015,2024,eu_trend_wm_max_recent_v2
CDG,CAI,189482.54,3643.8951,7,2015,2024,eu_trend_wm_max_recent_v2
ORY,PMI,189394.65,3642.2049,7,2015,2024,eu_trend_wm_max_recent_v2
VCE,CTA,189326.41,3640.8926,7,2015,2024,eu_trend_wm_max_recent_v2
ORY,LIN,189249.74,3639.418,7,2015,2024,eu_trend_wm_max_recent_v2
TSR,OTP,189131.19,3637.1384,7,2015,2024,eu_trend_wm_max_recent_v2
NCL,ALC,189073.32,3636.0254,7,2015,2024,eu_trend_wm_max_recent_v2
VLC,AMS,188955.95,3633.7683,7,2015,2024,eu_trend_wm_max_recent_v2
BCN,BUD,188881.0,3632.3269,7,2015,2024,eu_trend_wm_max_recent_v2
GOT,FRA,188766.01,3630.1157,7,2015,2024,eu_trend_wm_max_recent_v2
DTW,CDG,188702.56,3628.8954,7,2015,2024,eu_trend_wm_max_recent_v2
MUC,ZRH,188664.3,3628.1596,7,2015,2024,eu_trend_wm_max_recent_v2
BKK,IST,188620.6,3627.3192,2,2023,2024,eu_trend_wm_max_recent_v2
WAW,VIE,188394.73,3622.9755,7,2015,2024,eu_trend_wm_max_recent_v2
ALC,NCL,188363.0,3622.3654,7,2015,2024,eu_trend_wm_max_recent_v2
AMS,VLC,188177.15,3618.7914,7,2015,2024,eu_trend_wm_max_recent_v2
DUS,SVO,188127.0,3617.8269,5,2015,2019,eu_trend_wm_max_recent_v2
CGN,VIE,188078.0,3616.8846,7,2015,2024,eu_trend_wm_max_recent_v2
OTP,TSR,188025.25,3615.8702,7,2015,2024,eu_trend_wm_max_recent_v2
ARN,VIE,188006.17,3615.5032,7,2015,2024,eu_trend_wm_max_recent_v2
BCN,DUS,187894.45,3613.3549,7,2015,2024,eu_trend_wm_max_recent_v2
BCN,PRG,187882.08,3613.117,7,2015,2024,eu_trend_wm_max_recent_v2
DUS,LPA,187504.0,3605.8462,7,2015,2024,eu_trend_wm_max_recent_v2
FRA,OPO,187388.52,3603.6255,7,2015,2024,eu_trend_wm_max_recent_v2
MOL,OSL,187150.27,3599.0437,5,2015,2019,eu_trend_wm_max_recent_v2
AUH,MUC,187117.98,3598.4227,7,2015,2024,eu_trend_wm_max_recent_v2
DUS,BCN,187063.92,3597.383,7,2015,2024,eu_trend_wm_max_recent_v2
IST,ORD,187038.97,3596.9033,2,2023,2024,eu_trend_wm_max_recent_v2
ORY,VCE,187028.04,3596.6931,7,2015,2024,eu_trend_wm_max_recent_v2
IST,ZRH,186978.0,3595.7308,3,2019,2024,eu_trend_wm_max_recent_v2
NAP,BCN,186914.76,3594.5146,7,2015,2024,eu_trend_wm_max_recent_v2
OPO,FRA,186881.85,3593.8817,7,2015,2024,eu_trend_wm_max_recent_v2
OSL,ALC,186738.27,3591.1207,7,2015,2024,eu_trend_wm_max_recent_v2
CTA,BGY,186688.56,3590.1646,7,2015,2024,eu_trend_wm_max_recent_v2
EWR,DUB,186517.0,3586.8654,7,2015,2024,eu_trend_wm_max_recent_v2
DUB,EWR,186348.0,3583.6154,7,2015,2024,eu_trend_wm_max_recent_v2
FRA,OTP,186214.95,3581.0568,7,2015,2024,eu_trend_wm_max_recent_v2
BHX,AGP,186196.0,3580.6923,7,2015,2024,eu_trend_wm_max_recent_v2
FRA,GOT,186020.4,3577.3154,7,2015,2024,eu_trend_wm_max_recent_v2
SVO,FRA,185928.95,3575.5567,5,2015,2019,eu_trend_wm_max_recent_v2
BCN,NAP,185778.98,3572.6726,7,2015,2024,eu_trend_wm_max_recent_v2
AGP,BHX,185770.0,3572.5,7,2015,2024,eu_trend_wm_max_recent_v2
PRG,BCN,185762.67,3572.3591,7,2015,2024,eu_trend_wm_max_recent_v2
ORD,CDG,185753.0,3572.1731,7,2015,2024,eu_trend_wm_max_recent_v2
KRK,WAW,185684.35,3570.8529,7,2015,2024,eu_trend_wm_max_recent_v2
OLB,FCO,185668.91,3570.556,7,2015,2024,eu_trend_wm_max_recent_v2
FCO,AUH,185667.0,3570.5192,7,2015,2024,eu_trend_wm_max_recent_v2
CDG,ORD,185615.94,3569.5374,7,2015,2024,eu_trend_wm_max_recent_v2
FRA,YVR,185537.65,3568.0318,7,2015,2024,eu_trend_wm_max_recent_v2
LTN,DUB,185535.37,3567.9878,7,2015,2024,eu_trend_wm_max_recent_v2
ATH,BCN,185460.0,3566.5385,7,2015,2024,eu_trend_wm_max_recent_v2
ORY,TLN,185451.3,3566.3712,7,2015,2024,eu_trend_wm_max_recent_v2
NCE,FCO,185308.61,3563.6271,7,2015,2024,eu_trend_wm_max_recent_v2
MXP,CPH,185247.3,3562.4481,7,2015,2024,eu_trend_wm_max_recent_v2
FRA,HAJ,185100.23,3559.6198,7,2015,2024,eu_trend_wm_max_recent_v2
AMS,BOS,185072.11,3559.079,7,2015,2024,eu_trend_wm_max_recent_v2
VIE,CGN,185021.0,3558.0962,7,2015,2024,eu_trend_wm_max_recent_v2
CPH,MXP,185003.93,3557.7678,7,2015,2024,eu_trend_wm_max_recent_v2
BRU,BER,184746.44,3552.8162,7,2015,2024,eu_trend_wm_max_recent_v2
VIE,ARN,184712.02,3552.1543,7,2015,2024,eu_trend_wm_max_recent_v2
PMI,MAH,184668.55,3551.3183,7,2015,2024,eu_trend_wm_max_recent_v2
BGY,CTA,184521.06,3548.4819,7,2015,2024,eu_trend_wm_max_recent_v2
BHX,ALC,184397.64,3546.1085,7,2015,2024,eu_trend_wm_max_recent_v2
OSL,MOL,184224.67,3542.7821,5,2015,2019,eu_trend_wm_max_recent_v2
PMI,ORY,184124.2,3540.8501,7,2015,2024,eu_trend_wm_max_recent_v2
BUD,IST,183939.47,3537.2975,3,2019,2024,eu_trend_wm_max_recent_v2
NCL,AMS,183884.0,3536.2308,7,2015,2024,eu_trend_wm_max_recent_v2
TLN,ORY,183843.78,3535.4573,7,2015,2024,eu_trend_wm_max_recent_v2
MAH,PMI,183818.97,3534.9803,7,2015,2024,eu_trend_wm_max_recent_v2
FCO,YYZ,183372.0,3526.3846,7,2015,2024,eu_trend_wm_max_recent_v2
VIE,MXP,183151.45,3522.1433,7,2015,2024,eu_trend_wm_max_recent_v2
BRU,NCE,183097.14,3521.0988,7,2015,2024,eu_trend_wm_max_recent_v2
VCE,ORY,183086.91,3520.902,7,2015,2024,eu_trend_wm_max_recent_v2
ALC,BHX,182921.7,3517.725,7,2015,2024,eu_trend_wm_max_recent_v2
HAJ,FRA,182796.26,3515.3127,7,2015,2024,eu_trend_wm_max_recent_v2
DUB,BER,182670.11,3512.8867,7,2015,2024,eu_trend_wm_max_recent_v2
AMS,GOT,182613.0,3511.7885,7,2015,2024,eu_trend_wm_max_recent_v2
ICN,FCO,182484.08,3509.3092,7,2015,2024,eu_trend_wm_max_recent_v2
DUB,LTN,182424.46,3508.1626,7,2015,2024,eu_trend_wm_max_recent_v2
LIN,ORY,182418.82,3508.0543,7,2015,2024,eu_trend_wm_max_recent_v2
BER,DUB,182280.25,3505.3893,7,2015,2024,eu_trend_wm_max_recent_v2
KRK,FRA,182269.76,3505.1876,7,2015,2024,eu_trend_wm_max_recent_v2
DUB,YYZ,181972.0,3499.4615,7,2015,2024,eu_trend_wm_max_recent_v2
DXB,WAW,181903.32,3498.1407,7,2015,2024,eu_trend_wm_max_recent_v2
GOT,AMS,181826.0,3496.6538,7,2015,2024,eu_trend_wm_max_recent_v2
MAN,CPH,181722.24,3494.6585,7,2015,2024,eu_trend_wm_max_recent_v2
MUC,AUH,181697.7,3494.1865,7,2015,2024,eu_trend_wm_max_recent_v2
NCE,BRU,181694.64,3494.1277,7,2015,2024,eu_trend_wm_max_recent_v2
MRS,NTE,181423.0,3488.9038,7,2015,2024,eu_trend_wm_max_recent_v2
YVR,FRA,181327.15,3487.0607,7,2015,2024,eu_trend_wm_max_recent_v2
NRT,HEL,181239.76,3485.38,7,2015,2024,eu_trend_wm_max_recent_v2
HAM,IST,181140.22,3483.4658,3,2019,2024,eu_trend_wm_max_recent_v2
HEL,NRT,181088.9,3482.4789,7,2015,2024,eu_trend_wm_max_recent_v2
DTM,KTW,181086.64,3482.4353,7,2015,2024,eu_trend_wm_max_recent_v2
NTE,MRS,181023.0,3481.2115,7,2015,2024,eu_trend_wm_max_recent_v2
FCO,PRG,180979.47,3480.3744,7,2015,2024,eu_trend_wm_max_recent_v2
MXP,BDS,180860.86,3478.0934,7,2015,2024,eu_trend_wm_max_recent_v2
BCN,ATH,180811.0,3477.1346,7,2015,2024,eu_trend_wm_max_recent_v2
FCO,OLB,180559.12,3472.2908,7,2015,2024,eu_trend_wm_max_recent_v2
FCO,GOA,180486.96,3470.9031,7,2015,2024,eu_trend_wm_max_recent_v2
WAW,KRK,180485.47,3470.8744,7,2015,2024,eu_trend_wm_max_recent_v2
MUC,MAN,180471.0,3470.5962,7,2015,2024,eu_trend_wm_max_recent_v2
AGP,BRS,180432.45,3469.8547,7,2015,2024,eu_trend_wm_max_recent_v2
AMS,BGO,180323.76,3467.7646,7,2015,2024,eu_trend_wm_max_recent_v2
MUC,TLV,180294.18,3467.1958,7,2015,2024,eu_trend_wm_max_recent_v2
AMS,NCL,180283.0,3466.9808,7,2015,2024,eu_trend_wm_max_recent_v2
BDS,MXP,180242.24,3466.197,7,2015,2024,eu_trend_wm_max_recent_v2
TRN,CTA,180238.55,3466.1259,7,2015,2024,eu_trend_wm_max_recent_v2
BER,BRU,179657.14,3454.945,7,2015,2024,eu_trend_wm_max_recent_v2
FRA,SVO,179633.86,3454.4973,5,2015,2019,eu_trend_wm_max_recent_v2
BRS,AGP,179394.03,3449.8852,7,2015,2024,eu_trend_wm_max_recent_v2
KEF,LHR,179361.0,3449.25,7,2015,2024,eu_trend_wm_max_recent_v2
MXP,FRA,179271.33,3447.5256,7,2015,2024,eu_trend_wm_max_recent_v2
WAW,MUC,179217.86,3446.4973,7,2015,2024,eu_trend_wm_max_recent_v2
BGO,AMS,179101.74,3444.2642,7,2015,2024,eu_trend_wm_max_recent_v2
BRU,DXB,179048.63,3443.243,7,2015,2024,eu_trend_wm_max_recent_v2
BSL,BCN,178873.0,3439.8654,7,2015,2024,eu_trend_wm_max_recent_v2
BCN,BSL,178835.0,3439.1346,7,2015,2024,eu_trend_wm_max_recent_v2
GOA,FCO,178831.5,3439.0673,7,2015,2024,eu_trend_wm_max_recent_v2
MUC,WAW,178676.23,3436.0814,7,2015,2024,eu_trend_wm_max_recent_v2
MXP,VIE,178648.16,3435.5415,7,2015,2024,eu_trend_wm_max_recent_v2
BUD,LHR,178559.92,3433.8446,7,2015,2024,eu_trend_wm_max_recent_v2
TLV,MUC,178554.49,3433.7402,7,2015,2024,eu_trend_wm_max_recent_v2
BOM,IST,178510.03,3432.8852,2,2023,2024,eu_trend_wm_max_recent_v2
AMS,BKK,178468.38,3432.0842,7,2015,2024,eu_trend_wm_max_recent_v2
VCE,LHR,178449.98,3431.7304,7,2015,2024,eu_trend_wm_max_recent_v2
FRA,KRK,178336.58,3429.5497,7,2015,2024,eu_trend_wm_max_recent_v2
NAP,IST,178268.91,3428.2482,3,2019,2024,eu_trend_wm_max_recent_v2
KTW,DTM,178164.51,3426.2407,7,2015,2024,eu_trend_wm_max_recent_v2
VIE,SVO,178005.0,3423.1731,5,2015,2019,eu_trend_wm_max_recent_v2
STN,AMS,177932.33,3421.7756,7,2015,2024,eu_trend_wm_max_recent_v2
LAS,LHR,177764.0,3418.5385,5,2015,2019,eu_trend_wm_max_recent_v2
MXP,BRU,177690.12,3417.1177,7,2015,2024,eu_trend_wm_max_recent_v2
STN,CPH,177653.4,3416.4115,5,2017,2024,eu_trend_wm_max_recent_v2
CTA,TRN,177649.93,3416.3449,7,2015,2024,eu_trend_wm_max_recent_v2
STN,KRK,177529.98,3414.0381,7,2015,2024,eu_trend_wm_max_recent_v2
OTP,MUC,177464.75,3412.7837,7,2015,2024,eu_trend_wm_max_recent_v2
ARN,OSD,177335.16,3410.2915,7,2015,2024,eu_trend_wm_max_recent_v2
GVA,FCO,177333.12,3410.2523,7,2015,2024,eu_trend_wm_max_recent_v2
YYZ,DUB,177299.0,3409.5962,7,2015,2024,eu_trend_wm_max_recent_v2
CAG,BGY,177260.7,3408.8596,7,2015,2024,eu_trend_wm_max_recent_v2
PRG,FCO,177224.04,3408.1546,7,2015,2024,eu_trend_wm_max_recent_v2
MAN,MUC,177144.0,3406.6154,7,2015,2024,eu_trend_wm_max_recent_v2
STN,ORK,177114.04,3406.0393,7,2015,2024,eu_trend_wm_max_recent_v2
BRU,MXP,177027.12,3404.3677,7,2015,2024,eu_trend_wm_max_recent_v2
ARN,ALC,177006.01,3403.9618,7,2015,2024,eu_trend_wm_max_recent_v2
BGY,CAG,176970.0,3403.2692,7,2015,2024,eu_trend_wm_max_recent_v2
MAD,LIN,176956.25,3403.0048,7,2015,2024,eu_trend_wm_max_recent_v2
YYZ,FCO,176901.0,3401.9423,7,2015,2024,eu_trend_wm_max_recent_v2
SVO,MUC,176670.0,3397.5,5,2015,2019,eu_trend_wm_max_recent_v2
MUC,SVO,176621.0,3396.5577,5,2015,2019,eu_trend_wm_max_recent_v2
LTN,AGP,176407.36,3392.4492,7,2015,2024,eu_trend_wm_max_recent_v2
ALC,ARN,176373.18,3391.7919,7,2015,2024,eu_trend_wm_max_recent_v2
ORD,IST,176271.55,3389.8376,2,2023,2024,eu_trend_wm_max_recent_v2
LCA,LHR,176242.92,3389.2868,7,2015,2024,eu_trend_wm_max_recent_v2
IST,LAX,176227.21,3388.9848,2,2023,2024,eu_trend_wm_max_recent_v2
FRA,MXP,175892.1,3382.5405,7,2015,2024,eu_trend_wm_max_recent_v2
OSD,ARN,175781.7,3380.4173,7,2015,2024,eu_trend_wm_max_recent_v2
DXB,BRU,175735.0,3379.5192,7,2015,2024,eu_trend_wm_max_recent_v2
IST,NAP,175660.89,3378.0941,3,2019,2024,eu_trend_wm_max_recent_v2
PMI,CPH,175633.88,3377.5747,7,2015,2024,eu_trend_wm_max_recent_v2
AMS,STN,175612.24,3377.1584,7,2015,2024,eu_trend_wm_max_recent_v2
BKK,AMS,175491.0,3374.8269,7,2015,2024,eu_trend_wm_max_recent_v2
LHR,VCE,175422.54,3373.5104,7,2015,2024,eu_trend_wm_max_recent_v2
FCO,NCE,175325.54,3371.6449,7,2015,2024,eu_trend_wm_max_recent_v2
MAN,IST,175220.22,3369.6196,3,2019,2024,eu_trend_wm_max_recent_v2
LHR,LAS,175064.0,3366.6154,5,2015,2019,eu_trend_wm_max_recent_v2
KRK,STN,175007.52,3365.5292,7,2015,2024,eu_trend_wm_max_recent_v2
VLC,FCO,174929.21,3364.0232,7,2015,2024,eu_trend_wm_max_recent_v2
FCO,VLC,174916.27,3363.7745,7,2015,2024,eu_trend_wm_max_recent_v2
BCN,ARN,174811.68,3361.7631,7,2015,2024,eu_trend_wm_max_recent_v2
STR,FRA,174771.9,3360.9981,7,2015,2024,eu_trend_wm_max_recent_v2
VIE,SOF,174630.0,3358.2692,7,2015,2024,eu_trend_wm_max_recent_v2
LHR,LCA,174511.63,3355.9929,7,2015,2024,eu_trend_wm_max_recent_v2
FCO,EZE,174505.25,3355.8702,7,2015,2024,eu_trend_wm_max_recent_v2
LHR,KEF,174148.0,3349.0,7,2015,2024,eu_trend_wm_max_recent_v2
BOS,AMS,173863.09,3343.521,7,2015,2024,eu_trend_wm_max_recent_v2
BUD,MUC,173796.0,3342.2308,7,2015,2024,eu_trend_wm_max_recent_v2
DRS,FRA,173735.58,3341.0688,7,2015,2024,eu_trend_wm_max_recent_v2
SVO,HEL,173727.0,3340.9038,5,2015,2019,eu_trend_wm_max_recent_v2
CUN,MAD,173719.17,3340.7533,7,2015,2024,eu_trend_wm_max_recent_v2
AGP,LTN,173718.97,3340.7494,7,2015,2024,eu_trend_wm_max_recent_v2
MAD,CUN,173692.0,3340.2307,7,2015,2024,eu_trend_wm_max_recent_v2
LIN,MAD,173654.86,3339.5166,7,2015,2024,eu_trend_wm_max_recent_v2
WAW,DXB,173310.63,3332.8967,7,2015,2024,eu_trend_wm_max_recent_v2
VLC,ORY,173281.99,3332.346,7,2015,2024,eu_trend_wm_max_recent_v2
ORY,VLC,173245.04,3331.6353,7,2015,2024,eu_trend_wm_max_recent_v2
SOF,VIE,173102.0,3328.8846,7,2015,2024,eu_trend_wm_max_recent_v2
LGW,KEF,172902.3,3325.0443,7,2015,2024,eu_trend_wm_max_recent_v2
FCO,GVA,172895.1,3324.9058,7,2015,2024,eu_trend_wm_max_recent_v2
BCN,OVD,172869.03,3324.4045,7,2015,2024,eu_trend_wm_max_recent_v2
MAD,MAH,172855.17,3324.138,7,2015,2024,eu_trend_wm_max_recent_v2
AMS,OPO,172761.0,3322.3269,7,2015,2024,eu_trend_wm_max_recent_v2
ORK,STN,172736.0,3321.8462,7,2015,2024,eu_trend_wm_max_recent_v2
ARN,BCN,172717.97,3321.4994,7,2015,2024,eu_trend_wm_max_recent_v2
LHR,CPT,172690.79,3320.9768,5,2015,2019,eu_trend_wm_max_recent_v2
SVO,VIE,172668.0,3320.5385,5,2015,2019,eu_trend_wm_max_recent_v2
BFS,LTN,172647.0,3320.1346,5,2015,2019,eu_trend_wm_max_recent_v2
STR,LHR,172503.0,3317.3654,7,2015,2024,eu_trend_wm_max_recent_v2
MAN,JFK,172465.0,3316.6346,5,2015,2019,eu_trend_wm_max_recent_v2
OVD,BCN,172457.92,3316.4985,7,2015,2024,eu_trend_wm_max_recent_v2
BRE,FRA,172388.16,3315.1569,7,2015,2024,eu_trend_wm_max_recent_v2
ATH,DXB,172242.0,3312.3462,7,2015,2024,eu_trend_wm_max_recent_v2
BUD,CRL,172238.0,3312.2692,7,2015,2024,eu_trend_wm_max_recent_v2
STN,DXB,172215.0,3311.8269,2,2018,2019,eu_trend_wm_max_recent_v2
CTA,NAP,172176.15,3311.0798,7,2015,2024,eu_trend_wm_max_recent_v2
CTA,VRN,172097.91,3309.5752,7,2015,2024,eu_trend_wm_max_recent_v2
CPH,PMI,172081.61,3309.2617,7,2015,2024,eu_trend_wm_max_recent_v2
LHR,BUD,172040.54,3308.472,7,2015,2024,eu_trend_wm_max_recent_v2
STR,AMS,171944.83,3306.6313,7,2015,2024,eu_trend_wm_max_recent_v2
LIS,YYZ,171876.82,3305.3235,7,2015,2024,eu_trend_wm_max_recent_v2
SOF,FRA,171755.47,3302.9899,7,2015,2024,eu_trend_wm_max_recent_v2
MAH,MAD,171677.27,3301.486,7,2015,2024,eu_trend_wm_max_recent_v2
PMI,AMS,171649.56,3300.953,7,2015,2024,eu_trend_wm_max_recent_v2
AUH,FRA,171536.46,3298.7781,7,2015,2024,eu_trend_wm_max_recent_v2
NAP,CTA,171519.29,3298.448,7,2015,2024,eu_trend_wm_max_recent_v2
LAX,IST,171470.33,3297.5064,2,2023,2024,eu_trend_wm_max_recent_v2
OPO,AMS,171315.0,3294.5192,7,2015,2024,eu_trend_wm_max_recent_v2
BRS,TFS,171197.8,3292.2653,7,2015,2024,eu_trend_wm_max_recent_v2
VRN,CTA,171069.0,3289.7885,7,2015,2024,eu_trend_wm_max_recent_v2
MUC,BUD,170917.32,3286.8715,7,2015,2024,eu_trend_wm_max_recent_v2
LHR,MXP,170653.27,3281.7937,7,2015,2024,eu_trend_wm_max_recent_v2
FRA,LYS,170492.43,3278.7006,7,2015,2024,eu_trend_wm_max_recent_v2
EZE,FCO,170365.5,3276.2596,7,2015,2024,eu_trend_wm_max_recent_v2
OLB,LIN,170119.37,3271.5263,7,2015,2024,eu_trend_wm_max_recent_v2
DOH,LGW,170090.0,3270.9615,2,2018,2019,eu_trend_wm_max_recent_v2
MUC,OTP,170086.0,3270.8846,7,2015,2024,eu_trend_wm_max_recent_v2
CPT,LHR,170073.44,3270.6431,5,2015,2019,eu_trend_wm_max_recent_v2
TFS,BRS,170064.24,3270.4661,7,2015,2024,eu_trend_wm_max_recent_v2
LHR,STR,169905.0,3267.4038,7,2015,2024,eu_trend_wm_max_recent_v2
MAD,VLC,169661.0,3262.7115,7,2015,2024,eu_trend_wm_max_recent_v2
IST,STR,169439.59,3258.4537,3,2019,2024,eu_trend_wm_max_recent_v2
JFK,MAN,169355.0,3256.8269,5,2015,2019,eu_trend_wm_max_recent_v2
NBO,LHR,169351.0,3256.75,5,2015,2019,eu_trend_wm_max_recent_v2
CPH,STN,169308.78,3255.9381,5,2017,2024,eu_trend_wm_max_recent_v2
CFU,ATH,169255.0,3254.9038,7,2015,2024,eu_trend_wm_max_recent_v2
VLC,MAD,169119.41,3252.2964,7,2015,2024,eu_trend_wm_max_recent_v2
DXB,BUD,169076.65,3251.474,7,2015,2024,eu_trend_wm_max_recent_v2
OPO,STN,169026.58,3250.5111,7,2015,2024,eu_trend_wm_max_recent_v2
CLT,LHR,168878.0,3247.6538,5,2015,2019,eu_trend_wm_max_recent_v2
STN,OPO,168691.46,3244.0665,7,2015,2024,eu_trend_wm_max_recent_v2
PMI,EMA,168662.1,3243.5019,7,2015,2024,eu_trend_wm_max_recent_v2
STR,IST,168609.94,3242.4989,3,2019,2024,eu_trend_wm_max_recent_v2
LHR,NBO,168568.0,3241.6923,5,2015,2019,eu_trend_wm_max_recent_v2
BRU,PRG,168567.0,3241.6731,7,2015,2024,eu_trend_wm_max_recent_v2
LTN,BFS,168444.0,3239.3077,5,2015,2019,eu_trend_wm_max_recent_v2
ZRH,IST,168441.96,3239.2686,3,2019,2024,eu_trend_wm_max_recent_v2
ATH,BRU,167948.63,3229.7814,7,2015,2024,eu_trend_wm_max_recent_v2
EMA,PMI,167893.02,3228.7119,7,2015,2024,eu_trend_wm_max_recent_v2
CRL,BUD,167840.0,3227.6923,7,2015,2024,eu_trend_wm_max_recent_v2
MXP,LHR,167790.26,3226.7357,7,2015,2024,eu_trend_wm_max_recent_v2
LIS,LYS,167528.33,3221.6986,7,2015,2024,eu_trend_wm_max_recent_v2
RIX,HEL,167509.0,3221.3269,7,2015,2024,eu_trend_wm_max_recent_v2
GVA,ORY,167467.0,3220.5192,7,2015,2024,eu_trend_wm_max_recent_v2
AMS,STR,167368.11,3218.6175,7,2015,2024,eu_trend_wm_max_recent_v2
LGW,GCI,167256.78,3216.4766,5,2015,2019,eu_trend_wm_max_recent_v2
AMS,LAX,167249.5,3216.3366,7,2015,2024,eu_trend_wm_max_recent_v2
AMS,IAH,166960.0,3210.7692,7,2015,2024,eu_trend_wm_max_recent_v2
DXB,CPH,166930.0,3210.1923,7,2015,2024,eu_trend_wm_max_recent_v2
CDG,KEF,166899.02,3209.5965,7,2015,2024,eu_trend_wm_max_recent_v2
SVO,WAW,166877.0,3209.1731,5,2015,2019,eu_trend_wm_max_recent_v2
AMS,PMI,166824.31,3208.1598,7,2015,2024,eu_trend_wm_max_recent_v2
AMS,MEX,166818.78,3208.0534,7,2015,2024,eu_trend_wm_max_recent_v2
IAH,AMS,166801.71,3207.7253,7,2015,2024,eu_trend_wm_max_recent_v2
YUL,LHR,166739.12,3206.5216,5,2015,2019,eu_trend_wm_max_recent_v2
HEL,RIX,166612.0,3204.0769,7,2015,2024,eu_trend_wm_max_recent_v2
AGP,PMI,166576.72,3203.3985,7,2015,2024,eu_trend_wm_max_recent_v2
KTW,LTN,166529.55,3202.4913,7,2015,2024,eu_trend_wm_max_recent_v2
SVQ,LGW,166513.9,3202.1904,7,2015,2024,eu_trend_wm_max_recent_v2
AMS,KEF,166383.62,3199.685,7,2015,2024,eu_trend_wm_max_recent_v2
LYS,LIS,166262.16,3197.3493,7,2015,2024,eu_trend_wm_max_recent_v2
BFS,EDI,166138.0,3194.9615,5,2015,2019,eu_trend_wm_max_recent_v2
ZAG,FRA,166131.0,3194.8269,7,2015,2024,eu_trend_wm_max_recent_v2
PUF,ORY,166127.4,3194.7577,7,2015,2024,eu_trend_wm_max_recent_v2
WAW,SVO,166001.0,3192.3269,5,2015,2019,eu_trend_wm_max_recent_v2
FRA,SOF,165963.57,3191.6071,7,2015,2024,eu_trend_wm_max_recent_v2
MAN,LIS,165880.07,3190.0013,7,2015,2024,eu_trend_wm_max_recent_v2
FRA,BRE,165848.94,3189.4027,7,2015,2024,eu_trend_wm_max_recent_v2
PMI,ARN,165820.0,3188.8462,7,2015,2024,eu_trend_wm_max_recent_v2
LIS,MAN,165798.55,3188.4337,7,2015,2024,eu_trend_wm_max_recent_v2
PMI,AGP,165785.91,3188.1906,7,2015,2024,eu_trend_wm_max_recent_v2
KEF,LGW,165714.95,3186.826,7,2015,2024,eu_trend_wm_max_recent_v2
ORY,GVA,165710.0,3186.7308,7,2015,2024,eu_trend_wm_max_recent_v2
LBA,ALC,165610.0,3184.8077,7,2015,2024,eu_trend_wm_max_recent_v2
LIN,OLB,165302.54,3178.8951,7,2015,2024,eu_trend_wm_max_recent_v2
BRU,LIN,165287.96,3178.6146,7,2015,2024,eu_trend_wm_max_recent_v2
PRG,BRU,165266.0,3178.1923,7,2015,2024,eu_trend_wm_max_recent_v2
GCI,LGW,165226.96,3177.4416,5,2015,2019,eu_trend_wm_max_recent_v2
ORY,PUF,165209.4,3177.1038,7,2015,2024,eu_trend_wm_max_recent_v2
TFS,EMA,165064.0,3174.3077,7,2015,2024,eu_trend_wm_max_recent_v2
FRA,DRS,165048.24,3174.0046,7,2015,2024,eu_trend_wm_max_recent_v2
ARN,PMI,164960.0,3172.3077,7,2015,2024,eu_trend_wm_max_recent_v2
KEF,BOS,164924.89,3171.6324,7,2015,2024,eu_trend_wm_max_recent_v2
EMA,TFS,164900.0,3171.1538,7,2015,2024,eu_trend_wm_max_recent_v2
STN,PSA,164867.0,3170.5192,7,2015,2024,eu_trend_wm_max_recent_v2
LHR,YUL,164850.36,3170.1992,5,2015,2019,eu_trend_wm_max_recent_v2
AGP,OSL,164755.0,3168.3654,7,2015,2024,eu_trend_wm_max_recent_v2
ALC,LBA,164712.0,3167.5385,7,2015,2024,eu_trend_wm_max_recent_v2
YYZ,LIS,164701.31,3167.333,7,2015,2024,eu_trend_wm_max_recent_v2
EDI,BFS,164684.0,3167.0,5,2015,2019,eu_trend_wm_max_recent_v2
DUS,CPH,164648.0,3166.3077,7,2015,2024,eu_trend_wm_max_recent_v2
VLC,LGW,164531.33,3164.064,7,2015,2024,eu_trend_wm_max_recent_v2
MAN,PFO,164502.54,3163.5104,7,2015,2024,eu_trend_wm_max_recent_v2
OLB,MXP,164494.52,3163.3562,7,2015,2024,eu_trend_wm_max_recent_v2
MAD,CPH,164351.0,3160.5962,7,2015,2024,eu_trend_wm_max_recent_v2
LIN,BRU,164231.08,3158.29,7,2015,2024,eu_trend_wm_max_recent_v2
NAP,PMO,164074.95,3155.2875,7,2015,2024,eu_trend_wm_max_recent_v2
VLC,IBZ,164019.0,3154.2115,7,2015,2024,eu_trend_wm_max_recent_v2
IST,KUL,163992.73,3153.7063,2,2023,2024,eu_trend_wm_max_recent_v2
CPH,FCO,163875.24,3151.4469,7,2015,2024,eu_trend_wm_max_recent_v2
LTN,KTW,163825.02,3150.4812,7,2015,2024,eu_trend_wm_max_recent_v2
LGW,SVQ,163804.26,3150.0819,7,2015,2024,eu_trend_wm_max_recent_v2
MXP,OLB,163753.76,3149.1107,7,2015,2024,eu_trend_wm_max_recent_v2
AGP,HEL,163699.07,3148.059,7,2015,2024,eu_trend_wm_max_recent_v2
STN,TSF,163684.5,3147.7788,5,2015,2019,eu_trend_wm_max_recent_v2
FRA,ZAG,163652.0,3147.1538,7,2015,2024,eu_trend_wm_max_recent_v2
CPH,DXB,163649.0,3147.0962,7,2015,2024,eu_trend_wm_max_recent_v2
STR,BER,163636.12,3146.8485,2,2023,2024,eu_trend_wm_max_recent_v2
PFO,MAN,163532.52,3144.8562,7,2015,2024,eu_trend_wm_max_recent_v2
TSF,STN,163531.5,3144.8365,5,2015,2019,eu_trend_wm_max_recent_v2
SIN,AMS,163494.7,3144.1288,7,2015,2024,eu_trend_wm_max_recent_v2
OSL,LPA,163492.72,3144.0907,7,2015,2024,eu_trend_wm_max_recent_v2
FRA,AUH,163449.42,3143.2581,7,2015,2024,eu_trend_wm_max_recent_v2
LYS,FRA,163435.4,3142.9884,7,2015,2024,eu_trend_wm_max_recent_v2
MUC,SFO,163431.95,3142.9221,7,2015,2024,eu_trend_wm_max_recent_v2
BRS,GLA,163401.0,3142.3269,5,2015,2019,eu_trend_wm_max_recent_v2
KEF,AMS,163345.83,3141.266,7,2015,2024,eu_trend_wm_max_recent_v2
MRS,BOD,163345.83,3141.266,7,2015,2024,eu_trend_wm_max_recent_v2
AMS,LPA,163332.18,3141.0034,7,2015,2024,eu_trend_wm_max_recent_v2
LGW,VLC,163245.33,3139.3334,7,2015,2024,eu_trend_wm_max_recent_v2
LPA,ARN,163170.15,3137.8876,7,2015,2024,eu_trend_wm_max_recent_v2
IBZ,VLC,163115.0,3136.8269,7,2015,2024,eu_trend_wm_max_recent_v2
OSL,AGP,163107.0,3136.6731,7,2015,2024,eu_trend_wm_max_recent_v2
LYS,AMS,162977.0,3134.1731,7,2015,2024,eu_trend_wm_max_recent_v2
LPA,AMS,162944.16,3133.5416,7,2015,2024,eu_trend_wm_max_recent_v2
PSA,STN,162903.0,3132.75,7,2015,2024,eu_trend_wm_max_recent_v2
NAP,VCE,162805.23,3130.8697,7,2015,2024,eu_trend_wm_max_recent_v2
HEL,SVO,162780.0,3130.3846,5,2015,2019,eu_trend_wm_max_recent_v2
FRA,DEN,162601.32,3126.9485,7,2015,2024,eu_trend_wm_max_recent_v2
CTA,MLA,162565.09,3126.2518,7,2015,2024,eu_trend_wm_max_recent_v2
ATH,CFU,162442.0,3123.8846,7,2015,2024,eu_trend_wm_max_recent_v2
AMS,SIN,162346.0,3122.0385,7,2015,2024,eu_trend_wm_max_recent_v2
VCE,NAP,162326.62,3121.6658,7,2015,2024,eu_trend_wm_max_recent_v2
PMI,BSL,162241.43,3120.0274,7,2015,2024,eu_trend_wm_max_recent_v2
BRS,FAO,162162.59,3118.5113,7,2015,2024,eu_trend_wm_max_recent_v2
BIO,LGW,162031.4,3115.9885,7,2015,2024,eu_trend_wm_max_recent_v2
BOS,KEF,161977.82,3114.958,7,2015,2024,eu_trend_wm_max_recent_v2
NAP,MUC,161969.88,3114.8054,7,2015,2024,eu_trend_wm_max_recent_v2
FAO,BRS,161955.65,3114.5317,7,2015,2024,eu_trend_wm_max_recent_v2
BRU,ATH,161923.31,3113.9098,7,2015,2024,eu_trend_wm_max_recent_v2
FCO,CPH,161766.9,3110.9019,7,2015,2024,eu_trend_wm_max_recent_v2
LAX,AMS,161550.19,3106.7344,7,2015,2024,eu_trend_wm_max_recent_v2
MUC,HND,161442.0,3104.6538,7,2015,2024,eu_trend_wm_max_recent_v2
BIO,SVQ,161404.85,3103.9395,7,2015,2024,eu_trend_wm_max_recent_v2
LPA,OSL,161351.67,3102.9167,7,2015,2024,eu_trend_wm_max_recent_v2
BOD,MRS,161350.51,3102.8944,7,2015,2024,eu_trend_wm_max_recent_v2
WAW,ZRH,161279.39,3101.5268,7,2015,2024,eu_trend_wm_max_recent_v2
LTN,PMI,161151.9,3099.075,7,2015,2024,eu_trend_wm_max_recent_v2
AUH,AMS,161134.03,3098.7314,7,2015,2024,eu_trend_wm_max_recent_v2
WAW,CPH,161053.97,3097.1918,7,2015,2024,eu_trend_wm_max_recent_v2
AMS,LYS,161010.0,3096.3462,7,2015,2024,eu_trend_wm_max_recent_v2
MLA,CTA,160921.19,3094.6383,7,2015,2024,eu_trend_wm_max_recent_v2
CPH,DUS,160791.74,3092.1488,7,2015,2024,eu_trend_wm_max_recent_v2
FCO,AGP,160639.17,3089.2147,7,2015,2024,eu_trend_wm_max_recent_v2
GLA,BRS,160604.0,3088.5385,5,2015,2019,eu_trend_wm_max_recent_v2
BER,HEL,160568.95,3087.8645,2,2023,2024,eu_trend_wm_max_recent_v2
EIN,AGP,160568.03,3087.8467,7,2015,2024,eu_trend_wm_max_recent_v2
HEL,AGP,160500.59,3086.5498,7,2015,2024,eu_trend_wm_max_recent_v2
FRA,BHX,160200.79,3080.7845,7,2015,2024,eu_trend_wm_max_recent_v2
KEF,OSL,160140.0,3079.6154,7,2015,2024,eu_trend_wm_max_recent_v2
KUL,CDG,160088.47,3078.6244,1,2015,2015,eu_trend_wm_max_recent_v2
BSL,PMI,159852.5,3074.0865,7,2015,2024,eu_trend_wm_max_recent_v2
SVQ,BIO,159799.9,3073.075,7,2015,2024,eu_trend_wm_max_recent_v2
OTP,ATH,159680.59,3070.7806,7,2015,2024,eu_trend_wm_max_recent_v2
EWR,MUC,159630.0,3069.8077,7,2015,2024,eu_trend_wm_max_recent_v2
HEL,BKK,159573.43,3068.7198,7,2015,2024,eu_trend_wm_max_recent_v2
MUC,EWR,159516.78,3067.6304,7,2015,2024,eu_trend_wm_max_recent_v2
LGW,BOD,159458.64,3066.5123,7,2015,2024,eu_trend_wm_max_recent_v2
HND,MUC,159446.0,3066.2692,7,2015,2024,eu_trend_wm_max_recent_v2
BHX,FRA,159418.0,3065.7308,7,2015,2024,eu_trend_wm_max_recent_v2
EIN,STN,159394.75,3065.2836,7,2015,2024,eu_trend_wm_max_recent_v2
BER,STR,159387.36,3065.1415,2,2023,2024,eu_trend_wm_max_recent_v2
PMI,LTN,159282.96,3063.1339,7,2015,2024,eu_trend_wm_max_recent_v2
IST,SFO,159269.1,3062.8674,2,2023,2024,eu_trend_wm_max_recent_v2
AGP,FCO,159253.4,3062.5654,7,2015,2024,eu_trend_wm_max_recent_v2
MXP,PRG,158989.27,3057.4859,7,2015,2024,eu_trend_wm_max_recent_v2
OSL,KEF,158897.0,3055.7115,7,2015,2024,eu_trend_wm_max_recent_v2
NAP,FCO,158861.8,3055.0346,7,2015,2024,eu_trend_wm_max_recent_v2
ZRH,WAW,158844.13,3054.6949,7,2015,2024,eu_trend_wm_max_recent_v2
CAY,ORY,158811.9,3054.075,7,2015,2024,eu_trend_wm_max_recent_v2
NAP,CDG,158771.89,3053.3056,7,2015,2024,eu_trend_wm_max_recent_v2
MIA,FRA,158755.86,3052.9973,7,2015,2024,eu_trend_wm_max_recent_v2
PRG,MXP,158718.46,3052.278,7,2015,2024,eu_trend_wm_max_recent_v2
KUL,IST,158707.41,3052.0655,2,2023,2024,eu_trend_wm_max_recent_v2
BOD,LGW,158688.54,3051.7027,7,2015,2024,eu_trend_wm_max_recent_v2
CPH,MAD,158683.0,3051.5962,7,2015,2024,eu_trend_wm_max_recent_v2
PMO,NAP,158672.3,3051.3904,7,2015,2024,eu_trend_wm_max_recent_v2
ARN,LPA,158587.14,3049.7526,7,2015,2024,eu_trend_wm_max_recent_v2
LHR,PHX,158567.0,3049.3654,5,2015,2019,eu_trend_wm_max_recent_v2
KEF,CDG,158542.96,3048.9031,7,2015,2024,eu_trend_wm_max_recent_v2
FRA,YUL,158534.59,3048.7422,7,2015,2024,eu_trend_wm_max_recent_v2
NCE,FRA,158504.94,3048.1719,7,2015,2024,eu_trend_wm_max_recent_v2
LUX,LIS,158450.0,3047.1154,7,2015,2024,eu_trend_wm_max_recent_v2
AMS,BOD,158439.92,3046.9216,7,2015,2024,eu_trend_wm_max_recent_v2
ATH,OTP,158433.15,3046.7914,7,2015,2024,eu_trend_wm_max_recent_v2
LIS,LUX,158395.0,3046.0577,7,2015,2024,eu_trend_wm_max_recent_v2
BOD,AMS,158260.14,3043.4642,7,2015,2024,eu_trend_wm_max_recent_v2
AMS,DEL,158254.77,3043.3609,7,2015,2024,eu_trend_wm_max_recent_v2
HEL,PRG,158158.0,3041.5,7,2015,2024,eu_trend_wm_max_recent_v2
AMS,IAD,157999.0,3038.4423,7,2015,2024,eu_trend_wm_max_recent_v2
LTN,EDI,157948.0,3037.4615,5,2015,2019,eu_trend_wm_max_recent_v2
NCL,PMI,157877.64,3036.1085,7,2015,2024,eu_trend_wm_max_recent_v2
LGW,BIO,157838.07,3035.3474,7,2015,2024,eu_trend_wm_max_recent_v2
AMS,AUH,157822.44,3035.0469,7,2015,2024,eu_trend_wm_max_recent_v2
HEL,BER,157562.76,3030.0531,2,2023,2024,eu_trend_wm_max_recent_v2
MEX,AMS,157409.4,3027.1038,7,2015,2024,eu_trend_wm_max_recent_v2
STN,VCE,157333.59,3025.646,3,2019,2024,eu_trend_wm_max_recent_v2
AGP,EIN,157256.97,3024.1725,7,2015,2024,eu_trend_wm_max_recent_v2
IST,LED,157146.11,3022.0405,2,2023,2024,eu_trend_wm_max_recent_v2
PMI,NCL,157099.38,3021.1419,7,2015,2024,eu_trend_wm_max_recent_v2
SIN,MUC,157038.33,3019.9678,7,2015,2024,eu_trend_wm_max_recent_v2
IST,CMN,156871.72,3016.7639,2,2023,2024,eu_trend_wm_max_recent_v2
IAD,AMS,156740.0,3014.2308,7,2015,2024,eu_trend_wm_max_recent_v2
WAW,BRU,156658.23,3012.6583,7,2015,2024,eu_trend_wm_max_recent_v2
BUD,DXB,156540.99,3010.4036,7,2015,2024,eu_trend_wm_max_recent_v2
MAD,PRG,156516.62,3009.9351,7,2015,2024,eu_trend_wm_max_recent_v2
BLQ,FRA,156328.0,3006.3077,7,2015,2024,eu_trend_wm_max_recent_v2
NCE,LIL,156285.08,3005.4824,7,2015,2024,eu_trend_wm_max_recent_v2
MAD,BGY,156266.04,3005.1162,7,2015,2024,eu_trend_wm_max_recent_v2
FRA,MLA,156224.38,3004.3151,7,2015,2024,eu_trend_wm_max_recent_v2
LHR,SYD,156047.45,3000.9126,5,2015,2019,eu_trend_wm_max_recent_v2
FRA,DFW,156025.67,3000.4936,7,2015,2024,eu_trend_wm_max_recent_v2
DEL,AMS,155914.8,2998.3616,7,2015,2024,eu_trend_wm_max_recent_v2
BGY,MAD,155909.04,2998.2508,7,2015,2024,eu_trend_wm_max_recent_v2
MUC,NAP,155780.52,2995.7792,7,2015,2024,eu_trend_wm_max_recent_v2
MLA,FRA,155691.7,2994.0711,7,2015,2024,eu_trend_wm_max_recent_v2
IST,IAD,155458.24,2989.5816,2,2023,2024,eu_trend_wm_max_recent_v2
EDI,LTN,155434.0,2989.1154,5,2015,2019,eu_trend_wm_max_recent_v2
LIL,NCE,155411.13,2988.6755,7,2015,2024,eu_trend_wm_max_recent_v2
GDN,LTN,155239.0,2985.3654,7,2015,2024,eu_trend_wm_max_recent_v2
ALC,MAD,155237.44,2985.3354,7,2015,2024,eu_trend_wm_max_recent_v2
LTN,GDN,155065.0,2982.0192,7,2015,2024,eu_trend_wm_max_recent_v2
NCE,BCN,155047.0,2981.6731,7,2015,2024,eu_trend_wm_max_recent_v2
LGW,LCA,154983.38,2980.4497,7,2015,2024,eu_trend_wm_max_recent_v2
CDG,NAP,154885.4,2978.5654,7,2015,2024,eu_trend_wm_max_recent_v2
BER,ORY,154838.57,2977.6648,6,2015,2024,eu_trend_wm_max_recent_v2
AMS,ICN,154837.02,2977.635,7,2015,2024,eu_trend_wm_max_recent_v2
LTN,CDG,154747.8,2975.9193,7,2015,2024,eu_trend_wm_max_recent_v2
LGW,LAS,154699.72,2974.9946,5,2015,2019,eu_trend_wm_max_recent_v2
BRU,WAW,154529.57,2971.7225,7,2015,2024,eu_trend_wm_max_recent_v2
AUH,DUS,154471.73,2970.6102,5,2015,2019,eu_trend_wm_max_recent_v2
ATH,CAI,154460.62,2970.3964,7,2015,2024,eu_trend_wm_max_recent_v2
VCE,STN,154416.23,2969.543,3,2019,2024,eu_trend_wm_max_recent_v2
IBZ,AMS,154325.61,2967.8001,7,2015,2024,eu_trend_wm_max_recent_v2
SFO,IST,154305.28,2967.4093,2,2023,2024,eu_trend_wm_max_recent_v2
ORY,BER,154302.76,2967.3609,6,2015,2024,eu_trend_wm_max_recent_v2
TGD,BEG,154174.8,2964.8999,6,2016,2024,eu_trend_wm_max_recent_v2
BVA,OPO,154158.5,2964.5866,7,2015,2024,eu_trend_wm_max_recent_v2
GVA,DXB,154156.0,2964.5385,7,2015,2024,eu_trend_wm_max_recent_v2
ORY,CAY,154060.87,2962.7091,7,2015,2024,eu_trend_wm_max_recent_v2
VIE,VCE,154017.71,2961.8791,7,2015,2024,eu_trend_wm_max_recent_v2
BUD,WAW,153936.2,2960.3115,7,2015,2024,eu_trend_wm_max_recent_v2
EIN,ALC,153911.72,2959.8408,7,2015,2024,eu_trend_wm_max_recent_v2
PHX,LHR,153902.0,2959.6538,5,2015,2019,eu_trend_wm_max_recent_v2
LHR,DEN,153754.0,2956.8077,5,2015,2019,eu_trend_wm_max_recent_v2
BKK,HEL,153692.05,2955.6163,7,2015,2024,eu_trend_wm_max_recent_v2
DUS,AUH,153600.37,2953.8533,5,2015,2019,eu_trend_wm_max_recent_v2
PRG,HEL,153546.0,2952.8077,7,2015,2024,eu_trend_wm_max_recent_v2
GVA,LTN,153539.41,2952.681,7,2015,2024,eu_trend_wm_max_recent_v2
BER,OSL,153509.98,2952.115,7,2015,2024,eu_trend_wm_max_recent_v2
BRU,ZRH,153499.63,2951.9161,7,2015,2024,eu_trend_wm_max_recent_v2
FRA,STR,153439.62,2950.7619,7,2015,2024,eu_trend_wm_max_recent_v2
WAW,BUD,153333.89,2948.7286,7,2015,2024,eu_trend_wm_max_recent_v2
BCN,NCE,153313.0,2948.3269,7,2015,2024,eu_trend_wm_max_recent_v2
HAM,BCN,153182.58,2945.8188,7,2015,2024,eu_trend_wm_max_recent_v2
FRA,NCE,153086.7,2943.975,7,2015,2024,eu_trend_wm_max_recent_v2
CAI,ATH,153079.38,2943.8341,7,2015,2024,eu_trend_wm_max_recent_v2
EWR,ATH,153059.94,2943.4604,5,2017,2024,eu_trend_wm_max_recent_v2
LCA,LGW,153047.93,2943.2294,7,2015,2024,eu_trend_wm_max_recent_v2
CDG,KUL,152855.66,2939.5319,1,2015,2015,eu_trend_wm_max_recent_v2
BIO,AGP,152804.03,2938.5391,7,2015,2024,eu_trend_wm_max_recent_v2
STN,EIN,152767.08,2937.8285,7,2015,2024,eu_trend_wm_max_recent_v2
CPH,WAW,152720.89,2936.9401,7,2015,2024,eu_trend_wm_max_recent_v2
LTN,GVA,152608.99,2934.7883,7,2015,2024,eu_trend_wm_max_recent_v2
LYS,BCN,152592.0,2934.4615,7,2015,2024,eu_trend_wm_max_recent_v2
DEN,LHR,152521.0,2933.0962,5,2015,2019,eu_trend_wm_max_recent_v2
BCN,HEL,152476.81,2932.2463,7,2015,2024,eu_trend_wm_max_recent_v2
AMS,DOH,152394.77,2930.6687,7,2015,2024,eu_trend_wm_max_recent_v2
LTN,ALC,152381.06,2930.4049,7,2015,2024,eu_trend_wm_max_recent_v2
JFK,BRU,152378.82,2930.3619,7,2015,2024,eu_trend_wm_max_recent_v2
DUS,HER,152296.84,2928.7854,7,2015,2024,eu_trend_wm_max_recent_v2
FRA,BLQ,152257.44,2928.0277,7,2015,2024,eu_trend_wm_max_recent_v2
FRA,MIA,152177.88,2926.4977,7,2015,2024,eu_trend_wm_max_recent_v2
CDG,BOM,152155.32,2926.0639,7,2015,2024,eu_trend_wm_max_recent_v2
HER,DUS,152139.79,2925.7652,7,2015,2024,eu_trend_wm_max_recent_v2
ZRH,BRU,151977.8,2922.6501,7,2015,2024,eu_trend_wm_max_recent_v2
ALC,EIN,151782.26,2918.8896,7,2015,2024,eu_trend_wm_max_recent_v2
ATH,DOH,151779.06,2918.8281,4,2018,2024,eu_trend_wm_max_recent_v2
IST,MIA,151771.17,2918.6764,2,2023,2024,eu_trend_wm_max_recent_v2
FCO,NAP,151729.0,2917.8654,7,2015,2024,eu_trend_wm_max_recent_v2
VNO,LTN,151696.0,2917.2308,7,2015,2024,eu_trend_wm_max_recent_v2
STN,MXP,151600.32,2915.3907,6,2016,2024,eu_trend_wm_max_recent_v2
FRA,SEA,151593.56,2915.2608,7,2015,2024,eu_trend_wm_max_recent_v2
LED,IST,151573.47,2914.8744,2,2023,2024,eu_trend_wm_max_recent_v2
AGP,BIO,151548.53,2914.3948,7,2015,2024,eu_trend_wm_max_recent_v2
AGP,EMA,151430.0,2912.1154,7,2015,2024,eu_trend_wm_max_recent_v2
OPO,BVA,151422.0,2911.9615,7,2015,2024,eu_trend_wm_max_recent_v2
LTN,VNO,151403.0,2911.5962,7,2015,2024,eu_trend_wm_max_recent_v2
CAI,FRA,151348.05,2910.5395,7,2015,2024,eu_trend_wm_max_recent_v2
DUB,LBA,151269.0,2909.0192,7,2015,2024,eu_trend_wm_max_recent_v2
BEG,TGD,151195.62,2907.6081,6,2016,2024,eu_trend_wm_max_recent_v2
ALC,LTN,151191.83,2907.5352,7,2015,2024,eu_trend_wm_max_recent_v2
BCN,HAM,151140.54,2906.5488,7,2015,2024,eu_trend_wm_max_recent_v2
SOF,LTN,151134.75,2906.4374,7,2015,2024,eu_trend_wm_max_recent_v2
BLQ,CDG,151125.0,2906.25,7,2015,2024,eu_trend_wm_max_recent_v2
EMA,AGP,151123.0,2906.2115,7,2015,2024,eu_trend_wm_max_recent_v2
FRA,DTW,151099.04,2905.7508,7,2015,2024,eu_trend_wm_max_recent_v2
FAO,LIS,151097.29,2905.7172,7,2015,2024,eu_trend_wm_max_recent_v2
SFO,MUC,151094.92,2905.6715,7,2015,2024,eu_trend_wm_max_recent_v2
DEN,FRA,151030.61,2904.4349,7,2015,2024,eu_trend_wm_max_recent_v2
BUD,MAD,151009.0,2904.0192,7,2015,2024,eu_trend_wm_max_recent_v2
DFW,FRA,151007.82,2903.9965,7,2015,2024,eu_trend_wm_max_recent_v2
BRU,JFK,150988.0,2903.6154,7,2015,2024,eu_trend_wm_max_recent_v2
PDL,OPO,150984.0,2903.5385,7,2015,2024,eu_trend_wm_max_recent_v2
CMN,IST,150981.29,2903.4863,2,2023,2024,eu_trend_wm_max_recent_v2
AMS,IBZ,150972.97,2903.3264,7,2015,2024,eu_trend_wm_max_recent_v2
NCE,CPH,150867.23,2901.2929,7,2015,2024,eu_trend_wm_max_recent_v2
TPE,VIE,150849.18,2900.9457,7,2015,2024,eu_trend_wm_max_recent_v2
OSL,BER,150782.8,2899.6692,7,2015,2024,eu_trend_wm_max_recent_v2
PRG,MAD,150693.68,2897.9554,7,2015,2024,eu_trend_wm_max_recent_v2
CDG,BES,150681.91,2897.729,7,2015,2024,eu_trend_wm_max_recent_v2
LHR,CLT,150615.0,2896.4423,5,2015,2019,eu_trend_wm_max_recent_v2
AUH,IST,150583.11,2895.829,2,2023,2024,eu_trend_wm_max_recent_v2
HEL,BCN,150569.56,2895.5685,7,2015,2024,eu_trend_wm_max_recent_v2
BCN,LYS,150566.0,2895.5,7,2015,2024,eu_trend_wm_max_recent_v2
CPH,NCE,150548.99,2895.173,7,2015,2024,eu_trend_wm_max_recent_v2
PEK,MUC,150539.64,2894.993,7,2015,2024,eu_trend_wm_max_recent_v2
MUC,SIN,150508.01,2894.3847,7,2015,2024,eu_trend_wm_max_recent_v2
AMS,SFO,150384.62,2892.0119,7,2015,2024,eu_trend_wm_max_recent_v2
MAD,TLS,150371.0,2891.75,7,2015,2024,eu_trend_wm_max_recent_v2
CPH,GOT,150276.42,2889.9311,7,2015,2024,eu_trend_wm_max_recent_v2
YUL,FRA,150234.48,2889.1245,7,2015,2024,eu_trend_wm_max_recent_v2
MUC,YYZ,150172.38,2887.9303,7,2015,2024,eu_trend_wm_max_recent_v2
FRA,CAI,150074.99,2886.0576,7,2015,2024,eu_trend_wm_max_recent_v2
FKB,PMI,150067.82,2885.9196,7,2015,2024,eu_trend_wm_max_recent_v2
VCE,VIE,150066.01,2885.8848,7,2015,2024,eu_trend_wm_max_recent_v2
OPO,PDL,150061.0,2885.7885,7,2015,2024,eu_trend_wm_max_recent_v2
NBO,CDG,149939.19,2883.4459,7,2015,2024,eu_trend_wm_max_recent_v2
CDG,BLQ,149785.0,2880.4808,7,2015,2024,eu_trend_wm_max_recent_v2
TFN,FUE,149761.81,2880.0348,7,2015,2024,eu_trend_wm_max_recent_v2
FUE,TFN,149723.01,2879.2886,7,2015,2024,eu_trend_wm_max_recent_v2
AMS,MRS,149719.0,2879.2115,7,2015,2024,eu_trend_wm_max_recent_v2
CDG,JNB,149611.23,2877.139,7,2015,2024,eu_trend_wm_max_recent_v2
ORY,BES,149604.0,2877.0,6,2015,2023,eu_trend_wm_max_recent_v2
OTP,BCN,149472.76,2874.4761,7,2015,2024,eu_trend_wm_max_recent_v2
DOH,DUB,149465.26,2874.3318,4,2018,2024,eu_trend_wm_max_recent_v2
AHO,FCO,149413.52,2873.337,7,2015,2024,eu_trend_wm_max_recent_v2
LTN,SOF,149411.84,2873.3047,7,2015,2024,eu_trend_wm_max_recent_v2
BOM,CDG,149365.9,2872.4211,7,2015,2024,eu_trend_wm_max_recent_v2
STR,BCN,149351.62,2872.1466,7,2015,2024,eu_trend_wm_max_recent_v2
MAD,ALC,149348.0,2872.0769,7,2015,2024,eu_trend_wm_max_recent_v2
FCO,AHO,149257.65,2870.3395,7,2015,2024,eu_trend_wm_max_recent_v2
DXB,GVA,149253.0,2870.25,7,2015,2024,eu_trend_wm_max_recent_v2
ABZ,AMS,149131.14,2867.9065,7,2015,2024,eu_trend_wm_max_recent_v2
BER,FCO,149048.6,2866.3193,3,2015,2024,eu_trend_wm_max_recent_v2
BCN,STR,148894.32,2863.3523,7,2015,2024,eu_trend_wm_max_recent_v2
RUH,LHR,148749.0,2860.5577,5,2015,2019,eu_trend_wm_max_recent_v2
LPA,LGW,148674.18,2859.1188,7,2015,2024,eu_trend_wm_max_recent_v2
FCO,BER,148607.0,2857.827,3,2015,2024,eu_trend_wm_max_recent_v2
GOT,CPH,148601.37,2857.7187,7,2015,2024,eu_trend_wm_max_recent_v2
BCN,OTP,148537.14,2856.4834,7,2015,2024,eu_trend_wm_max_recent_v2
MRS,AMS,148448.0,2854.7692,7,2015,2024,eu_trend_wm_max_recent_v2
LGW,BER,148361.04,2853.0969,7,2015,2024,eu_trend_wm_max_recent_v2
LBA,DUB,148350.0,2852.8846,7,2015,2024,eu_trend_wm_max_recent_v2
MAD,BUD,148350.0,2852.8846,7,2015,2024,eu_trend_wm_max_recent_v2
EDI,TFS,148335.39,2852.6037,7,2015,2024,eu_trend_wm_max_recent_v2
STN,OSL,148314.0,2852.1923,5,2017,2024,eu_trend_wm_max_recent_v2
FUE,DUS,148227.38,2850.5265,7,2015,2024,eu_trend_wm_max_recent_v2
OPO,BRU,148130.84,2848.67,7,2015,2024,eu_trend_wm_max_recent_v2
AMS,ABZ,147969.36,2845.5646,7,2015,2024,eu_trend_wm_max_recent_v2
VIE,BKK,147959.28,2845.3708,6,2016,2024,eu_trend_wm_max_recent_v2
LGW,LPA,147942.84,2845.0546,7,2015,2024,eu_trend_wm_max_recent_v2
TLS,MAD,147828.0,2842.8462,7,2015,2024,eu_trend_wm_max_recent_v2
TFS,EDI,147732.12,2841.0023,7,2015,2024,eu_trend_wm_max_recent_v2
LAS,LGW,147681.95,2840.0375,5,2015,2019,eu_trend_wm_max_recent_v2
MXP,TLV,147529.0,2837.0962,7,2015,2024,eu_trend_wm_max_recent_v2
BER,LGW,147496.08,2836.4631,7,2015,2024,eu_trend_wm_max_recent_v2
BFS,GLA,147483.0,2836.2115,5,2015,2019,eu_trend_wm_max_recent_v2
LGW,IBZ,147351.24,2833.6777,7,2015,2024,eu_trend_wm_max_recent_v2
YYZ,MUC,147315.44,2832.9892,7,2015,2024,eu_trend_wm_max_recent_v2
DOH,ATH,147292.66,2832.5512,4,2018,2024,eu_trend_wm_max_recent_v2
XRY,MAD,147284.23,2832.389,7,2015,2024,eu_trend_wm_max_recent_v2
PMI,FKB,147202.09,2830.8094,7,2015,2024,eu_trend_wm_max_recent_v2
DUS,FUE,147099.74,2828.8412,7,2015,2024,eu_trend_wm_max_recent_v2
OSL,BCN,147002.95,2826.9797,7,2015,2024,eu_trend_wm_max_recent_v2
DXB,ATH,146992.12,2826.7716,7,2015,2024,eu_trend_wm_max_recent_v2
PAS,ATH,146979.19,2826.5228,5,2017,2024,eu_trend_wm_max_recent_v2
AGP,ZRH,146876.03,2824.5389,7,2015,2024,eu_trend_wm_max_recent_v2
JNB,CDG,146861.64,2824.2622,7,2015,2024,eu_trend_wm_max_recent_v2
CDG,DFW,146756.47,2822.2398,7,2015,2024,eu_trend_wm_max_recent_v2
BCN,LCG,146607.97,2819.384,7,2015,2024,eu_trend_wm_max_recent_v2
MXP,STN,146599.78,2819.2265,6,2016,2024,eu_trend_wm_max_recent_v2
CDG,VLC,146504.64,2817.3969,7,2015,2024,eu_trend_wm_max_recent_v2
GLA,BFS,146396.0,2815.3077,5,2015,2019,eu_trend_wm_max_recent_v2
BLQ,MAD,146392.44,2815.2392,7,2015,2024,eu_trend_wm_max_recent_v2
BLQ,PMO,146371.3,2814.8326,7,2015,2024,eu_trend_wm_max_recent_v2
MAD,BLQ,146331.24,2814.0623,7,2015,2024,eu_trend_wm_max_recent_v2
CPH,SVG,146212.92,2811.7869,7,2015,2024,eu_trend_wm_max_recent_v2
FRA,LED,146204.76,2811.63,5,2015,2019,eu_trend_wm_max_recent_v2
IST,MEX,146197.61,2811.4926,2,2023,2024,eu_trend_wm_max_recent_v2
PMO,BLQ,146067.35,2808.9876,7,2015,2024,eu_trend_wm_max_recent_v2
BCN,OSL,146059.07,2808.8282,7,2015,2024,eu_trend_wm_max_recent_v2
ORY,MXP,146055.43,2808.7583,7,2015,2024,eu_trend_wm_max_recent_v2
CDG,LTN,145946.33,2806.6602,7,2015,2024,eu_trend_wm_max_recent_v2
TLV,MXP,145931.0,2806.3654,7,2015,2024,eu_trend_wm_max_recent_v2
TLV,BER,145904.28,2805.8515,7,2015,2024,eu_trend_wm_max_recent_v2
RHO,LGW,145885.36,2805.4876,7,2015,2024,eu_trend_wm_max_recent_v2
BKK,ARN,145828.38,2804.3919,7,2015,2024,eu_trend_wm_max_recent_v2
BES,ORY,145802.88,2803.9015,6,2015,2023,eu_trend_wm_max_recent_v2
TLL,ARN,145789.15,2803.6375,7,2015,2024,eu_trend_wm_max_recent_v2
VLC,CDG,145774.32,2803.3523,7,2015,2024,eu_trend_wm_max_recent_v2
IBZ,LGW,145725.36,2802.4108,7,2015,2024,eu_trend_wm_max_recent_v2
DXB,STN,145631.0,2800.5962,2,2018,2019,eu_trend_wm_max_recent_v2
DOH,ZRH,145583.26,2799.678,7,2015,2024,eu_trend_wm_max_recent_v2
MUC,PEK,145522.83,2798.5159,7,2015,2024,eu_trend_wm_max_recent_v2
FLR,FRA,145509.66,2798.2626,7,2015,2024,eu_trend_wm_max_recent_v2
MIA,IST,145459.46,2797.2974,2,2023,2024,eu_trend_wm_max_recent_v2
BRU,TFS,145395.72,2796.0715,7,2015,2024,eu_trend_wm_max_recent_v2
DUB,ALC,145319.04,2794.5969,7,2015,2024,eu_trend_wm_max_recent_v2
GLA,ALC,145225.0,2792.7885,7,2015,2024,eu_trend_wm_max_recent_v2
DOH,AMS,145003.08,2788.5208,7,2015,2024,eu_trend_wm_max_recent_v2
ZRH,AGP,144994.82,2788.362,7,2015,2024,eu_trend_wm_max_recent_v2
LGW,RHO,144992.0,2788.3076,7,2015,2024,eu_trend_wm_max_recent_v2
SEA,FRA,144940.2,2787.3116,7,2015,2024,eu_trend_wm_max_recent_v2
MAN,GVA,144925.48,2787.0285,7,2015,2024,eu_trend_wm_max_recent_v2
MUC,IAD,144921.48,2786.9515,7,2015,2024,eu_trend_wm_max_recent_v2
IAD,MUC,144916.5,2786.8558,7,2015,2024,eu_trend_wm_max_recent_v2
SVQ,TFN,144827.55,2785.1452,7,2015,2024,eu_trend_wm_max_recent_v2
TFN,SVQ,144745.33,2783.564,7,2015,2024,eu_trend_wm_max_recent_v2
ALC,GLA,144731.0,2783.2885,7,2015,2024,eu_trend_wm_max_recent_v2
DTW,FRA,144727.55,2783.2221,7,2015,2024,eu_trend_wm_max_recent_v2
BRU,OPO,144710.57,2782.8955,7,2015,2024,eu_trend_wm_max_recent_v2
BSL,LGW,144663.0,2781.9808,7,2015,2024,eu_trend_wm_max_recent_v2
ARN,BER,144655.17,2781.8303,7,2015,2024,eu_trend_wm_max_recent_v2
DXB,ARN,144582.31,2780.429,7,2015,2024,eu_trend_wm_max_recent_v2
ALC,DUB,144562.41,2780.0463,7,2015,2024,eu_trend_wm_max_recent_v2
SVO,BEG,144560.46,2780.0088,6,2016,2024,eu_trend_wm_max_recent_v2
CDG,NBO,144521.76,2779.2646,7,2015,2024,eu_trend_wm_max_recent_v2
BES,CDG,144513.88,2779.1131,7,2015,2024,eu_trend_wm_max_recent_v2
SFO,AMS,144450.18,2777.888,7,2015,2024,eu_trend_wm_max_recent_v2
BKK,CPH,144401.4,2776.95,7,2015,2024,eu_trend_wm_max_recent_v2
IST,WAW,144323.13,2775.4449,3,2019,2024,eu_trend_wm_max_recent_v2
BRU,OSL,144256.66,2774.1666,7,2015,2024,eu_trend_wm_max_recent_v2
GVA,MAN,144240.91,2773.8637,7,2015,2024,eu_trend_wm_max_recent_v2
MJT,ATH,144229.0,2773.6346,7,2015,2024,eu_trend_wm_max_recent_v2
LGW,BSL,144199.0,2773.0577,7,2015,2024,eu_trend_wm_max_recent_v2
MAN,IBZ,144185.48,2772.7977,7,2015,2024,eu_trend_wm_max_recent_v2
OSL,BRU,144102.54,2771.2027,7,2015,2024,eu_trend_wm_max_recent_v2
LED,FRA,144082.14,2770.8104,5,2015,2019,eu_trend_wm_max_recent_v2
IST,CPH,144065.54,2770.4912,3,2019,2024,eu_trend_wm_max_recent_v2
SVG,CPH,144045.42,2770.1042,7,2015,2024,eu_trend_wm_max_recent_v2
VCE,IST,143993.32,2769.1023,3,2019,2024,eu_trend_wm_max_recent_v2
AUH,DUB,143896.5,2767.2404,7,2015,2024,eu_trend_wm_max_recent_v2
AMS,SVG,143862.84,2766.5931,7,2015,2024,eu_trend_wm_max_recent_v2
IBZ,MAN,143842.73,2766.2064,7,2015,2024,eu_trend_wm_max_recent_v2
MAN,LPA,143838.11,2766.1176,7,2015,2024,eu_trend_wm_max_recent_v2
IST,PRG,143837.19,2766.0998,2,2023,2024,eu_trend_wm_max_recent_v2
SVG,AMS,143655.78,2762.6112,7,2015,2024,eu_trend_wm_max_recent_v2
LCG,BCN,143655.31,2762.6021,7,2015,2024,eu_trend_wm_max_recent_v2
TIV,BEG,143597.28,2761.4861,6,2016,2024,eu_trend_wm_max_recent_v2
BRU,SVO,143595.0,2761.4423,5,2015,2019,eu_trend_wm_max_recent_v2
ATL,FRA,143522.0,2760.0385,7,2015,2024,eu_trend_wm_max_recent_v2
GVA,VIE,143329.67,2756.3397,7,2015,2024,eu_trend_wm_max_recent_v2
CGN,IST,143325.0,2756.25,3,2019,2024,eu_trend_wm_max_recent_v2
FAO,LTN,143308.0,2755.9231,7,2015,2024,eu_trend_wm_max_recent_v2
BER,ARN,143307.45,2755.9124,7,2015,2024,eu_trend_wm_max_recent_v2
OSL,STN,143307.0,2755.9038,5,2017,2024,eu_trend_wm_max_recent_v2
LGW,VRN,143292.21,2755.6194,7,2015,2024,eu_trend_wm_max_recent_v2
BEG,TIV,143213.25,2754.101,6,2016,2024,eu_trend_wm_max_recent_v2
BLQ,LHR,143180.89,2753.4786,7,2015,2024,eu_trend_wm_max_recent_v2
ZRH,NCE,143075.0,2751.4423,7,2015,2024,eu_trend_wm_max_recent_v2
BHD,MAN,143047.86,2750.9204,5,2015,2019,eu_trend_wm_max_recent_v2
MXP,ORY,143022.14,2750.4258,7,2015,2024,eu_trend_wm_max_recent_v2
VIE,LCA,143012.18,2750.2342,7,2015,2024,eu_trend_wm_max_recent_v2
CUN,MAN,143011.0,2750.2115,5,2015,2019,eu_trend_wm_max_recent_v2
BUD,BER,142981.0,2749.6346,7,2015,2024,eu_trend_wm_max_recent_v2
LPA,MAN,142929.97,2748.6533,7,2015,2024,eu_trend_wm_max_recent_v2
FCO,CAI,142918.19,2748.4267,7,2015,2024,eu_trend_wm_max_recent_v2
IAD,IST,142910.57,2748.2802,2,2023,2024,eu_trend_wm_max_recent_v2
BER,TLV,142869.14,2747.4834,7,2015,2024,eu_trend_wm_max_recent_v2
OTP,CRL,142813.57,2746.4148,7,2015,2024,eu_trend_wm_max_recent_v2
TLV,BRU,142760.07,2745.3859,6,2015,2023,eu_trend_wm_max_recent_v2
AMS,SEA,142758.18,2745.3496,7,2015,2024,eu_trend_wm_max_recent_v2
ORD,ZRH,142737.74,2744.9566,7,2015,2024,eu_trend_wm_max_recent_v2
MAN,BHD,142661.28,2743.4862,5,2015,2019,eu_trend_wm_max_recent_v2
ARN,TLL,142596.0,2742.2308,7,2015,2024,eu_trend_wm_max_recent_v2
VIE,GVA,142538.96,2741.1339,7,2015,2024,eu_trend_wm_max_recent_v2
ARN,DXB,142388.1,2738.2328,7,2015,2024,eu_trend_wm_max_recent_v2
SFT,ARN,142378.8,2738.0538,7,2015,2024,eu_trend_wm_max_recent_v2
ARN,SFT,142336.58,2737.242,7,2015,2024,eu_trend_wm_max_recent_v2
FRA,ATL,142323.66,2736.9935,7,2015,2024,eu_trend_wm_max_recent_v2
FRA,FLR,142252.81,2735.631,7,2015,2024,eu_trend_wm_max_recent_v2
HKG,MUC,142111.0,2732.9038,5,2015,2019,eu_trend_wm_max_recent_v2
IST,GVA,142081.88,2732.3439,3,2019,2024,eu_trend_wm_max_recent_v2
PMI,BIO,142070.8,2732.1307,7,2015,2024,eu_trend_wm_max_recent_v2
LTN,FAO,141928.0,2729.3846,7,2015,2024,eu_trend_wm_max_recent_v2
ATH,EWR,141898.96,2728.8262,5,2017,2024,eu_trend_wm_max_recent_v2
ATH,MJT,141825.05,2727.4049,7,2015,2024,eu_trend_wm_max_recent_v2
DFW,CDG,141622.79,2723.5151,7,2015,2024,eu_trend_wm_max_recent_v2
ICN,AMS,141619.0,2723.4423,7,2015,2024,eu_trend_wm_max_recent_v2
VRN,LGW,141547.46,2722.0665,7,2015,2024,eu_trend_wm_max_recent_v2
STN,IBZ,141544.0,2722.0,7,2015,2024,eu_trend_wm_max_recent_v2
BUD,FCO,141543.36,2721.9877,7,2015,2024,eu_trend_wm_max_recent_v2
BIA,MRS,141531.31,2721.7559,7,2015,2024,eu_trend_wm_max_recent_v2
ZRH,DUB,141506.0,2721.2692,7,2015,2024,eu_trend_wm_max_recent_v2
SOF,STN,141493.39,2721.0268,6,2016,2024,eu_trend_wm_max_recent_v2
BIO,PMI,141393.64,2719.1084,7,2015,2024,eu_trend_wm_max_recent_v2
STN,SOF,141380.68,2718.8593,6,2016,2024,eu_trend_wm_max_recent_v2
LHR,BLQ,141280.08,2716.9246,7,2015,2024,eu_trend_wm_max_recent_v2
PRG,IST,141231.95,2715.999,2,2023,2024,eu_trend_wm_max_recent_v2
BER,BUD,141164.0,2714.6923,7,2015,2024,eu_trend_wm_max_recent_v2
LGW,TLS,141132.3,2714.0827,7,2015,2024,eu_trend_wm_max_recent_v2
LCA,VIE,141096.56,2713.3953,7,2015,2024,eu_trend_wm_max_recent_v2
CRL,OTP,141025.0,2712.0193,7,2015,2024,eu_trend_wm_max_recent_v2
CPH,DUB,141017.04,2711.8662,7,2015,2024,eu_trend_wm_max_recent_v2
DUB,DOH,140977.89,2711.1132,4,2018,2024,eu_trend_wm_max_recent_v2
FRA,LEJ,140946.74,2710.5142,7,2015,2024,eu_trend_wm_max_recent_v2
ATH,JFK,140922.46,2710.0473,7,2015,2024,eu_trend_wm_max_recent_v2
NCE,ZRH,140921.84,2710.0354,7,2015,2024,eu_trend_wm_max_recent_v2
CLJ,LTN,140910.0,2709.8077,7,2015,2024,eu_trend_wm_max_recent_v2
LIS,JFK,140903.64,2709.6853,6,2016,2024,eu_trend_wm_max_recent_v2
BRU,TLV,140874.3,2709.1212,6,2015,2023,eu_trend_wm_max_recent_v2
DUB,CPH,140864.04,2708.9238,7,2015,2024,eu_trend_wm_max_recent_v2
TFS,BRU,140774.64,2707.2047,7,2015,2024,eu_trend_wm_max_recent_v2
ARN,DOH,140730.75,2706.3605,7,2015,2024,eu_trend_wm_max_recent_v2
DUB,AUH,140694.72,2705.6677,7,2015,2024,eu_trend_wm_max_recent_v2
DUS,BHX,140693.0,2705.6346,7,2015,2024,eu_trend_wm_max_recent_v2
BOO,TRD,140679.42,2705.3735,5,2015,2019,eu_trend_wm_max_recent_v2
ZRH,DOH,140544.6,2702.7809,7,2015,2024,eu_trend_wm_max_recent_v2
IBZ,STN,140523.0,2702.3654,7,2015,2024,eu_trend_wm_max_recent_v2
BRU,AMS,140415.51,2700.2982,7,2015,2024,eu_trend_wm_max_recent_v2
MAN,CUN,140408.0,2700.1538,5,2015,2019,eu_trend_wm_max_recent_v2
AMS,FAO,140391.45,2699.8356,7,2015,2024,eu_trend_wm_max_recent_v2
TER,LIS,140364.45,2699.3164,7,2015,2024,eu_trend_wm_max_recent_v2
DUB,ZRH,140287.0,2697.8269,7,2015,2024,eu_trend_wm_max_recent_v2
FRA,BOS,140277.54,2697.645,7,2015,2024,eu_trend_wm_max_recent_v2
SVO,BRU,140277.0,2697.6346,5,2015,2019,eu_trend_wm_max_recent_v2
LGW,HER,140191.86,2695.9973,7,2015,2024,eu_trend_wm_max_recent_v2
LBA,AGP,140131.0,2694.8269,7,2015,2024,eu_trend_wm_max_recent_v2
MRS,BIA,140107.5,2694.375,7,2015,2024,eu_trend_wm_max_recent_v2
NYO,GDN,140075.29,2693.7557,6,2015,2023,eu_trend_wm_max_recent_v2
AGP,LBA,140048.0,2693.2308,7,2015,2024,eu_trend_wm_max_recent_v2
LEJ,FRA,140041.83,2693.112,7,2015,2024,eu_trend_wm_max_recent_v2
CAI,FCO,140009.0,2692.4808,7,2015,2024,eu_trend_wm_max_recent_v2
LHR,RUH,140009.0,2692.4808,5,2015,2019,eu_trend_wm_max_recent_v2
DFW,MAD,139897.91,2690.3445,7,2015,2024,eu_trend_wm_max_recent_v2
FRA,BLL,139865.46,2689.7204,7,2015,2024,eu_trend_wm_max_recent_v2
BHX,BHD,139842.24,2689.2739,5,2015,2019,eu_trend_wm_max_recent_v2
BFS,BRS,139811.0,2688.6731,5,2015,2019,eu_trend_wm_max_recent_v2
LTN,CLJ,139770.0,2687.8846,7,2015,2024,eu_trend_wm_max_recent_v2
FRA,LPA,139590.27,2684.4283,7,2015,2024,eu_trend_wm_max_recent_v2
OPO,CDG,139481.26,2682.3319,7,2015,2024,eu_trend_wm_max_recent_v2
NCE,NTE,139436.0,2681.4615,7,2015,2024,eu_trend_wm_max_recent_v2
DEN,MUC,139331.29,2679.4478,5,2017,2024,eu_trend_wm_max_recent_v2
PUJ,CDG,139228.0,2677.4615,5,2015,2019,eu_trend_wm_max_recent_v2
AMS,ORD,139172.69,2676.398,7,2015,2024,eu_trend_wm_max_recent_v2
TRD,BOO,139172.63,2676.3968,5,2015,2019,eu_trend_wm_max_recent_v2
MUC,CLT,139159.76,2676.1492,7,2015,2024,eu_trend_wm_max_recent_v2
LTN,CPH,139131.65,2675.6087,5,2015,2019,eu_trend_wm_max_recent_v2
BRS,BFS,139118.0,2675.3462,5,2015,2019,eu_trend_wm_max_recent_v2
BOM,FRA,139036.93,2673.787,7,2015,2024,eu_trend_wm_max_recent_v2
PUJ,MAD,138987.93,2672.8447,7,2015,2024,eu_trend_wm_max_recent_v2
CPH,LTN,138971.43,2672.5275,5,2015,2019,eu_trend_wm_max_recent_v2
HER,LGW,138964.8,2672.4,7,2015,2024,eu_trend_wm_max_recent_v2
LIS,TER,138950.05,2672.1163,7,2015,2024,eu_trend_wm_max_recent_v2
GDN,WAW,138894.42,2671.0465,7,2015,2024,eu_trend_wm_max_recent_v2
LIS,FAO,138893.0,2671.0192,7,2015,2024,eu_trend_wm_max_recent_v2
TLL,RIX,138852.16,2670.2338,7,2015,2024,eu_trend_wm_max_recent_v2
WAW,IST,138824.4,2669.7001,3,2019,2024,eu_trend_wm_max_recent_v2
SKG,MUC,138760.0,2668.4615,7,2015,2024,eu_trend_wm_max_recent_v2
NRT,CDG,138675.12,2666.8292,7,2015,2024,eu_trend_wm_max_recent_v2
EWR,ZRH,138572.96,2664.8646,7,2015,2024,eu_trend_wm_max_recent_v2
NUE,FRA,138547.62,2664.3773,7,2015,2024,eu_trend_wm_max_recent_v2
TLL,HEL,138433.71,2662.1867,7,2015,2024,eu_trend_wm_max_recent_v2
MAD,XRY,138333.66,2660.2628,7,2015,2024,eu_trend_wm_max_recent_v2
SNN,LHR,138262.0,2658.8846,7,2015,2024,eu_trend_wm_max_recent_v2
NTE,NCE,138260.0,2658.8462,7,2015,2024,eu_trend_wm_max_recent_v2
JFK,LIS,138216.51,2658.0099,6,2016,2024,eu_trend_wm_max_recent_v2
PSA,PMO,138148.4,2656.7001,7,2015,2024,eu_trend_wm_max_recent_v2
MAD,LYS,138137.0,2656.4808,7,2015,2024,eu_trend_wm_max_recent_v2
IST,VCE,138019.74,2654.2257,3,2019,2024,eu_trend_wm_max_recent_v2
OTP,LHR,138001.0,2653.8654,7,2015,2024,eu_trend_wm_max_recent_v2
GDN,NYO,137978.89,2653.4402,6,2015,2023,eu_trend_wm_max_recent_v2
HEL,TLL,137934.65,2652.5894,7,2015,2024,eu_trend_wm_max_recent_v2
HEL,FCO,137854.1,2651.0404,7,2015,2024,eu_trend_wm_max_recent_v2
FCO,BUD,137850.96,2650.98,7,2015,2024,eu_trend_wm_max_recent_v2
MUC,DEN,137841.36,2650.7954,5,2017,2024,eu_trend_wm_max_recent_v2
MAD,DFW,137693.62,2647.9542,7,2015,2024,eu_trend_wm_max_recent_v2
CFU,LGW,137597.54,2646.1065,7,2015,2024,eu_trend_wm_max_recent_v2
DBV,ZAG,137454.81,2643.3618,7,2015,2024,eu_trend_wm_max_recent_v2
WAW,WRO,137211.42,2638.6812,7,2015,2024,eu_trend_wm_max_recent_v2
VIE,LGW,137186.52,2638.2023,7,2015,2024,eu_trend_wm_max_recent_v2
ORD,AMS,137156.86,2637.632,7,2015,2024,eu_trend_wm_max_recent_v2
LGW,VIE,137127.18,2637.0611,7,2015,2024,eu_trend_wm_max_recent_v2
BHD,BHX,137068.38,2635.9305,5,2015,2019,eu_trend_wm_max_recent_v2
PMO,PSA,137032.54,2635.2412,7,2015,2024,eu_trend_wm_max_recent_v2
CDG,NRT,136971.0,2634.0577,7,2015,2024,eu_trend_wm_max_recent_v2
BIO,MUC,136930.17,2633.2724,7,2015,2024,eu_trend_wm_max_recent_v2
EIN,BUD,136869.72,2632.11,7,2015,2024,eu_trend_wm_max_recent_v2
WAW,GDN,136849.32,2631.7177,7,2015,2024,eu_trend_wm_max_recent_v2
AJA,MRS,136846.87,2631.6705,7,2015,2024,eu_trend_wm_max_recent_v2
LIN,LCY,136834.45,2631.4317,7,2015,2024,eu_trend_wm_max_recent_v2
FCO,HEL,136827.0,2631.2885,7,2015,2024,eu_trend_wm_max_recent_v2
BHX,EDI,136775.88,2630.3054,5,2015,2019,eu_trend_wm_max_recent_v2
IST,CGN,136744.0,2629.6923,3,2019,2024,eu_trend_wm_max_recent_v2
TFS,DUS,136735.46,2629.5281,7,2015,2024,eu_trend_wm_max_recent_v2
EDI,BHX,136649.4,2627.8731,5,2015,2019,eu_trend_wm_max_recent_v2
BGY,DUB,136519.1,2625.3674,7,2015,2024,eu_trend_wm_max_recent_v2
LIS,HAM,136493.63,2624.8776,7,2015,2024,eu_trend_wm_max_recent_v2
BUD,EIN,136474.47,2624.509,7,2015,2024,eu_trend_wm_max_recent_v2
ZRH,ORD,136449.25,2624.0241,7,2015,2024,eu_trend_wm_max_recent_v2
MUC,BIO,136416.21,2623.3886,7,2015,2024,eu_trend_wm_max_recent_v2
BLQ,IST,136397.46,2623.0281,3,2019,2024,eu_trend_wm_max_recent_v2
RIX,TLL,136387.66,2622.8397,7,2015,2024,eu_trend_wm_max_recent_v2
BEG,FRA,136359.58,2622.2997,7,2015,2024,eu_trend_wm_max_recent_v2
ZRH,EWR,136243.5,2620.0673,7,2015,2024,eu_trend_wm_max_recent_v2
PRG,LGW,136225.08,2619.7131,5,2015,2019,eu_trend_wm_max_recent_v2
GVA,MUC,136184.0,2618.9231,7,2015,2024,eu_trend_wm_max_recent_v2
HER,SKG,136147.64,2618.2239,7,2015,2024,eu_trend_wm_max_recent_v2
TLV,HER,136119.0,2617.6731,7,2015,2024,eu_trend_wm_max_recent_v2
LYS,LHR,136116.96,2617.6338,7,2015,2024,eu_trend_wm_max_recent_v2
LGW,PRG,136107.78,2617.4573,5,2015,2019,eu_trend_wm_max_recent_v2
PRG,CPH,136098.89,2617.2863,7,2015,2024,eu_trend_wm_max_recent_v2
SVO,LCA,136094.0,2617.1923,5,2015,2019,eu_trend_wm_max_recent_v2
CPH,IST,136054.72,2616.4368,3,2019,2024,eu_trend_wm_max_recent_v2
LCA,SVO,136038.0,2616.1154,5,2015,2019,eu_trend_wm_max_recent_v2
TLS,LGW,135981.3,2615.025,7,2015,2024,eu_trend_wm_max_recent_v2
TRN,PMO,135912.65,2613.7049,7,2015,2024,eu_trend_wm_max_recent_v2
LIS,BER,135850.55,2612.5105,7,2015,2024,eu_trend_wm_max_recent_v2
CGN,BCN,135849.62,2612.4927,7,2015,2024,eu_trend_wm_max_recent_v2
CPH,PRG,135845.03,2612.4044,7,2015,2024,eu_trend_wm_max_recent_v2
BOD,NCE,135802.51,2611.5867,7,2015,2024,eu_trend_wm_max_recent_v2
AMS,FLR,135773.0,2611.0192,7,2015,2024,eu_trend_wm_max_recent_v2
BLQ,FCO,135745.48,2610.49,7,2015,2024,eu_trend_wm_max_recent_v2
JFK,ATH,135716.59,2609.9344,7,2015,2024,eu_trend_wm_max_recent_v2
LHR,MRS,135606.96,2607.8262,7,2015,2024,eu_trend_wm_max_recent_v2
LIM,AMS,135585.0,2607.4038,6,2016,2024,eu_trend_wm_max_recent_v2
LPA,FRA,135535.51,2606.4522,7,2015,2024,eu_trend_wm_max_recent_v2
ATH,PAS,135524.43,2606.239,5,2017,2024,eu_trend_wm_max_recent_v2
LBA,PMI,135432.12,2604.4638,7,2015,2024,eu_trend_wm_max_recent_v2
WAW,FCO,135412.0,2604.0769,7,2015,2024,eu_trend_wm_max_recent_v2
PTY,MAD,135381.4,2603.4884,7,2015,2024,eu_trend_wm_max_recent_v2
WRO,WAW,135373.38,2603.3342,7,2015,2024,eu_trend_wm_max_recent_v2
NAP,TRN,135367.0,2603.2115,7,2015,2024,eu_trend_wm_max_recent_v2
MUC,HKG,135361.0,2603.0962,5,2015,2019,eu_trend_wm_max_recent_v2
DUS,TFS,135348.79,2602.8613,7,2015,2024,eu_trend_wm_max_recent_v2
FCO,ATL,135320.26,2602.3127,7,2015,2024,eu_trend_wm_max_recent_v2
BOO,TOS,135262.4,2601.2001,5,2015,2019,eu_trend_wm_max_recent_v2
BCN,CGN,135184.45,2599.701,7,2015,2024,eu_trend_wm_max_recent_v2
BHX,DUS,135155.1,2599.1365,7,2015,2024,eu_trend_wm_max_recent_v2
HER,TLV,135069.0,2597.4808,7,2015,2024,eu_trend_wm_max_recent_v2
BSL,LHR,135065.77,2597.4186,7,2015,2024,eu_trend_wm_max_recent_v2
DUB,IAD,135049.9,2597.1134,7,2015,2024,eu_trend_wm_max_recent_v2
BFS,NCL,135028.0,2596.6923,5,2015,2019,eu_trend_wm_max_recent_v2
ALC,LPL,134982.0,2595.8077,7,2015,2024,eu_trend_wm_max_recent_v2
MRS,AJA,134969.29,2595.5632,7,2015,2024,eu_trend_wm_max_recent_v2
DUB,BGY,134954.88,2595.2862,7,2015,2024,eu_trend_wm_max_recent_v2
CAI,MAD,134918.39,2594.5843,4,2018,2024,eu_trend_wm_max_recent_v2
HER,AMS,134906.77,2594.3609,7,2015,2024,eu_trend_wm_max_recent_v2
LYS,MAD,134905.0,2594.3269,7,2015,2024,eu_trend_wm_max_recent_v2
LHR,BSL,134863.62,2593.5311,7,2015,2024,eu_trend_wm_max_recent_v2
FRA,TLL,134859.69,2593.4557,7,2015,2024,eu_trend_wm_max_recent_v2
FLR,AMS,134843.0,2593.1346,7,2015,2024,eu_trend_wm_max_recent_v2
NCE,BOD,134827.0,2592.8269,7,2015,2024,eu_trend_wm_max_recent_v2
LGW,CFU,134816.76,2592.6301,7,2015,2024,eu_trend_wm_max_recent_v2
BLL,FRA,134813.4,2592.5654,7,2015,2024,eu_trend_wm_max_recent_v2
HAM,LIS,134798.88,2592.2862,7,2015,2024,eu_trend_wm_max_recent_v2
FCO,BLQ,134767.05,2591.674,7,2015,2024,eu_trend_wm_max_recent_v2
BOS,FRA,134712.42,2590.6235,7,2015,2024,eu_trend_wm_max_recent_v2
TRN,NAP,134688.0,2590.1538,7,2015,2024,eu_trend_wm_max_recent_v2
SKG,HER,134687.61,2590.1463,7,2015,2024,eu_trend_wm_max_recent_v2
BVA,DUB,134658.79,2589.592,7,2015,2024,eu_trend_wm_max_recent_v2
ATL,FCO,134414.89,2584.9017,7,2015,2024,eu_trend_wm_max_recent_v2
NCL,BFS,134374.0,2584.1154,5,2015,2019,eu_trend_wm_max_recent_v2
IST,BLQ,134373.32,2584.1023,3,2019,2024,eu_trend_wm_max_recent_v2
FRA,LCY,134297.28,2582.64,7,2015,2024,eu_trend_wm_max_recent_v2
CDG,OPO,134268.92,2582.0947,7,2015,2024,eu_trend_wm_max_recent_v2
CGK,IST,134257.84,2581.8815,2,2023,2024,eu_trend_wm_max_recent_v2
DOH,ARN,134230.33,2581.3524,7,2015,2024,eu_trend_wm_max_recent_v2
BER,LIS,134198.71,2580.7444,7,2015,2024,eu_trend_wm_max_recent_v2
SEA,AMS,134095.0,2578.75,7,2015,2024,eu_trend_wm_max_recent_v2
LPL,ALC,134034.0,2577.5769,7,2015,2024,eu_trend_wm_max_recent_v2
CDG,PUJ,133995.0,2576.8269,5,2015,2019,eu_trend_wm_max_recent_v2
PMI,LBA,133982.95,2576.5951,7,2015,2024,eu_trend_wm_max_recent_v2
TRS,FCO,133980.06,2576.5396,7,2015,2024,eu_trend_wm_max_recent_v2
MAD,PUJ,133923.4,2575.4501,7,2015,2024,eu_trend_wm_max_recent_v2
FAO,AMS,133676.04,2570.6931,7,2015,2024,eu_trend_wm_max_recent_v2
LYS,OPO,133660.0,2570.3846,7,2015,2024,eu_trend_wm_max_recent_v2
FCO,WAW,133453.0,2566.4038,7,2015,2024,eu_trend_wm_max_recent_v2
MEX,LHR,133444.0,2566.2308,5,2015,2019,eu_trend_wm_max_recent_v2
MUC,SKG,133444.0,2566.2308,7,2015,2024,eu_trend_wm_max_recent_v2
IST,AUH,133406.05,2565.501,2,2023,2024,eu_trend_wm_max_recent_v2
NCL,AGP,133400.0,2565.3846,7,2015,2024,eu_trend_wm_max_recent_v2
RIX,ARN,133356.0,2564.5385,7,2015,2024,eu_trend_wm_max_recent_v2
LED,LCA,133318.5,2563.8173,5,2015,2019,eu_trend_wm_max_recent_v2
FLR,FCO,133296.05,2563.3855,7,2015,2024,eu_trend_wm_max_recent_v2
CDG,CAN,133272.18,2562.9265,6,2015,2024,eu_trend_wm_max_recent_v2
BIQ,CDG,133240.0,2562.3077,7,2015,2024,eu_trend_wm_max_recent_v2
PMO,TRN,133204.49,2561.6249,7,2015,2024,eu_trend_wm_max_recent_v2
IST,CGK,133105.8,2559.7269,2,2023,2024,eu_trend_wm_max_recent_v2
HER,FRA,133086.4,2559.3539,7,2015,2024,eu_trend_wm_max_recent_v2
TLL,FRA,132993.89,2557.5748,7,2015,2024,eu_trend_wm_max_recent_v2
MRS,LHR,132983.52,2557.3754,7,2015,2024,eu_trend_wm_max_recent_v2
OTP,IAS,132970.0,2557.1154,7,2015,2024,eu_trend_wm_max_recent_v2
TLS,NTE,132884.05,2555.4625,7,2015,2024,eu_trend_wm_max_recent_v2
MAD,SVO,132858.0,2554.9615,5,2015,2019,eu_trend_wm_max_recent_v2
KRN,ARN,132817.61,2554.1848,7,2015,2024,eu_trend_wm_max_recent_v2
GVA,IST,132678.98,2551.5189,3,2019,2024,eu_trend_wm_max_recent_v2
ORY,FAO,132606.24,2550.1199,7,2015,2024,eu_trend_wm_max_recent_v2
AGP,NCL,132606.0,2550.1154,7,2015,2024,eu_trend_wm_max_recent_v2
FRA,AGP,132566.28,2549.3515,7,2015,2024,eu_trend_wm_max_recent_v2
LCA,LED,132444.06,2547.0012,5,2015,2019,eu_trend_wm_max_recent_v2
BGY,CRL,132404.6,2546.2424,7,2015,2024,eu_trend_wm_max_recent_v2
IAS,OTP,132361.0,2545.4038,7,2015,2024,eu_trend_wm_max_recent_v2
SVO,MAD,132328.0,2544.7692,5,2015,2019,eu_trend_wm_max_recent_v2
PRG,ZRH,132325.0,2544.7115,7,2015,2024,eu_trend_wm_max_recent_v2
FCO,TRS,132283.0,2543.9038,7,2015,2024,eu_trend_wm_max_recent_v2
BHX,FAO,132278.7,2543.8212,7,2015,2024,eu_trend_wm_max_recent_v2
AMS,LIM,132265.0,2543.5577,6,2016,2024,eu_trend_wm_max_recent_v2
TLS,LHR,132184.9,2542.0173,7,2015,2024,eu_trend_wm_max_recent_v2
DUB,BVA,132118.21,2540.7348,7,2015,2024,eu_trend_wm_max_recent_v2
SOF,VAR,132069.0,2539.7885,7,2015,2024,eu_trend_wm_max_recent_v2
DUB,TFS,132058.16,2539.58,7,2015,2024,eu_trend_wm_max_recent_v2
CLT,MUC,131992.57,2538.3186,7,2015,2024,eu_trend_wm_max_recent_v2
SVO,BUD,131953.0,2537.5577,5,2015,2019,eu_trend_wm_max_recent_v2
LHR,LYS,131931.5,2537.1442,7,2015,2024,eu_trend_wm_max_recent_v2
FAO,ORY,131862.63,2535.8198,7,2015,2024,eu_trend_wm_max_recent_v2
NTE,TLS,131856.13,2535.6949,7,2015,2024,eu_trend_wm_max_recent_v2
KRK,OSL,131817.96,2534.9608,7,2015,2024,eu_trend_wm_max_recent_v2
BUD,SVO,131726.0,2533.1923,5,2015,2019,eu_trend_wm_max_recent_v2
AGP,FRA,131703.4,2532.7578,7,2015,2024,eu_trend_wm_max_recent_v2
TFS,DUB,131694.17,2532.5801,7,2015,2024,eu_trend_wm_max_recent_v2
LTN,KRK,131678.77,2532.284,3,2019,2024,eu_trend_wm_max_recent_v2
OTP,TSF,131506.68,2528.9746,7,2015,2024,eu_trend_wm_max_recent_v2
FNC,LGW,131503.0,2528.9038,7,2015,2024,eu_trend_wm_max_recent_v2
ZRH,PRG,131496.0,2528.7692,7,2015,2024,eu_trend_wm_max_recent_v2
BFS,BHX,131493.0,2528.7115,5,2015,2019,eu_trend_wm_max_recent_v2
ARN,BKK,131433.12,2527.56,7,2015,2024,eu_trend_wm_max_recent_v2
CRL,BGY,131409.62,2527.1081,7,2015,2024,eu_trend_wm_max_recent_v2
TLS,AMS,131371.54,2526.3758,7,2015,2024,eu_trend_wm_max_recent_v2
ARN,KRN,131369.06,2526.3281,7,2015,2024,eu_trend_wm_max_recent_v2
CAN,CDG,131335.2,2525.6769,6,2015,2024,eu_trend_wm_max_recent_v2
OPO,LYS,131311.0,2525.2115,7,2015,2024,eu_trend_wm_max_recent_v2
FRA,HER,131253.49,2524.1056,7,2015,2024,eu_trend_wm_max_recent_v2
TSF,OTP,131196.01,2523.0003,7,2015,2024,eu_trend_wm_max_recent_v2
TOS,BOO,131044.62,2520.0889,5,2015,2019,eu_trend_wm_max_recent_v2
LGW,FNC,131024.0,2519.6923,7,2015,2024,eu_trend_wm_max_recent_v2
NRT,AMS,130982.28,2518.89,7,2015,2024,eu_trend_wm_max_recent_v2
LPL,AGP,130955.15,2518.3682,7,2015,2024,eu_trend_wm_max_recent_v2
STN,RIX,130943.0,2518.1346,7,2015,2024,eu_trend_wm_max_recent_v2
KEF,JFK,130896.0,2517.2308,7,2015,2024,eu_trend_wm_max_recent_v2
BCN,NTE,130880.26,2516.928,7,2015,2024,eu_trend_wm_max_recent_v2
INV,LGW,130841.0,2516.1731,5,2015,2019,eu_trend_wm_max_recent_v2
DUS,MAN,130702.33,2513.5064,7,2015,2024,eu_trend_wm_max_recent_v2
GRU,AMS,130683.0,2513.1346,7,2015,2024,eu_trend_wm_max_recent_v2
DUB,CIA,130669.14,2512.8681,5,2015,2019,eu_trend_wm_max_recent_v2
BSZ,IST,130628.97,2512.0956,2,2023,2024,eu_trend_wm_max_recent_v2
MAD,SJO,130592.94,2511.4027,7,2015,2024,eu_trend_wm_max_recent_v2
VLC,ZRH,130570.2,2510.9654,7,2015,2024,eu_trend_wm_max_recent_v2
NTE,BCN,130511.64,2509.8393,7,2015,2024,eu_trend_wm_max_recent_v2
CPT,AMS,130460.83,2508.8622,7,2015,2024,eu_trend_wm_max_recent_v2
MAN,FUE,130442.45,2508.5086,7,2015,2024,eu_trend_wm_max_recent_v2
CIA,DUB,130403.94,2507.7681,5,2015,2019,eu_trend_wm_max_recent_v2
AMS,TLS,130341.07,2506.559,7,2015,2024,eu_trend_wm_max_recent_v2
LHR,SNN,130311.11,2505.983,7,2015,2024,eu_trend_wm_max_recent_v2
CDG,BIQ,130254.96,2504.9031,7,2015,2024,eu_trend_wm_max_recent_v2
FUE,MAN,130241.37,2504.6418,7,2015,2024,eu_trend_wm_max_recent_v2
FRA,NUE,130157.1,2503.0212,7,2015,2024,eu_trend_wm_max_recent_v2
FAO,BHX,130153.02,2502.9427,7,2015,2024,eu_trend_wm_max_recent_v2
RIX,STN,130067.34,2501.295,7,2015,2024,eu_trend_wm_max_recent_v2
OSL,KRK,129961.96,2499.2684,7,2015,2024,eu_trend_wm_max_recent_v2
LCA,SKG,129888.14,2497.8488,7,2015,2024,eu_trend_wm_max_recent_v2
BRU,LYS,129865.88,2497.4208,7,2015,2024,eu_trend_wm_max_recent_v2
LAX,MUC,129863.0,2497.3654,7,2015,2024,eu_trend_wm_max_recent_v2
PMI,LEJ,129823.94,2496.6143,7,2015,2024,eu_trend_wm_max_recent_v2
PMO,VRN,129801.21,2496.177,7,2015,2024,eu_trend_wm_max_recent_v2
AMS,NRT,129780.72,2495.7831,7,2015,2024,eu_trend_wm_max_recent_v2
CPH,BKK,129766.44,2495.5085,7,2015,2024,eu_trend_wm_max_recent_v2
FRA,BEG,129759.0,2495.3654,7,2015,2024,eu_trend_wm_max_recent_v2
VRN,PMO,129735.61,2494.9156,7,2015,2024,eu_trend_wm_max_recent_v2
AMS,BRU,129667.13,2493.5987,7,2015,2024,eu_trend_wm_max_recent_v2
LPA,SVQ,129636.76,2493.0146,7,2015,2024,eu_trend_wm_max_recent_v2
LEJ,PMI,129615.95,2492.6143,7,2015,2024,eu_trend_wm_max_recent_v2
STN,NYO,129570.31,2491.7368,5,2015,2019,eu_trend_wm_max_recent_v2
IAD,DUB,129518.6,2490.7423,7,2015,2024,eu_trend_wm_max_recent_v2
GLA,LCY,129514.0,2490.6538,5,2015,2019,eu_trend_wm_max_recent_v2
CGN,ZRH,129404.0,2488.5385,7,2015,2024,eu_trend_wm_max_recent_v2
FCO,EWR,129376.24,2488.0046,7,2015,2024,eu_trend_wm_max_recent_v2
AMS,LBA,129307.44,2486.6815,7,2015,2024,eu_trend_wm_max_recent_v2
STN,FRA,129274.0,2486.0385,2,2018,2019,eu_trend_wm_max_recent_v2
LYS,BRU,129152.0,2483.6923,7,2015,2024,eu_trend_wm_max_recent_v2
SKG,LCA,129072.07,2482.1553,7,2015,2024,eu_trend_wm_max_recent_v2
KRK,LTN,129044.9,2481.6327,3,2019,2024,eu_trend_wm_max_recent_v2
AGP,LPL,128951.61,2479.8387,7,2015,2024,eu_trend_wm_max_recent_v2
JFK,KEF,128819.0,2477.2885,7,2015,2024,eu_trend_wm_max_recent_v2
GOT,LHR,128733.89,2475.6518,7,2015,2024,eu_trend_wm_max_recent_v2
CIA,LIS,128727.0,2475.5192,7,2015,2024,eu_trend_wm_max_recent_v2
BHX,ACE,128705.64,2475.1085,7,2015,2024,eu_trend_wm_max_recent_v2
LHR,OTP,128695.77,2474.9187,7,2015,2024,eu_trend_wm_max_recent_v2
EWR,FCO,128679.66,2474.6088,7,2015,2024,eu_trend_wm_max_recent_v2
LIS,CIA,128638.0,2473.8077,7,2015,2024,eu_trend_wm_max_recent_v2
KEF,FRA,128618.0,2473.4231,7,2015,2024,eu_trend_wm_max_recent_v2
MUC,LAX,128513.0,2471.4038,7,2015,2024,eu_trend_wm_max_recent_v2
LBA,AMS,128494.5,2471.0481,7,2015,2024,eu_trend_wm_max_recent_v2
LHR,MEX,128433.0,2469.8654,5,2015,2019,eu_trend_wm_max_recent_v2
CDG,SEA,128386.8,2468.9769,7,2015,2024,eu_trend_wm_max_recent_v2
LHR,GOT,128385.36,2468.9492,7,2015,2024,eu_trend_wm_max_recent_v2
TLS,FRA,128329.18,2467.8688,7,2015,2024,eu_trend_wm_max_recent_v2
MAD,PTY,128245.14,2466.2527,7,2015,2024,eu_trend_wm_max_recent_v2
MUC,LGW,128226.24,2465.8892,7,2015,2024,eu_trend_wm_max_recent_v2
ACE,BHX,128222.16,2465.8108,7,2015,2024,eu_trend_wm_max_recent_v2
MUC,HER,128197.41,2465.3348,7,2015,2024,eu_trend_wm_max_recent_v2
KGS,ATH,128180.0,2465.0,7,2015,2024,eu_trend_wm_max_recent_v2
EMA,FAO,128045.0,2462.4038,7,2015,2024,eu_trend_wm_max_recent_v2
FRA,KEF,128006.0,2461.6538,7,2015,2024,eu_trend_wm_max_recent_v2
SOF,MUC,127991.11,2461.3675,7,2015,2024,eu_trend_wm_max_recent_v2
FMO,PMI,127929.5,2460.1826,7,2015,2024,eu_trend_wm_max_recent_v2
AXD,ATH,127921.18,2460.0227,7,2015,2024,eu_trend_wm_max_recent_v2
LHR,TLS,127917.18,2459.9458,7,2015,2024,eu_trend_wm_max_recent_v2
ALC,ORY,127879.0,2459.2115,7,2015,2024,eu_trend_wm_max_recent_v2
MUC,SOF,127799.52,2457.683,7,2015,2024,eu_trend_wm_max_recent_v2
SVQ,LPA,127785.38,2457.4111,7,2015,2024,eu_trend_wm_max_recent_v2
IOM,LPL,127677.0,2455.3269,5,2015,2019,eu_trend_wm_max_recent_v2
LGW,INV,127545.0,2452.7885,5,2015,2019,eu_trend_wm_max_recent_v2
FRA,BOM,127535.05,2452.5971,7,2015,2024,eu_trend_wm_max_recent_v2
TFS,AMS,127512.41,2452.1617,7,2015,2024,eu_trend_wm_max_recent_v2
FAO,EMA,127471.0,2451.3654,7,2015,2024,eu_trend_wm_max_recent_v2
LGW,MUC,127443.9,2450.8442,7,2015,2024,eu_trend_wm_max_recent_v2
ARN,IST,127428.0,2450.5385,3,2019,2024,eu_trend_wm_max_recent_v2
RIX,FRA,127408.0,2450.1538,7,2015,2024,eu_trend_wm_max_recent_v2
BHX,BFS,127383.0,2449.6731,5,2015,2019,eu_trend_wm_max_recent_v2
FRA,STN,127379.0,2449.5962,2,2018,2019,eu_trend_wm_max_recent_v2
PMI,FMO,127371.49,2449.4518,7,2015,2024,eu_trend_wm_max_recent_v2
ZRH,CGN,127297.0,2448.0192,7,2015,2024,eu_trend_wm_max_recent_v2
ZRH,VLC,127261.32,2447.3331,7,2015,2024,eu_trend_wm_max_recent_v2
ARN,RIX,127198.0,2446.1154,7,2015,2024,eu_trend_wm_max_recent_v2
ZRH,SFO,127120.22,2444.6197,7,2015,2024,eu_trend_wm_max_recent_v2
ACE,STN,127049.58,2443.2611,7,2015,2024,eu_trend_wm_max_recent_v2
LED,CDG,127021.0,2442.7115,5,2015,2019,eu_trend_wm_max_recent_v2
MAH,LGW,127016.52,2442.6254,7,2015,2024,eu_trend_wm_max_recent_v2
SFO,ZRH,126997.95,2442.2683,7,2015,2024,eu_trend_wm_max_recent_v2
LIN,BER,126959.46,2441.528,2,2023,2024,eu_trend_wm_max_recent_v2
FCO,YUL,126915.11,2440.6753,7,2015,2024,eu_trend_wm_max_recent_v2
AMS,TPE,126881.88,2440.0362,7,2015,2024,eu_trend_wm_max_recent_v2
STN,ACE,126861.53,2439.6448,7,2015,2024,eu_trend_wm_max_recent_v2
VAR,SOF,126839.33,2439.2178,7,2015,2024,eu_trend_wm_max_recent_v2
LGW,MAH,126831.9,2439.075,7,2015,2024,eu_trend_wm_max_recent_v2
ORY,ALC,126636.0,2435.3077,7,2015,2024,eu_trend_wm_max_recent_v2
HER,MUC,126578.83,2434.2083,7,2015,2024,eu_trend_wm_max_recent_v2
DUS,AMS,126568.82,2434.0158,7,2015,2024,eu_trend_wm_max_recent_v2
FRA,RIX,126499.0,2432.6731,7,2015,2024,eu_trend_wm_max_recent_v2
AGP,VIE,126490.14,2432.5028,7,2015,2024,eu_trend_wm_max_recent_v2
MAN,DUS,126489.75,2432.4952,7,2015,2024,eu_trend_wm_max_recent_v2
SOF,BGY,126456.89,2431.8632,7,2015,2024,eu_trend_wm_max_recent_v2
LIS,BOS,126423.63,2431.2236,6,2016,2024,eu_trend_wm_max_recent_v2
WAW,BCN,126387.6,2430.5307,7,2015,2024,eu_trend_wm_max_recent_v2
TLV,RHO,126383.63,2430.4544,7,2015,2024,eu_trend_wm_max_recent_v2
MIA,MXP,126337.0,2429.5577,5,2015,2019,eu_trend_wm_max_recent_v2
PVG,MUC,126222.96,2427.3646,7,2015,2024,eu_trend_wm_max_recent_v2
LED,MUC,126148.0,2425.9231,5,2015,2019,eu_trend_wm_max_recent_v2
MUC,GVA,126144.0,2425.8462,7,2015,2024,eu_trend_wm_max_recent_v2
AMS,CPT,125927.52,2421.6831,7,2015,2024,eu_trend_wm_max_recent_v2
ATH,KGS,125812.04,2419.4623,7,2015,2024,eu_trend_wm_max_recent_v2
BRS,BCN,125770.69,2418.667,7,2015,2024,eu_trend_wm_max_recent_v2
BER,LIN,125768.62,2418.6273,2,2023,2024,eu_trend_wm_max_recent_v2
FRA,TFS,125718.73,2417.6679,7,2015,2024,eu_trend_wm_max_recent_v2
CIA,BER,125691.6,2417.1461,5,2015,2019,eu_trend_wm_max_recent_v2
WAW,YYZ,125638.0,2416.1154,7,2015,2024,eu_trend_wm_max_recent_v2
HEL,HKG,125525.3,2413.9481,7,2015,2024,eu_trend_wm_max_recent_v2
MXP,MIA,125516.0,2413.7692,5,2015,2019,eu_trend_wm_max_recent_v2
BGY,SOF,125486.85,2413.2086,7,2015,2024,eu_trend_wm_max_recent_v2
BCN,WAW,125387.07,2411.2899,7,2015,2024,eu_trend_wm_max_recent_v2
BUD,BSL,125361.0,2410.7885,7,2015,2024,eu_trend_wm_max_recent_v2
DUS,AGP,125335.94,2410.3064,7,2015,2024,eu_trend_wm_max_recent_v2
JED,LHR,125285.0,2409.3269,5,2015,2019,eu_trend_wm_max_recent_v2
BSL,BUD,125183.0,2407.3654,7,2015,2024,eu_trend_wm_max_recent_v2
SJO,MAD,125133.02,2406.4041,7,2015,2024,eu_trend_wm_max_recent_v2
NAP,MAD,125012.92,2404.0945,7,2015,2024,eu_trend_wm_max_recent_v2
ALC,CPH,125002.0,2403.8846,7,2015,2024,eu_trend_wm_max_recent_v2
ATH,AXD,124998.13,2403.8103,7,2015,2024,eu_trend_wm_max_recent_v2
NCL,TFS,124936.24,2402.6199,7,2015,2024,eu_trend_wm_max_recent_v2
VIE,AGP,124870.64,2401.3585,7,2015,2024,eu_trend_wm_max_recent_v2
BER,CIA,124862.79,2401.2076,5,2015,2019,eu_trend_wm_max_recent_v2
ACE,BCN,124856.8,2401.0924,7,2015,2024,eu_trend_wm_max_recent_v2
DUS,BER,124851.24,2400.9854,2,2023,2024,eu_trend_wm_max_recent_v2
IAD,BRU,124841.0,2400.7885,7,2015,2024,eu_trend_wm_max_recent_v2
LCY,GLA,124821.0,2400.4038,5,2015,2019,eu_trend_wm_max_recent_v2
LGW,LYS,124795.81,2399.9195,7,2015,2024,eu_trend_wm_max_recent_v2
TFS,NCL,124542.68,2395.0515,7,2015,2024,eu_trend_wm_max_recent_v2
CPH,ALC,124467.0,2393.5962,7,2015,2024,eu_trend_wm_max_recent_v2
AGP,DUS,124424.77,2392.784,7,2015,2024,eu_trend_wm_max_recent_v2
FCO,FLR,124327.8,2390.9192,7,2015,2024,eu_trend_wm_max_recent_v2
LYS,LGW,124208.0,2388.6154,7,2015,2024,eu_trend_wm_max_recent_v2
MIA,ZRH,124194.63,2388.3582,7,2015,2024,eu_trend_wm_max_recent_v2
IST,ARN,124180.0,2388.0769,3,2019,2024,eu_trend_wm_max_recent_v2
MUC,MLA,124172.98,2387.9419,7,2015,2024,eu_trend_wm_max_recent_v2
MAD,NAP,124144.5,2387.3942,7,2015,2024,eu_trend_wm_max_recent_v2
BOS,LIS,124064.13,2385.8486,6,2016,2024,eu_trend_wm_max_recent_v2
PTY,AMS,124051.38,2385.6035,7,2015,2024,eu_trend_wm_max_recent_v2
MRS,MAD,124010.0,2384.8077,7,2015,2024,eu_trend_wm_max_recent_v2
BDU,OSL,123982.0,2384.2692,5,2015,2019,eu_trend_wm_max_recent_v2
ADD,LHR,123919.0,2383.0577,5,2015,2019,eu_trend_wm_max_recent_v2
LPL,IOM,123881.0,2382.3269,5,2015,2019,eu_trend_wm_max_recent_v2
AMS,GRU,123875.0,2382.2115,7,2015,2024,eu_trend_wm_max_recent_v2
IST,NQZ,123800.83,2380.7852,2,2023,2024,eu_trend_wm_max_recent_v2
VNO,WAW,123785.12,2380.4832,7,2015,2024,eu_trend_wm_max_recent_v2
BCN,ACE,123773.11,2380.2522,7,2015,2024,eu_trend_wm_max_recent_v2
DXB,NCL,123770.15,2380.1951,5,2015,2019,eu_trend_wm_max_recent_v2
GRZ,FRA,123549.89,2375.9594,7,2015,2024,eu_trend_wm_max_recent_v2
LHR,JED,123477.0,2374.5577,5,2015,2019,eu_trend_wm_max_recent_v2
NQZ,IST,123437.76,2373.8031,2,2023,2024,eu_trend_wm_max_recent_v2
LIS,BGY,123397.67,2373.0321,7,2015,2024,eu_trend_wm_max_recent_v2
NAP,AMS,123329.67,2371.7244,7,2015,2024,eu_trend_wm_max_recent_v2
MLA,MUC,123323.2,2371.6,7,2015,2024,eu_trend_wm_max_recent_v2
FRA,TLS,123301.97,2371.1916,7,2015,2024,eu_trend_wm_max_recent_v2
OTP,FCO,123154.14,2368.3488,7,2015,2024,eu_trend_wm_max_recent_v2
BGY,LIS,123142.26,2368.1203,7,2015,2024,eu_trend_wm_max_recent_v2
SOF,IST,123114.41,2367.5849,3,2019,2024,eu_trend_wm_max_recent_v2
FRA,BIO,123095.16,2367.2146,7,2015,2024,eu_trend_wm_max_recent_v2
BCN,BRS,123080.67,2366.9359,7,2015,2024,eu_trend_wm_max_recent_v2
MUC,GOT,123065.27,2366.6398,7,2015,2024,eu_trend_wm_max_recent_v2
ADD,FRA,123004.86,2365.4781,7,2015,2024,eu_trend_wm_max_recent_v2
LTN,GLA,122997.0,2365.3269,5,2015,2019,eu_trend_wm_max_recent_v2
ORY,LHR,122961.75,2364.6491,4,2015,2024,eu_trend_wm_max_recent_v2
WAW,VNO,122956.44,2364.5468,7,2015,2024,eu_trend_wm_max_recent_v2
ATH,CIA,122947.74,2364.3796,5,2015,2019,eu_trend_wm_max_recent_v2
VIE,DMK,122938.32,2364.1984,1,2015,2015,eu_trend_wm_max_recent_v2
FCO,OTP,122917.63,2363.8007,7,2015,2024,eu_trend_wm_max_recent_v2
PUJ,FRA,122888.07,2363.2321,7,2015,2024,eu_trend_wm_max_recent_v2
CPH,BUD,122833.76,2362.1878,7,2015,2024,eu_trend_wm_max_recent_v2
SEA,CDG,122805.85,2361.6509,7,2015,2024,eu_trend_wm_max_recent_v2
PRG,DUS,122798.82,2361.5158,7,2015,2024,eu_trend_wm_max_recent_v2
GLA,LTN,122664.0,2358.9231,5,2015,2019,eu_trend_wm_max_recent_v2
NCL,DXB,122612.16,2357.9262,5,2015,2019,eu_trend_wm_max_recent_v2
IST,BSZ,122518.53,2356.1256,2,2023,2024,eu_trend_wm_max_recent_v2
LHR,ADD,122464.0,2355.0769,5,2015,2019,eu_trend_wm_max_recent_v2
AGP,MXP,122444.63,2354.7043,7,2015,2024,eu_trend_wm_max_recent_v2
LCY,FRA,122350.0,2352.8846,7,2015,2024,eu_trend_wm_max_recent_v2
DTW,LHR,122292.0,2351.7692,5,2015,2019,eu_trend_wm_max_recent_v2
DOH,WAW,122242.86,2350.8243,5,2017,2024,eu_trend_wm_max_recent_v2
KRK,MUC,122222.94,2350.4411,7,2015,2024,eu_trend_wm_max_recent_v2
SZG,FRA,122214.02,2350.2696,7,2015,2024,eu_trend_wm_max_recent_v2
AMS,BIO,122176.0,2349.5385,7,2015,2024,eu_trend_wm_max_recent_v2
BUD,CPH,122174.58,2349.5112,7,2015,2024,eu_trend_wm_max_recent_v2
RHO,TLV,122015.0,2346.4423,7,2015,2024,eu_trend_wm_max_recent_v2
CIA,ATH,121979.76,2345.7646,5,2015,2019,eu_trend_wm_max_recent_v2
MUC,LED,121952.0,2345.2308,5,2015,2019,eu_trend_wm_max_recent_v2
BHX,BCN,121949.0,2345.1731,7,2015,2024,eu_trend_wm_max_recent_v2
AMS,TFS,121876.95,2343.7875,7,2015,2024,eu_trend_wm_max_recent_v2
MAD,MRS,121876.0,2343.7692,7,2015,2024,eu_trend_wm_max_recent_v2
BUD,MXP,121826.0,2342.8077,7,2015,2024,eu_trend_wm_max_recent_v2
LCY,LIN,121776.74,2341.8604,7,2015,2024,eu_trend_wm_max_recent_v2
OSL,BDU,121680.0,2340.0,5,2015,2019,eu_trend_wm_max_recent_v2
FRA,MCO,121642.14,2339.2719,7,2015,2024,eu_trend_wm_max_recent_v2
BUD,DUB,121612.56,2338.7031,7,2015,2024,eu_trend_wm_max_recent_v2
NYO,STN,121609.13,2338.6371,5,2015,2019,eu_trend_wm_max_recent_v2
FRA,PUJ,121592.84,2338.3238,7,2015,2024,eu_trend_wm_max_recent_v2
PTP,CDG,121569.0,2337.8654,7,2015,2024,eu_trend_wm_max_recent_v2
VLC,FRA,121507.28,2336.6784,7,2015,2024,eu_trend_wm_max_recent_v2
RNN,CPH,121413.66,2334.8781,7,2015,2024,eu_trend_wm_max_recent_v2
MXP,BUD,121395.0,2334.5192,7,2015,2024,eu_trend_wm_max_recent_v2
MUC,KRK,121373.06,2334.0974,7,2015,2024,eu_trend_wm_max_recent_v2
VIE,STN,121352.64,2333.7046,6,2016,2024,eu_trend_wm_max_recent_v2
IST,SOF,121348.94,2333.6335,3,2019,2024,eu_trend_wm_max_recent_v2
DUB,BUD,121338.52,2333.4331,7,2015,2024,eu_trend_wm_max_recent_v2
IST,MNL,121333.24,2333.3315,2,2023,2024,eu_trend_wm_max_recent_v2
HKG,HEL,121301.28,2332.7169,7,2015,2024,eu_trend_wm_max_recent_v2
CUN,IST,121287.05,2332.4432,2,2023,2024,eu_trend_wm_max_recent_v2
PTY,IST,121267.65,2332.0701,2,2023,2024,eu_trend_wm_max_recent_v2
NCE,DXB,121218.04,2331.1162,7,2015,2024,eu_trend_wm_max_recent_v2
EDI,CPH,121185.79,2330.496,7,2015,2024,eu_trend_wm_max_recent_v2
STN,VIE,121105.97,2328.961,6,2016,2024,eu_trend_wm_max_recent_v2
TFS,FRA,121018.21,2327.2732,7,2015,2024,eu_trend_wm_max_recent_v2
CAG,MXP,120984.95,2326.6336,7,2015,2024,eu_trend_wm_max_recent_v2
BSL,HAM,120984.24,2326.62,7,2015,2024,eu_trend_wm_max_recent_v2
SCL,CDG,120935.28,2325.6785,7,2015,2024,eu_trend_wm_max_recent_v2
VCE,MUC,120926.0,2325.5,7,2015,2024,eu_trend_wm_max_recent_v2
BCN,LPL,120882.0,2324.6538,7,2015,2024,eu_trend_wm_max_recent_v2
CTA,PSA,120871.0,2324.4423,7,2015,2024,eu_trend_wm_max_recent_v2
CDG,MSP,120854.0,2324.1154,7,2015,2024,eu_trend_wm_max_recent_v2
BRU,IAD,120754.0,2322.1923,7,2015,2024,eu_trend_wm_max_recent_v2
VCE,PMO,120734.82,2321.8235,7,2015,2024,eu_trend_wm_max_recent_v2
MAN,MXP,120713.34,2321.4104,6,2016,2024,eu_trend_wm_max_recent_v2
BER,BGY,120673.0,2320.6346,7,2015,2024,eu_trend_wm_max_recent_v2
HEL,LGW,120597.66,2319.1858,5,2015,2019,eu_trend_wm_max_recent_v2
BCN,BHX,120531.0,2317.9038,7,2015,2024,eu_trend_wm_max_recent_v2
ORY,PGF,120501.0,2317.3269,7,2015,2024,eu_trend_wm_max_recent_v2
MUC,PVG,120448.74,2316.3219,7,2015,2024,eu_trend_wm_max_recent_v2
BGY,BER,120415.0,2315.6731,7,2015,2024,eu_trend_wm_max_recent_v2
JNB,AMS,120403.85,2315.4587,7,2015,2024,eu_trend_wm_max_recent_v2
LPL,BCN,120377.4,2314.95,7,2015,2024,eu_trend_wm_max_recent_v2
DBV,LGW,120376.14,2314.9257,7,2015,2024,eu_trend_wm_max_recent_v2
DUS,PRG,120197.41,2311.4887,7,2015,2024,eu_trend_wm_max_recent_v2
AMS,NAP,120148.81,2310.5541,7,2015,2024,eu_trend_wm_max_recent_v2
VLC,SVQ,120075.89,2309.1516,7,2015,2024,eu_trend_wm_max_recent_v2
CDG,SCL,120057.06,2308.7896,7,2015,2024,eu_trend_wm_max_recent_v2
TPE,AMS,120026.0,2308.1923,7,2015,2024,eu_trend_wm_max_recent_v2
BIO,AMS,119994.0,2307.5769,7,2015,2024,eu_trend_wm_max_recent_v2
LGW,ORY,119925.3,2306.2557,2,2023,2024,eu_trend_wm_max_recent_v2
BEG,SVO,119850.83,2304.8236,6,2016,2024,eu_trend_wm_max_recent_v2
MXP,AGP,119849.54,2304.7989,7,2015,2024,eu_trend_wm_max_recent_v2
GOT,HEL,119810.0,2304.0385,7,2015,2024,eu_trend_wm_max_recent_v2
GLA,BHX,119751.06,2302.905,5,2015,2019,eu_trend_wm_max_recent_v2
MXP,MAN,119713.74,2302.1873,6,2016,2024,eu_trend_wm_max_recent_v2
GOT,MUC,119675.0,2301.4423,7,2015,2024,eu_trend_wm_max_recent_v2
DUB,IST,119618.06,2300.3472,3,2019,2024,eu_trend_wm_max_recent_v2
FRA,VLC,119617.91,2300.3444,7,2015,2024,eu_trend_wm_max_recent_v2
NCE,MUC,119596.06,2299.9242,7,2015,2024,eu_trend_wm_max_recent_v2
BKK,OSL,119573.58,2299.4919,6,2015,2024,eu_trend_wm_max_recent_v2
MRS,LIS,119546.0,2298.9615,7,2015,2024,eu_trend_wm_max_recent_v2
LTN,KUN,119498.0,2298.0385,7,2015,2024,eu_trend_wm_max_recent_v2
CPH,RNN,119484.84,2297.7854,7,2015,2024,eu_trend_wm_max_recent_v2
BFS,ALC,119469.13,2297.4833,7,2015,2024,eu_trend_wm_max_recent_v2
MCO,FRA,119424.66,2296.6281,7,2015,2024,eu_trend_wm_max_recent_v2
PMO,VCE,119419.7,2296.5327,7,2015,2024,eu_trend_wm_max_recent_v2
BER,DUS,119407.02,2296.2889,2,2023,2024,eu_trend_wm_max_recent_v2
CGN,BER,119390.39,2295.9691,7,2015,2024,eu_trend_wm_max_recent_v2
CDG,PTP,119286.56,2293.9723,7,2015,2024,eu_trend_wm_max_recent_v2
DXB,NCE,119271.46,2293.6818,7,2015,2024,eu_trend_wm_max_recent_v2
CDG,LED,119251.0,2293.2885,5,2015,2019,eu_trend_wm_max_recent_v2
BHX,GLA,119221.41,2292.7195,5,2015,2019,eu_trend_wm_max_recent_v2
OSL,GDN,119215.91,2292.6137,7,2015,2024,eu_trend_wm_max_recent_v2
LAX,LGW,119115.0,2290.6731,5,2015,2019,eu_trend_wm_max_recent_v2
MSP,CDG,119069.0,2289.7885,7,2015,2024,eu_trend_wm_max_recent_v2
CPH,EDI,119050.89,2289.4402,7,2015,2024,eu_trend_wm_max_recent_v2
FRA,GRZ,119045.22,2289.3312,7,2015,2024,eu_trend_wm_max_recent_v2
FUE,LGW,119040.12,2289.2331,7,2015,2024,eu_trend_wm_max_recent_v2
AMS,HER,119038.0,2289.1923,7,2015,2024,eu_trend_wm_max_recent_v2
MLA,MAN,119020.0,2288.8462,7,2015,2024,eu_trend_wm_max_recent_v2
HAM,BSL,118997.28,2288.4092,7,2015,2024,eu_trend_wm_max_recent_v2
MUC,NCE,118954.16,2287.5799,7,2015,2024,eu_trend_wm_max_recent_v2
TLS,LIS,118942.0,2287.3462,7,2015,2024,eu_trend_wm_max_recent_v2
ALC,BFS,118922.92,2286.9793,7,2015,2024,eu_trend_wm_max_recent_v2
LIS,TLS,118892.44,2286.3931,7,2015,2024,eu_trend_wm_max_recent_v2
LYS,FCO,118881.0,2286.1731,7,2015,2024,eu_trend_wm_max_recent_v2
BUD,ZRH,118879.23,2286.1389,7,2015,2024,eu_trend_wm_max_recent_v2
FRA,SZG,118874.4,2286.0461,7,2015,2024,eu_trend_wm_max_recent_v2
DUB,PMI,118861.95,2285.8068,7,2015,2024,eu_trend_wm_max_recent_v2
MAN,MLA,118823.0,2285.0577,7,2015,2024,eu_trend_wm_max_recent_v2
PSA,CTA,118818.0,2284.9615,7,2015,2024,eu_trend_wm_max_recent_v2
PGF,ORY,118788.0,2284.3846,7,2015,2024,eu_trend_wm_max_recent_v2
WAW,DOH,118753.99,2283.7306,5,2017,2024,eu_trend_wm_max_recent_v2
SVQ,VLC,118723.38,2283.1418,7,2015,2024,eu_trend_wm_max_recent_v2
ZRH,HAJ,118683.12,2282.3677,7,2015,2024,eu_trend_wm_max_recent_v2
LIS,MRS,118626.0,2281.2692,7,2015,2024,eu_trend_wm_max_recent_v2
PMI,DUB,118575.56,2280.2992,7,2015,2024,eu_trend_wm_max_recent_v2
CUN,FRA,118561.97,2280.038,7,2015,2024,eu_trend_wm_max_recent_v2
LGW,TPA,118523.0,2279.2885,5,2015,2019,eu_trend_wm_max_recent_v2
MUC,VCE,118503.0,2278.9038,7,2015,2024,eu_trend_wm_max_recent_v2
BMA,VBY,118488.3,2278.6212,7,2015,2024,eu_trend_wm_max_recent_v2
FRA,CUN,118478.65,2278.4355,7,2015,2024,eu_trend_wm_max_recent_v2
BUD,HEL,118462.0,2278.1154,7,2015,2024,eu_trend_wm_max_recent_v2
NAP,STN,118436.01,2277.6157,7,2015,2024,eu_trend_wm_max_recent_v2
FRA,EZE,118299.0,2274.9808,7,2015,2024,eu_trend_wm_max_recent_v2
MXP,CAI,118204.0,2273.1538,7,2015,2024,eu_trend_wm_max_recent_v2
IST,DUB,118176.13,2272.6179,3,2019,2024,eu_trend_wm_max_recent_v2
ZRH,MIA,118138.46,2271.8935,7,2015,2024,eu_trend_wm_max_recent_v2
KUN,LTN,118018.0,2269.5769,7,2015,2024,eu_trend_wm_max_recent_v2
LGW,FUE,118010.94,2269.4412,7,2015,2024,eu_trend_wm_max_recent_v2
IST,HAJ,117977.0,2268.7885,3,2019,2024,eu_trend_wm_max_recent_v2
YUL,FCO,117963.05,2268.5202,7,2015,2024,eu_trend_wm_max_recent_v2
MXP,CAG,117897.46,2267.2588,7,2015,2024,eu_trend_wm_max_recent_v2
BLR,LHR,117858.0,2266.5,5,2015,2019,eu_trend_wm_max_recent_v2
EIN,FAO,117773.99,2264.8844,7,2015,2024,eu_trend_wm_max_recent_v2
BEG,VIE,117680.7,2263.0904,7,2015,2024,eu_trend_wm_max_recent_v2
HAJ,IST,117617.0,2261.8654,3,2019,2024,eu_trend_wm_max_recent_v2
AMS,DUS,117562.08,2260.8092,7,2015,2024,eu_trend_wm_max_recent_v2
BRU,MAN,117531.91,2260.229,7,2015,2024,eu_trend_wm_max_recent_v2
ORY,EWR,117520.53,2260.0102,6,2015,2024,eu_trend_wm_max_recent_v2
PDL,TER,117445.7,2258.5711,7,2015,2024,eu_trend_wm_max_recent_v2
CMN,MAD,117424.45,2258.1625,7,2015,2024,eu_trend_wm_max_recent_v2
ORY,LGW,117412.44,2257.9315,2,2023,2024,eu_trend_wm_max_recent_v2
VCE,DXB,117293.66,2255.6472,7,2015,2024,eu_trend_wm_max_recent_v2
ZAG,DBV,117250.13,2254.8103,7,2015,2024,eu_trend_wm_max_recent_v2
PSA,LGW,117153.8,2252.9576,7,2015,2024,eu_trend_wm_max_recent_v2
ORY,SVQ,117150.99,2252.9037,7,2015,2024,eu_trend_wm_max_recent_v2
AMS,PTY,117148.02,2252.8465,7,2015,2024,eu_trend_wm_max_recent_v2
VIE,DOH,117117.0,2252.25,6,2016,2024,eu_trend_wm_max_recent_v2
LGW,HEL,117069.37,2251.334,5,2015,2019,eu_trend_wm_max_recent_v2
EZE,FRA,117045.0,2250.8654,7,2015,2024,eu_trend_wm_max_recent_v2
HEL,GOT,117016.91,2250.3252,7,2015,2024,eu_trend_wm_max_recent_v2
LHR,ORY,116985.7,2249.7249,4,2015,2024,eu_trend_wm_max_recent_v2
MAN,PRG,116982.0,2249.6538,5,2015,2019,eu_trend_wm_max_recent_v2
FCO,LYS,116978.0,2249.5769,7,2015,2024,eu_trend_wm_max_recent_v2
AMS,CGK,116949.37,2249.0263,6,2015,2024,eu_trend_wm_max_recent_v2
MUC,FMO,116936.0,2248.7692,7,2015,2024,eu_trend_wm_max_recent_v2
CPH,EWR,116913.0,2248.3269,7,2015,2024,eu_trend_wm_max_recent_v2
MNL,IST,116890.47,2247.8936,2,2023,2024,eu_trend_wm_max_recent_v2
VBY,BMA,116876.14,2247.6181,7,2015,2024,eu_trend_wm_max_recent_v2
IST,GRU,116825.8,2246.6499,2,2023,2024,eu_trend_wm_max_recent_v2
LIS,VIE,116815.63,2246.4545,7,2015,2024,eu_trend_wm_max_recent_v2
KKN,OSL,116813.0,2246.4038,5,2015,2019,eu_trend_wm_max_recent_v2
FMO,MUC,116783.0,2245.8269,7,2015,2024,eu_trend_wm_max_recent_v2
BGY,VLC,116711.0,2244.4423,7,2015,2024,eu_trend_wm_max_recent_v2
MUC,DRS,116600.28,2242.3131,7,2015,2024,eu_trend_wm_max_recent_v2
VLC,BGY,116555.0,2241.4423,7,2015,2024,eu_trend_wm_max_recent_v2
MLN,AGP,116465.5,2239.7211,7,2015,2024,eu_trend_wm_max_recent_v2
GLA,TFS,116420.76,2238.8608,7,2015,2024,eu_trend_wm_max_recent_v2
RIX,OSL,116232.43,2235.2391,7,2015,2024,eu_trend_wm_max_recent_v2
VGO,BCN,116118.13,2233.041,7,2015,2024,eu_trend_wm_max_recent_v2
LGW,PSA,116055.13,2231.8294,7,2015,2024,eu_trend_wm_max_recent_v2
SVQ,ORY,116041.45,2231.5664,7,2015,2024,eu_trend_wm_max_recent_v2
DXB,VCE,115982.61,2230.4347,7,2015,2024,eu_trend_wm_max_recent_v2
OSL,RIX,115938.07,2229.5783,7,2015,2024,eu_trend_wm_max_recent_v2
GDN,OSL,115876.0,2228.3846,7,2015,2024,eu_trend_wm_max_recent_v2
STN,NAP,115850.62,2227.8966,7,2015,2024,eu_trend_wm_max_recent_v2
LPL,AMS,115819.41,2227.2963,7,2015,2024,eu_trend_wm_max_recent_v2
DXB,OTP,115818.81,2227.2847,7,2015,2024,eu_trend_wm_max_recent_v2
VIE,HAJ,115803.66,2226.9935,7,2015,2024,eu_trend_wm_max_recent_v2
LGW,DBV,115795.0,2226.8269,7,2015,2024,eu_trend_wm_max_recent_v2
BLR,FRA,115738.53,2225.7409,7,2015,2024,eu_trend_wm_max_recent_v2
EWR,CPH,115686.0,2224.7308,7,2015,2024,eu_trend_wm_max_recent_v2
FAO,EIN,115664.54,2224.3181,7,2015,2024,eu_trend_wm_max_recent_v2
IST,IAH,115621.1,2223.4827,2,2023,2024,eu_trend_wm_max_recent_v2
TPA,LGW,115548.0,2222.0769,5,2015,2019,eu_trend_wm_max_recent_v2
LTN,IAS,115503.32,2221.2177,7,2015,2024,eu_trend_wm_max_recent_v2
AMS,JNB,115494.8,2221.0539,7,2015,2024,eu_trend_wm_max_recent_v2
KRK,LGW,115475.14,2220.6757,7,2015,2024,eu_trend_wm_max_recent_v2
OTP,WAW,115406.0,2219.3462,7,2015,2024,eu_trend_wm_max_recent_v2
VIE,LIS,115274.66,2216.8204,7,2015,2024,eu_trend_wm_max_recent_v2
LIS,YUL,115161.03,2214.6351,2,2023,2024,eu_trend_wm_max_recent_v2
PRG,MAN,115154.0,2214.5,5,2015,2019,eu_trend_wm_max_recent_v2
OSL,BKK,115001.94,2211.5758,6,2015,2024,eu_trend_wm_max_recent_v2
TFS,GLA,114977.0,2211.0962,7,2015,2024,eu_trend_wm_max_recent_v2
CDG,FDF,114851.2,2208.6768,7,2015,2024,eu_trend_wm_max_recent_v2
ATH,CPH,114835.0,2208.3654,7,2015,2024,eu_trend_wm_max_recent_v2
FRA,PHL,114820.38,2208.0842,7,2015,2024,eu_trend_wm_max_recent_v2
SOF,TLV,114811.81,2207.9195,7,2015,2024,eu_trend_wm_max_recent_v2
ZRH,BUD,114799.82,2207.6888,7,2015,2024,eu_trend_wm_max_recent_v2
CPH,ATH,114785.95,2207.422,7,2015,2024,eu_trend_wm_max_recent_v2
ZRH,VCE,114720.75,2206.1682,7,2015,2024,eu_trend_wm_max_recent_v2
AMS,LPL,114718.67,2206.1282,7,2015,2024,eu_trend_wm_max_recent_v2
FDF,CDG,114617.52,2204.183,7,2015,2024,eu_trend_wm_max_recent_v2
MUC,TLS,114613.59,2204.1074,7,2015,2024,eu_trend_wm_max_recent_v2
VNO,RIX,114588.0,2203.6154,7,2015,2024,eu_trend_wm_max_recent_v2
LGW,LAX,114586.0,2203.5769,5,2015,2019,eu_trend_wm_max_recent_v2
FRA,BLR,114539.88,2202.69,7,2015,2024,eu_trend_wm_max_recent_v2
MAN,RHO,114499.55,2201.9145,7,2015,2024,eu_trend_wm_max_recent_v2
CPH,GVA,114422.0,2200.4231,7,2015,2024,eu_trend_wm_max_recent_v2
EIN,VLC,114418.0,2200.3462,7,2015,2024,eu_trend_wm_max_recent_v2
BER,CGN,114337.88,2198.8054,7,2015,2024,eu_trend_wm_max_recent_v2
RHO,MAN,114308.32,2198.2369,7,2015,2024,eu_trend_wm_max_recent_v2
BRS,ACE,114183.6,2195.8384,7,2015,2024,eu_trend_wm_max_recent_v2
WAW,JFK,114135.56,2194.9146,7,2015,2024,eu_trend_wm_max_recent_v2
CAI,MXP,114125.0,2194.7115,7,2015,2024,eu_trend_wm_max_recent_v2
TLV,SOF,114106.0,2194.3461,7,2015,2024,eu_trend_wm_max_recent_v2
TSF,NAP,114082.0,2193.8846,3,2017,2019,eu_trend_wm_max_recent_v2
LGW,KRK,114009.92,2192.4984,7,2015,2024,eu_trend_wm_max_recent_v2
STN,BLQ,113946.24,2191.2738,7,2015,2024,eu_trend_wm_max_recent_v2
FRA,ADD,113937.06,2191.0973,7,2015,2024,eu_trend_wm_max_recent_v2
LHR,DTW,113933.0,2191.0192,5,2015,2019,eu_trend_wm_max_recent_v2
RIX,VNO,113931.88,2190.9977,7,2015,2024,eu_trend_wm_max_recent_v2
STN,BLL,113921.01,2190.7886,7,2015,2024,eu_trend_wm_max_recent_v2
AUH,VIE,113901.83,2190.4197,3,2016,2024,eu_trend_wm_max_recent_v2
SYD,LHR,113771.9,2187.9212,5,2015,2019,eu_trend_wm_max_recent_v2
TLS,MUC,113593.99,2184.4999,7,2015,2024,eu_trend_wm_max_recent_v2
FRA,EDI,113544.3,2183.5442,7,2015,2024,eu_trend_wm_max_recent_v2
BCN,VGO,113542.45,2183.5087,7,2015,2024,eu_trend_wm_max_recent_v2
HAJ,VIE,113533.65,2183.3394,7,2015,2024,eu_trend_wm_max_recent_v2
HAJ,ZRH,113495.4,2182.6038,7,2015,2024,eu_trend_wm_max_recent_v2
JKH,ATH,113485.17,2182.4072,7,2015,2024,eu_trend_wm_max_recent_v2
PHL,FRA,113463.78,2181.9958,7,2015,2024,eu_trend_wm_max_recent_v2
BLQ,STN,113420.94,2181.1719,7,2015,2024,eu_trend_wm_max_recent_v2
AGP,MLN,113417.13,2181.0986,7,2015,2024,eu_trend_wm_max_recent_v2
VLC,EIN,113384.0,2180.4615,7,2015,2024,eu_trend_wm_max_recent_v2
LHR,CMB,113321.41,2179.2579,5,2015,2019,eu_trend_wm_max_recent_v2
ACE,BRS,113292.09,2178.694,7,2015,2024,eu_trend_wm_max_recent_v2
LHR,BLR,113265.0,2178.1731,5,2015,2019,eu_trend_wm_max_recent_v2
VIE,AUH,113251.44,2177.9123,3,2016,2024,eu_trend_wm_max_recent_v2
BIO,FRA,113223.06,2177.3665,7,2015,2024,eu_trend_wm_max_recent_v2
PFO,TLV,113212.0,2177.1538,5,2017,2024,eu_trend_wm_max_recent_v2
ARN,DUS,113166.0,2176.2692,7,2015,2024,eu_trend_wm_max_recent_v2
BLL,STN,113131.21,2175.6002,7,2015,2024,eu_trend_wm_max_recent_v2
FRA,FUE,113093.17,2174.8687,7,2015,2024,eu_trend_wm_max_recent_v2
CRL,MAN,113082.38,2174.6611,7,2015,2024,eu_trend_wm_max_recent_v2
ORY,TLV,113055.07,2174.1359,6,2015,2023,eu_trend_wm_max_recent_v2
AKL,LHR,113036.23,2173.7736,1,2015,2015,eu_trend_wm_max_recent_v2
FRA,MEX,113020.08,2173.4631,7,2015,2024,eu_trend_wm_max_recent_v2
GVA,CPH,113003.0,2173.1346,7,2015,2024,eu_trend_wm_max_recent_v2
NAP,TSF,112956.0,2172.2308,3,2017,2019,eu_trend_wm_max_recent_v2
TER,PDL,112947.49,2172.0672,7,2015,2024,eu_trend_wm_max_recent_v2
CRL,TSF,112849.53,2170.1833,7,2015,2024,eu_trend_wm_max_recent_v2
TLV,ORY,112849.07,2170.1744,6,2015,2023,eu_trend_wm_max_recent_v2
WAW,OTP,112761.0,2168.4808,7,2015,2024,eu_trend_wm_max_recent_v2
ZRH,YYZ,112720.23,2167.6967,7,2015,2024,eu_trend_wm_max_recent_v2
IAS,LTN,112704.61,2167.3964,7,2015,2024,eu_trend_wm_max_recent_v2
EDI,ALC,112694.36,2167.1992,7,2015,2024,eu_trend_wm_max_recent_v2
ORY,ATH,112403.0,2161.5962,7,2015,2024,eu_trend_wm_max_recent_v2
FCO,ARN,112346.99,2160.5191,7,2015,2024,eu_trend_wm_max_recent_v2
ALC,EDI,112271.24,2159.0623,7,2015,2024,eu_trend_wm_max_recent_v2
AGP,GLA,112250.0,2158.6538,7,2015,2024,eu_trend_wm_max_recent_v2
HND,HEL,112218.58,2158.0496,2,2023,2024,eu_trend_wm_max_recent_v2
BRS,GVA,112216.82,2158.0159,7,2015,2024,eu_trend_wm_max_recent_v2
FRA,VNO,112178.58,2157.2804,7,2015,2024,eu_trend_wm_max_recent_v2
STN,GDN,112173.86,2157.1895,7,2015,2024,eu_trend_wm_max_recent_v2
ZRH,MXP,112167.6,2157.0693,7,2015,2024,eu_trend_wm_max_recent_v2
LGW,MBJ,112123.74,2156.2257,5,2015,2019,eu_trend_wm_max_recent_v2
GDN,STN,112066.98,2155.1342,7,2015,2024,eu_trend_wm_max_recent_v2
CPH,GDN,112024.57,2154.3187,7,2015,2024,eu_trend_wm_max_recent_v2
MUC,GRZ,112020.48,2154.24,7,2015,2024,eu_trend_wm_max_recent_v2
ORY,IBZ,111990.39,2153.6614,7,2015,2024,eu_trend_wm_max_recent_v2
MEX,FRA,111923.11,2152.3675,7,2015,2024,eu_trend_wm_max_recent_v2
GDN,CPH,111897.08,2151.867,7,2015,2024,eu_trend_wm_max_recent_v2
GLA,AGP,111871.0,2151.3654,7,2015,2024,eu_trend_wm_max_recent_v2
DRS,MUC,111789.96,2149.8069,7,2015,2024,eu_trend_wm_max_recent_v2
CDG,BIO,111694.22,2147.9658,7,2015,2024,eu_trend_wm_max_recent_v2
HEL,HND,111677.21,2147.6386,2,2023,2024,eu_trend_wm_max_recent_v2
IST,OSL,111666.12,2147.4254,3,2019,2024,eu_trend_wm_max_recent_v2
DMK,VIE,111659.37,2147.2956,1,2015,2015,eu_trend_wm_max_recent_v2
IBZ,MXP,111592.0,2146.0,7,2015,2024,eu_trend_wm_max_recent_v2
TSF,CRL,111576.98,2145.7111,7,2015,2024,eu_trend_wm_max_recent_v2
NCE,VIE,111498.18,2144.1958,7,2015,2024,eu_trend_wm_max_recent_v2
NCL,DUB,111478.0,2143.8077,7,2015,2024,eu_trend_wm_max_recent_v2
BLQ,OTP,111466.0,2143.5769,7,2015,2024,eu_trend_wm_max_recent_v2
EWR,ORY,111408.37,2142.4686,6,2015,2024,eu_trend_wm_max_recent_v2
DUS,JFK,111408.11,2142.4637,5,2015,2019,eu_trend_wm_max_recent_v2
DOH,VIE,111385.0,2142.0192,6,2016,2024,eu_trend_wm_max_recent_v2
VCE,ZRH,111378.98,2141.9035,7,2015,2024,eu_trend_wm_max_recent_v2
OTP,BLQ,111344.0,2141.2308,7,2015,2024,eu_trend_wm_max_recent_v2
VIE,BEG,111296.2,2140.3116,7,2015,2024,eu_trend_wm_max_recent_v2
JFK,DUS,111288.47,2140.1628,5,2015,2019,eu_trend_wm_max_recent_v2
TLV,PFO,111264.0,2139.6923,5,2017,2024,eu_trend_wm_max_recent_v2
MBJ,LGW,111218.82,2138.8235,5,2015,2019,eu_trend_wm_max_recent_v2
MXP,IBZ,111202.0,2138.5,7,2015,2024,eu_trend_wm_max_recent_v2
DUB,NCL,111197.0,2138.4038,7,2015,2024,eu_trend_wm_max_recent_v2
PRG,WAW,111161.54,2137.7219,7,2015,2024,eu_trend_wm_max_recent_v2
YUL,LIS,111124.75,2137.0144,2,2023,2024,eu_trend_wm_max_recent_v2
FUE,FRA,111087.88,2136.3055,7,2015,2024,eu_trend_wm_max_recent_v2
TPE,CDG,111070.24,2135.9662,7,2015,2024,eu_trend_wm_max_recent_v2
HEL,BUD,111055.0,2135.6731,7,2015,2024,eu_trend_wm_max_recent_v2
LGW,BOS,111047.0,2135.5192,4,2016,2019,eu_trend_wm_max_recent_v2
LGW,LIN,111045.0,2135.4808,7,2015,2024,eu_trend_wm_max_recent_v2
KIX,FRA,111031.08,2135.2131,4,2015,2018,eu_trend_wm_max_recent_v2
VIE,NCE,110926.66,2133.2051,7,2015,2024,eu_trend_wm_max_recent_v2
GVA,BRS,110911.41,2132.9118,7,2015,2024,eu_trend_wm_max_recent_v2
DEL,FCO,110886.24,2132.4277,5,2017,2024,eu_trend_wm_max_recent_v2
FCO,ORD,110812.8,2131.0154,7,2015,2024,eu_trend_wm_max_recent_v2
MUC,LUX,110811.96,2130.9993,7,2015,2024,eu_trend_wm_max_recent_v2
OPO,FAO,110776.31,2130.3137,7,2015,2024,eu_trend_wm_max_recent_v2
AGP,LPA,110667.62,2128.2236,7,2015,2024,eu_trend_wm_max_recent_v2
BRU,YUL,110662.0,2128.1154,7,2015,2024,eu_trend_wm_max_recent_v2
AAL,AMS,110647.58,2127.8381,7,2015,2024,eu_trend_wm_max_recent_v2
BDS,LIN,110644.5,2127.7788,7,2015,2024,eu_trend_wm_max_recent_v2
ASB,IST,110636.96,2127.6338,2,2023,2024,eu_trend_wm_max_recent_v2
GRZ,MUC,110624.0,2127.3846,7,2015,2024,eu_trend_wm_max_recent_v2
LPA,CPH,110595.34,2126.8335,7,2015,2024,eu_trend_wm_max_recent_v2
DUS,ARN,110352.0,2122.1538,7,2015,2024,eu_trend_wm_max_recent_v2
NAP,FRA,110293.0,2121.0192,7,2015,2024,eu_trend_wm_max_recent_v2
STN,SNN,110218.38,2119.5843,7,2015,2024,eu_trend_wm_max_recent_v2
MAN,CRL,110215.68,2119.5324,7,2015,2024,eu_trend_wm_max_recent_v2
BSL,OPO,110204.88,2119.3246,7,2015,2024,eu_trend_wm_max_recent_v2
GRX,MAD,110164.53,2118.5487,7,2015,2024,eu_trend_wm_max_recent_v2
AMS,AAL,110159.63,2118.4545,7,2015,2024,eu_trend_wm_max_recent_v2
FAO,OPO,110094.3,2117.198,7,2015,2024,eu_trend_wm_max_recent_v2
WAW,PRG,110066.0,2116.6538,7,2015,2024,eu_trend_wm_max_recent_v2
BFS,FAO,110047.54,2116.2989,7,2015,2024,eu_trend_wm_max_recent_v2
BOS,LGW,109977.0,2114.9423,4,2016,2019,eu_trend_wm_max_recent_v2
PRG,ARN,109895.0,2113.3654,7,2015,2024,eu_trend_wm_max_recent_v2
IBZ,ORY,109893.26,2113.3319,7,2015,2024,eu_trend_wm_max_recent_v2
LPA,AGP,109864.24,2112.7739,7,2015,2024,eu_trend_wm_max_recent_v2
IST,BOG,109813.81,2111.804,2,2023,2024,eu_trend_wm_max_recent_v2
EDI,FRA,109781.48,2111.1822,7,2015,2024,eu_trend_wm_max_recent_v2
DUB,DUS,109710.18,2109.8112,7,2015,2024,eu_trend_wm_max_recent_v2
MAN,BER,109709.42,2109.7965,7,2015,2024,eu_trend_wm_max_recent_v2
STN,LPA,109560.68,2106.9361,7,2015,2024,eu_trend_wm_max_recent_v2
MXP,ZRH,109530.46,2106.355,7,2015,2024,eu_trend_wm_max_recent_v2
BIO,CDG,109530.19,2106.3498,7,2015,2024,eu_trend_wm_max_recent_v2
FAO,BFS,109498.78,2105.7458,7,2015,2024,eu_trend_wm_max_recent_v2
MAD,CMN,109468.44,2105.1623,7,2015,2024,eu_trend_wm_max_recent_v2
STN,WRO,109468.0,2105.1538,7,2015,2024,eu_trend_wm_max_recent_v2
BMA,UME,109453.14,2104.8681,7,2015,2024,eu_trend_wm_max_recent_v2
ZRH,LAX,109298.18,2101.8881,7,2015,2024,eu_trend_wm_max_recent_v2
FRA,KIX,109297.08,2101.8669,4,2015,2018,eu_trend_wm_max_recent_v2
YUL,BRU,109288.0,2101.6923,7,2015,2024,eu_trend_wm_max_recent_v2
DUS,FCO,109263.0,2101.2115,7,2015,2024,eu_trend_wm_max_recent_v2
SCQ,PMI,109205.0,2100.0961,7,2015,2024,eu_trend_wm_max_recent_v2
IST,LIS,109172.66,2099.4743,2,2023,2024,eu_trend_wm_max_recent_v2
GVA,ATH,109131.45,2098.6817,7,2015,2024,eu_trend_wm_max_recent_v2
LIS,DUS,109110.0,2098.2692,7,2015,2024,eu_trend_wm_max_recent_v2
ARN,PRG,109081.02,2097.7119,7,2015,2024,eu_trend_wm_max_recent_v2
VDE,TFN,109072.89,2097.5555,4,2018,2024,eu_trend_wm_max_recent_v2
CPH,LPA,109047.46,2097.0666,7,2015,2024,eu_trend_wm_max_recent_v2
OPO,BSL,108937.02,2094.9427,7,2015,2024,eu_trend_wm_max_recent_v2
BUD,BGY,108909.37,2094.4109,7,2015,2024,eu_trend_wm_max_recent_v2
NAP,VIE,108854.86,2093.3627,6,2016,2024,eu_trend_wm_max_recent_v2
MAN,ABZ,108853.93,2093.3448,5,2015,2019,eu_trend_wm_max_recent_v2
CGN,BGY,108853.38,2093.3342,6,2016,2024,eu_trend_wm_max_recent_v2
TFN,VDE,108828.99,2092.8652,3,2019,2024,eu_trend_wm_max_recent_v2
NUE,DUS,108751.96,2091.3838,5,2015,2019,eu_trend_wm_max_recent_v2
HEL,DOH,108727.92,2090.9215,5,2017,2024,eu_trend_wm_max_recent_v2
BKK,VIE,108692.67,2090.2436,6,2016,2024,eu_trend_wm_max_recent_v2
AGP,BFS,108686.0,2090.1154,7,2015,2024,eu_trend_wm_max_recent_v2
CMB,LHR,108652.0,2089.4615,5,2015,2019,eu_trend_wm_max_recent_v2
DUS,NUE,108630.73,2089.0524,5,2015,2019,eu_trend_wm_max_recent_v2
ORD,FCO,108588.18,2088.2342,7,2015,2024,eu_trend_wm_max_recent_v2
BGY,BUD,108572.16,2087.9262,7,2015,2024,eu_trend_wm_max_recent_v2
PMO,TSF,108560.0,2087.6923,5,2015,2019,eu_trend_wm_max_recent_v2
AMS,BLQ,108549.91,2087.4982,7,2015,2024,eu_trend_wm_max_recent_v2
UME,BMA,108548.4,2087.4692,7,2015,2024,eu_trend_wm_max_recent_v2
OSL,IST,108548.14,2087.4643,3,2019,2024,eu_trend_wm_max_recent_v2
DUS,DUB,108523.08,2086.9824,7,2015,2024,eu_trend_wm_max_recent_v2
TLS,LIL,108504.08,2086.617,7,2015,2024,eu_trend_wm_max_recent_v2
ATH,ORY,108493.64,2086.4161,7,2015,2024,eu_trend_wm_max_recent_v2
BGY,CLJ,108455.76,2085.6876,7,2015,2024,eu_trend_wm_max_recent_v2
BRU,VCE,108453.54,2085.645,7,2015,2024,eu_trend_wm_max_recent_v2
DUB,PHL,108432.66,2085.2435,7,2015,2024,eu_trend_wm_max_recent_v2
TSF,PMO,108388.0,2084.3846,5,2015,2019,eu_trend_wm_max_recent_v2
SNN,STN,108319.06,2083.0589,7,2015,2024,eu_trend_wm_max_recent_v2
FCO,DUS,108246.0,2081.6538,7,2015,2024,eu_trend_wm_max_recent_v2
BGY,CGN,108207.72,2080.9177,6,2016,2024,eu_trend_wm_max_recent_v2
LIL,MRS,108195.48,2080.6823,7,2015,2024,eu_trend_wm_max_recent_v2
NTE,LIS,108190.16,2080.5799,7,2015,2024,eu_trend_wm_max_recent_v2
LED,HEL,108162.0,2080.0385,3,2017,2019,eu_trend_wm_max_recent_v2
HND,IST,108160.13,2080.0024,2,2023,2024,eu_trend_wm_max_recent_v2
MAN,BRU,108116.29,2079.1594,7,2015,2024,eu_trend_wm_max_recent_v2
VIE,TPE,108070.51,2078.2791,7,2015,2024,eu_trend_wm_max_recent_v2
ABZ,MAN,108070.0,2078.2692,5,2015,2019,eu_trend_wm_max_recent_v2
GVA,BOD,108057.0,2078.0192,7,2015,2024,eu_trend_wm_max_recent_v2
LIL,TLS,108050.54,2077.8951,7,2015,2024,eu_trend_wm_max_recent_v2
LIS,IST,108024.32,2077.3908,2,2023,2024,eu_trend_wm_max_recent_v2
ATH,GVA,107972.1,2076.3865,7,2015,2024,eu_trend_wm_max_recent_v2
FCO,DEL,107909.88,2075.19,5,2017,2024,eu_trend_wm_max_recent_v2
MXP,OPO,107898.68,2074.9746,6,2015,2024,eu_trend_wm_max_recent_v2
LCY,BHD,107874.0,2074.5,5,2015,2019,eu_trend_wm_max_recent_v2
BVA,CIA,107858.88,2074.2092,7,2015,2024,eu_trend_wm_max_recent_v2
AGP,BER,107846.94,2073.9797,7,2015,2024,eu_trend_wm_max_recent_v2
MUC,PRG,107824.0,2073.5385,7,2015,2024,eu_trend_wm_max_recent_v2
CIA,BVA,107792.58,2072.9342,7,2015,2024,eu_trend_wm_max_recent_v2
AHO,LIN,107749.02,2072.0965,7,2015,2024,eu_trend_wm_max_recent_v2
LPA,STN,107713.91,2071.4213,7,2015,2024,eu_trend_wm_max_recent_v2
LIS,CPH,107589.0,2069.0192,7,2015,2024,eu_trend_wm_max_recent_v2
LIN,LGW,107555.0,2068.3654,7,2015,2024,eu_trend_wm_max_recent_v2
ARN,FCO,107541.0,2068.0962,7,2015,2024,eu_trend_wm_max_recent_v2
MUC,BHX,107504.53,2067.3948,7,2015,2024,eu_trend_wm_max_recent_v2
LIS,NTE,107478.52,2066.8947,7,2015,2024,eu_trend_wm_max_recent_v2
CPH,LIS,107406.0,2065.5,7,2015,2024,eu_trend_wm_max_recent_v2
BFS,AGP,107403.0,2065.4423,7,2015,2024,eu_trend_wm_max_recent_v2
KEF,YYZ,107400.0,2065.3846,7,2015,2024,eu_trend_wm_max_recent_v2
LYS,MUC,107396.75,2065.3222,7,2015,2024,eu_trend_wm_max_recent_v2
MDE,MAD,107393.34,2065.2564,5,2017,2024,eu_trend_wm_max_recent_v2
JFK,WAW,107379.48,2064.99,7,2015,2024,eu_trend_wm_max_recent_v2
LHR,HAJ,107375.11,2064.9059,7,2015,2024,eu_trend_wm_max_recent_v2
BER,MAN,107341.6,2064.2615,7,2015,2024,eu_trend_wm_max_recent_v2
LIN,BDS,107224.44,2062.0085,7,2015,2024,eu_trend_wm_max_recent_v2
BDS,BLQ,107203.95,2061.6144,7,2015,2024,eu_trend_wm_max_recent_v2
WRO,STN,107147.94,2060.5373,7,2015,2024,eu_trend_wm_max_recent_v2
PMI,LPL,107060.0,2058.8462,7,2015,2024,eu_trend_wm_max_recent_v2
MRS,LIL,107030.64,2058.2815,7,2015,2024,eu_trend_wm_max_recent_v2
ATH,STN,107008.2,2057.85,7,2015,2024,eu_trend_wm_max_recent_v2
PRG,MUC,107004.1,2057.7711,7,2015,2024,eu_trend_wm_max_recent_v2
DUB,PRG,106921.0,2056.1731,7,2015,2024,eu_trend_wm_max_recent_v2
MRS,MUC,106896.16,2055.6954,7,2015,2024,eu_trend_wm_max_recent_v2
BER,AGP,106871.36,2055.2185,7,2015,2024,eu_trend_wm_max_recent_v2
STN,ATH,106868.46,2055.1627,7,2015,2024,eu_trend_wm_max_recent_v2
BLQ,BDS,106773.44,2053.3353,7,2015,2024,eu_trend_wm_max_recent_v2
HAJ,LHR,106738.42,2052.662,7,2015,2024,eu_trend_wm_max_recent_v2
LPA,SPC,106705.07,2052.0206,7,2015,2024,eu_trend_wm_max_recent_v2
SCQ,SVQ,106675.51,2051.4521,7,2015,2024,eu_trend_wm_max_recent_v2
IST,ASB,106661.65,2051.1856,2,2023,2024,eu_trend_wm_max_recent_v2
KUO,HEL,106640.79,2050.7845,7,2015,2024,eu_trend_wm_max_recent_v2
BOD,GVA,106609.0,2050.1731,7,2015,2024,eu_trend_wm_max_recent_v2
AMS,KRK,106591.0,2049.8269,7,2015,2024,eu_trend_wm_max_recent_v2
IAH,IST,106542.47,2048.8937,2,2023,2024,eu_trend_wm_max_recent_v2
PHL,DUB,106392.58,2046.0111,7,2015,2024,eu_trend_wm_max_recent_v2
OPO,MXP,106383.57,2045.8379,6,2015,2024,eu_trend_wm_max_recent_v2
VCE,BRU,106299.3,2044.2173,7,2015,2024,eu_trend_wm_max_recent_v2
CDG,TPE,106297.65,2044.1857,7,2015,2024,eu_trend_wm_max_recent_v2
PMI,SCQ,106229.29,2042.871,7,2015,2024,eu_trend_wm_max_recent_v2
ATH,SOF,106212.36,2042.5453,7,2015,2024,eu_trend_wm_max_recent_v2
YYZ,WAW,106211.43,2042.5275,7,2015,2024,eu_trend_wm_max_recent_v2
CGK,AMS,106201.45,2042.3356,6,2015,2024,eu_trend_wm_max_recent_v2
ATH,JKH,106192.34,2042.1603,7,2015,2024,eu_trend_wm_max_recent_v2
HEL,ICN,106182.18,2041.9651,7,2015,2024,eu_trend_wm_max_recent_v2
YYZ,ZRH,106180.33,2041.9294,7,2015,2024,eu_trend_wm_max_recent_v2
ZRH,HEL,106156.17,2041.4649,7,2015,2024,eu_trend_wm_max_recent_v2
VNO,FRA,106150.38,2041.3535,7,2015,2024,eu_trend_wm_max_recent_v2
HEL,KUO,106139.9,2041.152,7,2015,2024,eu_trend_wm_max_recent_v2
BER,ATH,106076.94,2039.9412,7,2015,2024,eu_trend_wm_max_recent_v2
RZE,WAW,106057.34,2039.5641,7,2015,2024,eu_trend_wm_max_recent_v2
NCE,LIS,106051.11,2039.4445,7,2015,2024,eu_trend_wm_max_recent_v2
AMS,YVR,106043.71,2039.3022,7,2015,2024,eu_trend_wm_max_recent_v2
GLA,PMI,106008.6,2038.6269,7,2015,2024,eu_trend_wm_max_recent_v2
ARN,EWR,106007.4,2038.6038,7,2015,2024,eu_trend_wm_max_recent_v2
VIE,BGY,105957.68,2037.6477,3,2019,2024,eu_trend_wm_max_recent_v2
PMI,CDG,105930.0,2037.1154,2,2018,2019,eu_trend_wm_max_recent_v2
DUS,LIS,105905.0,2036.6346,7,2015,2024,eu_trend_wm_max_recent_v2
ATH,BER,105887.22,2036.2927,7,2015,2024,eu_trend_wm_max_recent_v2
MUC,MRS,105886.27,2036.2745,7,2015,2024,eu_trend_wm_max_recent_v2
TRF,GDN,105781.0,2034.25,7,2015,2024,eu_trend_wm_max_recent_v2
SOU,EDI,105703.75,2032.7643,5,2015,2019,eu_trend_wm_max_recent_v2
FRA,NAP,105682.0,2032.3462,7,2015,2024,eu_trend_wm_max_recent_v2
BMA,AGH,105652.62,2031.7812,7,2015,2024,eu_trend_wm_max_recent_v2
FCO,PEK,105651.0,2031.75,7,2015,2024,eu_trend_wm_max_recent_v2
RIX,CPH,105628.69,2031.321,7,2015,2024,eu_trend_wm_max_recent_v2
HEL,KEF,105603.72,2030.8408,7,2015,2024,eu_trend_wm_max_recent_v2
LAX,ZRH,105569.39,2030.1805,7,2015,2024,eu_trend_wm_max_recent_v2
CRL,ALC,105495.76,2028.7646,7,2015,2024,eu_trend_wm_max_recent_v2
LUX,FRA,105492.0,2028.6923,7,2015,2024,eu_trend_wm_max_recent_v2
PFO,STN,105485.59,2028.5691,7,2015,2024,eu_trend_wm_max_recent_v2
AGH,BMA,105378.24,2026.5046,7,2015,2024,eu_trend_wm_max_recent_v2
ALC,CRL,105332.24,2025.6199,7,2015,2024,eu_trend_wm_max_recent_v2
BGY,VIE,105314.68,2025.2824,3,2019,2024,eu_trend_wm_max_recent_v2
EMA,ACE,105294.36,2024.8915,7,2015,2024,eu_trend_wm_max_recent_v2
VIE,NAP,105285.12,2024.7138,6,2016,2024,eu_trend_wm_max_recent_v2
LBA,TFS,105278.53,2024.587,7,2015,2024,eu_trend_wm_max_recent_v2
MAN,KRK,105255.0,2024.1346,7,2015,2024,eu_trend_wm_max_recent_v2
NCE,OSL,105227.28,2023.6015,7,2015,2024,eu_trend_wm_max_recent_v2
BRU,EWR,105189.96,2022.8839,7,2015,2024,eu_trend_wm_max_recent_v2
EDI,SOU,105138.8,2021.9,5,2015,2019,eu_trend_wm_max_recent_v2
BLQ,AMS,105125.39,2021.6421,7,2015,2024,eu_trend_wm_max_recent_v2
LIS,NCE,105099.19,2021.1383,7,2015,2024,eu_trend_wm_max_recent_v2
ACE,EMA,105024.6,2019.7038,7,2015,2024,eu_trend_wm_max_recent_v2
MAD,HAM,105024.0,2019.6923,7,2015,2024,eu_trend_wm_max_recent_v2
LPL,PMI,105018.2,2019.5809,7,2015,2024,eu_trend_wm_max_recent_v2
TFS,LBA,105004.09,2019.3094,7,2015,2024,eu_trend_wm_max_recent_v2
CLJ,BGY,105000.58,2019.2418,7,2015,2024,eu_trend_wm_max_recent_v2
PMI,GLA,104938.62,2018.0504,7,2015,2024,eu_trend_wm_max_recent_v2
LPA,HEL,104890.01,2017.1155,7,2015,2024,eu_trend_wm_max_recent_v2
AMS,SLC,104777.66,2014.9549,6,2016,2024,eu_trend_wm_max_recent_v2
SPC,LPA,104731.74,2014.0719,7,2015,2024,eu_trend_wm_max_recent_v2
KRK,AMS,104674.0,2012.9615,7,2015,2024,eu_trend_wm_max_recent_v2
ATH,BUD,104657.0,2012.6346,7,2015,2024,eu_trend_wm_max_recent_v2
REG,FCO,104651.0,2012.5192,7,2015,2024,eu_trend_wm_max_recent_v2
TPE,FRA,104649.0,2012.4808,7,2015,2024,eu_trend_wm_max_recent_v2
LIN,AHO,104647.67,2012.4551,7,2015,2024,eu_trend_wm_max_recent_v2
STN,PFO,104534.96,2010.2876,7,2015,2024,eu_trend_wm_max_recent_v2
CDG,PMI,104506.0,2009.7308,2,2018,2019,eu_trend_wm_max_recent_v2
FRA,SKG,104486.01,2009.3464,7,2015,2024,eu_trend_wm_max_recent_v2
SOF,ATH,104438.47,2008.4322,7,2015,2024,eu_trend_wm_max_recent_v2
PRG,DUB,104426.0,2008.1923,7,2015,2024,eu_trend_wm_max_recent_v2
MUC,BLQ,104399.0,2007.6731,7,2015,2024,eu_trend_wm_max_recent_v2
MAD,GRX,104394.09,2007.5786,7,2015,2024,eu_trend_wm_max_recent_v2
GDN,ARN,104389.91,2007.4983,2,2023,2024,eu_trend_wm_max_recent_v2
BHD,LCY,104376.0,2007.2308,5,2015,2019,eu_trend_wm_max_recent_v2
ARN,GDN,104316.93,2006.0948,2,2023,2024,eu_trend_wm_max_recent_v2
HEL,LPA,104306.0,2005.8846,7,2015,2024,eu_trend_wm_max_recent_v2
SVQ,SCQ,104300.3,2005.775,7,2015,2024,eu_trend_wm_max_recent_v2
GVA,LCY,104250.16,2004.8108,6,2015,2023,eu_trend_wm_max_recent_v2
IST,HND,104236.56,2004.5491,2,2023,2024,eu_trend_wm_max_recent_v2
DOH,HEL,104214.42,2004.1235,5,2017,2024,eu_trend_wm_max_recent_v2
MAD,EAS,103991.48,1999.8362,7,2015,2024,eu_trend_wm_max_recent_v2
SVQ,CDG,103881.0,1997.7115,7,2015,2024,eu_trend_wm_max_recent_v2
BUD,ATH,103868.0,1997.4615,7,2015,2024,eu_trend_wm_max_recent_v2
OSL,KKN,103862.0,1997.3462,5,2015,2019,eu_trend_wm_max_recent_v2
BCN,ICN,103756.0,1995.3077,4,2018,2024,eu_trend_wm_max_recent_v2
AGP,IST,103732.14,1994.8488,2,2023,2024,eu_trend_wm_max_recent_v2
FRA,FAO,103687.3,1993.9866,7,2015,2024,eu_trend_wm_max_recent_v2
SEN,AMS,103669.62,1993.6465,5,2015,2019,eu_trend_wm_max_recent_v2
NTE,GVA,103646.0,1993.1923,7,2015,2024,eu_trend_wm_max_recent_v2
LGW,BGO,103576.0,1991.8462,7,2015,2024,eu_trend_wm_max_recent_v2
EWR,BRU,103553.83,1991.4199,7,2015,2024,eu_trend_wm_max_recent_v2
FCO,NRT,103553.74,1991.418,5,2015,2019,eu_trend_wm_max_recent_v2
LUX,MUC,103546.0,1991.2692,7,2015,2024,eu_trend_wm_max_recent_v2
GDN,TRF,103537.0,1991.0962,7,2015,2024,eu_trend_wm_max_recent_v2
KRK,MAN,103526.0,1990.8846,7,2015,2024,eu_trend_wm_max_recent_v2
GVA,NTE,103518.0,1990.7308,7,2015,2024,eu_trend_wm_max_recent_v2
LIM,CDG,103486.99,1990.1344,7,2015,2024,eu_trend_wm_max_recent_v2
ZRH,OSL,103418.95,1988.826,7,2015,2024,eu_trend_wm_max_recent_v2
TLS,STN,103358.64,1987.6662,5,2017,2024,eu_trend_wm_max_recent_v2
SKG,FRA,103358.38,1987.6611,7,2015,2024,eu_trend_wm_max_recent_v2
BGO,LGW,103352.3,1987.5441,7,2015,2024,eu_trend_wm_max_recent_v2
IST,AGP,103347.82,1987.458,2,2023,2024,eu_trend_wm_max_recent_v2
HEL,ZRH,103285.2,1986.2538,7,2015,2024,eu_trend_wm_max_recent_v2
LBA,FAO,103228.08,1985.1554,7,2015,2024,eu_trend_wm_max_recent_v2
SDR,MAD,103108.54,1982.8565,7,2015,2024,eu_trend_wm_max_recent_v2
LEI,MAD,103077.26,1982.2549,7,2015,2024,eu_trend_wm_max_recent_v2
OSL,NCE,103035.0,1981.4423,7,2015,2024,eu_trend_wm_max_recent_v2
FAO,FRA,102957.98,1979.9612,7,2015,2024,eu_trend_wm_max_recent_v2
OSL,ZRH,102871.11,1978.2906,7,2015,2024,eu_trend_wm_max_recent_v2
CDG,BRU,102862.0,1978.1154,7,2015,2024,eu_trend_wm_max_recent_v2
EWR,ARN,102752.76,1976.0146,7,2015,2024,eu_trend_wm_max_recent_v2
PMI,EDI,102692.58,1974.8573,7,2015,2024,eu_trend_wm_max_recent_v2
RIX,BER,102678.95,1974.5952,6,2016,2024,eu_trend_wm_max_recent_v2
MUC,LPA,102668.1,1974.3865,7,2015,2024,eu_trend_wm_max_recent_v2
LGW,CTA,102641.0,1973.8654,7,2015,2024,eu_trend_wm_max_recent_v2
FCO,VRN,102628.64,1973.6277,5,2015,2019,eu_trend_wm_max_recent_v2
STN,TLS,102556.92,1972.2485,5,2017,2024,eu_trend_wm_max_recent_v2
CPH,BGY,102553.31,1972.179,7,2015,2024,eu_trend_wm_max_recent_v2
MAD,LEI,102530.73,1971.7449,7,2015,2024,eu_trend_wm_max_recent_v2
ICN,BCN,102423.0,1969.6731,4,2018,2024,eu_trend_wm_max_recent_v2
FAO,BHD,102332.29,1967.9286,5,2015,2019,eu_trend_wm_max_recent_v2
CPH,RIX,102330.62,1967.8966,7,2015,2024,eu_trend_wm_max_recent_v2
WAW,RZE,102282.76,1966.9762,7,2015,2024,eu_trend_wm_max_recent_v2
LPA,MUC,102275.4,1966.8346,7,2015,2024,eu_trend_wm_max_recent_v2
NCE,ARN,102275.0,1966.8269,7,2015,2024,eu_trend_wm_max_recent_v2
SKG,DUS,102274.38,1966.815,7,2015,2024,eu_trend_wm_max_recent_v2
LGW,INN,102251.95,1966.3837,7,2015,2024,eu_trend_wm_max_recent_v2
CDG,SVQ,102238.0,1966.1154,7,2015,2024,eu_trend_wm_max_recent_v2
HAM,MAD,102226.0,1965.8846,7,2015,2024,eu_trend_wm_max_recent_v2
HAM,LPA,102209.0,1965.5577,7,2015,2024,eu_trend_wm_max_recent_v2
EDI,PMI,102195.84,1965.3046,7,2015,2024,eu_trend_wm_max_recent_v2
BHX,MUC,102176.0,1964.9231,7,2015,2024,eu_trend_wm_max_recent_v2
BLQ,MUC,102159.0,1964.5962,7,2015,2024,eu_trend_wm_max_recent_v2
BUD,LGW,102153.45,1964.4895,7,2015,2024,eu_trend_wm_max_recent_v2
AMS,SEN,102122.0,1963.8846,5,2015,2019,eu_trend_wm_max_recent_v2
ALC,SEN,102099.0,1963.4423,5,2015,2019,eu_trend_wm_max_recent_v2
BHD,FAO,102086.09,1963.194,5,2015,2019,eu_trend_wm_max_recent_v2
TPE,LHR,102045.21,1962.4079,1,2015,2015,eu_trend_wm_max_recent_v2
MLA,LHR,102019.23,1961.9083,7,2015,2024,eu_trend_wm_max_recent_v2
HEL,LED,102017.0,1961.8654,3,2017,2019,eu_trend_wm_max_recent_v2
FRA,TPE,101988.0,1961.3077,7,2015,2024,eu_trend_wm_max_recent_v2
LPA,HAM,101821.5,1958.1058,7,2015,2024,eu_trend_wm_max_recent_v2
YYZ,KEF,101801.0,1957.7115,7,2015,2024,eu_trend_wm_max_recent_v2
LIS,CRL,101786.52,1957.433,4,2018,2024,eu_trend_wm_max_recent_v2
CRL,LIS,101715.38,1956.065,4,2018,2024,eu_trend_wm_max_recent_v2
PSR,BGY,101704.0,1955.8462,7,2015,2024,eu_trend_wm_max_recent_v2
BRU,BUD,101677.0,1955.3269,7,2015,2024,eu_trend_wm_max_recent_v2
INN,LGW,101659.32,1954.9869,7,2015,2024,eu_trend_wm_max_recent_v2
LIS,MIA,101629.46,1954.4128,2,2023,2024,eu_trend_wm_max_recent_v2
STN,BTS,101616.91,1954.1713,7,2015,2024,eu_trend_wm_max_recent_v2
FLR,ZRH,101592.2,1953.6962,7,2015,2024,eu_trend_wm_max_recent_v2
LPL,FAO,101584.96,1953.5568,7,2015,2024,eu_trend_wm_max_recent_v2
CTA,LGW,101539.0,1952.6731,7,2015,2024,eu_trend_wm_max_recent_v2
FAO,LBA,101509.38,1952.1035,7,2015,2024,eu_trend_wm_max_recent_v2
WAW,DUS,101494.0,1951.8077,7,2015,2024,eu_trend_wm_max_recent_v2
OSL,DOH,101457.0,1951.0962,7,2015,2024,eu_trend_wm_max_recent_v2
PMI,MXP,101451.16,1950.9839,7,2015,2024,eu_trend_wm_max_recent_v2
ATH,SVO,101341.0,1948.8654,5,2015,2019,eu_trend_wm_max_recent_v2
DUS,WAW,101313.0,1948.3269,7,2015,2024,eu_trend_wm_max_recent_v2
HAM,MAN,101305.0,1948.1731,6,2015,2024,eu_trend_wm_max_recent_v2
SOU,MAN,101256.22,1947.235,5,2015,2019,eu_trend_wm_max_recent_v2
BRU,HEL,101240.96,1946.9416,7,2015,2024,eu_trend_wm_max_recent_v2
WAW,ORD,101233.94,1946.8065,7,2015,2024,eu_trend_wm_max_recent_v2
YVR,AMS,101226.84,1946.67,7,2015,2024,eu_trend_wm_max_recent_v2
LHR,MLA,101193.47,1946.0282,7,2015,2024,eu_trend_wm_max_recent_v2
LGW,BUD,101192.77,1946.0149,7,2015,2024,eu_trend_wm_max_recent_v2
MXP,DUS,101183.06,1945.8281,7,2015,2024,eu_trend_wm_max_recent_v2
BTS,STN,101179.94,1945.7681,7,2015,2024,eu_trend_wm_max_recent_v2
ICN,HEL,101131.04,1944.8277,7,2015,2024,eu_trend_wm_max_recent_v2
MAN,SOU,101083.25,1943.9086,5,2015,2019,eu_trend_wm_max_recent_v2
VRN,FCO,101032.0,1942.9231,5,2015,2019,eu_trend_wm_max_recent_v2
SVO,ATH,101004.0,1942.3846,5,2015,2019,eu_trend_wm_max_recent_v2
BGY,CPH,100953.13,1941.4064,7,2015,2024,eu_trend_wm_max_recent_v2
OTP,DXB,100943.97,1941.2302,7,2015,2024,eu_trend_wm_max_recent_v2
ADD,CDG,100933.74,1941.0334,7,2015,2024,eu_trend_wm_max_recent_v2
BCN,FLR,100903.32,1940.4485,7,2015,2024,eu_trend_wm_max_recent_v2
DOH,OSL,100890.0,1940.1923,7,2015,2024,eu_trend_wm_max_recent_v2
BER,RIX,100867.29,1939.7556,6,2016,2024,eu_trend_wm_max_recent_v2
MUC,JFK,100867.29,1939.7556,7,2015,2024,eu_trend_wm_max_recent_v2
BRU,VLC,100858.98,1939.5957,7,2015,2024,eu_trend_wm_max_recent_v2
MUC,ZAG,100650.38,1935.5842,7,2015,2024,eu_trend_wm_max_recent_v2
FAO,LPL,100643.9,1935.4597,7,2015,2024,eu_trend_wm_max_recent_v2
ARN,NCE,100577.0,1934.1731,7,2015,2024,eu_trend_wm_max_recent_v2
VIE,DUB,100567.82,1933.9965,7,2015,2024,eu_trend_wm_max_recent_v2
MAD,ARN,100556.74,1933.7835,7,2015,2024,eu_trend_wm_max_recent_v2
MUC,FLR,100452.79,1931.7845,7,2015,2024,eu_trend_wm_max_recent_v2
BUD,BRU,100405.0,1930.8654,7,2015,2024,eu_trend_wm_max_recent_v2
CDG,LIM,100375.81,1930.304,7,2015,2024,eu_trend_wm_max_recent_v2
MAD,SAL,100374.9,1930.2865,3,2019,2024,eu_trend_wm_max_recent_v2
IST,NUE,100369.47,1930.182,3,2019,2024,eu_trend_wm_max_recent_v2
MAD,SDR,100360.1,1930.0019,7,2015,2024,eu_trend_wm_max_recent_v2
FLR,BCN,100218.75,1927.2837,7,2015,2024,eu_trend_wm_max_recent_v2
ARN,MAD,100212.37,1927.1609,7,2015,2024,eu_trend_wm_max_recent_v2
MAN,HAM,100140.0,1925.7692,6,2015,2024,eu_trend_wm_max_recent_v2
SEN,ALC,100102.0,1925.0385,5,2015,2019,eu_trend_wm_max_recent_v2
VIE,HEL,100091.26,1924.8319,7,2015,2024,eu_trend_wm_max_recent_v2
LGW,OAK,100070.16,1924.4262,2,2017,2018,eu_trend_wm_max_recent_v2
PRG,BGY,100020.13,1923.4639,7,2015,2024,eu_trend_wm_max_recent_v2
KUL,AMS,99994.68,1922.9746,7,2015,2024,eu_trend_wm_max_recent_v2
DUS,SKG,99980.4,1922.7,7,2015,2024,eu_trend_wm_max_recent_v2
LTN,RIX,99980.0,1922.6923,6,2015,2023,eu_trend_wm_max_recent_v2
BGY,PRG,99962.85,1922.3624,7,2015,2024,eu_trend_wm_max_recent_v2
FCO,BOS,99962.85,1922.3624,7,2015,2024,eu_trend_wm_max_recent_v2
VIE,INN,99913.77,1921.4187,7,2015,2024,eu_trend_wm_max_recent_v2
BOS,FCO,99853.83,1920.266,7,2015,2024,eu_trend_wm_max_recent_v2
GOT,BRU,99735.87,1917.9974,7,2015,2024,eu_trend_wm_max_recent_v2
DXB,OSL,99709.0,1917.4808,7,2015,2024,eu_trend_wm_max_recent_v2
PMI,BFS,99693.08,1917.1747,7,2015,2024,eu_trend_wm_max_recent_v2
VLC,BRU,99680.2,1916.927,7,2015,2024,eu_trend_wm_max_recent_v2
WAW,OSL,99669.06,1916.7128,7,2015,2024,eu_trend_wm_max_recent_v2
NUE,AMS,99654.71,1916.4368,7,2015,2024,eu_trend_wm_max_recent_v2
FLR,MUC,99645.79,1916.2651,7,2015,2024,eu_trend_wm_max_recent_v2
MXP,PMI,99639.5,1916.1442,7,2015,2024,eu_trend_wm_max_recent_v2
LYS,NCE,99626.62,1915.8966,7,2015,2024,eu_trend_wm_max_recent_v2
MIA,LIS,99583.15,1915.0605,2,2023,2024,eu_trend_wm_max_recent_v2
NCE,LYS,99555.88,1914.5361,7,2015,2024,eu_trend_wm_max_recent_v2
PMI,BRU,99454.0,1912.5769,7,2015,2024,eu_trend_wm_max_recent_v2
DUB,VIE,99440.19,1912.3113,7,2015,2024,eu_trend_wm_max_recent_v2
NRT,FCO,99409.72,1911.7254,5,2015,2019,eu_trend_wm_max_recent_v2
FCO,REG,99395.65,1911.4549,7,2015,2024,eu_trend_wm_max_recent_v2
KEF,HEL,99299.94,1909.6142,7,2015,2024,eu_trend_wm_max_recent_v2
HKG,MAN,99287.0,1909.3654,5,2015,2019,eu_trend_wm_max_recent_v2
MRS,FRA,99262.66,1908.8974,7,2015,2024,eu_trend_wm_max_recent_v2
CRL,MRS,99254.51,1908.7406,7,2015,2024,eu_trend_wm_max_recent_v2
LUZ,LTN,99254.26,1908.7357,7,2015,2024,eu_trend_wm_max_recent_v2
SLC,AMS,99168.34,1907.0835,6,2016,2024,eu_trend_wm_max_recent_v2
HEL,MXP,99071.77,1905.2263,7,2015,2024,eu_trend_wm_max_recent_v2
LTN,LUZ,99031.61,1904.454,7,2015,2024,eu_trend_wm_max_recent_v2
BOG,CDG,99003.9,1903.9211,7,2015,2024,eu_trend_wm_max_recent_v2
AMS,NUE,99001.0,1903.8654,7,2015,2024,eu_trend_wm_max_recent_v2
BFS,PMI,98978.26,1903.4281,7,2015,2024,eu_trend_wm_max_recent_v2
ZAG,MUC,98926.72,1902.437,7,2015,2024,eu_trend_wm_max_recent_v2
FRA,TRN,98918.38,1902.2766,7,2015,2024,eu_trend_wm_max_recent_v2
TRN,FRA,98912.01,1902.1541,7,2015,2024,eu_trend_wm_max_recent_v2
HEL,PVG,98815.56,1900.2992,7,2015,2024,eu_trend_wm_max_recent_v2
PEK,FCO,98669.0,1897.4808,7,2015,2024,eu_trend_wm_max_recent_v2
BRU,HAM,98655.0,1897.2115,7,2015,2024,eu_trend_wm_max_recent_v2
IST,LYS,98639.52,1896.9138,3,2019,2024,eu_trend_wm_max_recent_v2
ORD,WAW,98602.14,1896.195,7,2015,2024,eu_trend_wm_max_recent_v2
BCN,EWR,98546.69,1895.1286,7,2015,2024,eu_trend_wm_max_recent_v2
KRK,VIE,98500.4,1894.2384,7,2015,2024,eu_trend_wm_max_recent_v2
BRU,PMI,98473.0,1893.7115,7,2015,2024,eu_trend_wm_max_recent_v2
BEG,AMS,98467.14,1893.5989,7,2015,2024,eu_trend_wm_max_recent_v2
EZE,CDG,98443.0,1893.1346,7,2015,2024,eu_trend_wm_max_recent_v2
BRS,CDG,98385.84,1892.0354,7,2015,2024,eu_trend_wm_max_recent_v2
PMI,BRE,98371.43,1891.7584,7,2015,2024,eu_trend_wm_max_recent_v2
ORY,HER,98369.61,1891.7233,7,2015,2024,eu_trend_wm_max_recent_v2
GVA,BER,98353.17,1891.4072,7,2015,2024,eu_trend_wm_max_recent_v2
EAS,MAD,98349.0,1891.3269,7,2015,2024,eu_trend_wm_max_recent_v2
LAX,ARN,98290.15,1890.1951,4,2016,2019,eu_trend_wm_max_recent_v2
BVA,OTP,98288.84,1890.17,7,2015,2024,eu_trend_wm_max_recent_v2
BRU,GOT,98286.59,1890.1267,7,2015,2024,eu_trend_wm_max_recent_v2
MRS,CRL,98241.9,1889.2674,7,2015,2024,eu_trend_wm_max_recent_v2
EIN,LIS,98225.0,1888.9423,7,2015,2024,eu_trend_wm_max_recent_v2
IST,BHX,98208.46,1888.6243,3,2019,2024,eu_trend_wm_max_recent_v2
MUC,LYS,98148.45,1887.4703,7,2015,2024,eu_trend_wm_max_recent_v2
LOS,AMS,98114.9,1886.825,7,2015,2024,eu_trend_wm_max_recent_v2
SKG,VIE,98088.84,1886.3238,7,2015,2024,eu_trend_wm_max_recent_v2
PMI,PAD,98069.94,1885.9604,7,2015,2024,eu_trend_wm_max_recent_v2
OSL,WAW,97958.1,1883.8097,7,2015,2024,eu_trend_wm_max_recent_v2
NUE,IST,97954.79,1883.7459,3,2019,2024,eu_trend_wm_max_recent_v2
STN,NUE,97905.0,1882.7885,7,2015,2024,eu_trend_wm_max_recent_v2
SKG,BER,97876.0,1882.2308,7,2015,2024,eu_trend_wm_max_recent_v2
HAN,CDG,97825.0,1881.25,7,2015,2024,eu_trend_wm_max_recent_v2
MUC,BOS,97767.79,1880.1498,7,2015,2024,eu_trend_wm_max_recent_v2
BER,GVA,97764.31,1880.0828,7,2015,2024,eu_trend_wm_max_recent_v2
TFN,AGP,97746.54,1879.7412,7,2015,2024,eu_trend_wm_max_recent_v2
LTN,LCA,97742.85,1879.6701,7,2015,2024,eu_trend_wm_max_recent_v2
HAM,BRU,97721.1,1879.2519,7,2015,2024,eu_trend_wm_max_recent_v2
RIX,LED,97721.0,1879.25,5,2015,2019,eu_trend_wm_max_recent_v2
CDG,EZE,97713.0,1879.0962,7,2015,2024,eu_trend_wm_max_recent_v2
INN,VIE,97661.31,1878.1021,7,2015,2024,eu_trend_wm_max_recent_v2
LIS,EIN,97635.0,1877.5962,7,2015,2024,eu_trend_wm_max_recent_v2
VIE,SKG,97598.73,1876.8986,7,2015,2024,eu_trend_wm_max_recent_v2
RIX,LTN,97532.0,1875.6154,6,2015,2023,eu_trend_wm_max_recent_v2
MUC,STR,97523.0,1875.4423,7,2015,2024,eu_trend_wm_max_recent_v2
TGD,IST,97474.01,1874.5001,3,2019,2024,eu_trend_wm_max_recent_v2
HEL,BRU,97470.18,1874.4265,7,2015,2024,eu_trend_wm_max_recent_v2
EDI,GVA,97447.0,1873.9808,7,2015,2024,eu_trend_wm_max_recent_v2
JFK,MUC,97436.13,1873.7717,7,2015,2024,eu_trend_wm_max_recent_v2
NCE,MAD,97419.0,1873.4423,7,2015,2024,eu_trend_wm_max_recent_v2
OAK,LGW,97417.14,1873.4065,2,2017,2018,eu_trend_wm_max_recent_v2
EZE,LGW,97407.0,1873.2115,2,2018,2019,eu_trend_wm_max_recent_v2
IST,TGD,97373.31,1872.5636,3,2019,2024,eu_trend_wm_max_recent_v2
DUB,EMA,97361.53,1872.337,7,2015,2024,eu_trend_wm_max_recent_v2
IST,HEL,97345.59,1872.0306,3,2019,2024,eu_trend_wm_max_recent_v2
STR,ZRH,97340.0,1871.9231,7,2015,2024,eu_trend_wm_max_recent_v2
BRE,PMI,97338.79,1871.8999,7,2015,2024,eu_trend_wm_max_recent_v2
SCQ,ALC,97300.32,1871.1601,7,2015,2024,eu_trend_wm_max_recent_v2
STN,VLC,97271.87,1870.6128,7,2015,2024,eu_trend_wm_max_recent_v2
VLC,LIS,97145.0,1868.1731,7,2015,2024,eu_trend_wm_max_recent_v2
CFU,MAN,97143.27,1868.1398,7,2015,2024,eu_trend_wm_max_recent_v2
KEF,ARN,97138.0,1868.0385,7,2015,2024,eu_trend_wm_max_recent_v2
MAN,CFU,97136.8,1868.0155,7,2015,2024,eu_trend_wm_max_recent_v2
IST,ZAG,97129.41,1867.8733,3,2019,2024,eu_trend_wm_max_recent_v2
PAD,PMI,97063.2,1866.6,7,2015,2024,eu_trend_wm_max_recent_v2
FCO,MRS,96973.44,1864.8738,7,2015,2024,eu_trend_wm_max_recent_v2
FRA,LUX,96966.0,1864.7308,7,2015,2024,eu_trend_wm_max_recent_v2
IST,YYZ,96953.88,1864.4977,2,2023,2024,eu_trend_wm_max_recent_v2
BGY,PSR,96933.0,1864.0962,7,2015,2024,eu_trend_wm_max_recent_v2
AGP,TFN,96919.7,1863.8404,7,2015,2024,eu_trend_wm_max_recent_v2
MAN,HER,96906.12,1863.5792,7,2015,2024,eu_trend_wm_max_recent_v2
HEL,VIE,96848.56,1862.4724,7,2015,2024,eu_trend_wm_max_recent_v2
LED,RIX,96802.0,1861.5769,5,2015,2019,eu_trend_wm_max_recent_v2
AMS,NTE,96794.0,1861.4231,7,2015,2024,eu_trend_wm_max_recent_v2
ORK,AMS,96745.09,1860.4826,7,2015,2024,eu_trend_wm_max_recent_v2
CAG,BLQ,96723.84,1860.0739,7,2015,2024,eu_trend_wm_max_recent_v2
EDI,BCN,96715.75,1859.9182,7,2015,2024,eu_trend_wm_max_recent_v2
BRS,NCL,96710.0,1859.8077,5,2015,2019,eu_trend_wm_max_recent_v2
CDG,BRS,96677.65,1859.1856,7,2015,2024,eu_trend_wm_max_recent_v2
BCN,TRN,96664.38,1858.9304,7,2015,2024,eu_trend_wm_max_recent_v2
EWR,BCN,96633.39,1858.3345,7,2015,2024,eu_trend_wm_max_recent_v2
STN,HAM,96591.0,1857.5192,5,2017,2024,eu_trend_wm_max_recent_v2
TFN,BIO,96581.0,1857.3269,7,2015,2024,eu_trend_wm_max_recent_v2
DUS,MXP,96523.11,1856.2137,7,2015,2024,eu_trend_wm_max_recent_v2
CMN,LIS,96477.33,1855.3333,7,2015,2024,eu_trend_wm_max_recent_v2
STN,ARN,96469.79,1855.1882,2,2023,2024,eu_trend_wm_max_recent_v2
BCN,EDI,96416.05,1854.1549,7,2015,2024,eu_trend_wm_max_recent_v2
STN,NCE,96357.0,1853.0192,4,2017,2024,eu_trend_wm_max_recent_v2
LYS,IST,96340.77,1852.7072,3,2019,2024,eu_trend_wm_max_recent_v2
ARN,LAX,96336.46,1852.6243,4,2016,2019,eu_trend_wm_max_recent_v2
SIN,HEL,96317.11,1852.2521,7,2015,2024,eu_trend_wm_max_recent_v2
NTE,AMS,96306.0,1852.0385,7,2015,2024,eu_trend_wm_max_recent_v2
BIO,TFN,96295.0,1851.8269,7,2015,2024,eu_trend_wm_max_recent_v2
HER,ORY,96271.03,1851.366,7,2015,2024,eu_trend_wm_max_recent_v2
VIE,KRK,96165.97,1849.3456,7,2015,2024,eu_trend_wm_max_recent_v2
BER,SKG,96164.0,1849.3077,7,2015,2024,eu_trend_wm_max_recent_v2
FRA,MRS,96161.22,1849.2543,7,2015,2024,eu_trend_wm_max_recent_v2
MAN,HKG,96157.0,1849.1731,5,2015,2019,eu_trend_wm_max_recent_v2
PMI,DTM,96118.0,1848.4231,7,2015,2024,eu_trend_wm_max_recent_v2
SKG,STR,96116.79,1848.3998,7,2015,2024,eu_trend_wm_max_recent_v2
OTP,BVA,96109.49,1848.2594,7,2015,2024,eu_trend_wm_max_recent_v2
TRN,BCN,96108.07,1848.2321,7,2015,2024,eu_trend_wm_max_recent_v2
LCA,LTN,96103.02,1848.135,7,2015,2024,eu_trend_wm_max_recent_v2
MAD,NCE,96071.0,1847.5192,7,2015,2024,eu_trend_wm_max_recent_v2
SPU,ZAG,96060.0,1847.3077,7,2015,2024,eu_trend_wm_max_recent_v2
HAM,ARN,95928.0,1844.7692,7,2015,2024,eu_trend_wm_max_recent_v2
GVA,EDI,95906.0,1844.3462,7,2015,2024,eu_trend_wm_max_recent_v2
DTM,PMI,95855.0,1843.3654,7,2015,2024,eu_trend_wm_max_recent_v2
SVO,GVA,95847.0,1843.2115,5,2015,2019,eu_trend_wm_max_recent_v2
GVA,SVO,95829.0,1842.8654,5,2015,2019,eu_trend_wm_max_recent_v2
CUN,CDG,95771.94,1841.7681,7,2015,2024,eu_trend_wm_max_recent_v2
HER,MAN,95730.06,1840.9627,7,2015,2024,eu_trend_wm_max_recent_v2
ATH,DUS,95686.37,1840.1224,7,2015,2024,eu_trend_wm_max_recent_v2
VLC,STN,95673.43,1839.8737,7,2015,2024,eu_trend_wm_max_recent_v2
LIS,VLC,95670.0,1839.8077,7,2015,2024,eu_trend_wm_max_recent_v2
UIO,MAD,95660.5,1839.625,2,2023,2024,eu_trend_wm_max_recent_v2
ATH,YYZ,95653.11,1839.4828,7,2015,2024,eu_trend_wm_max_recent_v2
BEG,BCN,95649.41,1839.4118,2,2023,2024,eu_trend_wm_max_recent_v2
STR,SKG,95646.42,1839.3542,7,2015,2024,eu_trend_wm_max_recent_v2
LIN,SUF,95605.99,1838.5768,7,2015,2024,eu_trend_wm_max_recent_v2
ARN,HAM,95471.0,1835.9808,7,2015,2024,eu_trend_wm_max_recent_v2
AGH,ARN,95459.76,1835.7646,7,2015,2024,eu_trend_wm_max_recent_v2
AMS,ORK,95459.1,1835.7519,7,2015,2024,eu_trend_wm_max_recent_v2
BRU,TLS,95428.0,1835.1538,7,2015,2024,eu_trend_wm_max_recent_v2
DXB,EDI,95410.0,1834.8077,1,2019,2019,eu_trend_wm_max_recent_v2
DTM,MUC,95367.0,1833.9808,7,2015,2024,eu_trend_wm_max_recent_v2
LCY,GVA,95349.6,1833.6462,6,2015,2023,eu_trend_wm_max_recent_v2
ARN,KEF,95342.0,1833.5,7,2015,2024,eu_trend_wm_max_recent_v2
OSL,DXB,95285.0,1832.4038,7,2015,2024,eu_trend_wm_max_recent_v2
CDG,HAN,95213.94,1831.0373,7,2015,2024,eu_trend_wm_max_recent_v2
AUH,MAD,95189.34,1830.5642,6,2016,2024,eu_trend_wm_max_recent_v2
CGN,LHR,95174.0,1830.2692,7,2015,2024,eu_trend_wm_max_recent_v2
KTT,HEL,95156.02,1829.9235,7,2015,2024,eu_trend_wm_max_recent_v2
MAD,AUH,95096.95,1828.7876,6,2016,2024,eu_trend_wm_max_recent_v2
GLA,SOU,95071.14,1828.2912,5,2015,2019,eu_trend_wm_max_recent_v2
SCQ,AGP,95067.39,1828.219,7,2015,2024,eu_trend_wm_max_recent_v2
NUE,STN,95067.0,1828.2115,7,2015,2024,eu_trend_wm_max_recent_v2
HEL,KTT,95043.66,1827.7627,7,2015,2024,eu_trend_wm_max_recent_v2
HAM,STN,95019.0,1827.2885,5,2017,2024,eu_trend_wm_max_recent_v2
MAD,MDE,94973.16,1826.4069,5,2017,2024,eu_trend_wm_max_recent_v2
KIX,AMS,94933.44,1825.6431,6,2015,2024,eu_trend_wm_max_recent_v2
CTA,TSF,94929.0,1825.5577,5,2015,2019,eu_trend_wm_max_recent_v2
BOS,MUC,94925.12,1825.483,7,2015,2024,eu_trend_wm_max_recent_v2
SOU,GLA,94917.63,1825.339,5,2015,2019,eu_trend_wm_max_recent_v2
BLQ,CAG,94859.52,1824.2216,7,2015,2024,eu_trend_wm_max_recent_v2
MRS,FCO,94732.5,1821.7788,7,2015,2024,eu_trend_wm_max_recent_v2
CDG,CUN,94680.56,1820.78,7,2015,2024,eu_trend_wm_max_recent_v2
NCL,BRS,94632.0,1819.8462,5,2015,2019,eu_trend_wm_max_recent_v2
EIN,FCO,94589.76,1819.0339,2,2023,2024,eu_trend_wm_max_recent_v2
BOS,ZRH,94563.18,1818.5227,7,2015,2024,eu_trend_wm_max_recent_v2
AAR,CPH,94554.0,1818.3462,7,2015,2024,eu_trend_wm_max_recent_v2
HAJ,AMS,94526.04,1817.8085,7,2015,2024,eu_trend_wm_max_recent_v2
LHR,AUS,94507.0,1817.4423,5,2015,2019,eu_trend_wm_max_recent_v2
ALC,SCQ,94496.45,1817.2395,7,2015,2024,eu_trend_wm_max_recent_v2
TLL,WAW,94486.74,1817.0528,7,2015,2024,eu_trend_wm_max_recent_v2
LHR,CGN,94383.0,1815.0577,7,2015,2024,eu_trend_wm_max_recent_v2
MXP,HEL,94367.19,1814.7536,7,2015,2024,eu_trend_wm_max_recent_v2
GOT,AGP,94356.0,1814.5385,7,2015,2024,eu_trend_wm_max_recent_v2
ALF,OSL,94349.71,1814.4176,5,2015,2019,eu_trend_wm_max_recent_v2
ARN,AGH,94345.92,1814.3446,7,2015,2024,eu_trend_wm_max_recent_v2
CDG,ADD,94293.21,1813.3309,7,2015,2024,eu_trend_wm_max_recent_v2
AGP,SCQ,94262.72,1812.7446,7,2015,2024,eu_trend_wm_max_recent_v2
AMS,HAJ,94259.68,1812.6861,7,2015,2024,eu_trend_wm_max_recent_v2
NAP,LHR,94252.56,1812.5492,2,2023,2024,eu_trend_wm_max_recent_v2
BOM,AMS,94245.0,1812.4038,6,2016,2024,eu_trend_wm_max_recent_v2
BRE,STN,94199.0,1811.5192,7,2015,2024,eu_trend_wm_max_recent_v2
AMS,KUL,94180.68,1811.1669,7,2015,2024,eu_trend_wm_max_recent_v2
LNZ,FRA,94096.9,1809.5557,7,2015,2024,eu_trend_wm_max_recent_v2
CPH,AAR,94095.0,1809.5192,7,2015,2024,eu_trend_wm_max_recent_v2
KEF,IAD,94058.55,1808.8183,7,2015,2024,eu_trend_wm_max_recent_v2
CPH,HAM,94040.72,1808.4753,7,2015,2024,eu_trend_wm_max_recent_v2
STR,HAJ,94028.23,1808.2352,5,2015,2019,eu_trend_wm_max_recent_v2
ZRH,BOS,93980.0,1807.3077,7,2015,2024,eu_trend_wm_max_recent_v2
AGP,LHR,93856.23,1804.9275,4,2018,2024,eu_trend_wm_max_recent_v2
AUS,LHR,93842.0,1804.6538,5,2015,2019,eu_trend_wm_max_recent_v2
EIN,SOF,93805.42,1803.9503,7,2015,2024,eu_trend_wm_max_recent_v2
AGP,GOT,93747.0,1802.8269,7,2015,2024,eu_trend_wm_max_recent_v2
AMS,LOS,93720.27,1802.3129,7,2015,2024,eu_trend_wm_max_recent_v2
ZRH,FLR,93621.77,1800.4187,7,2015,2024,eu_trend_wm_max_recent_v2
MAN,KEF,93602.17,1800.0417,7,2015,2024,eu_trend_wm_max_recent_v2
BCN,BEG,93584.62,1799.7042,2,2023,2024,eu_trend_wm_max_recent_v2
RTM,AGP,93558.37,1799.1994,7,2015,2024,eu_trend_wm_max_recent_v2
CMN,BCN,93541.0,1798.8654,7,2015,2024,eu_trend_wm_max_recent_v2
KSU,OSL,93504.42,1798.1619,5,2015,2019,eu_trend_wm_max_recent_v2
BCN,AUH,93491.31,1797.9098,3,2019,2024,eu_trend_wm_max_recent_v2
DEL,MUC,93491.0,1797.9038,7,2015,2024,eu_trend_wm_max_recent_v2
LIS,BOD,93461.75,1797.3413,7,2015,2024,eu_trend_wm_max_recent_v2
LIS,IAD,93414.63,1796.4352,3,2019,2024,eu_trend_wm_max_recent_v2
BER,LTN,93360.6,1795.3962,7,2015,2024,eu_trend_wm_max_recent_v2
XRY,BCN,93358.0,1795.3462,7,2015,2024,eu_trend_wm_max_recent_v2
HAM,CPH,93336.0,1794.9231,7,2015,2024,eu_trend_wm_max_recent_v2
LHR,SAN,93319.72,1794.61,5,2015,2019,eu_trend_wm_max_recent_v2
EMA,DUB,93314.31,1794.506,7,2015,2024,eu_trend_wm_max_recent_v2
CDG,BOG,93302.84,1794.2855,7,2015,2024,eu_trend_wm_max_recent_v2
STR,MUC,93292.67,1794.0898,7,2015,2024,eu_trend_wm_max_recent_v2
BSL,NCE,93284.1,1793.925,7,2015,2024,eu_trend_wm_max_recent_v2
BOG,BCN,93257.0,1793.4038,7,2015,2024,eu_trend_wm_max_recent_v2
TSF,CTA,93255.0,1793.3654,5,2015,2019,eu_trend_wm_max_recent_v2
VIE,BLQ,93226.87,1792.8245,7,2015,2024,eu_trend_wm_max_recent_v2
BRU,CDG,93214.0,1792.5769,7,2015,2024,eu_trend_wm_max_recent_v2
STN,BRE,93145.0,1791.25,7,2015,2024,eu_trend_wm_max_recent_v2
SKG,LGW,93141.17,1791.1764,7,2015,2024,eu_trend_wm_max_recent_v2
HEL,PEK,93104.0,1790.4615,5,2015,2019,eu_trend_wm_max_recent_v2
TLS,BRU,93099.0,1790.3654,7,2015,2024,eu_trend_wm_max_recent_v2
OSL,KSU,93084.0,1790.0769,5,2015,2019,eu_trend_wm_max_recent_v2
GOT,LGW,93083.86,1790.0742,5,2015,2019,eu_trend_wm_max_recent_v2
MAN,MAD,93077.0,1789.9423,7,2015,2024,eu_trend_wm_max_recent_v2
LUX,LCY,93057.54,1789.568,7,2015,2024,eu_trend_wm_max_recent_v2
NCE,BSL,92991.0,1788.2885,7,2015,2024,eu_trend_wm_max_recent_v2
SOF,EIN,92987.81,1788.2272,7,2015,2024,eu_trend_wm_max_recent_v2
BCN,CMN,92951.0,1787.5192,7,2015,2024,eu_trend_wm_max_recent_v2
PVG,HEL,92924.37,1787.007,7,2015,2024,eu_trend_wm_max_recent_v2
FSC,ORY,92900.82,1786.5543,7,2015,2024,eu_trend_wm_max_recent_v2
NCE,STN,92895.0,1786.4423,4,2017,2024,eu_trend_wm_max_recent_v2
BVA,BGY,92842.77,1785.4379,7,2015,2024,eu_trend_wm_max_recent_v2
DUS,ATH,92768.86,1784.0166,7,2015,2024,eu_trend_wm_max_recent_v2
TRN,BRI,92759.13,1783.8294,7,2015,2024,eu_trend_wm_max_recent_v2
BVA,BCN,92738.4,1783.4308,7,2015,2024,eu_trend_wm_max_recent_v2
CPH,JFK,92694.95,1782.5953,7,2015,2024,eu_trend_wm_max_recent_v2
BCN,XRY,92679.0,1782.2885,7,2015,2024,eu_trend_wm_max_recent_v2
KEF,MAN,92673.71,1782.1867,7,2015,2024,eu_trend_wm_max_recent_v2
FRA,LNZ,92658.02,1781.8851,7,2015,2024,eu_trend_wm_max_recent_v2
MUC,DTM,92649.0,1781.7115,7,2015,2024,eu_trend_wm_max_recent_v2
MAD,MAN,92646.0,1781.6538,7,2015,2024,eu_trend_wm_max_recent_v2
BOD,LIS,92606.27,1780.8897,7,2015,2024,eu_trend_wm_max_recent_v2
BRI,TRN,92554.32,1779.8907,7,2015,2024,eu_trend_wm_max_recent_v2
BGY,IAS,92553.61,1779.877,7,2015,2024,eu_trend_wm_max_recent_v2
ARN,STN,92550.83,1779.8237,2,2023,2024,eu_trend_wm_max_recent_v2
RIX,VIE,92545.29,1779.7171,7,2015,2024,eu_trend_wm_max_recent_v2
AMS,KIX,92493.64,1778.7239,6,2015,2024,eu_trend_wm_max_recent_v2
IST,TPE,92458.45,1778.0471,2,2023,2024,eu_trend_wm_max_recent_v2
MAD,ORD,92421.18,1777.3304,7,2015,2024,eu_trend_wm_max_recent_v2
AUH,BCN,92397.48,1776.8745,3,2019,2024,eu_trend_wm_max_recent_v2
SOF,LHR,92384.46,1776.6242,7,2015,2024,eu_trend_wm_max_recent_v2
BCN,BVA,92338.56,1775.7415,7,2015,2024,eu_trend_wm_max_recent_v2
RTM,LCY,92324.0,1775.4615,7,2015,2024,eu_trend_wm_max_recent_v2
SUF,LIN,92307.86,1775.1512,7,2015,2024,eu_trend_wm_max_recent_v2
MUC,DEL,92279.0,1774.5962,7,2015,2024,eu_trend_wm_max_recent_v2
AGP,RTM,92213.36,1773.3338,7,2015,2024,eu_trend_wm_max_recent_v2
HAJ,STR,92184.64,1772.7816,5,2015,2019,eu_trend_wm_max_recent_v2
MLE,IST,92169.29,1772.4863,2,2023,2024,eu_trend_wm_max_recent_v2
SGN,CDG,92149.86,1772.1127,7,2015,2024,eu_trend_wm_max_recent_v2
MAD,UIO,92033.48,1769.8746,2,2023,2024,eu_trend_wm_max_recent_v2
FCO,EIN,92022.4,1769.6614,2,2023,2024,eu_trend_wm_max_recent_v2
TFS,MUC,92020.81,1769.6309,7,2015,2024,eu_trend_wm_max_recent_v2
AMS,BEG,91923.54,1767.7605,7,2015,2024,eu_trend_wm_max_recent_v2
DOH,EDI,91883.0,1766.9808,5,2015,2019,eu_trend_wm_max_recent_v2
MAD,SOF,91864.0,1766.6154,7,2015,2024,eu_trend_wm_max_recent_v2
WAW,TLL,91843.17,1766.2148,7,2015,2024,eu_trend_wm_max_recent_v2
AUH,MXP,91831.16,1765.9838,7,2015,2024,eu_trend_wm_max_recent_v2
BRU,ORD,91825.62,1765.8772,7,2015,2024,eu_trend_wm_max_recent_v2
VCE,LIS,91803.97,1765.4609,7,2015,2024,eu_trend_wm_max_recent_v2
GVA,PMI,91785.0,1765.0962,7,2015,2024,eu_trend_wm_max_recent_v2
ORY,JFK,91750.0,1764.4231,4,2016,2019,eu_trend_wm_max_recent_v2
TPE,IST,91613.13,1761.791,2,2023,2024,eu_trend_wm_max_recent_v2
LGW,PUJ,91591.0,1761.3654,5,2015,2019,eu_trend_wm_max_recent_v2
RMU,LGW,91571.0,1760.9808,3,2019,2024,eu_trend_wm_max_recent_v2
IAD,KEF,91545.69,1760.4941,7,2015,2024,eu_trend_wm_max_recent_v2
BEG,CDG,91506.89,1759.7479,7,2015,2024,eu_trend_wm_max_recent_v2
NUE,HAM,91447.0,1758.5961,5,2015,2019,eu_trend_wm_max_recent_v2
BGY,BVA,91439.87,1758.4589,7,2015,2024,eu_trend_wm_max_recent_v2
LGW,SKG,91431.13,1758.291,7,2015,2024,eu_trend_wm_max_recent_v2
NCE,SVO,91362.0,1756.9615,5,2015,2019,eu_trend_wm_max_recent_v2
VIE,RIX,91327.66,1756.3012,7,2015,2024,eu_trend_wm_max_recent_v2
AMS,ZAG,91295.33,1755.6794,7,2015,2024,eu_trend_wm_max_recent_v2
MAN,ATL,91267.0,1755.1346,5,2015,2019,eu_trend_wm_max_recent_v2
OPO,BGY,91237.0,1754.5577,7,2015,2024,eu_trend_wm_max_recent_v2
MXP,TFS,91233.43,1754.4891,7,2015,2024,eu_trend_wm_max_recent_v2
ZAG,AMS,91203.87,1753.9205,7,2015,2024,eu_trend_wm_max_recent_v2
TRN,MUC,91180.86,1753.4781,7,2015,2024,eu_trend_wm_max_recent_v2
BER,MXP,91149.28,1752.8707,7,2015,2024,eu_trend_wm_max_recent_v2
MUC,TRN,91137.0,1752.6346,7,2015,2024,eu_trend_wm_max_recent_v2
JFK,ORY,91079.0,1751.5192,4,2016,2019,eu_trend_wm_max_recent_v2
HEL,JFK,91065.0,1751.25,7,2015,2024,eu_trend_wm_max_recent_v2
HEL,SIN,91032.92,1750.6331,7,2015,2024,eu_trend_wm_max_recent_v2
DUB,NCE,90928.88,1748.6323,7,2015,2024,eu_trend_wm_max_recent_v2
TFS,MXP,90923.94,1748.5374,7,2015,2024,eu_trend_wm_max_recent_v2
SOF,MAD,90919.0,1748.4423,7,2015,2024,eu_trend_wm_max_recent_v2
NCE,DUB,90861.6,1747.3385,7,2015,2024,eu_trend_wm_max_recent_v2
LTN,SCV,90861.12,1747.3293,5,2017,2024,eu_trend_wm_max_recent_v2
BGY,OPO,90858.0,1747.2692,7,2015,2024,eu_trend_wm_max_recent_v2
LIS,CMN,90848.77,1747.0917,7,2015,2024,eu_trend_wm_max_recent_v2
PUJ,LGW,90806.0,1746.2692,5,2015,2019,eu_trend_wm_max_recent_v2
STN,MRS,90789.06,1745.9435,7,2015,2024,eu_trend_wm_max_recent_v2
GVA,AGP,90777.78,1745.7265,7,2015,2024,eu_trend_wm_max_recent_v2
ORY,FSC,90681.77,1743.8802,7,2015,2024,eu_trend_wm_max_recent_v2
AGP,GVA,90673.0,1743.7115,7,2015,2024,eu_trend_wm_max_recent_v2
RIX,AMS,90628.31,1742.8522,7,2015,2024,eu_trend_wm_max_recent_v2
ZAG,IST,90613.53,1742.5679,3,2019,2024,eu_trend_wm_max_recent_v2
LIS,VCE,90607.5,1742.4519,7,2015,2024,eu_trend_wm_max_recent_v2
MXP,HKG,90590.28,1742.1208,7,2015,2024,eu_trend_wm_max_recent_v2
BIO,ALC,90581.0,1741.9423,7,2015,2024,eu_trend_wm_max_recent_v2
HEL,IST,90549.79,1741.342,3,2019,2024,eu_trend_wm_max_recent_v2
IST,ADD,90547.94,1741.3065,2,2023,2024,eu_trend_wm_max_recent_v2
BRU,HER,90541.47,1741.1821,7,2015,2024,eu_trend_wm_max_recent_v2
ORY,DUB,90540.47,1741.163,6,2016,2024,eu_trend_wm_max_recent_v2
CDG,TRN,90532.49,1741.0094,7,2015,2024,eu_trend_wm_max_recent_v2
MUC,OPO,90504.52,1740.4715,6,2016,2024,eu_trend_wm_max_recent_v2
HAM,NUE,90477.35,1739.949,5,2015,2019,eu_trend_wm_max_recent_v2
FCO,OSL,90473.0,1739.8654,7,2015,2024,eu_trend_wm_max_recent_v2
SVO,NCE,90466.0,1739.7308,5,2015,2019,eu_trend_wm_max_recent_v2
MIA,BCN,90462.0,1739.6538,7,2015,2024,eu_trend_wm_max_recent_v2
EWR,MXP,90454.63,1739.5121,7,2015,2024,eu_trend_wm_max_recent_v2
PMI,OSL,90421.0,1738.8654,7,2015,2024,eu_trend_wm_max_recent_v2
EIN,KRK,90416.75,1738.7837,7,2015,2024,eu_trend_wm_max_recent_v2
BGY,KRK,90411.21,1738.6771,7,2015,2024,eu_trend_wm_max_recent_v2
TRN,LGW,90399.2,1738.4461,7,2015,2024,eu_trend_wm_max_recent_v2
MXP,BER,90379.9,1738.075,7,2015,2024,eu_trend_wm_max_recent_v2
LTN,BER,90376.0,1738.0,7,2015,2024,eu_trend_wm_max_recent_v2
LHR,AGP,90361.32,1737.7177,4,2018,2024,eu_trend_wm_max_recent_v2
OPO,MUC,90335.45,1737.2203,6,2016,2024,eu_trend_wm_max_recent_v2
FRA,CPT,90308.0,1736.6923,5,2017,2024,eu_trend_wm_max_recent_v2
FCO,IAD,90296.65,1736.4741,7,2015,2024,eu_trend_wm_max_recent_v2
DZA,RUN,90264.23,1735.8505,7,2015,2024,eu_trend_wm_max_recent_v2
OSL,BLL,90221.0,1735.0192,7,2015,2024,eu_trend_wm_max_recent_v2
IAD,LIS,90207.04,1734.7507,3,2019,2024,eu_trend_wm_max_recent_v2
BRI,BLQ,90168.22,1734.0042,7,2015,2024,eu_trend_wm_max_recent_v2
FCO,IBZ,90155.0,1733.75,7,2015,2024,eu_trend_wm_max_recent_v2
GLA,BER,90131.58,1733.2996,5,2015,2019,eu_trend_wm_max_recent_v2
LGW,EZE,90124.0,1733.1538,2,2018,2019,eu_trend_wm_max_recent_v2
ALC,BIO,90095.0,1732.5962,7,2015,2024,eu_trend_wm_max_recent_v2
MRS,STN,90086.94,1732.4411,7,2015,2024,eu_trend_wm_max_recent_v2
BIO,VLC,90083.24,1732.3701,7,2015,2024,eu_trend_wm_max_recent_v2
BLQ,CMN,90016.73,1731.0909,7,2015,2024,eu_trend_wm_max_recent_v2
MUC,TFS,90011.81,1730.9964,7,2015,2024,eu_trend_wm_max_recent_v2
CDG,STR,89987.46,1730.5281,7,2015,2024,eu_trend_wm_max_recent_v2
IBZ,FCO,89977.0,1730.3269,7,2015,2024,eu_trend_wm_max_recent_v2
DUB,ORY,89936.35,1729.5452,6,2016,2024,eu_trend_wm_max_recent_v2
PSA,CAG,89919.12,1729.2138,7,2015,2024,eu_trend_wm_max_recent_v2
YYZ,ATH,89914.18,1729.1188,7,2015,2024,eu_trend_wm_max_recent_v2
ADD,IST,89903.09,1728.9056,2,2023,2024,eu_trend_wm_max_recent_v2
HKG,MXP,89898.72,1728.8215,7,2015,2024,eu_trend_wm_max_recent_v2
OSL,PMI,89882.0,1728.5,7,2015,2024,eu_trend_wm_max_recent_v2
IAS,BGY,89805.17,1727.0224,7,2015,2024,eu_trend_wm_max_recent_v2
BCN,MIA,89764.0,1726.2308,7,2015,2024,eu_trend_wm_max_recent_v2
CMN,FCO,89706.41,1725.1233,7,2015,2024,eu_trend_wm_max_recent_v2
LGW,RMU,89665.0,1724.3269,3,2019,2024,eu_trend_wm_max_recent_v2
SCV,LTN,89618.55,1723.4336,5,2017,2024,eu_trend_wm_max_recent_v2
JFK,CPH,89600.07,1723.0783,7,2015,2024,eu_trend_wm_max_recent_v2
SUF,BLQ,89600.0,1723.0769,7,2015,2024,eu_trend_wm_max_recent_v2
KRK,EIN,89544.64,1722.0123,7,2015,2024,eu_trend_wm_max_recent_v2
DOH,BRU,89543.0,1721.9808,6,2016,2024,eu_trend_wm_max_recent_v2
HER,ZRH,89519.7,1721.5327,7,2015,2024,eu_trend_wm_max_recent_v2
MXP,EWR,89510.46,1721.355,7,2015,2024,eu_trend_wm_max_recent_v2
DXB,BLQ,89501.45,1721.1817,6,2016,2024,eu_trend_wm_max_recent_v2
DUB,KRK,89499.0,1721.1346,7,2015,2024,eu_trend_wm_max_recent_v2
AGP,MUC,89495.0,1721.0577,7,2015,2024,eu_trend_wm_max_recent_v2
PMI,GVA,89495.0,1721.0577,7,2015,2024,eu_trend_wm_max_recent_v2
IST,MLE,89410.68,1719.4362,2,2023,2024,eu_trend_wm_max_recent_v2
SVO,ZRH,89408.0,1719.3846,5,2015,2019,eu_trend_wm_max_recent_v2
SZZ,WAW,89390.0,1719.0385,7,2015,2024,eu_trend_wm_max_recent_v2
BOM,MUC,89330.31,1717.8906,7,2015,2024,eu_trend_wm_max_recent_v2
BLQ,BRI,89313.68,1717.5708,7,2015,2024,eu_trend_wm_max_recent_v2
LHR,NAP,89311.83,1717.5352,2,2023,2024,eu_trend_wm_max_recent_v2
EZE,BCN,89309.16,1717.4838,7,2015,2024,eu_trend_wm_max_recent_v2
TSR,BGY,89305.86,1717.4203,7,2015,2024,eu_trend_wm_max_recent_v2
MRS,IST,89295.2,1717.2155,3,2019,2024,eu_trend_wm_max_recent_v2
CAG,CIA,89285.97,1717.0378,7,2015,2024,eu_trend_wm_max_recent_v2
AGP,LIS,89253.43,1716.4121,5,2017,2024,eu_trend_wm_max_recent_v2
LGW,TRN,89245.51,1716.2598,7,2015,2024,eu_trend_wm_max_recent_v2
TSF,BCN,89212.98,1715.6342,3,2015,2017,eu_trend_wm_max_recent_v2
VLC,BIO,89208.36,1715.5454,7,2015,2024,eu_trend_wm_max_recent_v2
BLQ,VIE,89184.0,1715.0769,7,2015,2024,eu_trend_wm_max_recent_v2
MAD,EDI,89184.0,1715.0769,7,2015,2024,eu_trend_wm_max_recent_v2
CPT,FRA,89178.0,1714.9615,5,2017,2024,eu_trend_wm_max_recent_v2
CMN,BRU,89164.94,1714.7104,7,2015,2024,eu_trend_wm_max_recent_v2
AMS,SOU,89164.0,1714.6923,7,2015,2024,eu_trend_wm_max_recent_v2
MUC,AGP,89105.0,1713.5577,7,2015,2024,eu_trend_wm_max_recent_v2
ORD,MAD,89067.42,1712.835,7,2015,2024,eu_trend_wm_max_recent_v2
HER,BRU,89043.92,1712.383,7,2015,2024,eu_trend_wm_max_recent_v2
DUS,LIN,89037.43,1712.2583,6,2015,2024,eu_trend_wm_max_recent_v2
TOS,ALF,89034.0,1712.1923,5,2015,2019,eu_trend_wm_max_recent_v2
BUD,LIS,89033.34,1712.1796,6,2015,2024,eu_trend_wm_max_recent_v2
CDG,SGN,89006.22,1711.6581,7,2015,2024,eu_trend_wm_max_recent_v2
NTE,OPO,89005.0,1711.6346,7,2015,2024,eu_trend_wm_max_recent_v2
JFK,GVA,88982.62,1711.2042,7,2015,2024,eu_trend_wm_max_recent_v2
BRU,CMN,88982.02,1711.1927,7,2015,2024,eu_trend_wm_max_recent_v2
FAO,NCL,88980.72,1711.1677,7,2015,2024,eu_trend_wm_max_recent_v2
LCA,BEG,88976.28,1711.0823,7,2015,2024,eu_trend_wm_max_recent_v2
SOU,AMS,88945.0,1710.4808,7,2015,2024,eu_trend_wm_max_recent_v2
IOM,LGW,88943.0,1710.4423,5,2015,2019,eu_trend_wm_max_recent_v2
KRK,DUB,88936.0,1710.3077,7,2015,2024,eu_trend_wm_max_recent_v2
CAG,PSA,88925.64,1710.1085,7,2015,2024,eu_trend_wm_max_recent_v2
LIS,BUD,88916.5,1709.9327,6,2015,2024,eu_trend_wm_max_recent_v2
DUS,HEL,88912.38,1709.8535,7,2015,2024,eu_trend_wm_max_recent_v2
GRU,ZRH,88910.98,1709.8265,7,2015,2024,eu_trend_wm_max_recent_v2
PFO,SKG,88903.76,1709.6877,7,2015,2024,eu_trend_wm_max_recent_v2
BER,VCE,88889.94,1709.4219,6,2015,2024,eu_trend_wm_max_recent_v2
NCL,FAO,88875.66,1709.1473,7,2015,2024,eu_trend_wm_max_recent_v2
PUF,CDG,88854.0,1708.7308,7,2015,2024,eu_trend_wm_max_recent_v2
ZRH,SVO,88817.0,1708.0192,5,2015,2019,eu_trend_wm_max_recent_v2
CIA,CAG,88752.91,1706.7867,7,2015,2024,eu_trend_wm_max_recent_v2
BER,GLA,88743.52,1706.6061,5,2015,2019,eu_trend_wm_max_recent_v2
CRL,WMI,88714.0,1706.0385,7,2015,2024,eu_trend_wm_max_recent_v2
OSL,FCO,88691.0,1705.5962,7,2015,2024,eu_trend_wm_max_recent_v2
HAM,DUB,88663.8,1705.0731,7,2015,2024,eu_trend_wm_max_recent_v2
LCY,LUX,88660.81,1705.0155,7,2015,2024,eu_trend_wm_max_recent_v2
SVQ,LIS,88581.99,1703.4999,7,2015,2024,eu_trend_wm_max_recent_v2
EDI,DXB,88559.0,1703.0577,1,2019,2019,eu_trend_wm_max_recent_v2
BCN,TSF,88527.8,1702.4576,3,2015,2017,eu_trend_wm_max_recent_v2
EZE,LHR,88487.04,1701.6738,5,2015,2019,eu_trend_wm_max_recent_v2
BLQ,DXB,88470.0,1701.3462,6,2016,2024,eu_trend_wm_max_recent_v2
BHX,IST,88404.62,1700.0888,3,2019,2024,eu_trend_wm_max_recent_v2
LUX,AMS,88380.59,1699.6267,7,2015,2024,eu_trend_wm_max_recent_v2
ORD,BRU,88375.78,1699.5342,7,2015,2024,eu_trend_wm_max_recent_v2
EDI,AGP,88374.84,1699.5162,7,2015,2024,eu_trend_wm_max_recent_v2
CDG,PUF,88363.0,1699.2885,7,2015,2024,eu_trend_wm_max_recent_v2
HEL,MAD,88341.62,1698.8773,7,2015,2024,eu_trend_wm_max_recent_v2
SAN,LHR,88319.56,1698.453,5,2015,2019,eu_trend_wm_max_recent_v2
IST,DFW,88293.76,1697.9568,2,2023,2024,eu_trend_wm_max_recent_v2
TRN,CDG,88270.66,1697.5126,7,2015,2024,eu_trend_wm_max_recent_v2
LGW,IOM,88259.0,1697.2885,5,2015,2019,eu_trend_wm_max_recent_v2
BON,AMS,88239.92,1696.9215,7,2015,2024,eu_trend_wm_max_recent_v2
KRK,BGY,88172.73,1695.6294,7,2015,2024,eu_trend_wm_max_recent_v2
DUB,HAM,88152.06,1695.232,7,2015,2024,eu_trend_wm_max_recent_v2
SOU,JER,88140.75,1695.0145,5,2015,2019,eu_trend_wm_max_recent_v2
BCN,SOF,88134.0,1694.8846,7,2015,2024,eu_trend_wm_max_recent_v2
SKG,PFO,88115.28,1694.5247,7,2015,2024,eu_trend_wm_max_recent_v2
CMN,BLQ,88113.61,1694.4924,7,2015,2024,eu_trend_wm_max_recent_v2
VCE,BRI,88096.81,1694.1695,7,2015,2024,eu_trend_wm_max_recent_v2
LHR,EZE,88038.24,1693.0431,5,2015,2019,eu_trend_wm_max_recent_v2
MAN,BUD,88033.41,1692.9502,7,2015,2024,eu_trend_wm_max_recent_v2
AMS,RIX,88028.61,1692.8579,7,2015,2024,eu_trend_wm_max_recent_v2
GOT,ALC,88025.84,1692.8046,7,2015,2024,eu_trend_wm_max_recent_v2
BHX,LPA,88025.0,1692.7885,7,2015,2024,eu_trend_wm_max_recent_v2
MXP,AUH,87991.66,1692.1473,7,2015,2024,eu_trend_wm_max_recent_v2
OPO,NTE,87991.0,1692.1346,7,2015,2024,eu_trend_wm_max_recent_v2
BRI,VCE,87979.07,1691.9052,7,2015,2024,eu_trend_wm_max_recent_v2
IST,MRS,87959.32,1691.5254,3,2019,2024,eu_trend_wm_max_recent_v2
BCN,YYZ,87921.1,1690.7904,7,2015,2024,eu_trend_wm_max_recent_v2
CFE,CDG,87906.23,1690.5043,7,2015,2024,eu_trend_wm_max_recent_v2
HER,CDG,87884.0,1690.0769,7,2015,2024,eu_trend_wm_max_recent_v2
SOF,BCN,87861.4,1689.6422,7,2015,2024,eu_trend_wm_max_recent_v2
JER,SOU,87858.85,1689.5933,5,2015,2019,eu_trend_wm_max_recent_v2
ATH,YUL,87851.23,1689.4468,5,2017,2024,eu_trend_wm_max_recent_v2
WAW,SZZ,87847.0,1689.3654,7,2015,2024,eu_trend_wm_max_recent_v2
DUB,LPA,87845.69,1689.3402,7,2015,2024,eu_trend_wm_max_recent_v2
VLC,BLQ,87828.0,1689.0,7,2015,2024,eu_trend_wm_max_recent_v2
ZAG,VIE,87794.46,1688.355,7,2015,2024,eu_trend_wm_max_recent_v2
ZRH,LTN,87786.0,1688.1923,5,2015,2019,eu_trend_wm_max_recent_v2
LPA,DUB,87766.24,1687.8123,7,2015,2024,eu_trend_wm_max_recent_v2
ZAG,SPU,87761.43,1687.7199,7,2015,2024,eu_trend_wm_max_recent_v2
AGP,EDI,87740.4,1687.3154,7,2015,2024,eu_trend_wm_max_recent_v2
LED,FCO,87686.0,1686.2692,5,2015,2019,eu_trend_wm_max_recent_v2
NCE,IST,87664.62,1685.858,3,2019,2024,eu_trend_wm_max_recent_v2
BCN,BOG,87602.0,1684.6538,7,2015,2024,eu_trend_wm_max_recent_v2
LGW,GOT,87597.41,1684.5657,5,2015,2019,eu_trend_wm_max_recent_v2
EIN,IBZ,87549.14,1683.6372,7,2015,2024,eu_trend_wm_max_recent_v2
LIS,STR,87549.0,1683.6346,5,2017,2024,eu_trend_wm_max_recent_v2
LGW,HAM,87494.58,1682.5881,7,2015,2024,eu_trend_wm_max_recent_v2
MAA,FRA,87452.9,1681.7866,7,2015,2024,eu_trend_wm_max_recent_v2
BLQ,VLC,87407.0,1680.9038,7,2015,2024,eu_trend_wm_max_recent_v2
MXP,LTN,87404.0,1680.8462,6,2015,2023,eu_trend_wm_max_recent_v2
IAD,FCO,87391.16,1680.5992,7,2015,2024,eu_trend_wm_max_recent_v2
GVA,JFK,87366.79,1680.1307,7,2015,2024,eu_trend_wm_max_recent_v2
ZRH,GRU,87331.71,1679.4559,7,2015,2024,eu_trend_wm_max_recent_v2
BLL,OSL,87331.0,1679.4423,7,2015,2024,eu_trend_wm_max_recent_v2
VCE,DUS,87240.78,1677.7074,5,2015,2019,eu_trend_wm_max_recent_v2
AMS,LUX,87212.57,1677.1648,7,2015,2024,eu_trend_wm_max_recent_v2
RUN,DZA,87208.29,1677.0825,7,2015,2024,eu_trend_wm_max_recent_v2
STR,LIS,87200.0,1676.9231,5,2017,2024,eu_trend_wm_max_recent_v2
HEL,IVL,87194.88,1676.8247,7,2015,2024,eu_trend_wm_max_recent_v2
JFK,HEL,87189.6,1676.7231,7,2015,2024,eu_trend_wm_max_recent_v2
BIO,LHR,87186.66,1676.6666,4,2015,2018,eu_trend_wm_max_recent_v2
LTN,ZRH,87184.0,1676.6154,5,2015,2019,eu_trend_wm_max_recent_v2
ZRH,HER,87021.62,1673.4927,7,2015,2024,eu_trend_wm_max_recent_v2
EDI,MAD,86958.0,1672.2692,7,2015,2024,eu_trend_wm_max_recent_v2
BGY,TSR,86887.0,1670.9038,7,2015,2024,eu_trend_wm_max_recent_v2
WMI,CRL,86885.64,1670.8777,7,2015,2024,eu_trend_wm_max_recent_v2
LPA,BHX,86856.0,1670.3077,7,2015,2024,eu_trend_wm_max_recent_v2
EWR,KEF,86855.0,1670.2885,7,2015,2024,eu_trend_wm_max_recent_v2
RTM,ALC,86846.09,1670.1171,7,2015,2024,eu_trend_wm_max_recent_v2
MAD,NTE,86832.23,1669.8506,7,2015,2024,eu_trend_wm_max_recent_v2
PTY,CDG,86781.6,1668.8769,7,2015,2024,eu_trend_wm_max_recent_v2
KEF,EWR,86768.0,1668.6154,7,2015,2024,eu_trend_wm_max_recent_v2
BSL,FRA,86717.34,1667.6412,7,2015,2024,eu_trend_wm_max_recent_v2
CDG,CFE,86703.0,1667.3654,7,2015,2024,eu_trend_wm_max_recent_v2
VCE,BER,86673.48,1666.7977,6,2015,2024,eu_trend_wm_max_recent_v2
IOM,MAN,86551.0,1664.4423,5,2015,2019,eu_trend_wm_max_recent_v2
LHR,CAN,86542.0,1664.2692,5,2015,2019,eu_trend_wm_max_recent_v2
FCO,CMN,86526.95,1663.9797,7,2015,2024,eu_trend_wm_max_recent_v2
STN,KTW,86499.65,1663.4548,7,2015,2024,eu_trend_wm_max_recent_v2
BUD,MAN,86474.65,1662.974,7,2015,2024,eu_trend_wm_max_recent_v2
ALC,GOT,86467.31,1662.8329,7,2015,2024,eu_trend_wm_max_recent_v2
NTE,MAD,86436.83,1662.2466,7,2015,2024,eu_trend_wm_max_recent_v2
IST,NCE,86395.25,1661.4472,3,2019,2024,eu_trend_wm_max_recent_v2
LCY,RTM,86355.24,1660.6777,7,2015,2024,eu_trend_wm_max_recent_v2
IBZ,EIN,86351.83,1660.6122,7,2015,2024,eu_trend_wm_max_recent_v2
BRE,AMS,86337.59,1660.3383,7,2015,2024,eu_trend_wm_max_recent_v2
SDL,ARN,86336.95,1660.326,5,2015,2019,eu_trend_wm_max_recent_v2
OTP,BER,86327.0,1660.1346,6,2016,2024,eu_trend_wm_max_recent_v2
TFS,LPA,86323.19,1660.0614,4,2018,2024,eu_trend_wm_max_recent_v2
WAW,POZ,86298.06,1659.5781,7,2015,2024,eu_trend_wm_max_recent_v2
BLQ,SUF,86291.78,1659.4573,7,2015,2024,eu_trend_wm_max_recent_v2
STR,CDG,86286.9,1659.3635,7,2015,2024,eu_trend_wm_max_recent_v2
OSL,ALF,86285.57,1659.338,5,2015,2019,eu_trend_wm_max_recent_v2
HKG,IST,86214.18,1657.965,2,2023,2024,eu_trend_wm_max_recent_v2
GUA,MAD,86208.36,1657.8532,7,2015,2024,eu_trend_wm_max_recent_v2
CDG,HER,86176.0,1657.2308,7,2015,2024,eu_trend_wm_max_recent_v2
VCE,DUB,86132.28,1656.3901,6,2015,2024,eu_trend_wm_max_recent_v2
BOD,BCN,86119.11,1656.1367,7,2015,2024,eu_trend_wm_max_recent_v2
ALC,RTM,86068.0,1655.1538,7,2015,2024,eu_trend_wm_max_recent_v2
MUC,TSR,85999.26,1653.8319,7,2015,2024,eu_trend_wm_max_recent_v2
TSR,MUC,85997.22,1653.7927,7,2015,2024,eu_trend_wm_max_recent_v2
POZ,WAW,85991.14,1653.6758,7,2015,2024,eu_trend_wm_max_recent_v2
MAN,IOM,85925.0,1652.4038,5,2015,2019,eu_trend_wm_max_recent_v2
VIE,MLA,85880.67,1651.5514,7,2015,2024,eu_trend_wm_max_recent_v2
AMS,BOM,85871.0,1651.3654,6,2016,2024,eu_trend_wm_max_recent_v2
AUH,BRU,85804.0,1650.0769,7,2015,2024,eu_trend_wm_max_recent_v2
DXB,LYS,85757.0,1649.1731,7,2015,2024,eu_trend_wm_max_recent_v2
BRU,BMA,85756.77,1649.1687,6,2015,2023,eu_trend_wm_max_recent_v2
CHQ,HEL,85733.78,1648.7265,7,2015,2024,eu_trend_wm_max_recent_v2
MAN,CIA,85705.14,1648.1758,7,2015,2024,eu_trend_wm_max_recent_v2
DUB,VCE,85693.91,1647.9598,6,2015,2024,eu_trend_wm_max_recent_v2
BRU,DOH,85682.04,1647.7316,6,2016,2024,eu_trend_wm_max_recent_v2
MLA,VIE,85665.41,1647.4118,7,2015,2024,eu_trend_wm_max_recent_v2
ARN,MAN,85663.0,1647.3654,7,2015,2024,eu_trend_wm_max_recent_v2
VCE,SVO,85612.81,1646.4001,5,2015,2019,eu_trend_wm_max_recent_v2
KTW,STN,85528.69,1644.7824,7,2015,2024,eu_trend_wm_max_recent_v2
CIA,MAN,85508.36,1644.3916,7,2015,2024,eu_trend_wm_max_recent_v2
SVO,VCE,85505.65,1644.3393,5,2015,2019,eu_trend_wm_max_recent_v2
HEL,DUS,85494.82,1644.1312,7,2015,2024,eu_trend_wm_max_recent_v2
LGW,HKG,85491.0,1644.0577,3,2017,2019,eu_trend_wm_max_recent_v2
VLL,BCN,85478.22,1643.812,7,2015,2024,eu_trend_wm_max_recent_v2
FCO,DFW,85440.0,1643.0769,4,2018,2024,eu_trend_wm_max_recent_v2
IST,VNO,85382.72,1641.9753,3,2019,2024,eu_trend_wm_max_recent_v2
STR,BRE,85336.0,1641.0769,7,2015,2024,eu_trend_wm_max_recent_v2
LHR,BIO,85332.18,1641.0035,4,2015,2018,eu_trend_wm_max_recent_v2
HEL,CHQ,85285.71,1640.1099,7,2015,2024,eu_trend_wm_max_recent_v2
DRS,DUS,85240.0,1639.2308,7,2015,2024,eu_trend_wm_max_recent_v2
ALC,HEL,85225.65,1638.9547,6,2016,2024,eu_trend_wm_max_recent_v2
WAW,HEL,85218.4,1638.8154,7,2015,2024,eu_trend_wm_max_recent_v2
GLA,BHD,85209.06,1638.6358,5,2015,2019,eu_trend_wm_max_recent_v2
HEL,VAA,85122.06,1636.9627,7,2015,2024,eu_trend_wm_max_recent_v2
MUC,BSL,85106.76,1636.6684,7,2015,2024,eu_trend_wm_max_recent_v2
FRA,BSL,85102.64,1636.5892,7,2015,2024,eu_trend_wm_max_recent_v2
ARN,SDL,85074.55,1636.049,5,2015,2019,eu_trend_wm_max_recent_v2
BER,OTP,85050.0,1635.5769,6,2016,2024,eu_trend_wm_max_recent_v2
CLJ,MUC,85022.0,1635.0385,7,2015,2024,eu_trend_wm_max_recent_v2
BCN,EZE,85009.86,1634.805,7,2015,2024,eu_trend_wm_max_recent_v2
MPL,NTE,84945.0,1633.5577,7,2015,2024,eu_trend_wm_max_recent_v2
BHD,LBA,84915.74,1632.995,5,2015,2019,eu_trend_wm_max_recent_v2
ARN,SVO,84907.25,1632.8318,5,2015,2019,eu_trend_wm_max_recent_v2
IST,EWR,84883.84,1632.3816,2,2023,2024,eu_trend_wm_max_recent_v2
LGW,YVR,84859.92,1631.9215,5,2015,2019,eu_trend_wm_max_recent_v2
LIN,DUS,84843.58,1631.6073,6,2015,2024,eu_trend_wm_max_recent_v2
WAW,MAD,84814.55,1631.0491,7,2015,2024,eu_trend_wm_max_recent_v2
PSA,FCO,84809.0,1630.9423,5,2015,2019,eu_trend_wm_max_recent_v2
LPA,TFS,84791.46,1630.6049,4,2018,2024,eu_trend_wm_max_recent_v2
ATH,BEG,84780.37,1630.3917,7,2015,2024,eu_trend_wm_max_recent_v2
HEL,ALC,84777.31,1630.3329,6,2016,2024,eu_trend_wm_max_recent_v2
LTN,NCE,84765.26,1630.1012,7,2015,2024,eu_trend_wm_max_recent_v2
AMS,BRE,84755.15,1629.9066,7,2015,2024,eu_trend_wm_max_recent_v2
MIA,FCO,84716.1,1629.1558,7,2015,2024,eu_trend_wm_max_recent_v2
FCO,MIA,84700.8,1628.8615,7,2015,2024,eu_trend_wm_max_recent_v2
AMS,ZTH,84700.0,1628.8461,7,2015,2024,eu_trend_wm_max_recent_v2
AMS,YUL,84683.37,1628.5263,7,2015,2024,eu_trend_wm_max_recent_v2
CPH,CHQ,84675.98,1628.3842,7,2015,2024,eu_trend_wm_max_recent_v2
VAA,HEL,84645.9,1627.8058,7,2015,2024,eu_trend_wm_max_recent_v2
MAN,ARN,84617.0,1627.25,7,2015,2024,eu_trend_wm_max_recent_v2
DUS,DRS,84605.0,1627.0192,7,2015,2024,eu_trend_wm_max_recent_v2
CIA,BUD,84543.87,1625.8436,7,2015,2024,eu_trend_wm_max_recent_v2
ZTH,AMS,84512.46,1625.2395,7,2015,2024,eu_trend_wm_max_recent_v2
NOC,STN,84492.0,1624.8462,7,2015,2024,eu_trend_wm_max_recent_v2
OSL,BUD,84476.4,1624.5462,7,2015,2024,eu_trend_wm_max_recent_v2
BRE,STR,84462.0,1624.2692,7,2015,2024,eu_trend_wm_max_recent_v2
BSL,MAD,84412.85,1623.3241,7,2015,2024,eu_trend_wm_max_recent_v2
CDG,NUE,84382.0,1622.7308,7,2015,2024,eu_trend_wm_max_recent_v2
IST,HKG,84363.72,1622.3792,2,2023,2024,eu_trend_wm_max_recent_v2
NTE,LGW,84361.0,1622.3269,7,2015,2024,eu_trend_wm_max_recent_v2
NTE,MPL,84307.0,1621.2885,7,2015,2024,eu_trend_wm_max_recent_v2
MXP,EDI,84301.3,1621.1789,7,2015,2024,eu_trend_wm_max_recent_v2
LYS,DXB,84273.72,1620.6485,7,2015,2024,eu_trend_wm_max_recent_v2
PEK,HEL,84255.0,1620.2885,5,2015,2019,eu_trend_wm_max_recent_v2
MAD,HEL,84229.46,1619.7973,7,2015,2024,eu_trend_wm_max_recent_v2
ORY,PRG,84215.9,1619.5366,7,2015,2024,eu_trend_wm_max_recent_v2
SVO,ARN,84183.97,1618.9224,5,2015,2019,eu_trend_wm_max_recent_v2
YYZ,BCN,84157.79,1618.419,7,2015,2024,eu_trend_wm_max_recent_v2
HAJ,LPA,84145.0,1618.1731,7,2015,2024,eu_trend_wm_max_recent_v2
EDI,ACE,84129.98,1617.8843,7,2015,2024,eu_trend_wm_max_recent_v2
PMI,GRX,84094.39,1617.1998,7,2015,2024,eu_trend_wm_max_recent_v2
DUS,VCE,84087.66,1617.0704,5,2015,2019,eu_trend_wm_max_recent_v2
IST,ATL,84069.93,1616.7295,2,2023,2024,eu_trend_wm_max_recent_v2
EWR,AMS,84030.66,1615.9742,7,2015,2024,eu_trend_wm_max_recent_v2
LTN,MXP,84019.0,1615.75,6,2015,2023,eu_trend_wm_max_recent_v2
DUB,KEF,84017.27,1615.7168,7,2015,2024,eu_trend_wm_max_recent_v2
BUD,CIA,83949.83,1614.4199,7,2015,2024,eu_trend_wm_max_recent_v2
LBA,BHD,83929.88,1614.0361,5,2015,2019,eu_trend_wm_max_recent_v2
CDG,KRK,83928.59,1614.0113,7,2015,2024,eu_trend_wm_max_recent_v2
MAD,BSL,83893.69,1613.3403,7,2015,2024,eu_trend_wm_max_recent_v2
FRA,WRO,83876.59,1613.0113,7,2015,2024,eu_trend_wm_max_recent_v2
BCN,VLL,83863.0,1612.75,7,2015,2024,eu_trend_wm_max_recent_v2
HEL,TFS,83807.34,1611.6796,7,2015,2024,eu_trend_wm_max_recent_v2
GRX,PMI,83797.31,1611.4867,7,2015,2024,eu_trend_wm_max_recent_v2
KRK,CDG,83771.53,1610.991,7,2015,2024,eu_trend_wm_max_recent_v2
CDG,BEG,83752.02,1610.6158,7,2015,2024,eu_trend_wm_max_recent_v2
FRA,MAA,83724.01,1610.077,7,2015,2024,eu_trend_wm_max_recent_v2
NUE,CDG,83700.0,1609.6154,7,2015,2024,eu_trend_wm_max_recent_v2
HAM,LGW,83688.96,1609.4031,7,2015,2024,eu_trend_wm_max_recent_v2
CPH,YYZ,83665.85,1608.9586,7,2015,2024,eu_trend_wm_max_recent_v2
STR,HER,83629.26,1608.255,7,2015,2024,eu_trend_wm_max_recent_v2
JED,CDG,83607.36,1607.8338,7,2015,2024,eu_trend_wm_max_recent_v2
MAD,WAW,83589.53,1607.491,7,2015,2024,eu_trend_wm_max_recent_v2
ATL,MAN,83586.0,1607.4231,5,2015,2019,eu_trend_wm_max_recent_v2
JNB,IST,83573.83,1607.189,2,2023,2024,eu_trend_wm_max_recent_v2
HAJ,FUE,83556.19,1606.8497,7,2015,2024,eu_trend_wm_max_recent_v2
BEG,LCA,83548.23,1606.6968,7,2015,2024,eu_trend_wm_max_recent_v2
VIE,ZAG,83528.82,1606.3235,7,2015,2024,eu_trend_wm_max_recent_v2
IST,JNB,83524.86,1606.2474,2,2023,2024,eu_trend_wm_max_recent_v2
ACE,EDI,83510.08,1605.9631,7,2015,2024,eu_trend_wm_max_recent_v2
BHD,GLA,83509.64,1605.9546,5,2015,2019,eu_trend_wm_max_recent_v2
BUD,OSL,83476.8,1605.3231,7,2015,2024,eu_trend_wm_max_recent_v2
CPH,SVO,83473.74,1605.2642,5,2015,2019,eu_trend_wm_max_recent_v2
BSL,MUC,83432.8,1604.4769,7,2015,2024,eu_trend_wm_max_recent_v2
YUL,ATH,83428.79,1604.3997,5,2017,2024,eu_trend_wm_max_recent_v2
AGP,SEN,83369.0,1603.25,5,2015,2019,eu_trend_wm_max_recent_v2
HKG,LGW,83332.0,1602.5385,3,2017,2019,eu_trend_wm_max_recent_v2
YYZ,IST,83324.39,1602.3921,2,2023,2024,eu_trend_wm_max_recent_v2
SVO,VNO,83318.0,1602.2692,5,2015,2019,eu_trend_wm_max_recent_v2
TFS,HEL,83304.83,1602.0159,7,2015,2024,eu_trend_wm_max_recent_v2
LPA,HAJ,83300.0,1601.9231,7,2015,2024,eu_trend_wm_max_recent_v2
INN,FRA,83281.48,1601.567,7,2015,2024,eu_trend_wm_max_recent_v2
OTP,BRU,83268.26,1601.3127,7,2015,2024,eu_trend_wm_max_recent_v2
VIE,OSL,83261.32,1601.1792,7,2015,2024,eu_trend_wm_max_recent_v2
MUC,LEJ,83248.58,1600.9343,7,2015,2024,eu_trend_wm_max_recent_v2
VIE,EWR,83243.0,1600.827,7,2015,2024,eu_trend_wm_max_recent_v2
RUH,CDG,83236.87,1600.709,7,2015,2024,eu_trend_wm_max_recent_v2
EDI,MXP,83235.85,1600.6894,7,2015,2024,eu_trend_wm_max_recent_v2
CHQ,CPH,83159.95,1599.2297,7,2015,2024,eu_trend_wm_max_recent_v2
ZRH,STR,83145.0,1598.9423,7,2015,2024,eu_trend_wm_max_recent_v2
CIA,CRL,83139.18,1598.8304,7,2015,2024,eu_trend_wm_max_recent_v2
BUD,NAP,83123.92,1598.5368,7,2015,2024,eu_trend_wm_max_recent_v2
AMS,BON,83075.88,1597.613,7,2015,2024,eu_trend_wm_max_recent_v2
SPC,MAD,83074.95,1597.5952,7,2015,2024,eu_trend_wm_max_recent_v2
HEL,KIX,83069.82,1597.4965,6,2015,2024,eu_trend_wm_max_recent_v2
MEL,LHR,83067.62,1597.4542,3,2015,2017,eu_trend_wm_max_recent_v2
AMS,EWR,82982.1,1595.8096,7,2015,2024,eu_trend_wm_max_recent_v2
HER,STR,82947.46,1595.1435,7,2015,2024,eu_trend_wm_max_recent_v2
FUE,HAJ,82926.21,1594.7348,7,2015,2024,eu_trend_wm_max_recent_v2
BMA,BRU,82885.55,1593.9528,6,2015,2023,eu_trend_wm_max_recent_v2
NAP,BUD,82857.85,1593.4202,7,2015,2024,eu_trend_wm_max_recent_v2
BOG,LHR,82834.0,1592.9615,5,2015,2019,eu_trend_wm_max_recent_v2
CGN,DUB,82808.7,1592.475,7,2015,2024,eu_trend_wm_max_recent_v2
BCN,BOD,82802.31,1592.3522,7,2015,2024,eu_trend_wm_max_recent_v2
VIE,PRG,82719.47,1590.759,7,2015,2024,eu_trend_wm_max_recent_v2
TRF,BGO,82717.0,1590.7116,5,2015,2019,eu_trend_wm_max_recent_v2
DUB,CGN,82683.24,1590.0623,7,2015,2024,eu_trend_wm_max_recent_v2
MAD,SPC,82644.44,1589.3162,7,2015,2024,eu_trend_wm_max_recent_v2
BOD,OPO,82637.97,1589.1918,7,2015,2024,eu_trend_wm_max_recent_v2
IST,VLC,82632.43,1589.0852,2,2023,2024,eu_trend_wm_max_recent_v2
FCO,LED,82600.0,1588.4615,5,2015,2019,eu_trend_wm_max_recent_v2
BOD,MAD,82594.0,1588.3462,7,2015,2024,eu_trend_wm_max_recent_v2
BGY,TPS,82500.32,1586.5446,7,2015,2024,eu_trend_wm_max_recent_v2
SEN,FAO,82491.0,1586.3654,5,2015,2019,eu_trend_wm_max_recent_v2
NCE,LTN,82423.0,1585.0577,7,2015,2024,eu_trend_wm_max_recent_v2
AMS,PDX,82413.96,1584.8838,7,2015,2024,eu_trend_wm_max_recent_v2
TPS,BGY,82401.47,1584.6436,7,2015,2024,eu_trend_wm_max_recent_v2
CAI,MUC,82385.27,1584.3322,7,2015,2024,eu_trend_wm_max_recent_v2
SOF,CRL,82369.88,1584.0361,7,2015,2024,eu_trend_wm_max_recent_v2
FCO,PSA,82315.0,1582.9808,5,2015,2019,eu_trend_wm_max_recent_v2
SEN,AGP,82312.0,1582.9231,5,2015,2019,eu_trend_wm_max_recent_v2
STN,GOT,82306.0,1582.8077,7,2015,2024,eu_trend_wm_max_recent_v2
DFW,IST,82297.07,1582.636,2,2023,2024,eu_trend_wm_max_recent_v2
BGO,TRF,82246.74,1581.6681,5,2015,2019,eu_trend_wm_max_recent_v2
AUH,ZRH,82221.32,1581.1792,7,2015,2024,eu_trend_wm_max_recent_v2
AMS,LED,82202.0,1580.8077,5,2015,2019,eu_trend_wm_max_recent_v2
CMN,LYS,82152.84,1579.8623,7,2015,2024,eu_trend_wm_max_recent_v2
WRO,WMI,82143.87,1579.6897,2,2015,2016,eu_trend_wm_max_recent_v2
KEF,BWI,82113.23,1579.1006,6,2015,2024,eu_trend_wm_max_recent_v2
YVR,LGW,82082.46,1578.5088,5,2015,2019,eu_trend_wm_max_recent_v2
LED,AMS,82013.0,1577.1731,5,2015,2019,eu_trend_wm_max_recent_v2
BEG,ATH,81988.51,1576.7021,7,2015,2024,eu_trend_wm_max_recent_v2
LGW,ZRH,81943.24,1575.8316,7,2015,2024,eu_trend_wm_max_recent_v2
PSA,CRL,81892.74,1574.8604,7,2015,2024,eu_trend_wm_max_recent_v2
EWR,VIE,81870.82,1574.4388,7,2015,2024,eu_trend_wm_max_recent_v2
LHR,LBA,81854.6,1574.127,5,2015,2019,eu_trend_wm_max_recent_v2
CDG,JED,81838.85,1573.824,7,2015,2024,eu_trend_wm_max_recent_v2
KEF,SEA,81829.61,1573.6463,7,2015,2024,eu_trend_wm_max_recent_v2
KIX,HEL,81818.28,1573.4285,6,2015,2024,eu_trend_wm_max_recent_v2
PRG,ORY,81794.5,1572.9712,7,2015,2024,eu_trend_wm_max_recent_v2
LIS,AGP,81720.47,1571.5475,5,2017,2024,eu_trend_wm_max_recent_v2
PEK,MXP,81710.51,1571.3559,7,2015,2024,eu_trend_wm_max_recent_v2
CRL,CIA,81702.0,1571.1923,7,2015,2024,eu_trend_wm_max_recent_v2
FAO,SEN,81672.0,1570.6154,5,2015,2019,eu_trend_wm_max_recent_v2
AMS,CTA,81664.12,1570.4638,7,2015,2024,eu_trend_wm_max_recent_v2
WRO,FRA,81645.29,1570.1018,7,2015,2024,eu_trend_wm_max_recent_v2
VLC,IST,81590.33,1569.0449,2,2023,2024,eu_trend_wm_max_recent_v2
CIA,WMI,81583.0,1568.9038,7,2015,2024,eu_trend_wm_max_recent_v2
KEF,DUB,81553.38,1568.3342,7,2015,2024,eu_trend_wm_max_recent_v2
IST,SEA,81489.63,1567.1083,2,2023,2024,eu_trend_wm_max_recent_v2
IST,LJU,81455.45,1566.451,3,2019,2024,eu_trend_wm_max_recent_v2
BUD,BRI,81430.51,1565.9713,7,2015,2024,eu_trend_wm_max_recent_v2
STN,FUE,81398.17,1565.3495,7,2015,2024,eu_trend_wm_max_recent_v2
SVO,CPH,81389.88,1565.19,5,2015,2019,eu_trend_wm_max_recent_v2
VNO,IST,81380.62,1565.0119,3,2019,2024,eu_trend_wm_max_recent_v2
LUX,PMI,81379.91,1564.9983,7,2015,2024,eu_trend_wm_max_recent_v2
WMI,CIA,81375.0,1564.9038,7,2015,2024,eu_trend_wm_max_recent_v2
IST,MLA,81346.44,1564.3546,3,2019,2024,eu_trend_wm_max_recent_v2
LUX,LHR,81264.6,1562.7808,7,2015,2024,eu_trend_wm_max_recent_v2
BRU,OTP,81257.1,1562.6365,7,2015,2024,eu_trend_wm_max_recent_v2
HAM,FUE,81232.8,1562.1693,7,2015,2024,eu_trend_wm_max_recent_v2
BRI,BUD,81220.79,1561.9384,7,2015,2024,eu_trend_wm_max_recent_v2
FUE,HAM,81190.31,1561.3521,7,2015,2024,eu_trend_wm_max_recent_v2
BEG,FCO,81170.58,1560.9727,7,2015,2024,eu_trend_wm_max_recent_v2
OPO,BOD,81148.95,1560.5568,7,2015,2024,eu_trend_wm_max_recent_v2
DFW,FCO,81128.41,1560.1617,4,2018,2024,eu_trend_wm_max_recent_v2
BER,LCY,81114.55,1559.8952,2,2023,2024,eu_trend_wm_max_recent_v2
BGY,MAN,81102.76,1559.6685,7,2015,2024,eu_trend_wm_max_recent_v2
DUB,SFO,81088.78,1559.3995,7,2015,2024,eu_trend_wm_max_recent_v2
BWI,KEF,81085.91,1559.3445,6,2015,2024,eu_trend_wm_max_recent_v2
STN,SVQ,81075.75,1559.1491,7,2015,2024,eu_trend_wm_max_recent_v2
BRU,AUH,81060.0,1558.8462,7,2015,2024,eu_trend_wm_max_recent_v2
AEY,RKV,81011.0,1557.9038,4,2018,2024,eu_trend_wm_max_recent_v2
LDE,ORY,81006.75,1557.8222,7,2015,2024,eu_trend_wm_max_recent_v2
SVO,HAM,80972.0,1557.1538,5,2015,2019,eu_trend_wm_max_recent_v2
DXB,BEG,80949.18,1556.7151,6,2016,2024,eu_trend_wm_max_recent_v2
MAD,BOD,80922.0,1556.1923,7,2015,2024,eu_trend_wm_max_recent_v2
KUL,FRA,80917.22,1556.1003,1,2015,2015,eu_trend_wm_max_recent_v2
MUC,BOM,80916.85,1556.0933,7,2015,2024,eu_trend_wm_max_recent_v2
CDG,HAJ,80914.56,1556.0492,7,2015,2024,eu_trend_wm_max_recent_v2
DOH,OTP,80889.91,1555.5752,5,2017,2024,eu_trend_wm_max_recent_v2
TFS,LTN,80889.13,1555.5603,7,2015,2024,eu_trend_wm_max_recent_v2
POZ,STN,80879.0,1555.3654,7,2015,2024,eu_trend_wm_max_recent_v2
LGW,SPU,80860.49,1555.0095,7,2015,2024,eu_trend_wm_max_recent_v2
ZRH,LGW,80852.34,1554.8527,7,2015,2024,eu_trend_wm_max_recent_v2
CTA,AMS,80829.72,1554.4176,7,2015,2024,eu_trend_wm_max_recent_v2
MUC,CLJ,80776.0,1553.3846,7,2015,2024,eu_trend_wm_max_recent_v2
MUC,YUL,80749.0,1552.8654,7,2015,2024,eu_trend_wm_max_recent_v2
FRA,BOG,80738.16,1552.6569,7,2015,2024,eu_trend_wm_max_recent_v2
ZRH,AUH,80705.29,1552.0248,7,2015,2024,eu_trend_wm_max_recent_v2
LEJ,MUC,80689.0,1551.7115,7,2015,2024,eu_trend_wm_max_recent_v2
LHR,SOF,80677.92,1551.4985,7,2015,2024,eu_trend_wm_max_recent_v2
SPU,LGW,80676.65,1551.474,7,2015,2024,eu_trend_wm_max_recent_v2
MAN,BGY,80673.44,1551.4124,7,2015,2024,eu_trend_wm_max_recent_v2
REG,LIN,80671.97,1551.3841,7,2015,2024,eu_trend_wm_max_recent_v2
LCY,BER,80589.81,1549.804,2,2023,2024,eu_trend_wm_max_recent_v2
IBZ,AGP,80565.79,1549.3421,7,2015,2024,eu_trend_wm_max_recent_v2
FCO,PVG,80529.0,1548.6346,7,2015,2024,eu_trend_wm_max_recent_v2
FUE,STN,80437.37,1546.8726,7,2015,2024,eu_trend_wm_max_recent_v2
MAH,MAN,80436.18,1546.8496,7,2015,2024,eu_trend_wm_max_recent_v2
PMI,LUX,80361.62,1545.4157,7,2015,2024,eu_trend_wm_max_recent_v2
BOD,LIL,80357.85,1545.3433,7,2015,2024,eu_trend_wm_max_recent_v2
BES,LYS,80342.81,1545.054,7,2015,2024,eu_trend_wm_max_recent_v2
IVL,HEL,80338.65,1544.974,7,2015,2024,eu_trend_wm_max_recent_v2
LTN,WRO,80329.0,1544.7885,7,2015,2024,eu_trend_wm_max_recent_v2
PRG,VIE,80317.84,1544.5738,7,2015,2024,eu_trend_wm_max_recent_v2
GRU,BCN,80310.1,1544.425,6,2016,2024,eu_trend_wm_max_recent_v2
MAD,FLR,80276.0,1543.7692,7,2015,2024,eu_trend_wm_max_recent_v2
DUB,REU,80236.88,1543.0169,7,2015,2024,eu_trend_wm_max_recent_v2
LJU,IST,80230.43,1542.8929,3,2019,2024,eu_trend_wm_max_recent_v2
LYS,BES,80220.04,1542.6931,7,2015,2024,eu_trend_wm_max_recent_v2
LGW,NTE,80205.0,1542.4038,7,2015,2024,eu_trend_wm_max_recent_v2
CAI,VIE,80202.46,1542.3551,7,2015,2024,eu_trend_wm_max_recent_v2
SEA,KEF,80180.63,1541.9352,7,2015,2024,eu_trend_wm_max_recent_v2
CDG,SLC,80137.25,1541.101,7,2015,2024,eu_trend_wm_max_recent_v2
PDX,AMS,80124.0,1540.8462,7,2015,2024,eu_trend_wm_max_recent_v2
REU,DUB,80114.61,1540.6655,7,2015,2024,eu_trend_wm_max_recent_v2
EWR,IST,80096.47,1540.3168,2,2023,2024,eu_trend_wm_max_recent_v2
LIL,BOD,80077.69,1539.9557,7,2015,2024,eu_trend_wm_max_recent_v2
HAJ,CDG,80030.0,1539.0385,7,2015,2024,eu_trend_wm_max_recent_v2
KGS,AMS,80016.0,1538.7692,7,2015,2024,eu_trend_wm_max_recent_v2
PTP,SFG,80014.0,1538.7308,7,2015,2024,eu_trend_wm_max_recent_v2
ORY,LYS,79977.63,1538.0313,5,2015,2019,eu_trend_wm_max_recent_v2
FCO,PHL,79955.66,1537.6088,7,2015,2024,eu_trend_wm_max_recent_v2
ATL,IST,79928.33,1537.0834,2,2023,2024,eu_trend_wm_max_recent_v2
OSL,VIE,79906.88,1536.6708,7,2015,2024,eu_trend_wm_max_recent_v2
FRA,INN,79901.68,1536.5708,7,2015,2024,eu_trend_wm_max_recent_v2
SVQ,STN,79841.49,1535.4133,7,2015,2024,eu_trend_wm_max_recent_v2
NQY,LGW,79825.13,1535.0986,5,2015,2019,eu_trend_wm_max_recent_v2
EIN,BGY,79743.26,1533.5242,7,2015,2024,eu_trend_wm_max_recent_v2
LYS,ORY,79726.89,1533.2095,5,2015,2019,eu_trend_wm_max_recent_v2
IST,BOS,79657.65,1531.8778,2,2023,2024,eu_trend_wm_max_recent_v2
LHR,LUX,79657.19,1531.869,7,2015,2024,eu_trend_wm_max_recent_v2
LTN,TFS,79631.78,1531.3804,7,2015,2024,eu_trend_wm_max_recent_v2
WMI,WRO,79624.56,1531.2415,2,2015,2016,eu_trend_wm_max_recent_v2
CDG,ZAG,79588.48,1530.5476,7,2015,2024,eu_trend_wm_max_recent_v2
SFO,DUB,79578.12,1530.3484,7,2015,2024,eu_trend_wm_max_recent_v2
FLR,MAD,79542.0,1529.6538,7,2015,2024,eu_trend_wm_max_recent_v2
MAN,MAH,79528.38,1529.3919,7,2015,2024,eu_trend_wm_max_recent_v2
LGW,FLR,79528.31,1529.3906,7,2015,2024,eu_trend_wm_max_recent_v2
FRA,SPU,79500.0,1528.8462,7,2015,2024,eu_trend_wm_max_recent_v2
BCN,EIN,79490.85,1528.6701,7,2015,2024,eu_trend_wm_max_recent_v2
BOJ,PRG,79473.0,1528.3269,7,2015,2024,eu_trend_wm_max_recent_v2
WRO,LTN,79462.0,1528.1154,7,2015,2024,eu_trend_wm_max_recent_v2
TLS,NCE,79438.7,1527.6673,7,2015,2024,eu_trend_wm_max_recent_v2
LGW,NQY,79431.42,1527.5273,5,2015,2019,eu_trend_wm_max_recent_v2
YYZ,CPH,79410.61,1527.1271,7,2015,2024,eu_trend_wm_max_recent_v2
NAP,OTP,79410.06,1527.1165,7,2015,2024,eu_trend_wm_max_recent_v2
ARN,BRU,79362.0,1526.1923,7,2015,2024,eu_trend_wm_max_recent_v2
LYS,CMN,79357.02,1526.0965,7,2015,2024,eu_trend_wm_max_recent_v2
VIE,TFS,79329.68,1525.5708,4,2015,2024,eu_trend_wm_max_recent_v2
AGP,IBZ,79308.43,1525.1622,7,2015,2024,eu_trend_wm_max_recent_v2
FCO,BEG,79270.32,1524.4292,7,2015,2024,eu_trend_wm_max_recent_v2
EDI,MUC,79261.14,1524.2527,6,2015,2024,eu_trend_wm_max_recent_v2
MAD,LAX,79243.8,1523.9192,5,2016,2024,eu_trend_wm_max_recent_v2
BHX,OTP,79232.68,1523.7054,5,2017,2024,eu_trend_wm_max_recent_v2
MXP,PEK,79228.8,1523.6308,7,2015,2024,eu_trend_wm_max_recent_v2
LBA,LHR,79206.97,1523.211,5,2015,2019,eu_trend_wm_max_recent_v2
HAM,SVO,79191.0,1522.9038,5,2015,2019,eu_trend_wm_max_recent_v2
IAH,CDG,79171.38,1522.5265,7,2015,2024,eu_trend_wm_max_recent_v2
CRL,PSA,79158.12,1522.2715,7,2015,2024,eu_trend_wm_max_recent_v2
CDG,NCL,79099.53,1521.1448,7,2015,2024,eu_trend_wm_max_recent_v2
ALF,TOS,79096.0,1521.0769,5,2015,2019,eu_trend_wm_max_recent_v2
CAN,LHR,79088.0,1520.9231,5,2015,2019,eu_trend_wm_max_recent_v2
CRL,SOF,79083.89,1520.844,7,2015,2024,eu_trend_wm_max_recent_v2
ZAG,CDG,79058.93,1520.3641,7,2015,2024,eu_trend_wm_max_recent_v2
BRS,LPA,79039.6,1519.9922,7,2015,2024,eu_trend_wm_max_recent_v2
SKP,ZRH,79039.2,1519.9845,7,2015,2024,eu_trend_wm_max_recent_v2
SEN,DUB,79036.0,1519.9231,2,2018,2019,eu_trend_wm_max_recent_v2
YUL,LYS,79022.0,1519.6538,7,2015,2024,eu_trend_wm_max_recent_v2
OAK,BCN,79018.38,1519.5842,2,2017,2018,eu_trend_wm_max_recent_v2
KRK,BCN,79016.5,1519.5481,5,2016,2024,eu_trend_wm_max_recent_v2
PER,LHR,79007.0,1519.3654,2,2018,2019,eu_trend_wm_max_recent_v2
MAD,PNA,78981.66,1518.8781,5,2015,2024,eu_trend_wm_max_recent_v2
EDI,BHD,78980.64,1518.8585,5,2015,2019,eu_trend_wm_max_recent_v2
OTP,BHX,78964.76,1518.5532,5,2017,2024,eu_trend_wm_max_recent_v2
OTP,NAP,78925.04,1517.7892,7,2015,2024,eu_trend_wm_max_recent_v2
FLR,LGW,78905.64,1517.4161,7,2015,2024,eu_trend_wm_max_recent_v2
TGD,VIE,78900.93,1517.3255,6,2016,2024,eu_trend_wm_max_recent_v2
BCN,GRU,78892.33,1517.1601,6,2016,2024,eu_trend_wm_max_recent_v2
HKG,MAD,78886.8,1517.0538,4,2017,2024,eu_trend_wm_max_recent_v2
ORY,PSA,78866.0,1516.6538,7,2015,2024,eu_trend_wm_max_recent_v2
LPA,BRS,78827.11,1515.906,7,2015,2024,eu_trend_wm_max_recent_v2
OTP,DOH,78823.04,1515.8276,5,2017,2024,eu_trend_wm_max_recent_v2
CDG,YVR,78803.11,1515.4444,7,2015,2024,eu_trend_wm_max_recent_v2
ZRH,PEK,78771.0,1514.8269,5,2015,2019,eu_trend_wm_max_recent_v2
OSL,EWR,78753.18,1514.4842,7,2015,2024,eu_trend_wm_max_recent_v2
BUD,STR,78729.74,1514.0336,7,2015,2024,eu_trend_wm_max_recent_v2
YVR,CDG,78625.59,1512.0305,7,2015,2024,eu_trend_wm_max_recent_v2
ORY,LDE,78611.09,1511.7518,7,2015,2024,eu_trend_wm_max_recent_v2
LTN,POZ,78595.0,1511.4423,7,2015,2024,eu_trend_wm_max_recent_v2
FRA,HAN,78557.66,1510.7242,7,2015,2024,eu_trend_wm_max_recent_v2
SPU,AMS,78541.64,1510.4162,7,2015,2024,eu_trend_wm_max_recent_v2
VNO,OSL,78508.58,1509.7805,7,2015,2024,eu_trend_wm_max_recent_v2
BCN,OAK,78507.36,1509.7569,2,2017,2018,eu_trend_wm_max_recent_v2
FCO,HKG,78478.41,1509.2002,5,2015,2019,eu_trend_wm_max_recent_v2
BCN,KRK,78476.97,1509.1726,5,2016,2024,eu_trend_wm_max_recent_v2
YUL,AMS,78461.46,1508.8742,7,2015,2024,eu_trend_wm_max_recent_v2
FMM,PMI,78459.42,1508.835,7,2015,2024,eu_trend_wm_max_recent_v2
AMS,KGS,78435.0,1508.3654,7,2015,2024,eu_trend_wm_max_recent_v2
PSA,ORY,78413.0,1507.9423,7,2015,2024,eu_trend_wm_max_recent_v2
LHR,BOG,78398.0,1507.6538,5,2015,2019,eu_trend_wm_max_recent_v2
MUC,ICN,78363.83,1506.9967,7,2015,2024,eu_trend_wm_max_recent_v2
ICN,MUC,78342.09,1506.5787,7,2015,2024,eu_trend_wm_max_recent_v2
LYS,YUL,78340.28,1506.5439,7,2015,2024,eu_trend_wm_max_recent_v2
PRG,BOJ,78331.0,1506.3654,7,2015,2024,eu_trend_wm_max_recent_v2
PHL,FCO,78316.62,1506.0888,7,2015,2024,eu_trend_wm_max_recent_v2
HEL,WAW,78260.79,1505.0153,7,2015,2024,eu_trend_wm_max_recent_v2
STR,BUD,78246.08,1504.7324,7,2015,2024,eu_trend_wm_max_recent_v2
TRD,AMS,78235.02,1504.5196,7,2015,2024,eu_trend_wm_max_recent_v2
BRU,ARN,78233.0,1504.4808,7,2015,2024,eu_trend_wm_max_recent_v2
ABZ,LGW,78229.07,1504.4052,4,2015,2018,eu_trend_wm_max_recent_v2
STN,NOC,78214.62,1504.1273,7,2015,2024,eu_trend_wm_max_recent_v2
AGP,ORK,78195.0,1503.75,7,2015,2024,eu_trend_wm_max_recent_v2
WAW,LIS,78191.51,1503.6828,7,2015,2024,eu_trend_wm_max_recent_v2
FUE,BCN,78169.1,1503.2519,7,2015,2024,eu_trend_wm_max_recent_v2
BLQ,LIS,78134.0,1502.5769,7,2015,2024,eu_trend_wm_max_recent_v2
BHX,FUE,78080.34,1501.5449,7,2015,2024,eu_trend_wm_max_recent_v2
AMS,SPU,78063.09,1501.2133,7,2015,2024,eu_trend_wm_max_recent_v2
NCE,TLS,78053.93,1501.0371,7,2015,2024,eu_trend_wm_max_recent_v2
LCA,OTP,78007.0,1500.1346,7,2015,2024,eu_trend_wm_max_recent_v2
EWR,OSL,78005.03,1500.0967,7,2015,2024,eu_trend_wm_max_recent_v2
FUE,BHX,77988.86,1499.7857,7,2015,2024,eu_trend_wm_max_recent_v2
EIN,BCN,77982.87,1499.6706,7,2015,2024,eu_trend_wm_max_recent_v2
LPA,CGN,77981.66,1499.6473,7,2015,2024,eu_trend_wm_max_recent_v2
NCL,ACE,77954.08,1499.1169,7,2015,2024,eu_trend_wm_max_recent_v2
ACE,NCL,77944.48,1498.9322,7,2015,2024,eu_trend_wm_max_recent_v2
POZ,LTN,77921.0,1498.4808,7,2015,2024,eu_trend_wm_max_recent_v2
ORK,MAN,77916.4,1498.3923,7,2015,2024,eu_trend_wm_max_recent_v2
SFG,PTP,77912.38,1498.3151,7,2015,2024,eu_trend_wm_max_recent_v2
SEA,IST,77891.26,1497.9088,2,2023,2024,eu_trend_wm_max_recent_v2
CRL,TFS,77889.24,1497.87,7,2015,2024,eu_trend_wm_max_recent_v2
MRS,LGW,77889.0,1497.8654,7,2015,2024,eu_trend_wm_max_recent_v2
MLA,IST,77870.93,1497.5179,3,2019,2024,eu_trend_wm_max_recent_v2
CDG,PTY,77868.84,1497.4777,7,2015,2024,eu_trend_wm_max_recent_v2
ORY,PMO,77847.83,1497.0737,7,2015,2024,eu_trend_wm_max_recent_v2
TFS,CRL,77724.04,1494.6931,7,2015,2024,eu_trend_wm_max_recent_v2
IBZ,DUS,77721.96,1494.6531,7,2015,2024,eu_trend_wm_max_recent_v2
CRL,PRG,77685.0,1493.9423,7,2015,2024,eu_trend_wm_max_recent_v2
BOM,ZRH,77666.0,1493.5769,7,2015,2024,eu_trend_wm_max_recent_v2
PNA,MAD,77644.68,1493.1669,5,2015,2024,eu_trend_wm_max_recent_v2
ORK,AGP,77630.0,1492.8846,7,2015,2024,eu_trend_wm_max_recent_v2
LAX,MAD,77607.72,1492.4562,5,2016,2024,eu_trend_wm_max_recent_v2
EDI,BER,77537.42,1491.1043,5,2015,2024,eu_trend_wm_max_recent_v2
AMS,CAN,77534.62,1491.0503,7,2015,2024,eu_trend_wm_max_recent_v2
BSL,CDG,77532.24,1491.0046,7,2015,2024,eu_trend_wm_max_recent_v2
PRG,CRL,77529.0,1490.9423,7,2015,2024,eu_trend_wm_max_recent_v2
MAN,ORK,77524.22,1490.8503,7,2015,2024,eu_trend_wm_max_recent_v2
BGY,EIN,77494.33,1490.2755,7,2015,2024,eu_trend_wm_max_recent_v2
BHD,EMA,77413.92,1488.7292,5,2015,2019,eu_trend_wm_max_recent_v2
BCN,LED,77412.0,1488.6923,5,2015,2019,eu_trend_wm_max_recent_v2
KEF,LTN,77380.79,1488.0921,7,2015,2024,eu_trend_wm_max_recent_v2
LIS,BLQ,77373.0,1487.9423,7,2015,2024,eu_trend_wm_max_recent_v2
GOT,STN,77340.48,1487.3169,7,2015,2024,eu_trend_wm_max_recent_v2
HKG,FCO,77335.01,1487.2118,5,2015,2019,eu_trend_wm_max_recent_v2
BIO,BRU,77302.74,1486.5912,7,2015,2024,eu_trend_wm_max_recent_v2
DUS,ACE,77289.0,1486.3269,7,2015,2024,eu_trend_wm_max_recent_v2
BER,TFS,77281.52,1486.183,7,2015,2024,eu_trend_wm_max_recent_v2
CPH,SFO,77269.47,1485.9513,7,2015,2024,eu_trend_wm_max_recent_v2
OTP,DTM,77260.0,1485.7692,7,2015,2024,eu_trend_wm_max_recent_v2
PMI,FMM,77226.09,1485.1171,7,2015,2024,eu_trend_wm_max_recent_v2
MAD,PVG,77188.5,1484.3942,5,2016,2024,eu_trend_wm_max_recent_v2
DEL,ZRH,77167.08,1483.9823,7,2015,2024,eu_trend_wm_max_recent_v2
RKV,AEY,77141.0,1483.4808,4,2018,2024,eu_trend_wm_max_recent_v2
OSL,VNO,77118.61,1483.0502,7,2015,2024,eu_trend_wm_max_recent_v2
KEF,ORD,77100.44,1482.7008,6,2016,2024,eu_trend_wm_max_recent_v2
LIS,CUN,77059.79,1481.9191,2,2023,2024,eu_trend_wm_max_recent_v2
LIS,SVQ,77057.02,1481.8658,7,2015,2024,eu_trend_wm_max_recent_v2
CDG,IAH,77055.0,1481.8269,7,2015,2024,eu_trend_wm_max_recent_v2
SKP,IST,77028.78,1481.3227,3,2019,2024,eu_trend_wm_max_recent_v2
TFS,VIE,76963.71,1480.0714,4,2015,2024,eu_trend_wm_max_recent_v2
BLQ,SVO,76946.0,1479.7308,5,2015,2019,eu_trend_wm_max_recent_v2
DUS,IBZ,76933.5,1479.4904,7,2015,2024,eu_trend_wm_max_recent_v2
SLC,CDG,76898.36,1478.8146,7,2015,2024,eu_trend_wm_max_recent_v2
AMS,TRD,76898.0,1478.8077,7,2015,2024,eu_trend_wm_max_recent_v2
LIN,REG,76883.87,1478.5359,7,2015,2024,eu_trend_wm_max_recent_v2
CAN,AMS,76868.6,1478.2423,7,2015,2024,eu_trend_wm_max_recent_v2
LPA,SCQ,76844.54,1477.7796,7,2015,2024,eu_trend_wm_max_recent_v2
VIE,YYZ,76841.77,1477.7263,6,2016,2024,eu_trend_wm_max_recent_v2
TPS,BLQ,76831.46,1477.5281,7,2015,2024,eu_trend_wm_max_recent_v2
PMO,ORY,76830.68,1477.5131,7,2015,2024,eu_trend_wm_max_recent_v2
PVG,MAD,76812.12,1477.1562,5,2016,2024,eu_trend_wm_max_recent_v2
LIS,WAW,76796.5,1476.8557,7,2015,2024,eu_trend_wm_max_recent_v2
KIX,CDG,76778.46,1476.5088,7,2015,2024,eu_trend_wm_max_recent_v2
STN,POZ,76720.83,1475.4007,7,2015,2024,eu_trend_wm_max_recent_v2
IST,SKP,76707.25,1475.1394,3,2019,2024,eu_trend_wm_max_recent_v2
RHO,HEL,76675.55,1474.5298,7,2015,2024,eu_trend_wm_max_recent_v2
MAD,HKG,76656.06,1474.155,4,2017,2024,eu_trend_wm_max_recent_v2
DUB,ARN,76642.0,1473.8846,7,2015,2024,eu_trend_wm_max_recent_v2
AMS,GDN,76634.0,1473.7308,5,2017,2024,eu_trend_wm_max_recent_v2
TLV,SKG,76578.47,1472.6629,5,2017,2024,eu_trend_wm_max_recent_v2
ARN,VBY,76549.0,1472.0962,7,2015,2024,eu_trend_wm_max_recent_v2
LED,BCN,76538.0,1471.8846,5,2015,2019,eu_trend_wm_max_recent_v2
ACE,DUS,76532.0,1471.7692,7,2015,2024,eu_trend_wm_max_recent_v2
EMA,BHD,76517.34,1471.4873,5,2015,2019,eu_trend_wm_max_recent_v2
DUS,LCY,76485.0,1470.8654,6,2015,2023,eu_trend_wm_max_recent_v2
BCN,FUE,76459.08,1470.3669,7,2015,2024,eu_trend_wm_max_recent_v2
CLT,FRA,76457.0,1470.3269,7,2015,2024,eu_trend_wm_max_recent_v2
LGW,MRS,76429.0,1469.7885,7,2015,2024,eu_trend_wm_max_recent_v2
DUB,SEN,76427.0,1469.75,2,2018,2019,eu_trend_wm_max_recent_v2
MXP,LUX,76415.87,1469.536,7,2015,2024,eu_trend_wm_max_recent_v2
SCQ,LPA,76414.03,1469.5005,7,2015,2024,eu_trend_wm_max_recent_v2
ATH,AUH,76385.0,1468.9423,7,2015,2024,eu_trend_wm_max_recent_v2
CDG,KIX,76375.56,1468.7608,7,2015,2024,eu_trend_wm_max_recent_v2
BHX,DEL,76359.22,1468.4466,3,2015,2017,eu_trend_wm_max_recent_v2
EIN,PMI,76329.0,1467.8654,7,2015,2024,eu_trend_wm_max_recent_v2
OTP,LCA,76262.0,1466.5769,7,2015,2024,eu_trend_wm_max_recent_v2
BHD,EDI,76238.88,1466.1323,5,2015,2019,eu_trend_wm_max_recent_v2
CIA,CGN,76221.78,1465.8036,5,2015,2019,eu_trend_wm_max_recent_v2
VIE,CAI,76205.47,1465.4899,7,2015,2024,eu_trend_wm_max_recent_v2
BER,EDI,76196.0,1465.3077,5,2015,2024,eu_trend_wm_max_recent_v2
CDG,RUH,76171.39,1464.8344,7,2015,2024,eu_trend_wm_max_recent_v2
BRU,BIO,76164.42,1464.7004,7,2015,2024,eu_trend_wm_max_recent_v2
VCE,DOH,76161.0,1464.6346,4,2017,2024,eu_trend_wm_max_recent_v2
CGN,LPA,76130.76,1464.0531,7,2015,2024,eu_trend_wm_max_recent_v2
HAN,FRA,76103.13,1463.5216,7,2015,2024,eu_trend_wm_max_recent_v2
EDI,DOH,76091.0,1463.2885,5,2015,2019,eu_trend_wm_max_recent_v2
BGY,ATH,76007.34,1461.6796,7,2015,2024,eu_trend_wm_max_recent_v2
AMS,NWI,76002.24,1461.5815,7,2015,2024,eu_trend_wm_max_recent_v2
LUX,MXP,75971.64,1460.9931,7,2015,2024,eu_trend_wm_max_recent_v2
BOS,IST,75927.16,1460.1377,2,2023,2024,eu_trend_wm_max_recent_v2
LTN,KEF,75895.1,1459.5211,7,2015,2024,eu_trend_wm_max_recent_v2
MXP,BKK,75882.9,1459.2865,4,2016,2024,eu_trend_wm_max_recent_v2
HEL,RHO,75864.01,1458.9233,7,2015,2024,eu_trend_wm_max_recent_v2
GDN,AMS,75855.1,1458.7519,5,2017,2024,eu_trend_wm_max_recent_v2
TFS,HAM,75835.2,1458.3692,7,2015,2024,eu_trend_wm_max_recent_v2
WAW,ARN,75825.54,1458.1834,7,2015,2024,eu_trend_wm_max_recent_v2
AMS,MNL,75794.18,1457.5804,5,2015,2019,eu_trend_wm_max_recent_v2
BLQ,TPS,75772.33,1457.1602,7,2015,2024,eu_trend_wm_max_recent_v2
AUH,ATH,75766.0,1457.0385,7,2015,2024,eu_trend_wm_max_recent_v2
LGW,ABZ,75762.82,1456.9774,4,2015,2018,eu_trend_wm_max_recent_v2
ATH,LIS,75759.94,1456.922,4,2018,2024,eu_trend_wm_max_recent_v2
BRU,BHX,75757.44,1456.8738,5,2015,2019,eu_trend_wm_max_recent_v2
VIE,TGD,75742.64,1456.5893,6,2016,2024,eu_trend_wm_max_recent_v2
NRN,PMI,75732.23,1456.389,7,2015,2024,eu_trend_wm_max_recent_v2
PMI,EIN,75729.46,1456.3357,7,2015,2024,eu_trend_wm_max_recent_v2
CPH,PEK,75726.55,1456.2799,6,2015,2024,eu_trend_wm_max_recent_v2
LAX,KEF,75718.68,1456.1285,3,2016,2018,eu_trend_wm_max_recent_v2
PEK,ZRH,75651.0,1454.8269,5,2015,2019,eu_trend_wm_max_recent_v2
MAN,LCA,75647.28,1454.7554,7,2015,2024,eu_trend_wm_max_recent_v2
ATH,BGY,75634.02,1454.5004,7,2015,2024,eu_trend_wm_max_recent_v2
MAN,YYZ,75627.0,1454.3654,5,2015,2019,eu_trend_wm_max_recent_v2
BCN,YUL,75605.0,1453.9423,6,2016,2024,eu_trend_wm_max_recent_v2
LBA,ACE,75604.97,1453.9418,7,2015,2024,eu_trend_wm_max_recent_v2
ORD,KEF,75574.25,1453.351,6,2016,2024,eu_trend_wm_max_recent_v2
AUA,AMS,75572.0,1453.3077,7,2015,2024,eu_trend_wm_max_recent_v2
KRS,BGO,75545.0,1452.7885,5,2015,2019,eu_trend_wm_max_recent_v2
TFS,BER,75503.12,1451.983,7,2015,2024,eu_trend_wm_max_recent_v2
GRU,MXP,75495.72,1451.8409,6,2015,2024,eu_trend_wm_max_recent_v2
AMS,ORY,75494.34,1451.8142,4,2016,2019,eu_trend_wm_max_recent_v2
AMS,SVQ,75492.0,1451.7692,7,2015,2024,eu_trend_wm_max_recent_v2
PRG,AGP,75486.0,1451.6538,4,2018,2024,eu_trend_wm_max_recent_v2
TLS,FCO,75483.06,1451.5973,7,2015,2024,eu_trend_wm_max_recent_v2
SVO,BLQ,75466.0,1451.2692,5,2015,2019,eu_trend_wm_max_recent_v2
AGP,SVO,75457.0,1451.0962,5,2015,2019,eu_trend_wm_max_recent_v2
VNO,SVO,75455.0,1451.0577,5,2015,2019,eu_trend_wm_max_recent_v2
DTM,OTP,75452.0,1451.0,7,2015,2024,eu_trend_wm_max_recent_v2
GRU,IST,75447.68,1450.917,2,2023,2024,eu_trend_wm_max_recent_v2
DUB,STR,75435.12,1450.6754,1,2018,2018,eu_trend_wm_max_recent_v2
CDG,BSL,75413.7,1450.2635,7,2015,2024,eu_trend_wm_max_recent_v2
LIS,ATH,75409.81,1450.1886,4,2018,2024,eu_trend_wm_max_recent_v2
SVO,AGP,75409.44,1450.1815,5,2015,2019,eu_trend_wm_max_recent_v2
LCA,MAN,75359.64,1449.2238,7,2015,2024,eu_trend_wm_max_recent_v2
ACE,LBA,75346.84,1448.9777,7,2015,2024,eu_trend_wm_max_recent_v2
CLY,ORY,75330.06,1448.655,7,2015,2024,eu_trend_wm_max_recent_v2
JNB,ZRH,75266.82,1447.4388,7,2015,2024,eu_trend_wm_max_recent_v2
CUN,LIS,75265.69,1447.4171,2,2023,2024,eu_trend_wm_max_recent_v2
SFO,CPH,75224.04,1446.6162,7,2015,2024,eu_trend_wm_max_recent_v2
HEL,NGO,75209.0,1446.3269,5,2015,2019,eu_trend_wm_max_recent_v2
HER,BER,75173.3,1445.6404,6,2015,2024,eu_trend_wm_max_recent_v2
KEF,LAX,75163.8,1445.4577,3,2016,2018,eu_trend_wm_max_recent_v2
YUL,MUC,75163.14,1445.445,7,2015,2024,eu_trend_wm_max_recent_v2
HAM,TFS,75139.19,1444.9845,7,2015,2024,eu_trend_wm_max_recent_v2
PVG,MXP,75106.68,1444.3592,7,2015,2024,eu_trend_wm_max_recent_v2
NCL,CDG,75090.87,1444.0552,7,2015,2024,eu_trend_wm_max_recent_v2
CTA,MUC,75077.0,1443.7885,7,2015,2024,eu_trend_wm_max_recent_v2
ZRH,LCA,75074.22,1443.7349,7,2015,2024,eu_trend_wm_max_recent_v2
MIA,LGW,75041.0,1443.0962,1,2019,2019,eu_trend_wm_max_recent_v2
CPH,NRT,75038.34,1443.045,5,2015,2019,eu_trend_wm_max_recent_v2
SPU,FRA,75022.0,1442.7308,7,2015,2024,eu_trend_wm_max_recent_v2
AMS,AUA,74987.0,1442.0577,7,2015,2024,eu_trend_wm_max_recent_v2
BER,KEF,74976.43,1441.8543,6,2015,2024,eu_trend_wm_max_recent_v2
LJU,FRA,74910.88,1440.5939,7,2015,2024,eu_trend_wm_max_recent_v2
TLV,GVA,74906.76,1440.5146,6,2015,2023,eu_trend_wm_max_recent_v2
VIE,ORD,74891.53,1440.2217,7,2015,2024,eu_trend_wm_max_recent_v2
CPT,IST,74880.44,1440.0085,2,2023,2024,eu_trend_wm_max_recent_v2
NUE,ZRH,74878.84,1439.9776,6,2015,2023,eu_trend_wm_max_recent_v2
ORY,YUL,74872.0,1439.8462,1,2019,2019,eu_trend_wm_max_recent_v2
LOS,CDG,74857.35,1439.5644,7,2015,2024,eu_trend_wm_max_recent_v2
IST,CPT,74813.0,1438.7116,2,2023,2024,eu_trend_wm_max_recent_v2
ORD,VIE,74789.91,1438.2674,7,2015,2024,eu_trend_wm_max_recent_v2
MIA,DUS,74781.87,1438.1129,4,2015,2019,eu_trend_wm_max_recent_v2
ATL,MUC,74763.96,1437.7685,7,2015,2024,eu_trend_wm_max_recent_v2
MUC,GDN,74748.0,1437.4615,7,2015,2024,eu_trend_wm_max_recent_v2
LAX,CPH,74744.64,1437.3969,4,2017,2024,eu_trend_wm_max_recent_v2
DUB,GVA,74734.0,1437.1923,7,2015,2024,eu_trend_wm_max_recent_v2
ARN,DUB,74729.0,1437.0962,7,2015,2024,eu_trend_wm_max_recent_v2
PMI,NRN,74689.21,1436.3309,7,2015,2024,eu_trend_wm_max_recent_v2
STR,DUB,74687.46,1436.2973,1,2018,2018,eu_trend_wm_max_recent_v2
SOF,FCO,74680.39,1436.1614,7,2015,2024,eu_trend_wm_max_recent_v2
SVQ,AMS,74678.0,1436.1154,7,2015,2024,eu_trend_wm_max_recent_v2
FRA,CLT,74648.7,1435.5519,7,2015,2024,eu_trend_wm_max_recent_v2
BER,HER,74625.46,1435.105,6,2015,2024,eu_trend_wm_max_recent_v2
NWI,AMS,74618.1,1434.9635,7,2015,2024,eu_trend_wm_max_recent_v2
MUC,EDI,74596.68,1434.5515,6,2015,2024,eu_trend_wm_max_recent_v2
NRT,CPH,74574.83,1434.1314,5,2015,2019,eu_trend_wm_max_recent_v2
EZE,AMS,74531.0,1433.2885,7,2015,2024,eu_trend_wm_max_recent_v2
MUC,ATL,74498.76,1432.6685,7,2015,2024,eu_trend_wm_max_recent_v2
FCO,TLS,74497.74,1432.6488,7,2015,2024,eu_trend_wm_max_recent_v2
ZTH,LGW,74491.62,1432.5312,7,2015,2024,eu_trend_wm_max_recent_v2
DUS,STR,74485.5,1432.4135,5,2015,2019,eu_trend_wm_max_recent_v2
BRU,MRS,74480.16,1432.3107,7,2015,2024,eu_trend_wm_max_recent_v2
DEB,LTN,74480.16,1432.3107,7,2015,2024,eu_trend_wm_max_recent_v2
GVA,YUL,74468.41,1432.0848,2,2023,2024,eu_trend_wm_max_recent_v2
MXP,STR,74416.15,1431.0798,5,2015,2019,eu_trend_wm_max_recent_v2
FCO,SOF,74330.19,1429.4268,7,2015,2024,eu_trend_wm_max_recent_v2
YYZ,MAN,74306.0,1428.9615,5,2015,2019,eu_trend_wm_max_recent_v2
ORY,CLY,74277.42,1428.4119,7,2015,2024,eu_trend_wm_max_recent_v2
SKG,TLV,74268.86,1428.2473,5,2017,2024,eu_trend_wm_max_recent_v2
SDR,BCN,74249.46,1427.8742,7,2015,2024,eu_trend_wm_max_recent_v2
PVG,IST,74226.36,1427.43,2,2023,2024,eu_trend_wm_max_recent_v2
VLC,MXP,74213.77,1427.1879,4,2018,2024,eu_trend_wm_max_recent_v2
BGO,KRS,74157.0,1426.0962,5,2015,2019,eu_trend_wm_max_recent_v2
YYZ,VIE,74123.81,1425.458,6,2016,2024,eu_trend_wm_max_recent_v2
DOH,VCE,74122.0,1425.4231,4,2017,2024,eu_trend_wm_max_recent_v2
SWF,DUB,74121.0,1425.4038,2,2018,2019,eu_trend_wm_max_recent_v2
LGW,ZTH,74090.76,1424.8223,7,2015,2024,eu_trend_wm_max_recent_v2
STR,DUS,74040.78,1423.8612,5,2015,2019,eu_trend_wm_max_recent_v2
BRU,BKK,74037.0,1423.7885,5,2015,2019,eu_trend_wm_max_recent_v2
MXP,DUB,74021.27,1423.4859,3,2019,2024,eu_trend_wm_max_recent_v2
DUS,FAO,74008.33,1423.2372,7,2015,2024,eu_trend_wm_max_recent_v2
KGS,MAN,73998.17,1423.0417,7,2015,2024,eu_trend_wm_max_recent_v2
BVA,CLJ,73997.25,1423.024,7,2015,2024,eu_trend_wm_max_recent_v2
HAM,OSL,73992.9,1422.9403,7,2015,2024,eu_trend_wm_max_recent_v2
LIS,HEL,73989.78,1422.8804,5,2017,2024,eu_trend_wm_max_recent_v2
MAN,KGS,73988.01,1422.8463,7,2015,2024,eu_trend_wm_max_recent_v2
OSL,PRG,73978.83,1422.6697,7,2015,2024,eu_trend_wm_max_recent_v2
BRU,EDI,73963.0,1422.3654,5,2015,2019,eu_trend_wm_max_recent_v2
FAO,BRU,73960.29,1422.3133,7,2015,2024,eu_trend_wm_max_recent_v2
RTM,FAO,73945.39,1422.0267,7,2015,2024,eu_trend_wm_max_recent_v2
DUB,MXP,73944.59,1422.0113,3,2019,2024,eu_trend_wm_max_recent_v2
RDU,LHR,73936.0,1421.8462,5,2015,2019,eu_trend_wm_max_recent_v2
ZRH,JNB,73862.16,1420.4261,7,2015,2024,eu_trend_wm_max_recent_v2
LCY,DUS,73852.0,1420.2308,6,2015,2023,eu_trend_wm_max_recent_v2
FDH,FRA,73838.0,1419.9615,7,2015,2024,eu_trend_wm_max_recent_v2
ORY,AMS,73837.0,1419.9423,4,2016,2019,eu_trend_wm_max_recent_v2
ARN,RNB,73825.12,1419.7139,5,2015,2019,eu_trend_wm_max_recent_v2
CGN,CIA,73821.58,1419.6458,5,2015,2019,eu_trend_wm_max_recent_v2
CMN,FRA,73797.7,1419.1865,7,2015,2024,eu_trend_wm_max_recent_v2
STR,MXP,73795.34,1419.1412,5,2015,2019,eu_trend_wm_max_recent_v2
DUB,LAX,73755.0,1418.3654,5,2017,2024,eu_trend_wm_max_recent_v2
BKK,BRU,73753.0,1418.3269,5,2015,2019,eu_trend_wm_max_recent_v2
BGY,IBZ,73752.92,1418.3253,7,2015,2024,eu_trend_wm_max_recent_v2
KRK,TRF,73724.71,1417.7829,5,2017,2024,eu_trend_wm_max_recent_v2
CLJ,BVA,73705.31,1417.4098,7,2015,2024,eu_trend_wm_max_recent_v2
CRL,BLQ,73676.67,1416.8591,7,2015,2024,eu_trend_wm_max_recent_v2
RIX,IST,73651.73,1416.3794,3,2019,2024,eu_trend_wm_max_recent_v2
TFS,SVO,73642.0,1416.1923,5,2015,2019,eu_trend_wm_max_recent_v2
MXP,KEF,73623.09,1415.8286,3,2015,2024,eu_trend_wm_max_recent_v2
VBY,ARN,73614.0,1415.6538,7,2015,2024,eu_trend_wm_max_recent_v2
RNB,ARN,73592.4,1415.2384,5,2015,2019,eu_trend_wm_max_recent_v2
MPL,LGW,73583.1,1415.0596,7,2015,2024,eu_trend_wm_max_recent_v2
LHR,ZAG,73579.74,1414.995,7,2015,2024,eu_trend_wm_max_recent_v2
DAC,IST,73549.18,1414.4073,2,2023,2024,eu_trend_wm_max_recent_v2
EDI,KRK,73549.0,1414.4038,7,2015,2024,eu_trend_wm_max_recent_v2
NAP,DUB,73545.49,1414.3363,7,2015,2024,eu_trend_wm_max_recent_v2
LGW,CHQ,73544.44,1414.3161,7,2015,2024,eu_trend_wm_max_recent_v2
GDN,MUC,73535.0,1414.1346,7,2015,2024,eu_trend_wm_max_recent_v2
CDG,YOW,73529.94,1414.0374,1,2024,2024,eu_trend_wm_max_recent_v2
INV,LTN,73513.0,1413.7115,5,2015,2019,eu_trend_wm_max_recent_v2
SMI,ATH,73493.75,1413.3414,7,2015,2024,eu_trend_wm_max_recent_v2
KRK,EDI,73447.0,1412.4423,7,2015,2024,eu_trend_wm_max_recent_v2
ZRH,SKP,73428.95,1412.0952,7,2015,2024,eu_trend_wm_max_recent_v2
MUC,CAI,73428.5,1412.0866,7,2015,2024,eu_trend_wm_max_recent_v2
PMI,SEN,73416.0,1411.8462,5,2015,2019,eu_trend_wm_max_recent_v2
KRK,ARN,73412.2,1411.7731,7,2015,2024,eu_trend_wm_max_recent_v2
ARN,WAW,73393.98,1411.4226,7,2015,2024,eu_trend_wm_max_recent_v2
NRT,ZRH,73377.78,1411.1112,7,2015,2024,eu_trend_wm_max_recent_v2
MNL,AMS,73354.44,1410.6624,5,2015,2019,eu_trend_wm_max_recent_v2
KEF,BER,73344.27,1410.4667,6,2015,2024,eu_trend_wm_max_recent_v2
JTR,LGW,73337.02,1410.3274,7,2015,2024,eu_trend_wm_max_recent_v2
BRI,TSF,73333.0,1410.25,5,2015,2019,eu_trend_wm_max_recent_v2
IST,RIX,73298.82,1409.5927,3,2019,2024,eu_trend_wm_max_recent_v2
JER,LPL,73293.0,1409.4808,5,2015,2019,eu_trend_wm_max_recent_v2
GCI,SOU,73284.0,1409.3077,5,2015,2019,eu_trend_wm_max_recent_v2
HYD,LHR,73281.9,1409.2673,5,2015,2019,eu_trend_wm_max_recent_v2
ZRH,NRT,73277.82,1409.1888,7,2015,2024,eu_trend_wm_max_recent_v2
PRG,EDI,73268.0,1409.0,3,2017,2019,eu_trend_wm_max_recent_v2
BLR,CDG,73262.75,1408.8991,7,2015,2024,eu_trend_wm_max_recent_v2
PRG,OSL,73255.19,1408.7536,7,2015,2024,eu_trend_wm_max_recent_v2
CHQ,LGW,73254.6,1408.7423,7,2015,2024,eu_trend_wm_max_recent_v2
LTN,INV,73244.0,1408.5385,5,2015,2019,eu_trend_wm_max_recent_v2
LGW,MPL,73206.6,1407.8192,7,2015,2024,eu_trend_wm_max_recent_v2
TFN,VLC,73202.74,1407.745,5,2015,2024,eu_trend_wm_max_recent_v2
BLQ,CRL,73187.03,1407.443,7,2015,2024,eu_trend_wm_max_recent_v2
MAN,VCE,73167.63,1407.0699,7,2015,2024,eu_trend_wm_max_recent_v2
MXP,VLC,73154.07,1406.809,4,2018,2024,eu_trend_wm_max_recent_v2
AGP,CRL,73151.0,1406.75,7,2015,2024,eu_trend_wm_max_recent_v2
SEN,PMI,73090.0,1405.5769,5,2015,2019,eu_trend_wm_max_recent_v2
ZRH,YUL,73087.0,1405.5192,7,2015,2024,eu_trend_wm_max_recent_v2
VCE,MAN,73078.94,1405.3643,7,2015,2024,eu_trend_wm_max_recent_v2
FAO,RTM,73077.7,1405.3403,7,2015,2024,eu_trend_wm_max_recent_v2
OSL,MAN,73068.0,1405.1538,7,2015,2024,eu_trend_wm_max_recent_v2
HEL,LIS,73045.26,1404.7165,5,2017,2024,eu_trend_wm_max_recent_v2
FAO,DUS,73023.51,1404.2983,7,2015,2024,eu_trend_wm_max_recent_v2
HER,SVO,73005.0,1403.9423,5,2015,2019,eu_trend_wm_max_recent_v2
LPL,JER,72939.0,1402.6731,5,2015,2019,eu_trend_wm_max_recent_v2
EDI,PRG,72932.0,1402.5385,3,2017,2019,eu_trend_wm_max_recent_v2
IBZ,BGY,72927.63,1402.4545,7,2015,2024,eu_trend_wm_max_recent_v2
PEK,CPH,72923.45,1402.3741,6,2015,2024,eu_trend_wm_max_recent_v2
ARN,BGO,72899.79,1401.919,7,2015,2024,eu_trend_wm_max_recent_v2
JNB,MUC,72896.34,1401.8527,5,2015,2019,eu_trend_wm_max_recent_v2
BRU,FAO,72874.77,1401.438,7,2015,2024,eu_trend_wm_max_recent_v2
VRN,CAG,72874.0,1401.4231,7,2015,2024,eu_trend_wm_max_recent_v2
BCN,CRL,72823.04,1400.4431,6,2015,2024,eu_trend_wm_max_recent_v2
FRA,LJU,72814.47,1400.2784,7,2015,2024,eu_trend_wm_max_recent_v2
MXP,GRU,72806.41,1400.1233,6,2015,2024,eu_trend_wm_max_recent_v2
MAN,ZRH,72801.0,1400.0192,7,2015,2024,eu_trend_wm_max_recent_v2
YUL,ORY,72752.0,1399.0769,1,2019,2019,eu_trend_wm_max_recent_v2
BVA,LIS,72749.2,1399.0232,7,2015,2024,eu_trend_wm_max_recent_v2
AMS,HAV,72737.22,1398.7927,5,2015,2019,eu_trend_wm_max_recent_v2
PVG,FCO,72717.5,1398.4135,7,2015,2024,eu_trend_wm_max_recent_v2
EDI,BRU,72707.0,1398.2115,5,2015,2019,eu_trend_wm_max_recent_v2
CRL,BCN,72702.94,1398.1335,6,2015,2024,eu_trend_wm_max_recent_v2
SVO,TFS,72685.0,1397.7885,5,2015,2019,eu_trend_wm_max_recent_v2
KEF,MXP,72677.07,1397.636,3,2015,2024,eu_trend_wm_max_recent_v2
VLC,VIE,72670.41,1397.5078,4,2018,2024,eu_trend_wm_max_recent_v2
FRA,JED,72652.0,1397.1538,5,2015,2019,eu_trend_wm_max_recent_v2
LCA,ZRH,72626.93,1396.6717,7,2015,2024,eu_trend_wm_max_recent_v2
ZRH,MLA,72621.64,1396.57,7,2015,2024,eu_trend_wm_max_recent_v2
MAN,LAS,72599.52,1396.1446,5,2015,2019,eu_trend_wm_max_recent_v2
LAS,MAN,72581.16,1395.7915,5,2015,2019,eu_trend_wm_max_recent_v2
ARN,KRK,72555.38,1395.2957,7,2015,2024,eu_trend_wm_max_recent_v2
BEG,DXB,72532.03,1394.8467,6,2016,2024,eu_trend_wm_max_recent_v2
ZRH,NUE,72520.83,1394.6314,6,2015,2023,eu_trend_wm_max_recent_v2
BOG,FRA,72498.54,1394.2027,7,2015,2024,eu_trend_wm_max_recent_v2
FNC,MAN,72488.35,1394.0068,7,2015,2024,eu_trend_wm_max_recent_v2
BCN,SDR,72421.17,1392.7147,7,2015,2024,eu_trend_wm_max_recent_v2
CRL,AGP,72417.0,1392.6346,7,2015,2024,eu_trend_wm_max_recent_v2
AGP,PRG,72402.0,1392.3462,4,2018,2024,eu_trend_wm_max_recent_v2
CPH,LAX,72398.07,1392.2706,4,2017,2024,eu_trend_wm_max_recent_v2
LTN,CRA,72391.0,1392.1346,6,2016,2024,eu_trend_wm_max_recent_v2
SOU,GCI,72386.0,1392.0385,5,2015,2019,eu_trend_wm_max_recent_v2
LHR,PMI,72371.51,1391.7599,7,2015,2024,eu_trend_wm_max_recent_v2
GVA,TLV,72356.7,1391.475,6,2015,2023,eu_trend_wm_max_recent_v2
MLA,ZRH,72338.02,1391.1158,7,2015,2024,eu_trend_wm_max_recent_v2
SVO,HER,72292.0,1390.2308,5,2015,2019,eu_trend_wm_max_recent_v2
TSF,BRI,72292.0,1390.2308,5,2015,2019,eu_trend_wm_max_recent_v2
LIS,CGN,72275.51,1389.9136,7,2015,2024,eu_trend_wm_max_recent_v2
MUC,CTA,72254.0,1389.5,7,2015,2024,eu_trend_wm_max_recent_v2
ABZ,LSI,72242.52,1389.2792,5,2015,2019,eu_trend_wm_max_recent_v2
ORD,ARN,72230.28,1389.0438,6,2015,2023,eu_trend_wm_max_recent_v2
YOW,CDG,72206.67,1388.5898,1,2024,2024,eu_trend_wm_max_recent_v2
VIE,VLC,72205.77,1388.5724,4,2018,2024,eu_trend_wm_max_recent_v2
CDG,RNS,72203.53,1388.5294,7,2015,2024,eu_trend_wm_max_recent_v2
WAW,BGY,72192.0,1388.3077,7,2015,2024,eu_trend_wm_max_recent_v2
YUL,BCN,72160.0,1387.6923,6,2016,2024,eu_trend_wm_max_recent_v2
MXP,PVG,72141.54,1387.3373,7,2015,2024,eu_trend_wm_max_recent_v2
BSL,LIS,72114.29,1386.8132,7,2015,2024,eu_trend_wm_max_recent_v2
CDG,GOT,72111.96,1386.7685,7,2015,2024,eu_trend_wm_max_recent_v2
MAN,OSL,72087.0,1386.2885,7,2015,2024,eu_trend_wm_max_recent_v2
PMI,LHR,72076.25,1386.0817,7,2015,2024,eu_trend_wm_max_recent_v2
VLC,TFN,72073.8,1386.0346,5,2015,2024,eu_trend_wm_max_recent_v2
LHR,NRT,72066.43,1385.8928,5,2015,2019,eu_trend_wm_max_recent_v2
LIS,BVA,72064.47,1385.8552,7,2015,2024,eu_trend_wm_max_recent_v2
OTP,LGW,72032.4,1385.2385,5,2017,2024,eu_trend_wm_max_recent_v2
BUD,ICN,72030.38,1385.1996,2,2023,2024,eu_trend_wm_max_recent_v2
JED,FRA,72016.0,1384.9231,5,2015,2019,eu_trend_wm_max_recent_v2
KIX,IST,72007.41,1384.7579,1,2024,2024,eu_trend_wm_max_recent_v2
MAD,LTN,71997.66,1384.5703,5,2015,2019,eu_trend_wm_max_recent_v2
MAN,EWR,71988.0,1384.3846,5,2015,2019,eu_trend_wm_max_recent_v2
LTN,DEB,71985.28,1384.3322,7,2015,2024,eu_trend_wm_max_recent_v2
CAG,VRN,71973.0,1384.0962,7,2015,2024,eu_trend_wm_max_recent_v2
ZRH,MAN,71965.0,1383.9423,7,2015,2024,eu_trend_wm_max_recent_v2
FCO,CGN,71934.05,1383.3471,6,2016,2024,eu_trend_wm_max_recent_v2
PTY,FRA,71933.0,1383.3269,4,2016,2019,eu_trend_wm_max_recent_v2
CGN,LIS,71927.01,1383.2118,7,2015,2024,eu_trend_wm_max_recent_v2
LGW,OTP,71919.18,1383.0612,5,2017,2024,eu_trend_wm_max_recent_v2
FRA,PTY,71913.0,1382.9423,4,2016,2019,eu_trend_wm_max_recent_v2
AMS,EZE,71898.0,1382.6538,7,2015,2024,eu_trend_wm_max_recent_v2
KSC,LTN,71891.54,1382.5295,7,2015,2024,eu_trend_wm_max_recent_v2
FRA,FDH,71885.0,1382.4038,7,2015,2024,eu_trend_wm_max_recent_v2
ARN,ORD,71866.14,1382.0412,6,2015,2023,eu_trend_wm_max_recent_v2
DEL,HEL,71853.44,1381.7969,7,2015,2024,eu_trend_wm_max_recent_v2
TRF,KRK,71832.68,1381.3976,5,2017,2024,eu_trend_wm_max_recent_v2
TRN,STN,71831.0,1381.3654,7,2015,2024,eu_trend_wm_max_recent_v2
EDI,EWR,71826.8,1381.2847,5,2015,2019,eu_trend_wm_max_recent_v2
SKP,BSL,71821.74,1381.1872,7,2015,2024,eu_trend_wm_max_recent_v2
YUL,ZRH,71817.0,1381.0962,7,2015,2024,eu_trend_wm_max_recent_v2
GVA,DUB,71806.0,1380.8846,7,2015,2024,eu_trend_wm_max_recent_v2
MAD,MLA,71785.56,1380.4916,7,2015,2024,eu_trend_wm_max_recent_v2
CPH,PVG,71781.17,1380.4071,6,2015,2024,eu_trend_wm_max_recent_v2
HAV,AMS,71774.8,1380.2847,5,2015,2019,eu_trend_wm_max_recent_v2
EWR,MAN,71758.0,1379.9615,5,2015,2019,eu_trend_wm_max_recent_v2
BGY,WAW,71718.0,1379.1923,7,2015,2024,eu_trend_wm_max_recent_v2
MLA,MAD,71658.99,1378.0576,7,2015,2024,eu_trend_wm_max_recent_v2
VIE,HER,71642.4,1377.7385,7,2015,2024,eu_trend_wm_max_recent_v2
CPH,BLQ,71632.0,1377.5385,7,2015,2024,eu_trend_wm_max_recent_v2
CGN,AGP,71604.49,1377.0094,6,2015,2024,eu_trend_wm_max_recent_v2
AMS,CWL,71598.64,1376.897,7,2015,2024,eu_trend_wm_max_recent_v2
MAN,FNC,71584.43,1376.6237,7,2015,2024,eu_trend_wm_max_recent_v2
AGP,CGN,71560.79,1376.1691,6,2015,2024,eu_trend_wm_max_recent_v2
BLQ,CPH,71556.36,1376.0838,7,2015,2024,eu_trend_wm_max_recent_v2
BSL,SKP,71539.15,1375.7528,7,2015,2024,eu_trend_wm_max_recent_v2
MUC,FUE,71536.68,1375.7054,7,2015,2024,eu_trend_wm_max_recent_v2
OTP,DUB,71523.42,1375.4504,7,2015,2024,eu_trend_wm_max_recent_v2
HAJ,HER,71510.85,1375.2087,7,2015,2024,eu_trend_wm_max_recent_v2
ARN,PEK,71480.68,1374.6285,6,2015,2024,eu_trend_wm_max_recent_v2
FUE,MUC,71467.32,1374.3715,7,2015,2024,eu_trend_wm_max_recent_v2
ICN,BUD,71454.82,1374.1312,2,2023,2024,eu_trend_wm_max_recent_v2
HAM,GDN,71453.9,1374.1135,6,2016,2024,eu_trend_wm_max_recent_v2
HER,HAJ,71426.58,1373.5881,7,2015,2024,eu_trend_wm_max_recent_v2
KGS,LGW,71379.74,1372.6873,7,2015,2024,eu_trend_wm_max_recent_v2
CRA,LTN,71375.0,1372.5962,6,2016,2024,eu_trend_wm_max_recent_v2
ORY,FLR,71372.6,1372.55,7,2015,2024,eu_trend_wm_max_recent_v2
NRT,LHR,71318.38,1371.5073,5,2015,2019,eu_trend_wm_max_recent_v2
LGW,KGS,71310.0,1371.3461,7,2015,2024,eu_trend_wm_max_recent_v2
VRN,IST,71307.01,1371.2886,2,2023,2024,eu_trend_wm_max_recent_v2
BGY,AGP,71299.62,1371.1465,2,2023,2024,eu_trend_wm_max_recent_v2
LGW,JTR,71295.51,1371.0674,7,2015,2024,eu_trend_wm_max_recent_v2
GDN,BGO,71270.98,1370.5958,7,2015,2024,eu_trend_wm_max_recent_v2
HER,VIE,71261.09,1370.4056,7,2015,2024,eu_trend_wm_max_recent_v2
MAA,LHR,71255.87,1370.3052,5,2015,2019,eu_trend_wm_max_recent_v2
FRA,KUL,71248.93,1370.1718,1,2015,2015,eu_trend_wm_max_recent_v2
LSI,ABZ,71237.82,1369.9581,5,2015,2019,eu_trend_wm_max_recent_v2
YUL,GVA,71224.79,1369.7074,2,2023,2024,eu_trend_wm_max_recent_v2
ATH,ARN,71222.94,1369.6719,7,2015,2024,eu_trend_wm_max_recent_v2
ORD,CPH,71206.02,1369.3465,7,2015,2024,eu_trend_wm_max_recent_v2
PVG,CPH,71155.06,1368.3665,6,2015,2024,eu_trend_wm_max_recent_v2
CIA,VLC,71154.18,1368.3496,5,2015,2019,eu_trend_wm_max_recent_v2
DPS,AMS,71148.06,1368.2319,7,2015,2024,eu_trend_wm_max_recent_v2
MUC,BEG,71082.24,1366.9661,7,2015,2024,eu_trend_wm_max_recent_v2
CWL,AMS,71064.85,1366.6318,7,2015,2024,eu_trend_wm_max_recent_v2
DUS,BUD,71064.52,1366.6254,7,2015,2024,eu_trend_wm_max_recent_v2
CDG,MLA,71055.72,1366.4562,7,2015,2024,eu_trend_wm_max_recent_v2
TLV,LIS,71036.0,1366.0769,3,2019,2024,eu_trend_wm_max_recent_v2
RNS,CDG,70984.82,1365.0927,7,2015,2024,eu_trend_wm_max_recent_v2
BRI,PSA,70976.27,1364.9283,7,2015,2024,eu_trend_wm_max_recent_v2
LED,BER,70962.0,1364.6538,5,2015,2019,eu_trend_wm_max_recent_v2
IST,DPS,70961.49,1364.6441,2,2023,2024,eu_trend_wm_max_recent_v2
ZRH,DEL,70928.0,1364.0,7,2015,2024,eu_trend_wm_max_recent_v2
DUB,NAP,70914.37,1363.738,7,2015,2024,eu_trend_wm_max_recent_v2
FLR,ORY,70914.37,1363.738,7,2015,2024,eu_trend_wm_max_recent_v2
PMI,HHN,70908.46,1363.6243,7,2015,2024,eu_trend_wm_max_recent_v2
INV,LHR,70869.0,1362.8654,4,2016,2019,eu_trend_wm_max_recent_v2
SVO,STR,70867.0,1362.8269,5,2015,2019,eu_trend_wm_max_recent_v2
LAX,DUB,70855.0,1362.5962,5,2017,2024,eu_trend_wm_max_recent_v2
MUC,NUE,70790.0,1361.3462,5,2015,2019,eu_trend_wm_max_recent_v2
CPH,IAD,70762.5,1360.8173,7,2015,2024,eu_trend_wm_max_recent_v2
AGP,BGY,70757.32,1360.7177,2,2023,2024,eu_trend_wm_max_recent_v2
WMI,GDN,70757.1,1360.7136,2,2015,2016,eu_trend_wm_max_recent_v2
CAI,BCN,70712.98,1359.8649,2,2023,2024,eu_trend_wm_max_recent_v2
DUB,SOU,70709.35,1359.7952,7,2015,2024,eu_trend_wm_max_recent_v2
BUD,DUS,70699.34,1359.6027,7,2015,2024,eu_trend_wm_max_recent_v2
ATH,ORD,70698.63,1359.589,1,2024,2024,eu_trend_wm_max_recent_v2
LTN,KSC,70698.24,1359.5815,7,2015,2024,eu_trend_wm_max_recent_v2
NGO,HEL,70695.0,1359.5192,5,2015,2019,eu_trend_wm_max_recent_v2
VLC,CIA,70689.06,1359.405,5,2015,2019,eu_trend_wm_max_recent_v2
ATH,SMI,70680.64,1359.2431,7,2015,2024,eu_trend_wm_max_recent_v2
IST,VRN,70654.77,1358.7457,2,2023,2024,eu_trend_wm_max_recent_v2
LIS,BSL,70648.81,1358.6311,7,2015,2024,eu_trend_wm_max_recent_v2
PEK,WAW,70585.0,1357.4038,5,2017,2024,eu_trend_wm_max_recent_v2
TRD,SVG,70563.05,1356.9817,5,2015,2019,eu_trend_wm_max_recent_v2
NQY,LHR,70562.0,1356.9615,1,2019,2019,eu_trend_wm_max_recent_v2
LHR,NQY,70542.0,1356.5769,1,2019,2019,eu_trend_wm_max_recent_v2
MUC,JNB,70531.98,1356.3842,5,2015,2019,eu_trend_wm_max_recent_v2
LAX,BCN,70515.66,1356.0704,4,2018,2024,eu_trend_wm_max_recent_v2
MXP,HAM,70466.7,1355.1288,7,2015,2024,eu_trend_wm_max_recent_v2
DUB,SWF,70432.0,1354.4615,2,2018,2019,eu_trend_wm_max_recent_v2
PSA,BRI,70432.0,1354.4615,7,2015,2024,eu_trend_wm_max_recent_v2
CGN,FCO,70391.59,1353.6844,6,2016,2024,eu_trend_wm_max_recent_v2
BGO,GDN,70390.55,1353.6645,7,2015,2024,eu_trend_wm_max_recent_v2
BOS,MAD,70364.69,1353.1671,7,2015,2024,eu_trend_wm_max_recent_v2
CTA,IST,70359.14,1353.0605,2,2023,2024,eu_trend_wm_max_recent_v2
DUB,OTP,70326.96,1352.4415,7,2015,2024,eu_trend_wm_max_recent_v2
BSL,FCO,70317.57,1352.261,7,2015,2024,eu_trend_wm_max_recent_v2
STN,RHO,70304.64,1352.0122,7,2015,2024,eu_trend_wm_max_recent_v2
HHN,PMI,70290.46,1351.7397,7,2015,2024,eu_trend_wm_max_recent_v2
BCN,MLA,70278.0,1351.5,7,2015,2024,eu_trend_wm_max_recent_v2
SZG,LGW,70269.84,1351.3431,7,2015,2024,eu_trend_wm_max_recent_v2
STR,SVO,70245.0,1350.8654,5,2015,2019,eu_trend_wm_max_recent_v2
PEK,VIE,70210.88,1350.2092,6,2015,2024,eu_trend_wm_max_recent_v2
MLA,ORY,70208.63,1350.166,7,2015,2024,eu_trend_wm_max_recent_v2
WAW,CRL,70184.54,1349.7026,7,2015,2024,eu_trend_wm_max_recent_v2
OSL,HAM,70181.65,1349.6472,7,2015,2024,eu_trend_wm_max_recent_v2
STN,RZE,70167.84,1349.3815,7,2015,2024,eu_trend_wm_max_recent_v2
ZAG,LHR,70152.0,1349.0769,7,2015,2024,eu_trend_wm_max_recent_v2
MRS,OPO,70150.0,1349.0385,7,2015,2024,eu_trend_wm_max_recent_v2
VIE,PEK,70096.14,1348.0027,6,2015,2024,eu_trend_wm_max_recent_v2
MXP,JED,70095.85,1347.9971,2,2023,2024,eu_trend_wm_max_recent_v2
SOU,DUB,70034.42,1346.8158,7,2015,2024,eu_trend_wm_max_recent_v2
DPS,IST,70028.41,1346.7001,2,2023,2024,eu_trend_wm_max_recent_v2
LGW,SZG,70019.94,1346.5373,7,2015,2024,eu_trend_wm_max_recent_v2
EWR,EDI,70003.65,1346.224,5,2015,2019,eu_trend_wm_max_recent_v2
VCE,BRS,69993.95,1346.0375,6,2016,2024,eu_trend_wm_max_recent_v2
GLA,CDG,69971.13,1345.5986,7,2015,2024,eu_trend_wm_max_recent_v2
MLA,CDG,69960.04,1345.3854,7,2015,2024,eu_trend_wm_max_recent_v2
BCN,LAX,69933.24,1344.87,4,2018,2024,eu_trend_wm_max_recent_v2
HAM,MXP,69923.04,1344.6738,7,2015,2024,eu_trend_wm_max_recent_v2
EWR,MAD,69906.12,1344.3484,7,2015,2024,eu_trend_wm_max_recent_v2
CDG,BLR,69903.44,1344.2968,7,2015,2024,eu_trend_wm_max_recent_v2
IST,BSL,69875.32,1343.7562,3,2019,2024,eu_trend_wm_max_recent_v2
OPO,MRS,69865.0,1343.5577,7,2015,2024,eu_trend_wm_max_recent_v2
ATH,BLQ,69863.96,1343.5377,6,2016,2024,eu_trend_wm_max_recent_v2
LTN,PRG,69862.0,1343.5,5,2015,2019,eu_trend_wm_max_recent_v2
LHR,HYD,69774.66,1341.8204,5,2015,2019,eu_trend_wm_max_recent_v2
DUB,OSL,69755.0,1341.4423,7,2015,2024,eu_trend_wm_max_recent_v2
ATL,MAD,69751.54,1341.3757,7,2015,2024,eu_trend_wm_max_recent_v2
MUC,KIX,69745.0,1341.25,2,2019,2024,eu_trend_wm_max_recent_v2
GDN,HAM,69744.79,1341.2459,6,2016,2024,eu_trend_wm_max_recent_v2
CPH,ORD,69697.62,1340.3388,7,2015,2024,eu_trend_wm_max_recent_v2
LTN,MAD,69690.59,1340.2037,5,2015,2019,eu_trend_wm_max_recent_v2
CRL,WAW,69662.56,1339.6647,7,2015,2024,eu_trend_wm_max_recent_v2
BHX,IBZ,69646.0,1339.3462,7,2015,2024,eu_trend_wm_max_recent_v2
LUX,BCN,69622.84,1338.9007,7,2015,2024,eu_trend_wm_max_recent_v2
STN,TRN,69598.0,1338.4231,7,2015,2024,eu_trend_wm_max_recent_v2
IBZ,BHX,69591.0,1338.2885,7,2015,2024,eu_trend_wm_max_recent_v2
LHR,INV,69557.0,1337.6346,4,2016,2019,eu_trend_wm_max_recent_v2
BDS,TRN,69536.0,1337.2307,7,2015,2024,eu_trend_wm_max_recent_v2
BER,LED,69519.0,1336.9038,5,2015,2019,eu_trend_wm_max_recent_v2
MRS,BRU,69501.84,1336.5739,7,2015,2024,eu_trend_wm_max_recent_v2
RZE,STN,69492.6,1336.3962,7,2015,2024,eu_trend_wm_max_recent_v2
SOF,FMM,69467.74,1335.9181,6,2016,2024,eu_trend_wm_max_recent_v2
CHQ,ARN,69462.92,1335.8254,7,2015,2024,eu_trend_wm_max_recent_v2
WAW,PEK,69460.0,1335.7692,5,2017,2024,eu_trend_wm_max_recent_v2
ARN,CHQ,69447.76,1335.5339,7,2015,2024,eu_trend_wm_max_recent_v2
GDN,WMI,69444.39,1335.469,2,2015,2016,eu_trend_wm_max_recent_v2
PEK,ARN,69429.36,1335.1801,6,2015,2024,eu_trend_wm_max_recent_v2
LHR,RDU,69412.0,1334.8462,5,2015,2019,eu_trend_wm_max_recent_v2
KIX,MUC,69394.0,1334.5,2,2019,2024,eu_trend_wm_max_recent_v2
CPH,KRK,69386.0,1334.3462,7,2015,2024,eu_trend_wm_max_recent_v2
BLQ,ATH,69384.49,1334.3171,6,2016,2024,eu_trend_wm_max_recent_v2
BGO,ARN,69370.11,1334.0405,7,2015,2024,eu_trend_wm_max_recent_v2
ORY,MLA,69355.43,1333.7583,7,2015,2024,eu_trend_wm_max_recent_v2
OSL,DUS,69347.53,1333.6064,4,2018,2024,eu_trend_wm_max_recent_v2
NCE,LUX,69342.91,1333.5176,7,2015,2024,eu_trend_wm_max_recent_v2
ALC,DUS,69311.74,1332.9181,7,2015,2024,eu_trend_wm_max_recent_v2
LUX,NCE,69307.81,1332.8425,7,2015,2024,eu_trend_wm_max_recent_v2
EDI,FAO,69283.88,1332.3823,7,2015,2024,eu_trend_wm_max_recent_v2
FCO,BSL,69279.17,1332.2917,7,2015,2024,eu_trend_wm_max_recent_v2
STR,FUE,69273.49,1332.1826,7,2015,2024,eu_trend_wm_max_recent_v2
WAW,ALC,69252.38,1331.7765,2,2023,2024,eu_trend_wm_max_recent_v2
ALC,WAW,69230.2,1331.3501,2,2023,2024,eu_trend_wm_max_recent_v2
ORD,ATH,69225.01,1331.2501,1,2024,2024,eu_trend_wm_max_recent_v2
FRA,KTW,69202.92,1330.8254,7,2015,2024,eu_trend_wm_max_recent_v2
MLA,BCN,69201.0,1330.7885,7,2015,2024,eu_trend_wm_max_recent_v2
RHO,DUS,69196.95,1330.7105,7,2015,2024,eu_trend_wm_max_recent_v2
PHL,CDG,69185.58,1330.4919,7,2015,2024,eu_trend_wm_max_recent_v2
PRG,EIN,69176.0,1330.3077,6,2016,2024,eu_trend_wm_max_recent_v2
GRU,MUC,69126.03,1329.3467,2,2015,2016,eu_trend_wm_max_recent_v2
PVG,ZRH,69096.0,1328.7692,6,2015,2024,eu_trend_wm_max_recent_v2
FRA,GLA,69087.93,1328.6141,4,2018,2024,eu_trend_wm_max_recent_v2
PVG,VIE,69086.0,1328.5769,5,2016,2024,eu_trend_wm_max_recent_v2
AMS,CMN,69077.0,1328.4038,7,2015,2024,eu_trend_wm_max_recent_v2
BOD,DUB,69072.84,1328.3239,7,2015,2024,eu_trend_wm_max_recent_v2
KTW,FRA,69071.34,1328.295,7,2015,2024,eu_trend_wm_max_recent_v2
CDG,SJO,69043.59,1327.7613,4,2018,2024,eu_trend_wm_max_recent_v2
KRK,CPH,69034.0,1327.5769,7,2015,2024,eu_trend_wm_max_recent_v2
SXB,TLS,69018.0,1327.2692,7,2015,2024,eu_trend_wm_max_recent_v2
MXP,WAW,69012.85,1327.1703,7,2015,2024,eu_trend_wm_max_recent_v2
DUB,BOD,69001.29,1326.9479,7,2015,2024,eu_trend_wm_max_recent_v2
BRS,VCE,68979.56,1326.53,6,2016,2024,eu_trend_wm_max_recent_v2
MAD,BOS,68968.76,1326.3222,7,2015,2024,eu_trend_wm_max_recent_v2
TFS,CGN,68943.84,1325.8431,7,2015,2024,eu_trend_wm_max_recent_v2
OSL,DUB,68939.0,1325.75,7,2015,2024,eu_trend_wm_max_recent_v2
EIN,PRG,68921.0,1325.4038,6,2016,2024,eu_trend_wm_max_recent_v2
MAD,PHL,68910.0,1325.1923,7,2015,2024,eu_trend_wm_max_recent_v2
IST,CTA,68896.7,1324.9365,2,2023,2024,eu_trend_wm_max_recent_v2
BFS,TFS,68893.0,1324.8654,7,2015,2024,eu_trend_wm_max_recent_v2
TLV,BOJ,68858.92,1324.21,7,2015,2024,eu_trend_wm_max_recent_v2
BVA,IAS,68850.5,1324.0482,6,2016,2024,eu_trend_wm_max_recent_v2
TRN,BDS,68850.5,1324.0482,7,2015,2024,eu_trend_wm_max_recent_v2
HER,PRG,68838.07,1323.809,7,2015,2024,eu_trend_wm_max_recent_v2
SCQ,VLC,68821.87,1323.4974,7,2015,2024,eu_trend_wm_max_recent_v2
RHO,STN,68800.62,1323.0888,7,2015,2024,eu_trend_wm_max_recent_v2
BHX,BRU,68794.92,1322.9792,5,2015,2019,eu_trend_wm_max_recent_v2
IST,KIX,68794.78,1322.9766,1,2024,2024,eu_trend_wm_max_recent_v2
CGN,DRS,68776.56,1322.6262,5,2015,2019,eu_trend_wm_max_recent_v2
LCA,DXB,68752.21,1322.158,7,2015,2024,eu_trend_wm_max_recent_v2
MUC,PAD,68747.18,1322.0611,7,2015,2024,eu_trend_wm_max_recent_v2
MAD,EWR,68745.87,1322.036,7,2015,2024,eu_trend_wm_max_recent_v2
BOJ,TLV,68731.19,1321.7537,7,2015,2024,eu_trend_wm_max_recent_v2
FCO,SVQ,68722.5,1321.5865,7,2015,2024,eu_trend_wm_max_recent_v2
MUC,WRO,68698.72,1321.1293,7,2015,2024,eu_trend_wm_max_recent_v2
LTN,NOC,68670.58,1320.5881,7,2015,2024,eu_trend_wm_max_recent_v2
BCN,LUX,68670.35,1320.5837,7,2015,2024,eu_trend_wm_max_recent_v2
CDG,PHL,68655.0,1320.2885,7,2015,2024,eu_trend_wm_max_recent_v2
TLS,SXB,68648.0,1320.1538,7,2015,2024,eu_trend_wm_max_recent_v2
ATH,LTN,68602.77,1319.284,4,2018,2024,eu_trend_wm_max_recent_v2
LIS,ARN,68600.85,1319.2472,7,2015,2024,eu_trend_wm_max_recent_v2
DOH,BHX,68596.0,1319.1538,4,2016,2019,eu_trend_wm_max_recent_v2
BRS,ORY,68585.36,1318.9492,2,2023,2024,eu_trend_wm_max_recent_v2
DUS,MIA,68575.89,1318.767,4,2015,2019,eu_trend_wm_max_recent_v2
DUS,RHO,68541.94,1318.1142,7,2015,2024,eu_trend_wm_max_recent_v2
NUE,MUC,68533.87,1317.9591,5,2015,2019,eu_trend_wm_max_recent_v2
FUE,STR,68510.38,1317.5073,7,2015,2024,eu_trend_wm_max_recent_v2
LGW,MIA,68483.0,1316.9808,1,2019,2019,eu_trend_wm_max_recent_v2
PAD,MUC,68445.79,1316.2653,7,2015,2024,eu_trend_wm_max_recent_v2
PSA,LHR,68444.01,1316.231,7,2015,2024,eu_trend_wm_max_recent_v2
FAO,EDI,68418.0,1315.7308,7,2015,2024,eu_trend_wm_max_recent_v2
WAW,MXP,68407.34,1315.5258,7,2015,2024,eu_trend_wm_max_recent_v2
TFS,BFS,68395.97,1315.3072,7,2015,2024,eu_trend_wm_max_recent_v2
IST,PVG,68388.58,1315.165,2,2023,2024,eu_trend_wm_max_recent_v2
WMI,DUB,68377.24,1314.947,7,2015,2024,eu_trend_wm_max_recent_v2
DUB,WMI,68376.34,1314.9295,7,2015,2024,eu_trend_wm_max_recent_v2
BEG,MUC,68367.28,1314.7554,7,2015,2024,eu_trend_wm_max_recent_v2
MSP,LHR,68366.0,1314.7308,5,2015,2019,eu_trend_wm_max_recent_v2
BWI,LHR,68272.0,1312.9231,5,2015,2019,eu_trend_wm_max_recent_v2
OPO,EWR,68271.25,1312.9087,6,2015,2024,eu_trend_wm_max_recent_v2
LHR,BWI,68266.0,1312.8077,5,2015,2019,eu_trend_wm_max_recent_v2
ZRH,BOM,68264.81,1312.7847,7,2015,2024,eu_trend_wm_max_recent_v2
WRO,MUC,68256.01,1312.6155,7,2015,2024,eu_trend_wm_max_recent_v2
LTN,BCM,68241.69,1312.3402,7,2015,2024,eu_trend_wm_max_recent_v2
IAD,ZRH,68239.0,1312.2885,7,2015,2024,eu_trend_wm_max_recent_v2
KEF,MUC,68222.7,1311.975,7,2015,2024,eu_trend_wm_max_recent_v2
ARN,RHO,68210.0,1311.7308,7,2015,2024,eu_trend_wm_max_recent_v2
DOH,BUD,68132.67,1310.2437,6,2016,2024,eu_trend_wm_max_recent_v2
ATL,STR,68112.0,1309.8462,7,2015,2024,eu_trend_wm_max_recent_v2
IAD,CPH,68107.44,1309.7585,7,2015,2024,eu_trend_wm_max_recent_v2
BDS,PSA,68106.81,1309.7463,7,2015,2024,eu_trend_wm_max_recent_v2
RHO,ARN,68095.0,1309.5192,7,2015,2024,eu_trend_wm_max_recent_v2
HER,HAM,68087.0,1309.3654,7,2015,2024,eu_trend_wm_max_recent_v2
DUS,EWR,68051.52,1308.6831,5,2015,2019,eu_trend_wm_max_recent_v2
LIS,TLV,67969.0,1307.0962,3,2019,2024,eu_trend_wm_max_recent_v2
TRN,SUF,67959.7,1306.9173,7,2015,2024,eu_trend_wm_max_recent_v2
LPA,GOT,67957.26,1306.8703,7,2015,2024,eu_trend_wm_max_recent_v2
ALC,CDG,67952.53,1306.7794,2,2023,2024,eu_trend_wm_max_recent_v2
VCE,CAG,67902.64,1305.82,7,2015,2024,eu_trend_wm_max_recent_v2
LTN,ATH,67901.71,1305.8022,4,2018,2024,eu_trend_wm_max_recent_v2
ABZ,FRA,67897.15,1305.7144,3,2015,2017,eu_trend_wm_max_recent_v2
VLC,SCQ,67886.01,1305.5002,7,2015,2024,eu_trend_wm_max_recent_v2
NOC,LTN,67842.52,1304.6638,7,2015,2024,eu_trend_wm_max_recent_v2
DUS,ALC,67837.72,1304.5716,7,2015,2024,eu_trend_wm_max_recent_v2
PSA,BDS,67817.65,1304.1855,7,2015,2024,eu_trend_wm_max_recent_v2
MAN,PHL,67802.46,1303.8935,5,2015,2019,eu_trend_wm_max_recent_v2
MAD,ATL,67757.58,1303.0304,7,2015,2024,eu_trend_wm_max_recent_v2
TPA,FRA,67755.91,1302.9983,6,2016,2024,eu_trend_wm_max_recent_v2
ACE,AMS,67740.77,1302.7071,7,2015,2024,eu_trend_wm_max_recent_v2
DRS,CGN,67740.24,1302.6969,5,2015,2019,eu_trend_wm_max_recent_v2
LIS,PRG,67679.07,1301.5205,2,2023,2024,eu_trend_wm_max_recent_v2
MAN,ATH,67678.14,1301.5028,7,2015,2024,eu_trend_wm_max_recent_v2
PHL,MAD,67668.0,1301.3077,7,2015,2024,eu_trend_wm_max_recent_v2
PRG,HER,67643.69,1300.8401,7,2015,2024,eu_trend_wm_max_recent_v2
LHR,MSP,67634.0,1300.6538,5,2015,2019,eu_trend_wm_max_recent_v2
MAD,NRT,67626.0,1300.5,3,2017,2019,eu_trend_wm_max_recent_v2
GRO,STN,67610.99,1300.2114,7,2015,2024,eu_trend_wm_max_recent_v2
MXP,CMN,67600.01,1300.0002,7,2015,2024,eu_trend_wm_max_recent_v2
WAW,PMI,67595.92,1299.9216,2,2023,2024,eu_trend_wm_max_recent_v2
LED,MXP,67566.0,1299.3462,5,2015,2019,eu_trend_wm_max_recent_v2
AMS,PKX,67554.84,1299.1315,1,2024,2024,eu_trend_wm_max_recent_v2
IAS,BVA,67534.95,1298.749,6,2016,2024,eu_trend_wm_max_recent_v2
STN,BIO,67486.59,1297.819,5,2015,2019,eu_trend_wm_max_recent_v2
DXB,LCA,67466.98,1297.442,7,2015,2024,eu_trend_wm_max_recent_v2
KEF,TFS,67466.58,1297.4343,7,2015,2024,eu_trend_wm_max_recent_v2
VIE,PVG,67442.0,1296.9615,5,2016,2024,eu_trend_wm_max_recent_v2
FCO,ADD,67424.41,1296.6233,7,2015,2024,eu_trend_wm_max_recent_v2
LHR,MAA,67413.76,1296.4184,5,2015,2019,eu_trend_wm_max_recent_v2
PMI,PRG,67405.61,1296.2617,6,2016,2024,eu_trend_wm_max_recent_v2
CPH,CRL,67398.54,1296.1258,4,2016,2019,eu_trend_wm_max_recent_v2
VIE,BUD,67371.88,1295.6131,7,2015,2024,eu_trend_wm_max_recent_v2
PSA,MAN,67369.16,1295.5608,7,2015,2024,eu_trend_wm_max_recent_v2
SUF,TRN,67350.14,1295.1951,7,2015,2024,eu_trend_wm_max_recent_v2
SBZ,MUC,67331.53,1294.837,7,2015,2024,eu_trend_wm_max_recent_v2
AMS,ACE,67322.95,1294.6721,7,2015,2024,eu_trend_wm_max_recent_v2
MXP,OSL,67312.3,1294.4673,7,2015,2024,eu_trend_wm_max_recent_v2
GOT,CDG,67303.47,1294.2974,7,2015,2024,eu_trend_wm_max_recent_v2
MAN,PSA,67295.8,1294.15,7,2015,2024,eu_trend_wm_max_recent_v2
CAN,IST,67268.88,1293.6323,2,2023,2024,eu_trend_wm_max_recent_v2
DXB,HEL,67248.0,1293.2308,4,2016,2019,eu_trend_wm_max_recent_v2
HAM,HER,67246.0,1293.1923,7,2015,2024,eu_trend_wm_max_recent_v2
ZRH,PVG,67223.1,1292.7519,6,2015,2024,eu_trend_wm_max_recent_v2
DUB,BTS,67219.02,1292.6735,7,2015,2024,eu_trend_wm_max_recent_v2
LPA,BRU,67216.98,1292.6342,7,2015,2024,eu_trend_wm_max_recent_v2
NTE,PMI,67191.28,1292.14,7,2015,2024,eu_trend_wm_max_recent_v2
BCN,ATL,67181.12,1291.9445,6,2016,2024,eu_trend_wm_max_recent_v2
ATL,DUS,67181.0,1291.9423,5,2015,2019,eu_trend_wm_max_recent_v2
GOT,IST,67176.0,1291.8462,3,2019,2024,eu_trend_wm_max_recent_v2
FRA,NRT,67175.16,1291.83,7,2015,2024,eu_trend_wm_max_recent_v2
PMI,WAW,67171.88,1291.7669,2,2023,2024,eu_trend_wm_max_recent_v2
FRA,ABZ,67168.1,1291.6942,3,2015,2017,eu_trend_wm_max_recent_v2
DUS,ORD,67163.83,1291.6122,1,2015,2015,eu_trend_wm_max_recent_v2
ATH,MAN,67159.87,1291.5359,7,2015,2024,eu_trend_wm_max_recent_v2
CAG,VCE,67140.01,1291.1541,7,2015,2024,eu_trend_wm_max_recent_v2
CDG,ALC,67110.9,1290.5943,2,2023,2024,eu_trend_wm_max_recent_v2
CDG,GLA,67098.89,1290.3633,7,2015,2024,eu_trend_wm_max_recent_v2
TFS,KEF,67087.48,1290.1439,7,2015,2024,eu_trend_wm_max_recent_v2
SOF,LGW,67073.16,1289.8685,7,2015,2024,eu_trend_wm_max_recent_v2
OSL,CHQ,67071.47,1289.8359,7,2015,2024,eu_trend_wm_max_recent_v2
LUX,ZRH,67021.36,1288.8724,7,2015,2024,eu_trend_wm_max_recent_v2
CGN,TFS,66996.66,1288.3973,7,2015,2024,eu_trend_wm_max_recent_v2
GVA,LPL,66994.0,1288.3462,5,2015,2019,eu_trend_wm_max_recent_v2
TFS,CPH,66952.0,1287.5385,7,2015,2024,eu_trend_wm_max_recent_v2
KRS,AMS,66925.0,1287.0192,7,2015,2024,eu_trend_wm_max_recent_v2
BUD,DOH,66918.53,1286.8948,6,2016,2024,eu_trend_wm_max_recent_v2
IST,DTW,66906.33,1286.6603,1,2024,2024,eu_trend_wm_max_recent_v2
BWN,LHR,66895.0,1286.4423,5,2015,2019,eu_trend_wm_max_recent_v2
STR,LPA,66875.0,1286.0577,7,2015,2024,eu_trend_wm_max_recent_v2
STN,GRO,66862.86,1285.8242,7,2015,2024,eu_trend_wm_max_recent_v2
MXP,NRT,66855.06,1285.6743,5,2015,2019,eu_trend_wm_max_recent_v2
WAW,LCA,66842.0,1285.4231,7,2015,2024,eu_trend_wm_max_recent_v2
ARN,ATH,66821.74,1285.0335,7,2015,2024,eu_trend_wm_max_recent_v2
AGP,HAM,66806.03,1284.7314,7,2015,2024,eu_trend_wm_max_recent_v2
AMS,KRS,66798.0,1284.5769,7,2015,2024,eu_trend_wm_max_recent_v2
ORY,BRS,66792.18,1284.4649,2,2023,2024,eu_trend_wm_max_recent_v2
ORY,LAX,66777.4,1284.1807,2,2023,2024,eu_trend_wm_max_recent_v2
FRA,CMN,66752.45,1283.701,7,2015,2024,eu_trend_wm_max_recent_v2
EWR,DUS,66747.9,1283.6135,5,2015,2019,eu_trend_wm_max_recent_v2
OTP,LIS,66699.0,1282.6731,4,2015,2019,eu_trend_wm_max_recent_v2
FMM,SOF,66687.15,1282.4452,6,2016,2024,eu_trend_wm_max_recent_v2
ALC,FRA,66647.0,1281.6731,3,2017,2019,eu_trend_wm_max_recent_v2
SNN,JFK,66645.35,1281.6413,7,2015,2024,eu_trend_wm_max_recent_v2
ARN,LIS,66620.97,1281.1726,7,2015,2024,eu_trend_wm_max_recent_v2
ATH,WAW,66613.87,1281.036,6,2016,2024,eu_trend_wm_max_recent_v2
GLA,FRA,66600.02,1280.7696,4,2018,2024,eu_trend_wm_max_recent_v2
FMO,FRA,66584.0,1280.4615,7,2015,2024,eu_trend_wm_max_recent_v2
ADD,FCO,66559.44,1279.9892,7,2015,2024,eu_trend_wm_max_recent_v2
MAN,EXT,66557.04,1279.9431,5,2015,2019,eu_trend_wm_max_recent_v2
LIS,OTP,66542.94,1279.672,4,2015,2019,eu_trend_wm_max_recent_v2
BTS,DUB,66540.72,1279.6292,7,2015,2024,eu_trend_wm_max_recent_v2
DUS,LGW,66516.0,1279.1538,2,2015,2019,eu_trend_wm_max_recent_v2
LCA,WAW,66497.0,1278.7885,7,2015,2024,eu_trend_wm_max_recent_v2
GOT,LPA,66444.02,1277.7695,7,2015,2024,eu_trend_wm_max_recent_v2
NRT,MXP,66437.86,1277.6512,5,2015,2019,eu_trend_wm_max_recent_v2
STR,ATL,66427.0,1277.4423,7,2015,2024,eu_trend_wm_max_recent_v2
LHR,PSA,66419.87,1277.3051,7,2015,2024,eu_trend_wm_max_recent_v2
TLL,OSL,66414.0,1277.1923,7,2015,2024,eu_trend_wm_max_recent_v2
LPL,GVA,66410.0,1277.1154,5,2015,2019,eu_trend_wm_max_recent_v2
BRS,KRK,66386.0,1276.6538,7,2015,2024,eu_trend_wm_max_recent_v2
NAP,ZRH,66365.36,1276.2569,7,2015,2024,eu_trend_wm_max_recent_v2
BRU,LPA,66360.18,1276.1573,7,2015,2024,eu_trend_wm_max_recent_v2
FCO,HND,66347.81,1275.9194,2,2023,2024,eu_trend_wm_max_recent_v2
JED,MXP,66332.1,1275.6173,2,2023,2024,eu_trend_wm_max_recent_v2
LGW,GNB,66324.95,1275.4798,7,2015,2024,eu_trend_wm_max_recent_v2
CDG,LOS,66306.12,1275.1177,7,2015,2024,eu_trend_wm_max_recent_v2
STN,MLA,66281.29,1274.6402,7,2015,2024,eu_trend_wm_max_recent_v2
SCL,MXP,66235.3,1273.7557,1,2016,2016,eu_trend_wm_max_recent_v2
BGO,AES,66224.0,1273.5385,5,2015,2019,eu_trend_wm_max_recent_v2
SPU,MUC,66224.0,1273.5385,7,2015,2024,eu_trend_wm_max_recent_v2
IST,GOT,66218.0,1273.4231,3,2019,2024,eu_trend_wm_max_recent_v2
FRA,ALC,66209.0,1273.25,3,2017,2019,eu_trend_wm_max_recent_v2
GLA,ACE,66204.39,1273.1614,7,2015,2024,eu_trend_wm_max_recent_v2
OSL,MXP,66196.3,1273.0057,7,2015,2024,eu_trend_wm_max_recent_v2
CPH,TRD,66194.45,1272.9702,7,2015,2024,eu_trend_wm_max_recent_v2
EXT,MAN,66193.92,1272.96,5,2015,2019,eu_trend_wm_max_recent_v2
GVA,YYZ,66185.31,1272.7945,5,2015,2019,eu_trend_wm_max_recent_v2
RHO,AMS,66184.74,1272.7835,7,2015,2024,eu_trend_wm_max_recent_v2
DUB,ATL,66170.43,1272.5082,6,2016,2024,eu_trend_wm_max_recent_v2
PRG,PMI,66168.58,1272.4727,6,2016,2024,eu_trend_wm_max_recent_v2
HEL,DXB,66152.0,1272.1538,4,2016,2019,eu_trend_wm_max_recent_v2
LPA,STR,66135.0,1271.8269,7,2015,2024,eu_trend_wm_max_recent_v2
PVG,BUD,66132.84,1271.7854,1,2024,2024,eu_trend_wm_max_recent_v2
CHQ,OSL,66129.9,1271.7289,7,2015,2024,eu_trend_wm_max_recent_v2
MUC,KEF,66089.88,1270.9592,7,2015,2024,eu_trend_wm_max_recent_v2
BUD,VIE,66085.74,1270.8797,7,2015,2024,eu_trend_wm_max_recent_v2
EWR,OPO,66049.4,1270.1809,6,2015,2024,eu_trend_wm_max_recent_v2
VIE,GRZ,66025.0,1269.7115,7,2015,2024,eu_trend_wm_max_recent_v2
MLA,STN,66008.76,1269.3991,7,2015,2024,eu_trend_wm_max_recent_v2
FRA,FMO,65994.0,1269.1154,7,2015,2024,eu_trend_wm_max_recent_v2
MXP,LED,65988.0,1269.0,5,2015,2019,eu_trend_wm_max_recent_v2
BSL,IST,65977.06,1268.7895,3,2019,2024,eu_trend_wm_max_recent_v2
SVQ,FCO,65973.6,1268.7231,7,2015,2024,eu_trend_wm_max_recent_v2
BGO,LHR,65971.06,1268.6742,3,2015,2017,eu_trend_wm_max_recent_v2
LGW,SOF,65962.38,1268.5073,7,2015,2024,eu_trend_wm_max_recent_v2
BGY,SVQ,65931.78,1267.9188,7,2015,2024,eu_trend_wm_max_recent_v2
DOH,GVA,65927.46,1267.8357,6,2016,2024,eu_trend_wm_max_recent_v2
YYZ,GVA,65920.78,1267.7074,5,2015,2019,eu_trend_wm_max_recent_v2
HAM,AGP,65878.49,1266.8941,7,2015,2024,eu_trend_wm_max_recent_v2
PRG,LIS,65848.93,1266.3256,2,2023,2024,eu_trend_wm_max_recent_v2
OSL,LIS,65837.94,1266.1142,7,2015,2024,eu_trend_wm_max_recent_v2
MXP,YYZ,65825.0,1265.8654,2,2018,2019,eu_trend_wm_max_recent_v2
BGY,ARN,65823.06,1265.8281,2,2023,2024,eu_trend_wm_max_recent_v2
KRK,BRS,65820.0,1265.7692,7,2015,2024,eu_trend_wm_max_recent_v2
TRN,CAG,65806.78,1265.515,7,2015,2024,eu_trend_wm_max_recent_v2
ACE,GLA,65790.47,1265.2014,7,2015,2024,eu_trend_wm_max_recent_v2
STN,SKG,65788.06,1265.155,7,2015,2024,eu_trend_wm_max_recent_v2
BHX,LCA,65765.0,1264.7115,7,2015,2024,eu_trend_wm_max_recent_v2
YYZ,GLA,65736.53,1264.164,5,2015,2019,eu_trend_wm_max_recent_v2
PMI,NTE,65685.41,1263.181,7,2015,2024,eu_trend_wm_max_recent_v2
STN,RMU,65656.0,1262.6154,3,2019,2024,eu_trend_wm_max_recent_v2
FAO,ORK,65635.52,1262.2216,7,2015,2024,eu_trend_wm_max_recent_v2
TRD,TRF,65627.39,1262.0652,5,2015,2019,eu_trend_wm_max_recent_v2
CPH,ORY,65603.88,1261.613,6,2015,2023,eu_trend_wm_max_recent_v2
FRA,TPA,65600.27,1261.5437,6,2016,2024,eu_trend_wm_max_recent_v2
AES,BGO,65597.22,1261.485,5,2015,2019,eu_trend_wm_max_recent_v2
LIS,OSL,65597.22,1261.485,7,2015,2024,eu_trend_wm_max_recent_v2
GRZ,VIE,65593.0,1261.4038,7,2015,2024,eu_trend_wm_max_recent_v2
SJO,CDG,65583.79,1261.2267,4,2018,2024,eu_trend_wm_max_recent_v2
CAG,TRN,65579.44,1261.1431,7,2015,2024,eu_trend_wm_max_recent_v2
NRT,MAD,65561.0,1260.7885,3,2017,2019,eu_trend_wm_max_recent_v2
DUS,OSL,65539.44,1260.3739,4,2018,2024,eu_trend_wm_max_recent_v2
CMN,MXP,65530.92,1260.21,7,2015,2024,eu_trend_wm_max_recent_v2
SVO,OSL,65522.76,1260.0531,5,2015,2019,eu_trend_wm_max_recent_v2
GVA,NAP,65517.27,1259.9475,7,2015,2024,eu_trend_wm_max_recent_v2
IST,UBN,65488.63,1259.3967,2,2023,2024,eu_trend_wm_max_recent_v2
BFS,AMS,65478.0,1259.1923,5,2015,2019,eu_trend_wm_max_recent_v2
BIO,STN,65451.56,1258.6839,5,2015,2019,eu_trend_wm_max_recent_v2
BER,JFK,65442.44,1258.5084,2,2023,2024,eu_trend_wm_max_recent_v2
MAD,BHX,65414.64,1257.9738,4,2016,2019,eu_trend_wm_max_recent_v2
HUY,AMS,65351.4,1256.7577,7,2015,2024,eu_trend_wm_max_recent_v2
FRA,RUH,65337.12,1256.4831,7,2015,2024,eu_trend_wm_max_recent_v2
GNB,LGW,65329.98,1256.3458,7,2015,2024,eu_trend_wm_max_recent_v2
LCA,BHX,65313.0,1256.0192,7,2015,2024,eu_trend_wm_max_recent_v2
ARN,BGY,65309.4,1255.9501,2,2023,2024,eu_trend_wm_max_recent_v2
AHO,BGY,65302.94,1255.8257,7,2015,2024,eu_trend_wm_max_recent_v2
LPA,ZRH,65301.09,1255.7902,7,2015,2024,eu_trend_wm_max_recent_v2
TFS,SCQ,65272.45,1255.2394,7,2015,2024,eu_trend_wm_max_recent_v2
JFK,BER,65243.81,1254.6887,2,2023,2024,eu_trend_wm_max_recent_v2
ORK,FAO,65238.27,1254.5821,7,2015,2024,eu_trend_wm_max_recent_v2
SVQ,BGY,65223.9,1254.3058,7,2015,2024,eu_trend_wm_max_recent_v2
CPH,TFS,65215.74,1254.1488,7,2015,2024,eu_trend_wm_max_recent_v2
MUC,PHL,65205.54,1253.9527,4,2015,2018,eu_trend_wm_max_recent_v2
MAD,PSA,65196.36,1253.7762,7,2015,2024,eu_trend_wm_max_recent_v2
WAW,ATH,65177.29,1253.4095,6,2016,2024,eu_trend_wm_max_recent_v2
CRL,SVQ,65175.96,1253.3838,7,2015,2024,eu_trend_wm_max_recent_v2
OSL,JFK,65150.0,1252.8846,5,2015,2019,eu_trend_wm_max_recent_v2
GLA,YYZ,65124.21,1252.3887,5,2015,2019,eu_trend_wm_max_recent_v2
ATH,ATL,65101.54,1251.9527,2,2023,2024,eu_trend_wm_max_recent_v2
HEL,DEL,65069.0,1251.3269,7,2015,2024,eu_trend_wm_max_recent_v2
MAD,SJU,65035.02,1250.6735,2,2023,2024,eu_trend_wm_max_recent_v2
DUS,ATL,65033.0,1250.6346,5,2015,2019,eu_trend_wm_max_recent_v2
NAP,GVA,65000.84,1250.0162,7,2015,2024,eu_trend_wm_max_recent_v2
TRD,CPH,64970.35,1249.4299,7,2015,2024,eu_trend_wm_max_recent_v2
AMS,DPS,64953.6,1249.1077,7,2015,2024,eu_trend_wm_max_recent_v2
STN,BRI,64941.36,1248.8723,7,2015,2024,eu_trend_wm_max_recent_v2
CMB,IST,64934.56,1248.7415,1,2024,2024,eu_trend_wm_max_recent_v2
CMN,AMS,64886.28,1247.8131,7,2015,2024,eu_trend_wm_max_recent_v2
BCM,LTN,64831.78,1246.7649,7,2015,2024,eu_trend_wm_max_recent_v2
AMS,BFS,64787.0,1245.9038,5,2015,2019,eu_trend_wm_max_recent_v2
AMS,HUY,64781.22,1245.7927,7,2015,2024,eu_trend_wm_max_recent_v2
LTN,VAR,64760.0,1245.3846,7,2015,2024,eu_trend_wm_max_recent_v2
JFK,SNN,64697.27,1244.1783,7,2015,2024,eu_trend_wm_max_recent_v2
SVQ,CRL,64683.3,1243.9096,7,2015,2024,eu_trend_wm_max_recent_v2
ATL,BCN,64641.46,1243.1051,6,2016,2024,eu_trend_wm_max_recent_v2
ZRH,LPA,64640.54,1243.0873,7,2015,2024,eu_trend_wm_max_recent_v2
GVA,DOH,64639.62,1243.0696,6,2016,2024,eu_trend_wm_max_recent_v2
LYS,BIQ,64639.62,1243.0696,7,2015,2024,eu_trend_wm_max_recent_v2
ZRH,PMO,64626.68,1242.8208,7,2015,2024,eu_trend_wm_max_recent_v2
CIA,PRG,64604.0,1242.3846,5,2016,2024,eu_trend_wm_max_recent_v2
SCQ,TFS,64598.04,1242.2701,7,2015,2024,eu_trend_wm_max_recent_v2
TLV,NAP,64552.78,1241.3995,2,2018,2023,eu_trend_wm_max_recent_v2
SOF,AMS,64527.69,1240.9171,7,2015,2024,eu_trend_wm_max_recent_v2
ZRH,OTP,64511.2,1240.6,6,2015,2024,eu_trend_wm_max_recent_v2
SVO,SKG,64509.77,1240.5726,5,2015,2019,eu_trend_wm_max_recent_v2
STN,CAG,64492.0,1240.2308,7,2015,2024,eu_trend_wm_max_recent_v2
BHX,MAD,64478.28,1239.9669,4,2016,2019,eu_trend_wm_max_recent_v2
AMS,BOG,64420.67,1238.859,3,2019,2024,eu_trend_wm_max_recent_v2
PSA,MAD,64391.58,1238.2996,7,2015,2024,eu_trend_wm_max_recent_v2
YTZ,VIE,64381.98,1238.115,1,2015,2015,eu_trend_wm_max_recent_v2
OSL,SVO,64323.53,1236.991,5,2015,2019,eu_trend_wm_max_recent_v2
SJU,MAD,64319.04,1236.9047,2,2023,2024,eu_trend_wm_max_recent_v2
LIS,PHL,64302.41,1236.5849,3,2019,2024,eu_trend_wm_max_recent_v2
STR,LGW,64291.62,1236.3773,5,2015,2019,eu_trend_wm_max_recent_v2
STN,VNO,64279.0,1236.1346,7,2015,2024,eu_trend_wm_max_recent_v2
MAA,CDG,64248.78,1235.5535,2,2018,2023,eu_trend_wm_max_recent_v2
LIS,BIO,64241.0,1235.4038,7,2015,2024,eu_trend_wm_max_recent_v2
BKK,MXP,64215.12,1234.9062,4,2016,2024,eu_trend_wm_max_recent_v2
IST,CMB,64190.95,1234.4414,1,2024,2024,eu_trend_wm_max_recent_v2
MXP,SCL,64185.04,1234.3278,1,2016,2016,eu_trend_wm_max_recent_v2
ALC,GVA,64164.76,1233.9377,7,2015,2024,eu_trend_wm_max_recent_v2
EDI,HAM,64159.0,1233.8269,2,2018,2019,eu_trend_wm_max_recent_v2
TSR,LTN,64157.37,1233.7956,7,2015,2024,eu_trend_wm_max_recent_v2
LIN,VIE,64107.58,1232.838,2,2015,2016,eu_trend_wm_max_recent_v2
TRF,TRD,64093.84,1232.5739,5,2015,2019,eu_trend_wm_max_recent_v2
LTN,TSR,64079.77,1232.3032,7,2015,2024,eu_trend_wm_max_recent_v2
ALC,IBZ,64062.21,1231.9656,7,2015,2024,eu_trend_wm_max_recent_v2
PMI,BLL,64050.9,1231.7481,7,2015,2024,eu_trend_wm_max_recent_v2
BLL,PMI,64037.64,1231.4931,7,2015,2024,eu_trend_wm_max_recent_v2
PRG,LTN,64027.0,1231.2885,5,2015,2019,eu_trend_wm_max_recent_v2
IBZ,ALC,63992.92,1230.6332,7,2015,2024,eu_trend_wm_max_recent_v2
BLR,AMS,63986.46,1230.5088,3,2018,2024,eu_trend_wm_max_recent_v2
PKX,AMS,63976.3,1230.3134,1,2024,2024,eu_trend_wm_max_recent_v2
MAN,NAP,63930.54,1229.4335,7,2015,2024,eu_trend_wm_max_recent_v2
STN,FKB,63918.09,1229.1941,7,2015,2024,eu_trend_wm_max_recent_v2
SUF,PSA,63875.46,1228.3742,7,2015,2024,eu_trend_wm_max_recent_v2
CLJ,CRL,63873.75,1228.3413,7,2015,2024,eu_trend_wm_max_recent_v2
LGW,STR,63849.96,1227.8838,5,2015,2019,eu_trend_wm_max_recent_v2
PMO,ZRH,63844.19,1227.7728,7,2015,2024,eu_trend_wm_max_recent_v2
LGW,RIX,63817.1,1227.2518,7,2015,2024,eu_trend_wm_max_recent_v2
VNO,STN,63810.0,1227.1154,7,2015,2024,eu_trend_wm_max_recent_v2
MUC,TRS,63801.0,1226.9423,5,2015,2019,eu_trend_wm_max_recent_v2
EDI,JFK,63793.46,1226.7973,4,2016,2019,eu_trend_wm_max_recent_v2
RIX,LGW,63757.79,1226.1114,7,2015,2024,eu_trend_wm_max_recent_v2
BLQ,BER,63756.0,1226.0769,6,2016,2024,eu_trend_wm_max_recent_v2
AMS,RHO,63701.13,1225.0218,7,2015,2024,eu_trend_wm_max_recent_v2
VAR,LTN,63680.0,1224.6154,7,2015,2024,eu_trend_wm_max_recent_v2
CDG,RIX,63670.4,1224.4308,7,2015,2024,eu_trend_wm_max_recent_v2
AMS,XMN,63662.08,1224.2707,7,2015,2024,eu_trend_wm_max_recent_v2
BUD,MLA,63660.34,1224.2373,7,2015,2024,eu_trend_wm_max_recent_v2
RMU,STN,63656.0,1224.1538,3,2019,2024,eu_trend_wm_max_recent_v2
PEK,BRU,63640.94,1223.8642,7,2015,2024,eu_trend_wm_max_recent_v2
LGW,ORK,63612.0,1223.3077,7,2015,2024,eu_trend_wm_max_recent_v2
FKB,STN,63609.53,1223.2602,7,2015,2024,eu_trend_wm_max_recent_v2
BIQ,LYS,63592.9,1222.9404,7,2015,2024,eu_trend_wm_max_recent_v2
BIO,LIS,63573.0,1222.5577,7,2015,2024,eu_trend_wm_max_recent_v2
STN,HHN,63570.73,1222.514,6,2015,2024,eu_trend_wm_max_recent_v2
CIA,KRK,63563.34,1222.3719,7,2015,2024,eu_trend_wm_max_recent_v2
BHX,DOH,63563.0,1222.3654,4,2016,2019,eu_trend_wm_max_recent_v2
BER,BLQ,63558.0,1222.2692,6,2016,2024,eu_trend_wm_max_recent_v2
VIE,LYS,63530.99,1221.7497,6,2015,2023,eu_trend_wm_max_recent_v2
MUC,SBZ,63529.22,1221.7157,7,2015,2024,eu_trend_wm_max_recent_v2
PRG,CIA,63504.0,1221.2308,5,2016,2024,eu_trend_wm_max_recent_v2
RUH,FRA,63479.96,1220.7684,7,2015,2024,eu_trend_wm_max_recent_v2
KRK,CIA,63479.27,1220.7551,7,2015,2024,eu_trend_wm_max_recent_v2
XMN,AMS,63478.0,1220.7308,7,2015,2024,eu_trend_wm_max_recent_v2
SUF,TSF,63464.0,1220.4615,6,2015,2023,eu_trend_wm_max_recent_v2
CAG,STN,63454.0,1220.2692,7,2015,2024,eu_trend_wm_max_recent_v2
ORY,CPH,63437.02,1219.9427,6,2015,2023,eu_trend_wm_max_recent_v2
VIE,YTZ,63422.95,1219.6721,1,2015,2015,eu_trend_wm_max_recent_v2
ATH,CRL,63391.26,1219.0627,7,2015,2024,eu_trend_wm_max_recent_v2
VAR,VIE,63390.0,1219.0385,7,2015,2024,eu_trend_wm_max_recent_v2
TSF,SUF,63379.0,1218.8269,6,2015,2023,eu_trend_wm_max_recent_v2
BGY,AHO,63354.12,1218.3484,7,2015,2024,eu_trend_wm_max_recent_v2
LEI,LGW,63323.64,1217.7623,7,2015,2024,eu_trend_wm_max_recent_v2
PSA,SUF,63316.5,1217.625,7,2015,2024,eu_trend_wm_max_recent_v2
POZ,FRA,63298.81,1217.2848,7,2015,2024,eu_trend_wm_max_recent_v2
OTP,VLC,63289.61,1217.1079,7,2015,2024,eu_trend_wm_max_recent_v2
LGW,DUS,63239.0,1216.1346,2,2015,2019,eu_trend_wm_max_recent_v2
NRT,FRA,63231.84,1215.9969,7,2015,2024,eu_trend_wm_max_recent_v2
LTN,NAP,63224.0,1215.8462,7,2015,2024,eu_trend_wm_max_recent_v2
AGP,VLC,63195.65,1215.3009,3,2016,2024,eu_trend_wm_max_recent_v2
VIE,LIN,63194.94,1215.2872,2,2015,2016,eu_trend_wm_max_recent_v2
CRL,OPO,63191.03,1215.2121,7,2015,2024,eu_trend_wm_max_recent_v2
NAP,MAN,63185.94,1215.1142,7,2015,2024,eu_trend_wm_max_recent_v2
BGY,FRA,63132.0,1214.0769,2,2018,2019,eu_trend_wm_max_recent_v2
IST,CAN,63104.19,1213.542,2,2023,2024,eu_trend_wm_max_recent_v2
KLR,ARN,63101.47,1213.4897,5,2015,2019,eu_trend_wm_max_recent_v2
BGY,WMI,63099.3,1213.4481,7,2015,2024,eu_trend_wm_max_recent_v2
SVO,BOJ,63094.12,1213.3485,5,2015,2019,eu_trend_wm_max_recent_v2
SIN,CPH,63073.0,1212.9423,7,2015,2024,eu_trend_wm_max_recent_v2
JFK,OSL,63061.0,1212.7115,5,2015,2019,eu_trend_wm_max_recent_v2
SVG,TRD,63054.48,1212.5862,5,2015,2019,eu_trend_wm_max_recent_v2
ATL,ATH,63043.21,1212.3695,2,2023,2024,eu_trend_wm_max_recent_v2
CRL,ATH,63041.93,1212.3448,7,2015,2024,eu_trend_wm_max_recent_v2
MAD,LUX,63028.0,1212.0769,7,2015,2024,eu_trend_wm_max_recent_v2
MLA,BUD,63021.04,1211.9431,7,2015,2024,eu_trend_wm_max_recent_v2
NAP,LTN,63006.0,1211.6538,7,2015,2024,eu_trend_wm_max_recent_v2
FRA,POZ,62981.8,1211.1885,7,2015,2024,eu_trend_wm_max_recent_v2
DUS,SZG,62948.74,1210.5526,7,2015,2024,eu_trend_wm_max_recent_v2
SOF,CDG,62944.49,1210.471,7,2015,2024,eu_trend_wm_max_recent_v2
IST,NBO,62936.97,1210.3263,2,2023,2024,eu_trend_wm_max_recent_v2
OTP,EIN,62934.2,1210.273,6,2015,2024,eu_trend_wm_max_recent_v2
PHL,LIS,62898.17,1209.5802,3,2019,2024,eu_trend_wm_max_recent_v2
VLC,OTP,62885.06,1209.3281,7,2015,2024,eu_trend_wm_max_recent_v2
HAM,HEL,62871.37,1209.0648,7,2015,2024,eu_trend_wm_max_recent_v2
BRI,VRN,62849.57,1208.6455,7,2015,2024,eu_trend_wm_max_recent_v2
SKG,AMS,62840.0,1208.4615,7,2015,2024,eu_trend_wm_max_recent_v2
FRA,BGO,62834.42,1208.3543,2,2023,2024,eu_trend_wm_max_recent_v2
UBN,IST,62827.03,1208.2122,2,2023,2024,eu_trend_wm_max_recent_v2
BRU,PEK,62826.53,1208.2025,7,2015,2024,eu_trend_wm_max_recent_v2
RIX,MUC,62809.0,1207.8654,7,2015,2024,eu_trend_wm_max_recent_v2
AMS,SKG,62807.0,1207.8269,7,2015,2024,eu_trend_wm_max_recent_v2
MUC,MEX,62804.0,1207.7692,5,2015,2019,eu_trend_wm_max_recent_v2
CAN,FCO,62788.0,1207.4615,2,2019,2024,eu_trend_wm_max_recent_v2
NQZ,FRA,62778.01,1207.2695,7,2015,2024,eu_trend_wm_max_recent_v2
EFL,LGW,62771.32,1207.1408,7,2015,2024,eu_trend_wm_max_recent_v2
ABZ,BHX,62747.51,1206.6829,5,2015,2019,eu_trend_wm_max_recent_v2
LGW,EFL,62746.43,1206.6621,7,2015,2024,eu_trend_wm_max_recent_v2
LUX,MAD,62740.0,1206.5385,7,2015,2024,eu_trend_wm_max_recent_v2
LHR,PER,62717.0,1206.0962,2,2018,2019,eu_trend_wm_max_recent_v2
VRN,BRI,62684.72,1205.4755,7,2015,2024,eu_trend_wm_max_recent_v2
SOU,BHD,62676.82,1205.3234,5,2015,2019,eu_trend_wm_max_recent_v2
NBO,FRA,62676.57,1205.3187,5,2017,2024,eu_trend_wm_max_recent_v2
BGO,FRA,62675.52,1205.2985,2,2023,2024,eu_trend_wm_max_recent_v2
RIX,CDG,62663.29,1205.0633,7,2015,2024,eu_trend_wm_max_recent_v2
OPO,CRL,62662.59,1205.0498,7,2015,2024,eu_trend_wm_max_recent_v2
ARN,VNO,62636.74,1204.5527,7,2015,2024,eu_trend_wm_max_recent_v2
BIA,NCE,62631.18,1204.4457,7,2015,2024,eu_trend_wm_max_recent_v2
CDG,SOF,62630.37,1204.4303,7,2015,2024,eu_trend_wm_max_recent_v2
OTP,ZRH,62625.63,1204.3391,6,2015,2024,eu_trend_wm_max_recent_v2
RHO,PRG,62622.86,1204.2858,7,2015,2024,eu_trend_wm_max_recent_v2
BHX,ABZ,62611.12,1204.0601,5,2015,2019,eu_trend_wm_max_recent_v2
BOS,CPH,62607.74,1203.9949,1,2024,2024,eu_trend_wm_max_recent_v2
LGW,LEI,62577.0,1203.4038,7,2015,2024,eu_trend_wm_max_recent_v2
PRG,RHO,62548.95,1202.8645,7,2015,2024,eu_trend_wm_max_recent_v2
DUB,NTE,62507.2,1202.0615,7,2015,2024,eu_trend_wm_max_recent_v2
ZTH,MAN,62457.4,1201.1038,7,2015,2024,eu_trend_wm_max_recent_v2
EIN,OTP,62443.64,1200.8392,6,2015,2024,eu_trend_wm_max_recent_v2
BCN,EAS,62433.84,1200.6507,7,2015,2024,eu_trend_wm_max_recent_v2
ZAG,DOH,62432.16,1200.6185,4,2018,2024,eu_trend_wm_max_recent_v2
MAN,ZTH,62407.52,1200.1446,7,2015,2024,eu_trend_wm_max_recent_v2
OTP,CTA,62404.0,1200.0769,7,2015,2024,eu_trend_wm_max_recent_v2
ZRH,LUX,62392.66,1199.8589,7,2015,2024,eu_trend_wm_max_recent_v2
HAM,EDI,62375.0,1199.5192,2,2018,2019,eu_trend_wm_max_recent_v2
VIE,VAR,62360.49,1199.2402,7,2015,2024,eu_trend_wm_max_recent_v2
OPO,FCO,62340.55,1198.8567,2,2015,2024,eu_trend_wm_max_recent_v2
NCE,SXB,62337.83,1198.8044,7,2015,2024,eu_trend_wm_max_recent_v2
MUC,GRU,62333.24,1198.7161,2,2015,2016,eu_trend_wm_max_recent_v2
ATL,DUB,62315.22,1198.3696,6,2016,2024,eu_trend_wm_max_recent_v2
HEL,HAM,62314.13,1198.3487,7,2015,2024,eu_trend_wm_max_recent_v2
FRA,BGY,62307.0,1198.2115,2,2018,2019,eu_trend_wm_max_recent_v2
PHL,MAN,62299.15,1198.0606,5,2015,2019,eu_trend_wm_max_recent_v2
MAN,HEL,62296.03,1198.0006,6,2015,2024,eu_trend_wm_max_recent_v2
ATH,PRG,62290.28,1197.89,7,2015,2024,eu_trend_wm_max_recent_v2
DTM,GDN,62274.57,1197.5879,7,2015,2024,eu_trend_wm_max_recent_v2
FRA,LCA,62273.65,1197.5702,6,2015,2024,eu_trend_wm_max_recent_v2
ORK,LGW,62271.0,1197.5192,7,2015,2024,eu_trend_wm_max_recent_v2
NCE,BIA,62262.56,1197.357,7,2015,2024,eu_trend_wm_max_recent_v2
GVA,ALC,62254.0,1197.1923,7,2015,2024,eu_trend_wm_max_recent_v2
CRL,CLJ,62233.92,1196.8062,7,2015,2024,eu_trend_wm_max_recent_v2
LCA,FRA,62211.75,1196.3798,6,2015,2024,eu_trend_wm_max_recent_v2
SVO,TLL,62210.0,1196.3462,5,2015,2019,eu_trend_wm_max_recent_v2
WAW,ORY,62202.51,1196.2022,2,2023,2024,eu_trend_wm_max_recent_v2
EAS,BCN,62176.0,1195.6923,7,2015,2024,eu_trend_wm_max_recent_v2
AMS,PSA,62128.6,1194.7809,7,2015,2024,eu_trend_wm_max_recent_v2
CTA,OTP,62121.0,1194.6346,7,2015,2024,eu_trend_wm_max_recent_v2
ZRH,IAD,62090.0,1194.0385,7,2015,2024,eu_trend_wm_max_recent_v2
NTE,DUB,62072.45,1193.701,7,2015,2024,eu_trend_wm_max_recent_v2
BHD,SOU,62065.06,1193.5589,5,2015,2019,eu_trend_wm_max_recent_v2
ORD,DUS,62043.93,1193.1525,1,2015,2015,eu_trend_wm_max_recent_v2
LHR,MEL,61996.3,1192.2366,3,2015,2017,eu_trend_wm_max_recent_v2
BCN,ORD,61995.0,1192.2115,3,2019,2024,eu_trend_wm_max_recent_v2
SXB,NCE,61992.75,1192.1682,7,2015,2024,eu_trend_wm_max_recent_v2
SZG,DUS,61991.53,1192.1447,7,2015,2024,eu_trend_wm_max_recent_v2
WMI,BGY,61984.38,1192.0073,7,2015,2024,eu_trend_wm_max_recent_v2
LPA,BIO,61967.86,1191.6895,7,2015,2024,eu_trend_wm_max_recent_v2
MUC,SPU,61911.0,1190.5962,7,2015,2024,eu_trend_wm_max_recent_v2
VIE,SKP,61906.86,1190.5165,7,2015,2024,eu_trend_wm_max_recent_v2
CDG,GOA,61899.2,1190.3693,5,2015,2019,eu_trend_wm_max_recent_v2
SVQ,IBZ,61879.53,1189.9909,7,2015,2024,eu_trend_wm_max_recent_v2
ORD,BCN,61878.0,1189.9615,3,2019,2024,eu_trend_wm_max_recent_v2
SOF,CIA,61847.83,1189.3813,6,2016,2024,eu_trend_wm_max_recent_v2
BOJ,SVO,61830.22,1189.0427,5,2015,2019,eu_trend_wm_max_recent_v2
HEL,VNO,61828.0,1189.0,7,2015,2024,eu_trend_wm_max_recent_v2
BSL,BOD,61822.2,1188.8885,7,2015,2024,eu_trend_wm_max_recent_v2
BOD,BSL,61792.62,1188.3196,7,2015,2024,eu_trend_wm_max_recent_v2
SOF,SVO,61790.0,1188.2692,5,2015,2019,eu_trend_wm_max_recent_v2
CIA,EIN,61775.28,1187.9862,5,2015,2019,eu_trend_wm_max_recent_v2
VNO,CPH,61752.0,1187.5385,7,2015,2024,eu_trend_wm_max_recent_v2
ADD,MXP,61736.89,1187.248,2,2023,2024,eu_trend_wm_max_recent_v2
LHR,BGO,61725.16,1187.0224,3,2015,2017,eu_trend_wm_max_recent_v2
BLQ,LTN,61647.0,1185.5192,1,2019,2019,eu_trend_wm_max_recent_v2
CRL,CPH,61643.7,1185.4558,4,2016,2019,eu_trend_wm_max_recent_v2
MSP,KEF,61633.0,1185.25,7,2015,2024,eu_trend_wm_max_recent_v2
LOS,IST,61631.58,1185.2226,2,2023,2024,eu_trend_wm_max_recent_v2
SCL,FCO,61604.16,1184.6955,3,2017,2019,eu_trend_wm_max_recent_v2
MUC,STN,61593.0,1184.4808,5,2015,2019,eu_trend_wm_max_recent_v2
BER,EWR,61580.76,1184.2455,2,2023,2024,eu_trend_wm_max_recent_v2
DXB,MLA,61568.86,1184.0166,7,2015,2024,eu_trend_wm_max_recent_v2
PHL,MUC,61556.43,1183.7775,4,2015,2018,eu_trend_wm_max_recent_v2
ORY,WAW,61553.05,1183.7125,2,2023,2024,eu_trend_wm_max_recent_v2
DOH,ZAG,61539.66,1183.455,4,2018,2024,eu_trend_wm_max_recent_v2
CTA,CDG,61536.54,1183.395,7,2015,2024,eu_trend_wm_max_recent_v2
NRT,DUS,61536.0,1183.3846,5,2015,2019,eu_trend_wm_max_recent_v2
SKG,STN,61533.02,1183.3273,7,2015,2024,eu_trend_wm_max_recent_v2
DUS,NRT,61526.0,1183.1923,5,2015,2019,eu_trend_wm_max_recent_v2
STN,MUC,61526.0,1183.1923,5,2015,2019,eu_trend_wm_max_recent_v2
IBZ,SVQ,61519.95,1183.076,7,2015,2024,eu_trend_wm_max_recent_v2
AUH,EDI,61519.89,1183.0749,3,2016,2018,eu_trend_wm_max_recent_v2
BRI,STN,61489.0,1182.4808,7,2015,2024,eu_trend_wm_max_recent_v2
VCE,LYS,61480.0,1182.3077,7,2015,2024,eu_trend_wm_max_recent_v2
CPH,SIN,61462.0,1181.9615,7,2015,2024,eu_trend_wm_max_recent_v2
ZRH,NAP,61456.05,1181.847,7,2015,2024,eu_trend_wm_max_recent_v2
KRK,TLV,61452.0,1181.7692,4,2018,2024,eu_trend_wm_max_recent_v2
AMS,SOF,61441.86,1181.5743,7,2015,2024,eu_trend_wm_max_recent_v2
ARN,JFK,61440.72,1181.5523,6,2015,2023,eu_trend_wm_max_recent_v2
HHN,STN,61438.74,1181.5143,6,2015,2024,eu_trend_wm_max_recent_v2
EIN,PSA,61433.33,1181.4102,7,2015,2024,eu_trend_wm_max_recent_v2
GOT,GDN,61432.1,1181.3865,5,2017,2024,eu_trend_wm_max_recent_v2
SXB,BOD,61416.24,1181.0815,7,2015,2024,eu_trend_wm_max_recent_v2
LYS,VCE,61409.1,1180.9442,7,2015,2024,eu_trend_wm_max_recent_v2
JFK,ARN,61399.92,1180.7677,6,2015,2023,eu_trend_wm_max_recent_v2
DTW,IST,61385.91,1180.4982,1,2024,2024,eu_trend_wm_max_recent_v2
MAD,IAD,61359.97,1179.9993,2,2023,2024,eu_trend_wm_max_recent_v2
CIA,SOF,61357.83,1179.9582,6,2016,2024,eu_trend_wm_max_recent_v2
KRK,LBA,61342.43,1179.6621,7,2015,2024,eu_trend_wm_max_recent_v2
LYS,PMI,61311.0,1179.0577,5,2015,2024,eu_trend_wm_max_recent_v2
SKP,VIE,61307.31,1178.9867,7,2015,2024,eu_trend_wm_max_recent_v2
FCO,OPO,61292.62,1178.7041,2,2015,2024,eu_trend_wm_max_recent_v2
LTN,BLQ,61270.0,1178.2692,1,2019,2019,eu_trend_wm_max_recent_v2
BOD,SXB,61260.18,1178.0804,7,2015,2024,eu_trend_wm_max_recent_v2
LAX,FCO,61260.01,1178.0771,7,2015,2024,eu_trend_wm_max_recent_v2
GDN,GOT,61258.2,1178.0423,5,2017,2024,eu_trend_wm_max_recent_v2
BRU,NRT,61232.0,1177.5385,4,2016,2019,eu_trend_wm_max_recent_v2
PSA,AMS,61221.0,1177.3269,7,2015,2024,eu_trend_wm_max_recent_v2
EIN,CIA,61175.52,1176.4523,5,2015,2019,eu_trend_wm_max_recent_v2
BIO,LPA,61173.35,1176.4106,7,2015,2024,eu_trend_wm_max_recent_v2
MXP,CIY,61167.36,1176.2954,6,2016,2024,eu_trend_wm_max_recent_v2
TRS,MUC,61162.0,1176.1923,5,2015,2019,eu_trend_wm_max_recent_v2
LPA,BER,61145.63,1175.8776,5,2015,2024,eu_trend_wm_max_recent_v2
CRV,BGY,61140.44,1175.7776,5,2015,2024,eu_trend_wm_max_recent_v2
ARN,KLR,61139.02,1175.7503,5,2015,2019,eu_trend_wm_max_recent_v2
IST,SKG,61128.08,1175.54,3,2019,2024,eu_trend_wm_max_recent_v2
OSL,TLL,61123.0,1175.4423,7,2015,2024,eu_trend_wm_max_recent_v2
GDN,FRA,61116.0,1175.3077,7,2015,2024,eu_trend_wm_max_recent_v2
PRG,ATH,61099.44,1174.9893,7,2015,2024,eu_trend_wm_max_recent_v2
FCO,LAX,61098.52,1174.9715,7,2015,2024,eu_trend_wm_max_recent_v2
MAN,RMU,61096.0,1174.9231,3,2019,2024,eu_trend_wm_max_recent_v2
BUD,PVG,61083.39,1174.6806,1,2024,2024,eu_trend_wm_max_recent_v2
LTN,FCO,61056.6,1174.1654,5,2015,2019,eu_trend_wm_max_recent_v2
LYS,VIE,61038.19,1173.8113,6,2015,2023,eu_trend_wm_max_recent_v2
BEG,FMM,61014.45,1173.3548,7,2015,2024,eu_trend_wm_max_recent_v2
MLN,MAD,60995.54,1172.9911,7,2015,2024,eu_trend_wm_max_recent_v2
BER,LPA,60994.12,1172.9639,5,2015,2024,eu_trend_wm_max_recent_v2
YYZ,MXP,60978.0,1172.6538,2,2018,2019,eu_trend_wm_max_recent_v2
SIN,LGW,60919.5,1171.5288,1,2018,2018,eu_trend_wm_max_recent_v2
VNO,HEL,60911.3,1171.3712,7,2015,2024,eu_trend_wm_max_recent_v2
BGY,MLA,60896.04,1171.0777,7,2015,2024,eu_trend_wm_max_recent_v2
BUD,NYO,60891.0,1170.9808,6,2015,2023,eu_trend_wm_max_recent_v2
TLV,KRK,60883.0,1170.8269,4,2018,2024,eu_trend_wm_max_recent_v2
EDI,AUH,60879.01,1170.7501,3,2016,2018,eu_trend_wm_max_recent_v2
EIN,GDN,60872.18,1170.6188,7,2015,2024,eu_trend_wm_max_recent_v2
BUD,AGP,60868.48,1170.5477,5,2017,2024,eu_trend_wm_max_recent_v2
HND,FCO,60851.85,1170.2279,2,2023,2024,eu_trend_wm_max_recent_v2
LCA,MUC,60840.76,1170.0147,7,2015,2024,eu_trend_wm_max_recent_v2
PEK,IST,60832.45,1169.8548,2,2023,2024,eu_trend_wm_max_recent_v2
NBO,IST,60825.98,1169.7304,2,2023,2024,eu_trend_wm_max_recent_v2
DUB,RIX,60813.46,1169.4896,7,2015,2024,eu_trend_wm_max_recent_v2
BOH,PMI,60786.26,1168.9665,7,2015,2024,eu_trend_wm_max_recent_v2
KGS,DUS,60753.92,1168.3447,7,2015,2024,eu_trend_wm_max_recent_v2
ARN,LCA,60698.49,1167.2787,7,2015,2024,eu_trend_wm_max_recent_v2
GDN,SVG,60687.41,1167.0655,7,2015,2024,eu_trend_wm_max_recent_v2
CPH,BOS,60678.53,1166.8948,1,2024,2024,eu_trend_wm_max_recent_v2
MXP,SIN,60640.49,1166.1633,7,2015,2024,eu_trend_wm_max_recent_v2
FRA,NGO,60613.0,1165.6346,3,2015,2019,eu_trend_wm_max_recent_v2
EWR,BER,60600.56,1165.3955,2,2023,2024,eu_trend_wm_max_recent_v2
BGY,NYO,60598.1,1165.348,5,2015,2019,eu_trend_wm_max_recent_v2
FCO,SCL,60597.18,1165.3304,3,2017,2019,eu_trend_wm_max_recent_v2
FCO,LTN,60586.49,1165.1248,5,2015,2019,eu_trend_wm_max_recent_v2
PMI,BOH,60569.15,1164.7914,7,2015,2024,eu_trend_wm_max_recent_v2
JFK,EDI,60503.71,1163.5329,4,2016,2019,eu_trend_wm_max_recent_v2
MLA,BGY,60494.16,1163.3492,7,2015,2024,eu_trend_wm_max_recent_v2
GOA,CDG,60485.67,1163.186,5,2015,2019,eu_trend_wm_max_recent_v2
FRA,GDN,60475.8,1162.9962,7,2015,2024,eu_trend_wm_max_recent_v2
FRA,SVG,60472.02,1162.9235,3,2015,2024,eu_trend_wm_max_recent_v2
VIE,KLU,60458.0,1162.6538,6,2015,2023,eu_trend_wm_max_recent_v2
SVG,FRA,60428.55,1162.0875,3,2015,2024,eu_trend_wm_max_recent_v2
AGP,TFS,60376.86,1161.0935,2,2017,2018,eu_trend_wm_max_recent_v2
SKG,RHO,60370.0,1160.9615,7,2015,2024,eu_trend_wm_max_recent_v2
VNO,ARN,60351.96,1160.6146,7,2015,2024,eu_trend_wm_max_recent_v2
NYO,BGY,60343.2,1160.4462,5,2015,2019,eu_trend_wm_max_recent_v2
VRN,FRA,60331.52,1160.2216,7,2015,2024,eu_trend_wm_max_recent_v2
IST,BRE,60295.0,1159.5192,3,2019,2024,eu_trend_wm_max_recent_v2
LJU,STN,60295.0,1159.5192,5,2015,2019,eu_trend_wm_max_recent_v2
LGW,SIN,60288.12,1159.3869,1,2018,2018,eu_trend_wm_max_recent_v2
HAM,ALC,60280.78,1159.2457,2,2016,2017,eu_trend_wm_max_recent_v2
MAD,MLN,60259.18,1158.8303,7,2015,2024,eu_trend_wm_max_recent_v2
AHO,MXP,60256.0,1158.7692,7,2015,2024,eu_trend_wm_max_recent_v2
PMI,LYS,60237.49,1158.4133,5,2015,2024,eu_trend_wm_max_recent_v2
BGY,CRV,60237.35,1158.4106,5,2015,2024,eu_trend_wm_max_recent_v2
WAW,ICN,60222.84,1158.1315,5,2017,2024,eu_trend_wm_max_recent_v2
VLC,AGP,60213.47,1157.9514,3,2016,2024,eu_trend_wm_max_recent_v2
SOU,NCL,60212.64,1157.9354,5,2015,2019,eu_trend_wm_max_recent_v2
MUC,RIX,60191.0,1157.5192,7,2015,2024,eu_trend_wm_max_recent_v2
IST,BGY,60184.83,1157.4007,2,2023,2024,eu_trend_wm_max_recent_v2
WAW,RIX,60182.98,1157.365,7,2015,2024,eu_trend_wm_max_recent_v2
STN,LJU,60150.0,1156.7308,5,2015,2019,eu_trend_wm_max_recent_v2
MLA,LTN,60144.3,1156.6212,7,2015,2024,eu_trend_wm_max_recent_v2
NAP,TLV,60131.25,1156.3702,2,2018,2023,eu_trend_wm_max_recent_v2
ALC,HAM,60128.88,1156.3246,2,2016,2017,eu_trend_wm_max_recent_v2
LHR,BWN,60128.0,1156.3077,5,2015,2019,eu_trend_wm_max_recent_v2
RIX,WAW,60126.8,1156.2846,7,2015,2024,eu_trend_wm_max_recent_v2
NAP,OLB,60125.71,1156.2636,7,2015,2024,eu_trend_wm_max_recent_v2
LCA,ARN,60124.78,1156.2458,7,2015,2024,eu_trend_wm_max_recent_v2
RMU,MAN,60096.0,1155.6923,3,2019,2024,eu_trend_wm_max_recent_v2
SPU,ARN,60095.58,1155.6843,7,2015,2024,eu_trend_wm_max_recent_v2
TLL,SVO,60074.0,1155.2692,5,2015,2019,eu_trend_wm_max_recent_v2
GDN,DTM,60071.2,1155.2154,7,2015,2024,eu_trend_wm_max_recent_v2
RHO,MUC,60066.0,1155.1154,7,2015,2024,eu_trend_wm_max_recent_v2
GDN,EIN,60059.92,1154.9984,7,2015,2024,eu_trend_wm_max_recent_v2
CIY,MXP,60057.6,1154.9538,6,2016,2024,eu_trend_wm_max_recent_v2
TFS,ARN,60053.52,1154.8754,7,2015,2024,eu_trend_wm_max_recent_v2
BZG,STN,60031.08,1154.4438,7,2015,2024,eu_trend_wm_max_recent_v2
EDI,MAN,60020.88,1154.2477,5,2015,2019,eu_trend_wm_max_recent_v2
LBA,KRK,60011.01,1154.0578,7,2015,2024,eu_trend_wm_max_recent_v2
HEL,MAN,60001.95,1153.8836,6,2015,2024,eu_trend_wm_max_recent_v2
CDG,CTA,59980.1,1153.4635,7,2015,2024,eu_trend_wm_max_recent_v2
CPH,KUN,59972.06,1153.3088,7,2015,2024,eu_trend_wm_max_recent_v2
MUC,VRN,59963.76,1153.1492,7,2015,2024,eu_trend_wm_max_recent_v2
IAD,MAD,59947.41,1152.8347,2,2023,2024,eu_trend_wm_max_recent_v2
KEF,MSP,59945.0,1152.7885,7,2015,2024,eu_trend_wm_max_recent_v2
FRA,NQZ,59930.4,1152.5076,7,2015,2024,eu_trend_wm_max_recent_v2
DUS,KGS,59907.68,1152.0708,7,2015,2024,eu_trend_wm_max_recent_v2
BVA,MXP,59895.07,1151.8283,1,2024,2024,eu_trend_wm_max_recent_v2
PSA,EIN,59826.0,1150.5,7,2015,2024,eu_trend_wm_max_recent_v2
SVO,SOF,59817.0,1150.3269,5,2015,2019,eu_trend_wm_max_recent_v2
NRT,BRU,59811.0,1150.2115,4,2016,2019,eu_trend_wm_max_recent_v2
JFK,VIE,59780.95,1149.6337,7,2015,2024,eu_trend_wm_max_recent_v2
ZAG,BRU,59775.0,1149.5192,7,2015,2024,eu_trend_wm_max_recent_v2
MUC,RHO,59758.0,1149.1923,7,2015,2024,eu_trend_wm_max_recent_v2
VIE,JFK,59742.91,1148.9021,7,2015,2024,eu_trend_wm_max_recent_v2
LHR,SJC,59724.0,1148.5385,4,2016,2019,eu_trend_wm_max_recent_v2
SPU,LTN,59697.62,1148.0312,7,2015,2024,eu_trend_wm_max_recent_v2
RIX,DUB,59692.95,1147.9413,7,2015,2024,eu_trend_wm_max_recent_v2
CFE,ORY,59682.55,1147.7413,5,2015,2019,eu_trend_wm_max_recent_v2
KUN,CPH,59673.17,1147.5609,7,2015,2024,eu_trend_wm_max_recent_v2
FMM,BEG,59667.48,1147.4516,7,2015,2024,eu_trend_wm_max_recent_v2
ARN,SPU,59660.7,1147.3211,7,2015,2024,eu_trend_wm_max_recent_v2
LGW,FLL,59631.57,1146.7609,3,2017,2019,eu_trend_wm_max_recent_v2
SKG,IST,59592.65,1146.0125,3,2019,2024,eu_trend_wm_max_recent_v2
MUC,LCA,59581.56,1145.7993,7,2015,2024,eu_trend_wm_max_recent_v2
AGP,BUD,59568.63,1145.5506,5,2017,2024,eu_trend_wm_max_recent_v2
ARN,TFS,59556.78,1145.3227,7,2015,2024,eu_trend_wm_max_recent_v2
NCL,SOU,59545.56,1145.1069,5,2015,2019,eu_trend_wm_max_recent_v2
BLL,CPH,59531.69,1144.8402,5,2015,2019,eu_trend_wm_max_recent_v2
SCN,PMI,59528.0,1144.7692,7,2015,2024,eu_trend_wm_max_recent_v2
MRS,BES,59525.53,1144.7218,7,2015,2024,eu_trend_wm_max_recent_v2
EIN,DUB,59512.92,1144.4792,7,2015,2024,eu_trend_wm_max_recent_v2
KTW,BOJ,59480.71,1143.8598,7,2015,2024,eu_trend_wm_max_recent_v2
VIE,DBV,59465.76,1143.5722,7,2015,2024,eu_trend_wm_max_recent_v2
YOW,LHR,59452.0,1143.3077,5,2015,2019,eu_trend_wm_max_recent_v2
GLA,FAO,59437.0,1143.0192,7,2015,2024,eu_trend_wm_max_recent_v2
OLB,NAP,59436.52,1143.01,7,2015,2024,eu_trend_wm_max_recent_v2
AJA,NCE,59430.98,1142.9034,7,2015,2024,eu_trend_wm_max_recent_v2
ICN,WAW,59415.0,1142.5962,5,2017,2024,eu_trend_wm_max_recent_v2
AMS,UIO,59413.0,1142.5577,4,2018,2024,eu_trend_wm_max_recent_v2
STN,NTE,59404.18,1142.3882,3,2019,2024,eu_trend_wm_max_recent_v2
STN,BZG,59367.06,1141.6742,7,2015,2024,eu_trend_wm_max_recent_v2
GOT,PMI,59354.0,1141.4231,7,2015,2024,eu_trend_wm_max_recent_v2
SPU,OSL,59340.54,1141.1642,7,2015,2024,eu_trend_wm_max_recent_v2
LEI,BCN,59329.32,1140.9485,7,2015,2024,eu_trend_wm_max_recent_v2
STN,DTM,59319.45,1140.7586,7,2015,2024,eu_trend_wm_max_recent_v2
ORY,CFE,59312.16,1140.6185,5,2015,2019,eu_trend_wm_max_recent_v2
NTE,STN,59305.33,1140.4872,3,2019,2024,eu_trend_wm_max_recent_v2
MAN,EDI,59300.76,1140.3992,5,2015,2019,eu_trend_wm_max_recent_v2
KLU,VIE,59245.0,1139.3269,6,2015,2023,eu_trend_wm_max_recent_v2
DTM,SOF,59222.0,1138.8846,7,2015,2024,eu_trend_wm_max_recent_v2
DTM,STN,59213.0,1138.7115,7,2015,2024,eu_trend_wm_max_recent_v2
LGW,SNN,59192.64,1138.32,7,2015,2024,eu_trend_wm_max_recent_v2
TFS,ZRH,59143.32,1137.3715,7,2015,2024,eu_trend_wm_max_recent_v2
BES,MRS,59125.32,1137.0254,7,2015,2024,eu_trend_wm_max_recent_v2
CRL,EDI,59117.05,1136.8663,7,2015,2024,eu_trend_wm_max_recent_v2
EDI,ORK,59080.82,1136.1696,7,2015,2024,eu_trend_wm_max_recent_v2
NYO,BUD,59070.79,1135.9767,6,2015,2023,eu_trend_wm_max_recent_v2
OSL,EDI,59067.91,1135.9213,7,2015,2024,eu_trend_wm_max_recent_v2
REU,MAN,59048.0,1135.5385,7,2015,2024,eu_trend_wm_max_recent_v2
FUE,AMS,59040.0,1135.3846,7,2015,2024,eu_trend_wm_max_recent_v2
POZ,MUC,59038.62,1135.3581,7,2015,2024,eu_trend_wm_max_recent_v2
VRN,MUC,59030.46,1135.2012,7,2015,2024,eu_trend_wm_max_recent_v2
HND,VIE,59021.0,1135.0192,1,2019,2019,eu_trend_wm_max_recent_v2
KRK,BHX,58986.61,1134.3578,7,2015,2024,eu_trend_wm_max_recent_v2
LTN,MLA,58984.56,1134.3185,7,2015,2024,eu_trend_wm_max_recent_v2
EDI,OSL,58981.06,1134.2512,7,2015,2024,eu_trend_wm_max_recent_v2
AMS,PHL,58981.0,1134.25,7,2015,2024,eu_trend_wm_max_recent_v2
MAD,CLT,58932.1,1133.3096,4,2018,2024,eu_trend_wm_max_recent_v2
PMI,GOT,58918.0,1133.0385,7,2015,2024,eu_trend_wm_max_recent_v2
LHR,MNL,58916.15,1133.0028,5,2015,2019,eu_trend_wm_max_recent_v2
LOS,FRA,58912.65,1132.9356,7,2015,2024,eu_trend_wm_max_recent_v2
BGY,IST,58904.38,1132.7766,2,2023,2024,eu_trend_wm_max_recent_v2
TSF,BVA,58893.0,1132.5577,7,2015,2024,eu_trend_wm_max_recent_v2
BOJ,KTW,58880.4,1132.3153,7,2015,2024,eu_trend_wm_max_recent_v2
DEL,BRU,58861.58,1131.9534,1,2015,2015,eu_trend_wm_max_recent_v2
ORK,EDI,58855.29,1131.8326,7,2015,2024,eu_trend_wm_max_recent_v2
SNN,LGW,58854.0,1131.8077,7,2015,2024,eu_trend_wm_max_recent_v2
PMI,SCN,58836.0,1131.4615,7,2015,2024,eu_trend_wm_max_recent_v2
MAN,REU,58828.0,1131.3077,7,2015,2024,eu_trend_wm_max_recent_v2
BGY,VNO,58813.2,1131.0231,7,2015,2024,eu_trend_wm_max_recent_v2
LHR,YOW,58802.37,1130.8148,5,2015,2019,eu_trend_wm_max_recent_v2
OSL,ORY,58757.63,1129.9544,3,2015,2017,eu_trend_wm_max_recent_v2
MUC,POZ,58721.94,1129.2682,7,2015,2024,eu_trend_wm_max_recent_v2
VIE,MAN,58714.0,1129.1154,6,2016,2024,eu_trend_wm_max_recent_v2
BCN,PMO,58698.37,1128.8147,7,2015,2024,eu_trend_wm_max_recent_v2
DUB,EIN,58676.52,1128.3946,7,2015,2024,eu_trend_wm_max_recent_v2
BHX,KRK,58665.11,1128.1752,7,2015,2024,eu_trend_wm_max_recent_v2
SOF,DTM,58657.84,1128.0355,7,2015,2024,eu_trend_wm_max_recent_v2
IST,PEK,58620.76,1127.3224,2,2023,2024,eu_trend_wm_max_recent_v2
GVA,TLS,58577.23,1126.4853,7,2015,2024,eu_trend_wm_max_recent_v2
EDI,CRL,58561.84,1126.1892,7,2015,2024,eu_trend_wm_max_recent_v2
YYZ,MAD,58556.16,1126.08,5,2017,2024,eu_trend_wm_max_recent_v2
CDG,MAA,58536.78,1125.7073,2,2018,2023,eu_trend_wm_max_recent_v2
IST,DAC,58507.13,1125.1371,2,2023,2024,eu_trend_wm_max_recent_v2
PHL,AMS,58506.59,1125.1267,7,2015,2024,eu_trend_wm_max_recent_v2
DBV,VIE,58495.12,1124.9062,7,2015,2024,eu_trend_wm_max_recent_v2
NCE,WAW,58482.19,1124.6574,4,2018,2024,eu_trend_wm_max_recent_v2
TLS,GVA,58479.42,1124.6041,7,2015,2024,eu_trend_wm_max_recent_v2
TFS,AGP,58475.58,1124.5304,2,2017,2018,eu_trend_wm_max_recent_v2
BGY,HAM,58454.16,1124.1185,5,2017,2024,eu_trend_wm_max_recent_v2
SFO,LGW,58447.0,1123.9808,1,2019,2019,eu_trend_wm_max_recent_v2
SVO,TIV,58441.92,1123.8831,4,2016,2019,eu_trend_wm_max_recent_v2
AMS,FUE,58441.0,1123.8654,7,2015,2024,eu_trend_wm_max_recent_v2
OTP,MXP,58428.66,1123.6281,6,2015,2024,eu_trend_wm_max_recent_v2
OSD,BMA,58428.61,1123.627,7,2015,2024,eu_trend_wm_max_recent_v2
BER,TSF,58424.0,1123.5385,6,2016,2024,eu_trend_wm_max_recent_v2
TLS,CRL,58421.0,1123.4808,5,2017,2024,eu_trend_wm_max_recent_v2
BCN,MRS,58412.9,1123.325,7,2015,2024,eu_trend_wm_max_recent_v2
OTP,BUD,58405.15,1123.1759,5,2015,2024,eu_trend_wm_max_recent_v2
FAO,GLA,58367.0,1122.4423,7,2015,2024,eu_trend_wm_max_recent_v2
AMS,TRN,58354.2,1122.1962,7,2015,2024,eu_trend_wm_max_recent_v2
BLQ,AHO,58349.15,1122.0991,7,2015,2024,eu_trend_wm_max_recent_v2
IBZ,CDG,58344.0,1122.0,1,2019,2019,eu_trend_wm_max_recent_v2
CRL,TLS,58324.0,1121.6154,5,2017,2024,eu_trend_wm_max_recent_v2
MUC,LCY,58313.0,1121.4038,1,2019,2019,eu_trend_wm_max_recent_v2
OSL,LYR,58303.0,1121.2115,5,2015,2019,eu_trend_wm_max_recent_v2
HAM,BGY,58300.14,1121.1565,5,2017,2024,eu_trend_wm_max_recent_v2
LGW,SFO,58281.0,1120.7885,1,2019,2019,eu_trend_wm_max_recent_v2
ARN,EDI,58276.0,1120.6923,7,2015,2024,eu_trend_wm_max_recent_v2
MAD,TRN,58233.0,1119.8654,7,2015,2024,eu_trend_wm_max_recent_v2
BVA,TSF,58223.91,1119.6905,7,2015,2024,eu_trend_wm_max_recent_v2
DTM,SKP,58221.28,1119.64,7,2015,2024,eu_trend_wm_max_recent_v2
SKP,DTM,58182.34,1118.8911,7,2015,2024,eu_trend_wm_max_recent_v2
CPH,VNO,58181.0,1118.8654,7,2015,2024,eu_trend_wm_max_recent_v2
PSA,GRO,58174.68,1118.7438,7,2015,2024,eu_trend_wm_max_recent_v2
CRL,IAS,58170.85,1118.6702,3,2019,2024,eu_trend_wm_max_recent_v2
MAN,VIE,58162.0,1118.5,6,2016,2024,eu_trend_wm_max_recent_v2
SVG,GDN,58156.99,1118.4037,7,2015,2024,eu_trend_wm_max_recent_v2
WAW,NCE,58138.52,1118.0484,4,2018,2024,eu_trend_wm_max_recent_v2
AGP,BLL,58133.88,1117.9592,7,2015,2024,eu_trend_wm_max_recent_v2
LYR,OSL,58112.0,1117.5385,5,2015,2019,eu_trend_wm_max_recent_v2
FUE,EMA,58075.0,1116.8269,7,2015,2024,eu_trend_wm_max_recent_v2
RHO,SKG,58065.99,1116.6537,7,2015,2024,eu_trend_wm_max_recent_v2
BUD,OTP,58064.72,1116.6293,5,2015,2024,eu_trend_wm_max_recent_v2
TSF,BER,58056.0,1116.4615,6,2016,2024,eu_trend_wm_max_recent_v2
BRS,FCO,58041.0,1116.1731,7,2015,2024,eu_trend_wm_max_recent_v2
CVG,CDG,58040.79,1116.1691,6,2015,2024,eu_trend_wm_max_recent_v2
CDG,FUE,58029.84,1115.9585,5,2015,2019,eu_trend_wm_max_recent_v2
BLL,AGP,58018.0,1115.7308,7,2015,2024,eu_trend_wm_max_recent_v2
SJC,LHR,57991.0,1115.2115,4,2016,2019,eu_trend_wm_max_recent_v2
BFS,ACE,57988.65,1115.1663,7,2015,2024,eu_trend_wm_max_recent_v2
CDG,RDU,57979.0,1114.9808,5,2017,2024,eu_trend_wm_max_recent_v2
AHO,BLQ,57971.3,1114.8327,7,2015,2024,eu_trend_wm_max_recent_v2
BRU,ZAG,57941.1,1114.2519,7,2015,2024,eu_trend_wm_max_recent_v2
LTN,SPU,57930.54,1114.0489,7,2015,2024,eu_trend_wm_max_recent_v2
FUE,CDG,57911.2,1113.677,5,2015,2019,eu_trend_wm_max_recent_v2
GVA,WAW,57891.85,1113.3048,6,2016,2024,eu_trend_wm_max_recent_v2
ZRH,KEF,57860.44,1112.7008,7,2015,2024,eu_trend_wm_max_recent_v2
RTM,BCN,57859.5,1112.6827,7,2015,2024,eu_trend_wm_max_recent_v2
WAW,GVA,57846.58,1112.4343,6,2016,2024,eu_trend_wm_max_recent_v2
EMA,FUE,57782.0,1111.1923,7,2015,2024,eu_trend_wm_max_recent_v2
ZAG,ZRH,57771.33,1110.9871,7,2015,2024,eu_trend_wm_max_recent_v2
PRG,BUD,57747.4,1110.527,6,2016,2024,eu_trend_wm_max_recent_v2
OLB,VRN,57720.41,1110.0079,7,2015,2024,eu_trend_wm_max_recent_v2
OPO,MAN,57711.7,1109.8404,5,2016,2024,eu_trend_wm_max_recent_v2
ARN,GVA,57707.52,1109.76,7,2015,2024,eu_trend_wm_max_recent_v2
HAV,MXP,57696.42,1109.5466,4,2015,2018,eu_trend_wm_max_recent_v2
GVA,ARN,57647.34,1108.6027,7,2015,2024,eu_trend_wm_max_recent_v2
BCN,CAI,57633.17,1108.3303,2,2023,2024,eu_trend_wm_max_recent_v2
ACE,BFS,57624.66,1108.1665,7,2015,2024,eu_trend_wm_max_recent_v2
AGP,NRN,57578.9,1107.2865,7,2015,2024,eu_trend_wm_max_recent_v2
CPH,CIA,57575.0,1107.2115,4,2016,2019,eu_trend_wm_max_recent_v2
NCE,NAP,57565.53,1107.0295,7,2015,2024,eu_trend_wm_max_recent_v2
AOI,STN,57549.73,1106.7255,7,2015,2024,eu_trend_wm_max_recent_v2
PMO,BCN,57536.17,1106.4648,7,2015,2024,eu_trend_wm_max_recent_v2
CRL,GRO,57526.01,1106.2694,7,2015,2024,eu_trend_wm_max_recent_v2
RDU,CDG,57516.62,1106.0889,5,2017,2024,eu_trend_wm_max_recent_v2
NAP,NCE,57506.66,1105.8973,7,2015,2024,eu_trend_wm_max_recent_v2
MLA,CRL,57504.85,1105.8625,4,2018,2024,eu_trend_wm_max_recent_v2
NRN,AGP,57502.5,1105.8173,7,2015,2024,eu_trend_wm_max_recent_v2
VIE,CTA,57489.0,1105.5577,6,2016,2024,eu_trend_wm_max_recent_v2
MXP,OTP,57484.14,1105.4642,6,2015,2024,eu_trend_wm_max_recent_v2
LTN,KIR,57467.82,1105.1504,7,2015,2024,eu_trend_wm_max_recent_v2
NCE,AJA,57465.03,1105.0968,7,2015,2024,eu_trend_wm_max_recent_v2
VNO,BGY,57451.5,1104.8365,7,2015,2024,eu_trend_wm_max_recent_v2
SKG,SVO,57448.5,1104.7788,5,2015,2019,eu_trend_wm_max_recent_v2
FAO,LHR,57432.7,1104.475,3,2019,2024,eu_trend_wm_max_recent_v2
BCN,RTM,57422.94,1104.2873,7,2015,2024,eu_trend_wm_max_recent_v2
FCO,BRS,57410.0,1104.0385,7,2015,2024,eu_trend_wm_max_recent_v2
STN,KEF,57409.75,1104.0336,3,2018,2024,eu_trend_wm_max_recent_v2
IAD,VIE,57395.4,1103.7577,7,2015,2024,eu_trend_wm_max_recent_v2
CIA,AHO,57385.14,1103.5604,1,2015,2015,eu_trend_wm_max_recent_v2
OPO,TLS,57371.71,1103.3021,6,2016,2024,eu_trend_wm_max_recent_v2
CRL,KRK,57360.64,1103.0892,7,2015,2024,eu_trend_wm_max_recent_v2
DUB,ATH,57355.1,1102.9826,5,2017,2024,eu_trend_wm_max_recent_v2
LIS,BRS,57343.09,1102.7516,7,2015,2024,eu_trend_wm_max_recent_v2
FLL,LGW,57303.15,1101.9837,3,2017,2019,eu_trend_wm_max_recent_v2
LGW,CGN,57301.79,1101.9576,1,2015,2015,eu_trend_wm_max_recent_v2
ZRH,ALC,57268.25,1101.3126,2,2023,2024,eu_trend_wm_max_recent_v2
IST,OPO,57256.24,1101.0816,2,2023,2024,eu_trend_wm_max_recent_v2
IBZ,BRS,57235.85,1100.6894,7,2015,2024,eu_trend_wm_max_recent_v2
EDI,ARN,57234.0,1100.6538,7,2015,2024,eu_trend_wm_max_recent_v2
BOM,BRU,57228.12,1100.5408,3,2015,2018,eu_trend_wm_max_recent_v2
ZRH,LYS,57200.17,1100.0033,3,2015,2017,eu_trend_wm_max_recent_v2
TRN,MAD,57194.18,1099.8881,7,2015,2024,eu_trend_wm_max_recent_v2
FCO,TPS,57152.52,1099.0869,6,2016,2024,eu_trend_wm_max_recent_v2
LCG,LHR,57146.0,1098.9615,5,2015,2019,eu_trend_wm_max_recent_v2
AMS,BLR,57080.97,1097.7109,3,2018,2024,eu_trend_wm_max_recent_v2
CRL,MLA,57052.89,1097.171,4,2018,2024,eu_trend_wm_max_recent_v2
OSL,SPU,57049.62,1097.1081,7,2015,2024,eu_trend_wm_max_recent_v2
ACE,BIO,57042.02,1096.9619,7,2015,2024,eu_trend_wm_max_recent_v2
TRN,AMS,57030.24,1096.7354,7,2015,2024,eu_trend_wm_max_recent_v2
VIE,CRL,57026.21,1096.6578,2,2023,2024,eu_trend_wm_max_recent_v2
PMO,IST,57014.2,1096.4269,2,2023,2024,eu_trend_wm_max_recent_v2
MXP,ADD,57013.27,1096.4091,2,2023,2024,eu_trend_wm_max_recent_v2
EIN,KTW,57008.72,1096.3215,7,2015,2024,eu_trend_wm_max_recent_v2
CIA,CPH,57005.0,1096.25,4,2016,2019,eu_trend_wm_max_recent_v2
BSL,BRU,56973.07,1095.636,5,2015,2019,eu_trend_wm_max_recent_v2
HEL,BMA,56960.86,1095.4011,6,2015,2024,eu_trend_wm_max_recent_v2
CGN,LGW,56943.51,1095.0675,1,2015,2015,eu_trend_wm_max_recent_v2
MAN,OPO,56932.9,1094.8634,5,2016,2024,eu_trend_wm_max_recent_v2
TIV,SVO,56931.0,1094.8269,4,2016,2019,eu_trend_wm_max_recent_v2
KRK,CRL,56929.2,1094.7924,7,2015,2024,eu_trend_wm_max_recent_v2
KIR,LTN,56923.14,1094.6758,7,2015,2024,eu_trend_wm_max_recent_v2
CFU,DUS,56919.75,1094.6105,7,2015,2024,eu_trend_wm_max_recent_v2
GRO,CRL,56917.19,1094.5614,7,2015,2024,eu_trend_wm_max_recent_v2
CTA,VIE,56909.8,1094.4193,6,2016,2024,eu_trend_wm_max_recent_v2
BHX,BUD,56904.35,1094.3144,1,2024,2024,eu_trend_wm_max_recent_v2
OSL,MAD,56904.0,1094.3077,5,2017,2024,eu_trend_wm_max_recent_v2
DUB,LYS,56884.86,1093.9396,7,2015,2024,eu_trend_wm_max_recent_v2
MAD,YYZ,56855.82,1093.3812,5,2017,2024,eu_trend_wm_max_recent_v2
TFS,FCO,56849.75,1093.2645,3,2015,2024,eu_trend_wm_max_recent_v2
BRE,IST,56841.0,1093.0962,3,2019,2024,eu_trend_wm_max_recent_v2
CDG,CVG,56839.5,1093.0673,6,2015,2024,eu_trend_wm_max_recent_v2
CLT,MAD,56831.28,1092.9091,4,2018,2024,eu_trend_wm_max_recent_v2
IAS,CRL,56822.96,1092.7492,3,2019,2024,eu_trend_wm_max_recent_v2
FCO,TFS,56793.4,1092.1807,3,2015,2024,eu_trend_wm_max_recent_v2
BRS,TLS,56768.1,1091.6942,7,2015,2024,eu_trend_wm_max_recent_v2
CPH,BLL,56765.26,1091.6397,5,2015,2019,eu_trend_wm_max_recent_v2
AUH,BEG,56755.0,1091.4423,6,2016,2024,eu_trend_wm_max_recent_v2
STN,PMO,56742.59,1091.2036,7,2015,2024,eu_trend_wm_max_recent_v2
VRN,OLB,56742.22,1091.1966,7,2015,2024,eu_trend_wm_max_recent_v2
CUN,AMS,56723.19,1090.8305,2,2023,2024,eu_trend_wm_max_recent_v2
ZRH,PHL,56693.62,1090.262,4,2018,2024,eu_trend_wm_max_recent_v2
AMS,MME,56678.34,1089.9681,7,2015,2024,eu_trend_wm_max_recent_v2
SKG,CHQ,56675.0,1089.9038,7,2015,2024,eu_trend_wm_max_recent_v2
MEX,MUC,56666.0,1089.7308,5,2015,2019,eu_trend_wm_max_recent_v2
BCN,LEI,56648.76,1089.3992,7,2015,2024,eu_trend_wm_max_recent_v2
IST,EDI,56631.72,1089.0716,2,2023,2024,eu_trend_wm_max_recent_v2
BUD,BHX,56630.82,1089.0542,1,2024,2024,eu_trend_wm_max_recent_v2
TLL,CPH,56616.12,1088.7715,7,2015,2024,eu_trend_wm_max_recent_v2
ARN,BUD,56600.31,1088.4676,7,2015,2024,eu_trend_wm_max_recent_v2
BIO,ACE,56533.0,1087.1731,7,2015,2024,eu_trend_wm_max_recent_v2
BRI,IST,56531.03,1087.1351,2,2023,2024,eu_trend_wm_max_recent_v2
LGW,TPE,56515.0,1086.8269,2,2018,2019,eu_trend_wm_max_recent_v2
BCN,TFS,56484.56,1086.2415,5,2015,2019,eu_trend_wm_max_recent_v2
BUD,ARN,56477.44,1086.1047,7,2015,2024,eu_trend_wm_max_recent_v2
VCE,AUH,56461.57,1085.7995,2,2015,2016,eu_trend_wm_max_recent_v2
STN,AOI,56456.27,1085.6974,7,2015,2024,eu_trend_wm_max_recent_v2
DUB,DFW,56456.19,1085.696,2,2023,2024,eu_trend_wm_max_recent_v2
BCN,HKG,56456.0,1085.6923,1,2019,2019,eu_trend_wm_max_recent_v2
BRS,LIS,56442.34,1085.4295,7,2015,2024,eu_trend_wm_max_recent_v2
ATH,DUB,56441.41,1085.4118,5,2017,2024,eu_trend_wm_max_recent_v2
BSL,AGP,56437.72,1085.3407,7,2015,2024,eu_trend_wm_max_recent_v2
TPS,FCO,56408.91,1084.7868,6,2016,2024,eu_trend_wm_max_recent_v2
MNL,LHR,56398.96,1084.5954,5,2015,2019,eu_trend_wm_max_recent_v2
NGO,FRA,56397.0,1084.5577,3,2015,2019,eu_trend_wm_max_recent_v2
MXP,BVA,56386.27,1084.3514,1,2024,2024,eu_trend_wm_max_recent_v2
AGP,BSL,56359.19,1083.8306,7,2015,2024,eu_trend_wm_max_recent_v2
BRS,IBZ,56333.74,1083.3411,7,2015,2024,eu_trend_wm_max_recent_v2
TOS,BGO,56320.0,1083.0769,5,2015,2019,eu_trend_wm_max_recent_v2
DUB,HEL,56314.0,1082.9615,5,2016,2024,eu_trend_wm_max_recent_v2
GRO,PSA,56309.1,1082.8673,7,2015,2024,eu_trend_wm_max_recent_v2
DFW,DUB,56303.76,1082.7646,2,2023,2024,eu_trend_wm_max_recent_v2
MXP,ATL,56269.58,1082.1073,2,2023,2024,eu_trend_wm_max_recent_v2
STN,LUX,56266.72,1082.0522,5,2017,2024,eu_trend_wm_max_recent_v2
DEL,WAW,56265.88,1082.0362,2,2023,2024,eu_trend_wm_max_recent_v2
SZZ,STN,56264.22,1082.0042,7,2015,2024,eu_trend_wm_max_recent_v2
BER,SOF,56260.0,1081.9231,6,2016,2024,eu_trend_wm_max_recent_v2
SOF,BER,56250.0,1081.7308,6,2016,2024,eu_trend_wm_max_recent_v2
KTW,EIN,56214.89,1081.0556,7,2015,2024,eu_trend_wm_max_recent_v2
IST,BRI,56185.51,1080.4905,2,2023,2024,eu_trend_wm_max_recent_v2
TFS,BCN,56181.41,1080.4118,5,2015,2019,eu_trend_wm_max_recent_v2
ORK,ACE,56147.63,1079.7621,7,2015,2024,eu_trend_wm_max_recent_v2
LIN,MUC,56138.39,1079.5844,4,2016,2024,eu_trend_wm_max_recent_v2
ZAZ,PMI,56134.7,1079.5134,6,2015,2024,eu_trend_wm_max_recent_v2
PMI,ZAZ,56125.46,1079.3357,6,2015,2024,eu_trend_wm_max_recent_v2
MLA,NAP,56122.7,1079.2828,4,2018,2024,eu_trend_wm_max_recent_v2
CHQ,SKG,56101.0,1078.8654,7,2015,2024,eu_trend_wm_max_recent_v2
ORY,PUJ,56053.4,1077.9499,4,2018,2024,eu_trend_wm_max_recent_v2
MME,AMS,56052.06,1077.9242,7,2015,2024,eu_trend_wm_max_recent_v2
MAD,CRL,56051.04,1077.9046,7,2015,2024,eu_trend_wm_max_recent_v2
MLA,BRU,56044.01,1077.7694,7,2015,2024,eu_trend_wm_max_recent_v2
FMM,SKP,56041.19,1077.7152,7,2015,2024,eu_trend_wm_max_recent_v2
TLS,OPO,56035.75,1077.6106,6,2016,2024,eu_trend_wm_max_recent_v2
STN,LCJ,56007.18,1077.0612,7,2015,2024,eu_trend_wm_max_recent_v2
DRS,PMI,55996.98,1076.865,7,2015,2024,eu_trend_wm_max_recent_v2
AMS,TRF,55970.46,1076.355,7,2015,2024,eu_trend_wm_max_recent_v2
VIE,HND,55940.0,1075.7692,1,2019,2019,eu_trend_wm_max_recent_v2
LYS,DUB,55939.76,1075.7647,7,2015,2024,eu_trend_wm_max_recent_v2
BRU,MLA,55933.6,1075.6461,7,2015,2024,eu_trend_wm_max_recent_v2
TPE,LGW,55930.0,1075.5769,2,2018,2019,eu_trend_wm_max_recent_v2
WAW,TRF,55919.0,1075.3654,7,2015,2024,eu_trend_wm_max_recent_v2
ACE,ORK,55905.58,1075.1073,7,2015,2024,eu_trend_wm_max_recent_v2
AHO,CIA,55902.21,1075.0425,1,2015,2015,eu_trend_wm_max_recent_v2
PMO,STN,55880.64,1074.6277,7,2015,2024,eu_trend_wm_max_recent_v2
FRA,VRN,55879.88,1074.6132,7,2015,2024,eu_trend_wm_max_recent_v2
TLS,BRS,55859.28,1074.2169,7,2015,2024,eu_trend_wm_max_recent_v2
IAH,MUC,55856.68,1074.167,6,2015,2024,eu_trend_wm_max_recent_v2
LHR,LCG,55845.01,1073.9425,5,2015,2019,eu_trend_wm_max_recent_v2
AMS,MLA,55831.21,1073.6772,7,2015,2024,eu_trend_wm_max_recent_v2
MUC,ORY,55811.05,1073.2894,2,2016,2023,eu_trend_wm_max_recent_v2
SCQ,TFN,55805.81,1073.1886,7,2015,2024,eu_trend_wm_max_recent_v2
BMA,OSD,55793.97,1072.9609,7,2015,2024,eu_trend_wm_max_recent_v2
ZRH,ZAG,55779.72,1072.6869,7,2015,2024,eu_trend_wm_max_recent_v2
PMI,CWL,55765.44,1072.4123,5,2015,2019,eu_trend_wm_max_recent_v2
EDI,CWL,55764.0,1072.3846,5,2015,2019,eu_trend_wm_max_recent_v2
CRL,VIE,55759.61,1072.3003,2,2023,2024,eu_trend_wm_max_recent_v2
SKP,FMM,55755.88,1072.2285,7,2015,2024,eu_trend_wm_max_recent_v2
BUD,PRG,55752.96,1072.1722,6,2016,2024,eu_trend_wm_max_recent_v2
BVA,BRI,55744.02,1072.0004,7,2015,2024,eu_trend_wm_max_recent_v2
MAD,OSL,55742.0,1071.9615,5,2017,2024,eu_trend_wm_max_recent_v2
FCO,RUH,55737.77,1071.8802,1,2024,2024,eu_trend_wm_max_recent_v2
LHR,FAO,55717.12,1071.483,3,2019,2024,eu_trend_wm_max_recent_v2
MLA,DXB,55712.5,1071.3942,7,2015,2024,eu_trend_wm_max_recent_v2
VIE,IAD,55692.0,1071.0,7,2015,2024,eu_trend_wm_max_recent_v2
LYS,ZRH,55672.03,1070.616,3,2015,2017,eu_trend_wm_max_recent_v2
DUS,CFU,55670.74,1070.5912,7,2015,2024,eu_trend_wm_max_recent_v2
LCJ,STN,55667.52,1070.5292,7,2015,2024,eu_trend_wm_max_recent_v2
STN,SZZ,55657.0,1070.3269,7,2015,2024,eu_trend_wm_max_recent_v2
BGY,TFS,55653.24,1070.2546,7,2015,2024,eu_trend_wm_max_recent_v2
CWL,EDI,55651.0,1070.2115,5,2015,2019,eu_trend_wm_max_recent_v2
FRA,FNC,55648.75,1070.1683,7,2015,2024,eu_trend_wm_max_recent_v2
NAP,MLA,55639.95,1069.999,4,2018,2024,eu_trend_wm_max_recent_v2
BRI,BVA,55630.19,1069.8113,7,2015,2024,eu_trend_wm_max_recent_v2
LUX,CDG,55609.38,1069.4112,7,2015,2024,eu_trend_wm_max_recent_v2
TFS,BGY,55601.22,1069.2542,7,2015,2024,eu_trend_wm_max_recent_v2
MAN,FCO,55545.0,1068.1731,7,2015,2024,eu_trend_wm_max_recent_v2
FRA,NBO,55538.51,1068.0482,5,2017,2024,eu_trend_wm_max_recent_v2
NTE,FCO,55512.95,1067.5567,6,2015,2024,eu_trend_wm_max_recent_v2
CRL,MAD,55509.42,1067.4888,7,2015,2024,eu_trend_wm_max_recent_v2
BUD,GVA,55481.0,1066.9423,7,2015,2024,eu_trend_wm_max_recent_v2
ACE,LTN,55460.46,1066.5473,7,2015,2024,eu_trend_wm_max_recent_v2
ALC,ZRH,55453.82,1066.4196,2,2023,2024,eu_trend_wm_max_recent_v2
FRA,LOS,55437.71,1066.1099,7,2015,2024,eu_trend_wm_max_recent_v2
ORY,MUC,55430.08,1065.963,2,2016,2023,eu_trend_wm_max_recent_v2
HKG,ARN,55391.87,1065.2283,3,2016,2018,eu_trend_wm_max_recent_v2
BMA,HEL,55388.05,1065.1549,6,2015,2024,eu_trend_wm_max_recent_v2
FCO,SPU,55386.38,1065.1227,7,2015,2024,eu_trend_wm_max_recent_v2
ATL,MXP,55382.69,1065.0516,2,2023,2024,eu_trend_wm_max_recent_v2
AUH,GVA,55361.52,1064.6446,7,2015,2024,eu_trend_wm_max_recent_v2
IST,SGN,55328.18,1064.0034,2,2023,2024,eu_trend_wm_max_recent_v2
SIN,MXP,55322.04,1063.8853,7,2015,2024,eu_trend_wm_max_recent_v2
ACE,FRA,55314.0,1063.7308,7,2015,2024,eu_trend_wm_max_recent_v2
LAX,ORY,55307.85,1063.6126,2,2023,2024,eu_trend_wm_max_recent_v2
OTP,LPL,55270.0,1062.8846,5,2015,2019,eu_trend_wm_max_recent_v2
PMI,DRS,55258.5,1062.6635,7,2015,2024,eu_trend_wm_max_recent_v2
MAD,CGN,55240.84,1062.3239,3,2015,2019,eu_trend_wm_max_recent_v2
FUE,CGN,55220.27,1061.9283,7,2015,2024,eu_trend_wm_max_recent_v2
TRF,WAW,55203.0,1061.5962,7,2015,2024,eu_trend_wm_max_recent_v2
GVA,BUD,55192.0,1061.3846,7,2015,2024,eu_trend_wm_max_recent_v2
MAD,CAI,55171.0,1060.9808,4,2018,2024,eu_trend_wm_max_recent_v2
KRK,HEL,55170.78,1060.9766,7,2015,2024,eu_trend_wm_max_recent_v2
KEF,STN,55149.95,1060.5759,3,2018,2024,eu_trend_wm_max_recent_v2
DMK,FCO,55146.67,1060.5129,3,2015,2019,eu_trend_wm_max_recent_v2
FCO,PMI,55104.61,1059.704,2,2023,2024,eu_trend_wm_max_recent_v2
CGN,MAD,55100.13,1059.6178,3,2015,2019,eu_trend_wm_max_recent_v2
STN,HEL,55095.37,1059.5263,2,2023,2024,eu_trend_wm_max_recent_v2
PHL,ZRH,55060.26,1058.8512,4,2018,2024,eu_trend_wm_max_recent_v2
CWL,PMI,55042.26,1058.505,5,2015,2019,eu_trend_wm_max_recent_v2
RHO,VIE,55037.17,1058.4071,7,2015,2024,eu_trend_wm_max_recent_v2
ARN,HKG,55027.88,1058.2285,3,2016,2018,eu_trend_wm_max_recent_v2
AUH,LIS,55024.96,1058.1723,1,2024,2024,eu_trend_wm_max_recent_v2
SXB,LYS,54995.0,1057.5962,7,2015,2024,eu_trend_wm_max_recent_v2
LPL,KRK,54978.0,1057.2693,6,2015,2023,eu_trend_wm_max_recent_v2
HEL,STN,54958.64,1056.8969,2,2023,2024,eu_trend_wm_max_recent_v2
MAD,GDL,54953.1,1056.7903,2,2023,2024,eu_trend_wm_max_recent_v2
ALC,BSL,54943.86,1056.6127,7,2015,2024,eu_trend_wm_max_recent_v2
RIX,PRG,54941.63,1056.5698,6,2016,2024,eu_trend_wm_max_recent_v2
OPO,IST,54911.52,1055.9909,2,2023,2024,eu_trend_wm_max_recent_v2
LGW,FRA,54884.73,1055.4756,1,2023,2023,eu_trend_wm_max_recent_v2
WAW,HAM,54863.41,1055.0656,6,2016,2024,eu_trend_wm_max_recent_v2
KEF,ZRH,54859.21,1054.9848,7,2015,2024,eu_trend_wm_max_recent_v2
BRS,MAD,54814.52,1054.1254,7,2015,2024,eu_trend_wm_max_recent_v2
PUJ,MAN,54810.35,1054.0452,5,2015,2019,eu_trend_wm_max_recent_v2
TRF,AMS,54804.6,1053.9346,7,2015,2024,eu_trend_wm_max_recent_v2
BHX,GVA,54797.0,1053.7885,5,2017,2024,eu_trend_wm_max_recent_v2
NAP,BRU,54791.63,1053.6853,5,2015,2019,eu_trend_wm_max_recent_v2
RHO,BHX,54769.25,1053.2549,7,2015,2024,eu_trend_wm_max_recent_v2
LTN,IST,54765.56,1053.1838,2,2023,2024,eu_trend_wm_max_recent_v2
FRA,ACE,54741.0,1052.7115,7,2015,2024,eu_trend_wm_max_recent_v2
LYS,SXB,54734.0,1052.5769,7,2015,2024,eu_trend_wm_max_recent_v2
BRU,NAP,54714.82,1052.2081,5,2015,2019,eu_trend_wm_max_recent_v2
PSA,MUC,54670.0,1051.3462,5,2015,2019,eu_trend_wm_max_recent_v2
WAW,TFS,54664.86,1051.2473,3,2015,2024,eu_trend_wm_max_recent_v2
ORY,OSL,54661.76,1051.1877,3,2015,2017,eu_trend_wm_max_recent_v2
SPU,FCO,54661.16,1051.1762,7,2015,2024,eu_trend_wm_max_recent_v2
LCA,CPH,54657.23,1051.1006,5,2017,2024,eu_trend_wm_max_recent_v2
BGY,PMI,54620.1,1050.3865,4,2018,2024,eu_trend_wm_max_recent_v2
BLQ,BVA,54612.85,1050.2471,7,2015,2024,eu_trend_wm_max_recent_v2
TFN,SCQ,54599.26,1049.9859,7,2015,2024,eu_trend_wm_max_recent_v2
TSF,MLA,54582.96,1049.6723,7,2015,2024,eu_trend_wm_max_recent_v2
MLA,BRI,54581.71,1049.6483,7,2015,2024,eu_trend_wm_max_recent_v2
ZAG,STN,54562.31,1049.2752,2,2023,2024,eu_trend_wm_max_recent_v2
TFS,LPL,54554.0,1049.1153,7,2015,2024,eu_trend_wm_max_recent_v2
BHX,RHO,54533.67,1048.7245,7,2015,2024,eu_trend_wm_max_recent_v2
VIE,SPU,54530.9,1048.6712,7,2015,2024,eu_trend_wm_max_recent_v2
CPH,LCA,54529.52,1048.6447,5,2017,2024,eu_trend_wm_max_recent_v2
OTP,NCE,54529.52,1048.6447,5,2015,2024,eu_trend_wm_max_recent_v2
BRI,MLA,54526.28,1048.5823,7,2015,2024,eu_trend_wm_max_recent_v2
EIN,BLQ,54515.03,1048.366,7,2015,2024,eu_trend_wm_max_recent_v2
KIR,DUB,54512.42,1048.3158,7,2015,2024,eu_trend_wm_max_recent_v2
GLA,KEF,54498.6,1048.05,7,2015,2024,eu_trend_wm_max_recent_v2
GVA,BHX,54489.0,1047.8654,5,2017,2024,eu_trend_wm_max_recent_v2
CAG,NAP,54483.33,1047.7564,7,2015,2024,eu_trend_wm_max_recent_v2
BLQ,NAP,54455.76,1047.2262,1,2018,2018,eu_trend_wm_max_recent_v2
FCO,NTE,54422.81,1046.5925,6,2015,2024,eu_trend_wm_max_recent_v2
FCO,MAN,54413.0,1046.4038,7,2015,2024,eu_trend_wm_max_recent_v2
ZRH,TFS,54402.72,1046.2062,7,2015,2024,eu_trend_wm_max_recent_v2
BRU,BSL,54385.85,1045.8817,5,2015,2019,eu_trend_wm_max_recent_v2
BEG,LHR,54385.0,1045.8654,7,2015,2024,eu_trend_wm_max_recent_v2
AJA,CDG,54383.0,1045.8269,7,2015,2024,eu_trend_wm_max_recent_v2
MXP,ARN,54359.86,1045.3819,3,2017,2019,eu_trend_wm_max_recent_v2
SZG,HAM,54358.86,1045.3627,7,2015,2024,eu_trend_wm_max_recent_v2
PRG,RIX,54348.38,1045.1611,6,2016,2024,eu_trend_wm_max_recent_v2
NAP,CAG,54346.57,1045.1263,7,2015,2024,eu_trend_wm_max_recent_v2
AMS,LAS,54335.97,1044.9225,2,2023,2024,eu_trend_wm_max_recent_v2
PMI,FCO,54324.88,1044.7093,2,2023,2024,eu_trend_wm_max_recent_v2
MAN,PUJ,54281.83,1043.8813,5,2015,2019,eu_trend_wm_max_recent_v2
LPL,TFS,54276.84,1043.7854,7,2015,2024,eu_trend_wm_max_recent_v2
LTN,ACE,54272.16,1043.6954,7,2015,2024,eu_trend_wm_max_recent_v2
EIN,OPO,54242.66,1043.1281,7,2015,2024,eu_trend_wm_max_recent_v2
BRI,LGW,54225.0,1042.7885,7,2015,2024,eu_trend_wm_max_recent_v2
ORY,BSL,54211.08,1042.5208,5,2015,2019,eu_trend_wm_max_recent_v2
MLA,AMS,54199.08,1042.2899,7,2015,2024,eu_trend_wm_max_recent_v2
MUC,PSA,54195.0,1042.2115,5,2015,2019,eu_trend_wm_max_recent_v2
LUX,VIE,54129.04,1040.943,7,2015,2024,eu_trend_wm_max_recent_v2
FRA,SAN,54128.0,1040.9231,2,2018,2019,eu_trend_wm_max_recent_v2
HEL,ORD,54104.0,1040.4615,2,2018,2019,eu_trend_wm_max_recent_v2
KRK,LPL,54098.26,1040.3512,6,2015,2023,eu_trend_wm_max_recent_v2
VIE,LUX,54098.26,1040.3512,7,2015,2024,eu_trend_wm_max_recent_v2
STN,ZAG,54081.91,1040.0368,2,2023,2024,eu_trend_wm_max_recent_v2
BOS,PDL,54050.82,1039.4388,7,2015,2024,eu_trend_wm_max_recent_v2
DUS,LEJ,54040.0,1039.2308,5,2015,2019,eu_trend_wm_max_recent_v2
MAD,BRS,54032.95,1039.0951,7,2015,2024,eu_trend_wm_max_recent_v2
CDG,AJA,54030.0,1039.0385,7,2015,2024,eu_trend_wm_max_recent_v2
CDG,LUX,54027.97,1038.9995,7,2015,2024,eu_trend_wm_max_recent_v2
BGO,TOS,54023.0,1038.9038,5,2015,2019,eu_trend_wm_max_recent_v2
CTA,DUS,54011.2,1038.6769,7,2015,2024,eu_trend_wm_max_recent_v2
CGN,FUE,53976.99,1038.0191,7,2015,2024,eu_trend_wm_max_recent_v2
CMN,MRS,53970.92,1037.9022,7,2015,2024,eu_trend_wm_max_recent_v2
STN,BIQ,53968.0,1037.8462,7,2015,2024,eu_trend_wm_max_recent_v2
BSL,STN,53960.35,1037.699,5,2015,2024,eu_trend_wm_max_recent_v2
BRU,BOM,53923.32,1036.9869,3,2015,2018,eu_trend_wm_max_recent_v2
NAP,BER,53911.0,1036.75,7,2015,2024,eu_trend_wm_max_recent_v2
CRV,CIA,53904.04,1036.6161,1,2015,2015,eu_trend_wm_max_recent_v2
TFS,WAW,53894.37,1036.4302,3,2015,2024,eu_trend_wm_max_recent_v2
BGY,EDI,53875.89,1036.0749,4,2018,2024,eu_trend_wm_max_recent_v2
MRS,BCN,53873.0,1036.0192,7,2015,2024,eu_trend_wm_max_recent_v2
BSL,ORY,53871.91,1035.9983,5,2015,2019,eu_trend_wm_max_recent_v2
LIS,AUH,53860.19,1035.7729,1,2024,2024,eu_trend_wm_max_recent_v2
BER,NAP,53837.09,1035.3287,7,2015,2024,eu_trend_wm_max_recent_v2
LCA,BUD,53823.05,1035.0587,7,2015,2024,eu_trend_wm_max_recent_v2
DZA,CDG,53810.37,1034.8149,6,2016,2024,eu_trend_wm_max_recent_v2
FCO,CLT,53807.49,1034.7594,7,2015,2024,eu_trend_wm_max_recent_v2
NCE,BER,53807.0,1034.75,7,2015,2024,eu_trend_wm_max_recent_v2
HER,CGN,53805.0,1034.7115,7,2015,2024,eu_trend_wm_max_recent_v2
BHX,PFO,53789.0,1034.4038,7,2015,2024,eu_trend_wm_max_recent_v2
MLA,TSF,53788.64,1034.3968,7,2015,2024,eu_trend_wm_max_recent_v2
GVA,AUH,53787.66,1034.3781,7,2015,2024,eu_trend_wm_max_recent_v2
VIE,RHO,53768.73,1034.014,7,2015,2024,eu_trend_wm_max_recent_v2
MUC,BRI,53748.0,1033.6154,7,2015,2024,eu_trend_wm_max_recent_v2
OTP,AGP,53746.0,1033.5769,7,2015,2024,eu_trend_wm_max_recent_v2
IST,PMO,53736.39,1033.3922,2,2023,2024,eu_trend_wm_max_recent_v2
GVA,HAM,53734.27,1033.3513,2,2015,2016,eu_trend_wm_max_recent_v2
LGW,BRI,53719.0,1033.0577,7,2015,2024,eu_trend_wm_max_recent_v2
GDL,MAD,53709.6,1032.877,2,2023,2024,eu_trend_wm_max_recent_v2
OPO,EIN,53708.68,1032.8592,7,2015,2024,eu_trend_wm_max_recent_v2
FNC,FRA,53707.75,1032.8414,7,2015,2024,eu_trend_wm_max_recent_v2
MXP,AHO,53704.0,1032.7692,7,2015,2024,eu_trend_wm_max_recent_v2
BSL,NAP,53702.0,1032.7308,7,2015,2024,eu_trend_wm_max_recent_v2
BOG,MUC,53701.0,1032.7115,1,2019,2019,eu_trend_wm_max_recent_v2
CDG,IBZ,53695.0,1032.5962,1,2019,2019,eu_trend_wm_max_recent_v2
MUC,IAH,53684.0,1032.3846,6,2015,2024,eu_trend_wm_max_recent_v2
EDI,BSL,53661.18,1031.9458,7,2015,2024,eu_trend_wm_max_recent_v2
NAP,BSL,53648.0,1031.6923,7,2015,2024,eu_trend_wm_max_recent_v2
SGN,IST,53639.39,1031.5267,2,2023,2024,eu_trend_wm_max_recent_v2
ARN,MXP,53638.86,1031.5166,3,2017,2019,eu_trend_wm_max_recent_v2
ZRH,BDS,53636.62,1031.4734,7,2015,2024,eu_trend_wm_max_recent_v2
STR,TFS,53630.0,1031.3462,7,2015,2024,eu_trend_wm_max_recent_v2
BUD,ORY,53627.38,1031.2958,2,2023,2024,eu_trend_wm_max_recent_v2
BSL,ALC,53621.84,1031.1892,7,2015,2024,eu_trend_wm_max_recent_v2
EDI,BGY,53603.36,1030.8338,4,2018,2024,eu_trend_wm_max_recent_v2
ARN,ORY,53598.79,1030.746,5,2015,2023,eu_trend_wm_max_recent_v2
HKG,BCN,53596.0,1030.6923,1,2019,2019,eu_trend_wm_max_recent_v2
ORY,BUD,53587.65,1030.5318,2,2023,2024,eu_trend_wm_max_recent_v2
HAM,GVA,53570.84,1030.2085,2,2015,2016,eu_trend_wm_max_recent_v2
AGP,OTP,53563.0,1030.0577,7,2015,2024,eu_trend_wm_max_recent_v2
SPU,CPH,53559.0,1029.9808,7,2015,2024,eu_trend_wm_max_recent_v2
BEG,BER,53547.0,1029.7501,2,2023,2024,eu_trend_wm_max_recent_v2
BUD,LCA,53543.18,1029.6766,7,2015,2024,eu_trend_wm_max_recent_v2
PFO,BHX,53539.0,1029.5962,7,2015,2024,eu_trend_wm_max_recent_v2
LAX,DUS,53526.5,1029.3558,2,2016,2017,eu_trend_wm_max_recent_v2
VNO,BCN,53526.0,1029.3462,7,2015,2024,eu_trend_wm_max_recent_v2
SAN,FRA,53525.0,1029.3269,2,2018,2019,eu_trend_wm_max_recent_v2
LPL,OTP,53512.0,1029.0769,5,2015,2019,eu_trend_wm_max_recent_v2
HAM,WAW,53505.69,1028.9556,6,2016,2024,eu_trend_wm_max_recent_v2
DTM,LTN,53501.0,1028.8654,5,2015,2019,eu_trend_wm_max_recent_v2
NTE,SXB,53498.41,1028.8155,7,2015,2024,eu_trend_wm_max_recent_v2
FCO,ALC,53471.0,1028.2885,7,2015,2024,eu_trend_wm_max_recent_v2
BRU,KEF,53458.0,1028.0385,7,2015,2024,eu_trend_wm_max_recent_v2
BER,NCE,53449.02,1027.8658,7,2015,2024,eu_trend_wm_max_recent_v2
PMI,BGY,53436.0,1027.6154,4,2018,2024,eu_trend_wm_max_recent_v2
BVA,BLQ,53422.72,1027.36,7,2015,2024,eu_trend_wm_max_recent_v2
LTN,DTM,53413.0,1027.1731,5,2015,2019,eu_trend_wm_max_recent_v2
AGP,WAW,53389.95,1026.7298,6,2015,2024,eu_trend_wm_max_recent_v2
SPU,VIE,53371.47,1026.3745,7,2015,2024,eu_trend_wm_max_recent_v2
KEF,GLA,53366.0,1026.2692,7,2015,2024,eu_trend_wm_max_recent_v2
CGN,HER,53334.52,1025.6639,7,2015,2024,eu_trend_wm_max_recent_v2
CWL,ALC,53320.5,1025.3942,7,2015,2024,eu_trend_wm_max_recent_v2
SBZ,LTN,53255.0,1024.1346,7,2015,2024,eu_trend_wm_max_recent_v2
VIE,NRT,53242.0,1023.8846,3,2015,2019,eu_trend_wm_max_recent_v2
BRI,MUC,53241.0,1023.8654,7,2015,2024,eu_trend_wm_max_recent_v2
HAM,SZG,53237.88,1023.8054,7,2015,2024,eu_trend_wm_max_recent_v2
YUL,MXP,53237.52,1023.7984,2,2023,2024,eu_trend_wm_max_recent_v2
WAW,AGP,53222.73,1023.5141,6,2015,2024,eu_trend_wm_max_recent_v2
NAP,BLQ,53194.02,1022.9619,1,2018,2018,eu_trend_wm_max_recent_v2
ZRH,LJU,53194.02,1022.9619,7,2015,2024,eu_trend_wm_max_recent_v2
BLQ,EIN,53184.51,1022.7791,7,2015,2024,eu_trend_wm_max_recent_v2
ALC,FCO,53180.0,1022.6923,7,2015,2024,eu_trend_wm_max_recent_v2
SXB,NTE,53162.36,1022.3531,7,2015,2024,eu_trend_wm_max_recent_v2
ALC,CWL,53150.16,1022.1185,7,2015,2024,eu_trend_wm_max_recent_v2
NCE,OTP,53132.89,1021.7863,5,2015,2024,eu_trend_wm_max_recent_v2
CTA,BUD,53074.0,1020.6538,5,2016,2024,eu_trend_wm_max_recent_v2
CTA,FRA,53012.42,1019.4697,6,2015,2024,eu_trend_wm_max_recent_v2
WAW,NRT,53004.3,1019.3135,4,2018,2024,eu_trend_wm_max_recent_v2
LAS,AMS,53001.01,1019.2502,2,2023,2024,eu_trend_wm_max_recent_v2
EDI,IST,52986.23,1018.966,2,2023,2024,eu_trend_wm_max_recent_v2
TFS,STR,52980.0,1018.8462,7,2015,2024,eu_trend_wm_max_recent_v2
BUD,NUE,52963.0,1018.5192,5,2017,2024,eu_trend_wm_max_recent_v2
BUD,CTA,52937.27,1018.0244,5,2016,2024,eu_trend_wm_max_recent_v2
BER,BEG,52920.64,1017.7046,2,2023,2024,eu_trend_wm_max_recent_v2
BSL,EDI,52901.28,1017.3323,7,2015,2024,eu_trend_wm_max_recent_v2
IBZ,EMA,52888.02,1017.0773,7,2015,2024,eu_trend_wm_max_recent_v2
PUJ,DUS,52863.02,1016.5964,5,2015,2019,eu_trend_wm_max_recent_v2
PMI,LIS,52854.12,1016.4254,2,2023,2024,eu_trend_wm_max_recent_v2
SCQ,STN,52848.49,1016.3171,7,2015,2024,eu_trend_wm_max_recent_v2
DUB,MCO,52792.33,1015.2371,7,2015,2024,eu_trend_wm_max_recent_v2
CIA,CRV,52763.16,1014.6761,1,2015,2015,eu_trend_wm_max_recent_v2
VCE,PRG,52744.0,1014.3077,4,2016,2019,eu_trend_wm_max_recent_v2
DRS,STR,52736.09,1014.1557,5,2015,2019,eu_trend_wm_max_recent_v2
DXB,KRK,52734.02,1014.1158,4,2018,2024,eu_trend_wm_max_recent_v2
NYO,ALC,52668.17,1012.8494,7,2015,2024,eu_trend_wm_max_recent_v2
DUS,HKG,52667.13,1012.8294,2,2016,2017,eu_trend_wm_max_recent_v2
CWL,DUB,52625.51,1012.0291,6,2015,2023,eu_trend_wm_max_recent_v2
BDS,ZRH,52615.77,1011.8417,7,2015,2024,eu_trend_wm_max_recent_v2
SVG,LHR,52554.48,1010.6631,7,2015,2024,eu_trend_wm_max_recent_v2
CPH,TLL,52520.82,1010.0158,7,2015,2024,eu_trend_wm_max_recent_v2
NRT,WAW,52494.3,1009.5058,4,2018,2024,eu_trend_wm_max_recent_v2
DUS,CTA,52482.81,1009.2847,7,2015,2024,eu_trend_wm_max_recent_v2
BCN,VNO,52463.0,1008.9038,7,2015,2024,eu_trend_wm_max_recent_v2
DUB,CWL,52455.93,1008.7678,6,2015,2023,eu_trend_wm_max_recent_v2
EMA,IBZ,52426.98,1008.2112,7,2015,2024,eu_trend_wm_max_recent_v2
OTP,BRI,52416.0,1008.0,7,2015,2024,eu_trend_wm_max_recent_v2
IST,LTN,52404.21,1007.7732,2,2023,2024,eu_trend_wm_max_recent_v2
SKG,ZRH,52381.11,1007.3291,5,2017,2024,eu_trend_wm_max_recent_v2
ALC,NYO,52347.73,1006.687,7,2015,2024,eu_trend_wm_max_recent_v2
LUX,STN,52334.16,1006.4262,5,2017,2024,eu_trend_wm_max_recent_v2
MAN,CGN,52334.0,1006.4231,4,2018,2024,eu_trend_wm_max_recent_v2
PRG,VCE,52313.0,1006.0192,4,2016,2019,eu_trend_wm_max_recent_v2
BRI,SOF,52301.66,1005.8012,4,2016,2024,eu_trend_wm_max_recent_v2
CPH,SPU,52289.0,1005.5577,7,2015,2024,eu_trend_wm_max_recent_v2
BCN,MEX,52281.34,1005.4103,2,2023,2024,eu_trend_wm_max_recent_v2
STN,BSL,52223.02,1004.2889,5,2015,2024,eu_trend_wm_max_recent_v2
WMI,ATH,52212.0,1004.0769,7,2015,2024,eu_trend_wm_max_recent_v2
BRI,OTP,52178.0,1003.4231,7,2015,2024,eu_trend_wm_max_recent_v2
LIS,PMI,52169.55,1003.2606,2,2023,2024,eu_trend_wm_max_recent_v2
CIA,NUE,52144.44,1002.7777,3,2017,2019,eu_trend_wm_max_recent_v2
ATH,WMI,52130.0,1002.5,7,2015,2024,eu_trend_wm_max_recent_v2
KTW,WAW,52129.24,1002.4854,7,2015,2024,eu_trend_wm_max_recent_v2
LPA,NCL,52117.56,1002.2608,7,2015,2024,eu_trend_wm_max_recent_v2
BDS,GVA,52117.0,1002.25,7,2015,2024,eu_trend_wm_max_recent_v2
NUE,BUD,52085.0,1001.6346,5,2017,2024,eu_trend_wm_max_recent_v2
NTE,LIL,52082.0,1001.5769,5,2015,2019,eu_trend_wm_max_recent_v2
BRS,RHO,52061.46,1001.1819,4,2016,2024,eu_trend_wm_max_recent_v2
CDG,SDQ,52055.44,1001.0661,2,2015,2016,eu_trend_wm_max_recent_v2
LIL,NTE,52046.0,1000.8846,5,2015,2019,eu_trend_wm_max_recent_v2
IST,TRN,52021.74,1000.418,2,2023,2024,eu_trend_wm_max_recent_v2
RHO,BRS,52015.27,1000.2936,4,2016,2024,eu_trend_wm_max_recent_v2
LJU,ZRH,52010.82,1000.2081,7,2015,2024,eu_trend_wm_max_recent_v2
NAP,ATH,52002.34,1000.0449,5,2016,2024,eu_trend_wm_max_recent_v2
BHX,ZRH,51989.83,999.8044,5,2015,2019,eu_trend_wm_max_recent_v2
SOF,WAW,51983.86,999.6896,7,2015,2024,eu_trend_wm_max_recent_v2
RUH,FCO,51966.31,999.352,1,2024,2024,eu_trend_wm_max_recent_v2
NRT,VIE,51965.0,999.3269,3,2015,2019,eu_trend_wm_max_recent_v2
GVA,BDS,51955.0,999.1346,7,2015,2024,eu_trend_wm_max_recent_v2
LHR,BNA,51954.0,999.1154,1,2019,2019,eu_trend_wm_max_recent_v2
VLC,MUC,51928.0,998.6154,6,2016,2024,eu_trend_wm_max_recent_v2
GLA,LPA,51911.8,998.3038,7,2015,2024,eu_trend_wm_max_recent_v2
ORY,ARN,51895.15,997.9837,5,2015,2023,eu_trend_wm_max_recent_v2
HKG,CPH,51880.0,997.6923,1,2019,2019,eu_trend_wm_max_recent_v2
CPH,HKG,51876.0,997.6154,1,2019,2019,eu_trend_wm_max_recent_v2
MAH,ORY,51840.66,996.9358,4,2016,2024,eu_trend_wm_max_recent_v2
DBV,MAN,51828.24,996.6969,7,2015,2024,eu_trend_wm_max_recent_v2
TLS,PMI,51827.73,996.6871,6,2016,2024,eu_trend_wm_max_recent_v2
WAW,KEF,51825.92,996.6522,5,2017,2024,eu_trend_wm_max_recent_v2
KEF,WAW,51820.48,996.5477,5,2017,2024,eu_trend_wm_max_recent_v2
NCL,LPA,51802.37,996.1994,7,2015,2024,eu_trend_wm_max_recent_v2
MUC,OLB,51780.0,995.7692,7,2015,2024,eu_trend_wm_max_recent_v2
LPA,GLA,51743.66,995.0704,7,2015,2024,eu_trend_wm_max_recent_v2
MRS,CMN,51733.0,994.8654,7,2015,2024,eu_trend_wm_max_recent_v2
KRK,DXB,51682.68,993.8978,4,2018,2024,eu_trend_wm_max_recent_v2
CPH,DOH,51681.76,993.88,2,2023,2024,eu_trend_wm_max_recent_v2
KEF,BRU,51681.0,993.8654,7,2015,2024,eu_trend_wm_max_recent_v2
PMI,HEL,51669.0,993.6346,4,2016,2019,eu_trend_wm_max_recent_v2
LYS,SVO,51663.0,993.5192,1,2019,2019,eu_trend_wm_max_recent_v2
CLT,FCO,51662.0,993.5,7,2015,2024,eu_trend_wm_max_recent_v2
WAW,HER,51660.17,993.4648,7,2015,2024,eu_trend_wm_max_recent_v2
SZG,STN,51601.24,992.3315,7,2015,2024,eu_trend_wm_max_recent_v2
TPE,MUC,51585.68,992.0323,2,2023,2024,eu_trend_wm_max_recent_v2
ORY,MAH,51583.83,991.9968,4,2016,2024,eu_trend_wm_max_recent_v2
EMA,GLA,51575.73,991.8409,5,2015,2019,eu_trend_wm_max_recent_v2
TLV,LYS,51572.0,991.7692,2,2018,2019,eu_trend_wm_max_recent_v2
LED,HER,51563.26,991.6012,5,2015,2019,eu_trend_wm_max_recent_v2
MXP,DEL,51563.0,991.5962,5,2017,2024,eu_trend_wm_max_recent_v2
ZAG,DXB,51553.9,991.4212,7,2015,2024,eu_trend_wm_max_recent_v2
NCE,LPL,51546.0,991.2692,5,2015,2019,eu_trend_wm_max_recent_v2
SVO,LYS,51501.0,990.4038,1,2019,2019,eu_trend_wm_max_recent_v2
ORY,JTR,51500.76,990.3992,6,2016,2024,eu_trend_wm_max_recent_v2
EDI,BUD,51484.0,990.0769,4,2018,2024,eu_trend_wm_max_recent_v2
BKK,FCO,51450.55,989.4336,1,2016,2016,eu_trend_wm_max_recent_v2
DUS,PUJ,51446.76,989.3608,5,2015,2019,eu_trend_wm_max_recent_v2
GLA,EMA,51442.59,989.2805,5,2015,2019,eu_trend_wm_max_recent_v2
MCO,DUB,51432.83,989.0929,7,2015,2024,eu_trend_wm_max_recent_v2
MAN,DBV,51412.08,988.6938,7,2015,2024,eu_trend_wm_max_recent_v2
HEL,NCE,51412.0,988.6923,7,2015,2024,eu_trend_wm_max_recent_v2
LCY,MUC,51408.0,988.6154,1,2019,2019,eu_trend_wm_max_recent_v2
BRU,BLL,51404.08,988.5401,6,2015,2023,eu_trend_wm_max_recent_v2
CCF,CRL,51386.0,988.1923,7,2015,2024,eu_trend_wm_max_recent_v2
FRA,RHO,51369.43,987.8736,7,2015,2024,eu_trend_wm_max_recent_v2
HER,WAW,51363.99,987.7691,7,2015,2024,eu_trend_wm_max_recent_v2
PRG,NAP,51359.34,987.6796,6,2016,2024,eu_trend_wm_max_recent_v2
HEL,DUB,51351.0,987.5192,5,2016,2024,eu_trend_wm_max_recent_v2
TRN,IST,51350.1,987.5019,2,2023,2024,eu_trend_wm_max_recent_v2
LIG,STN,51338.64,987.2815,7,2015,2024,eu_trend_wm_max_recent_v2
BRU,YYZ,51334.0,987.1923,5,2015,2019,eu_trend_wm_max_recent_v2
NAP,DUS,51306.0,986.6538,5,2015,2019,eu_trend_wm_max_recent_v2
CRL,CCF,51289.0,986.3269,7,2015,2024,eu_trend_wm_max_recent_v2
LIN,DUB,51284.58,986.2419,7,2015,2024,eu_trend_wm_max_recent_v2
SGN,FRA,51281.57,986.1841,7,2015,2024,eu_trend_wm_max_recent_v2
VLC,LHR,51276.0,986.0769,3,2019,2024,eu_trend_wm_max_recent_v2
SPU,HEL,51261.12,985.7908,7,2015,2024,eu_trend_wm_max_recent_v2
MUC,BOG,51255.0,985.6731,1,2019,2019,eu_trend_wm_max_recent_v2
HKG,DUS,51254.27,985.659,2,2016,2017,eu_trend_wm_max_recent_v2
FRA,LGW,51254.02,985.6542,1,2023,2023,eu_trend_wm_max_recent_v2
MUC,GOA,51242.34,985.4296,7,2015,2024,eu_trend_wm_max_recent_v2
EWR,HAM,51205.41,984.7194,2,2015,2016,eu_trend_wm_max_recent_v2
NCE,HEL,51202.0,984.6538,7,2015,2024,eu_trend_wm_max_recent_v2
MUC,LIN,51201.36,984.6416,4,2016,2024,eu_trend_wm_max_recent_v2
PMI,TLS,51186.47,984.3552,6,2016,2024,eu_trend_wm_max_recent_v2
FRA,LAS,51181.04,984.2507,5,2015,2024,eu_trend_wm_max_recent_v2
STR,DRS,51173.57,984.1072,5,2015,2019,eu_trend_wm_max_recent_v2
PRG,BHX,51160.0,983.8462,2,2018,2019,eu_trend_wm_max_recent_v2
EMA,LPA,51141.78,983.4958,7,2015,2024,eu_trend_wm_max_recent_v2
HEL,TKU,51135.66,983.3781,5,2015,2019,eu_trend_wm_max_recent_v2
VIE,OPO,51134.84,983.3624,2,2023,2024,eu_trend_wm_max_recent_v2
ORY,TFS,51128.38,983.238,3,2015,2024,eu_trend_wm_max_recent_v2
DUS,LAX,51126.3,983.198,2,2016,2017,eu_trend_wm_max_recent_v2
EWR,GVA,51123.27,983.1398,7,2015,2024,eu_trend_wm_max_recent_v2
BSL,CPH,51123.07,983.136,7,2015,2024,eu_trend_wm_max_recent_v2
BLQ,CGN,51114.52,982.9715,7,2015,2024,eu_trend_wm_max_recent_v2
FCO,MEX,51108.61,982.8579,5,2017,2024,eu_trend_wm_max_recent_v2
BIQ,STN,51101.0,982.7115,7,2015,2024,eu_trend_wm_max_recent_v2
LPL,NCE,51089.0,982.4808,5,2015,2019,eu_trend_wm_max_recent_v2
RHO,FRA,51067.82,982.0735,7,2015,2024,eu_trend_wm_max_recent_v2
ZRH,SKG,51065.56,982.0299,5,2017,2024,eu_trend_wm_max_recent_v2
FRA,CTA,51023.44,981.22,6,2015,2024,eu_trend_wm_max_recent_v2
BRU,LGW,51009.62,980.9541,1,2015,2015,eu_trend_wm_max_recent_v2
HEL,PMI,50988.0,980.5385,4,2016,2019,eu_trend_wm_max_recent_v2
AAR,STN,50982.55,980.4337,7,2015,2024,eu_trend_wm_max_recent_v2
JTR,ORY,50972.72,980.2446,6,2016,2024,eu_trend_wm_max_recent_v2
BGY,OLB,50965.78,980.1112,7,2015,2024,eu_trend_wm_max_recent_v2
NTE,MUC,50948.0,979.7692,3,2017,2019,eu_trend_wm_max_recent_v2
BER,VLC,50929.75,979.4183,6,2016,2024,eu_trend_wm_max_recent_v2
STN,AAR,50929.49,979.4134,7,2015,2024,eu_trend_wm_max_recent_v2
SOF,BRI,50924.21,979.3117,4,2016,2024,eu_trend_wm_max_recent_v2
IBZ,MUC,50920.51,979.2406,7,2015,2024,eu_trend_wm_max_recent_v2
NCE,DUS,50895.33,978.7563,5,2015,2024,eu_trend_wm_max_recent_v2
BOD,PMI,50886.33,978.5833,7,2015,2024,eu_trend_wm_max_recent_v2
CAI,AMS,50878.02,978.4234,7,2015,2024,eu_trend_wm_max_recent_v2
VLC,BER,50871.55,978.299,6,2016,2024,eu_trend_wm_max_recent_v2
LGW,BRU,50861.32,978.1024,1,2015,2015,eu_trend_wm_max_recent_v2
SVO,HAJ,50849.42,977.8734,5,2015,2019,eu_trend_wm_max_recent_v2
CRL,ARN,50827.2,977.4462,2,2023,2024,eu_trend_wm_max_recent_v2
LPA,EMA,50825.58,977.415,7,2015,2024,eu_trend_wm_max_recent_v2
WAW,KTW,50787.13,976.6755,7,2015,2024,eu_trend_wm_max_recent_v2
GOA,NAP,50781.94,976.5757,7,2015,2024,eu_trend_wm_max_recent_v2
NAP,PRG,50781.94,976.5757,6,2016,2024,eu_trend_wm_max_recent_v2
LMP,PMO,50774.54,976.4336,7,2015,2024,eu_trend_wm_max_recent_v2
NUE,CIA,50768.46,976.3165,3,2017,2019,eu_trend_wm_max_recent_v2
LEJ,DUS,50720.0,975.3846,5,2015,2019,eu_trend_wm_max_recent_v2
DXB,ZAG,50718.46,975.355,7,2015,2024,eu_trend_wm_max_recent_v2
ORY,LCY,50698.08,974.9631,5,2015,2019,eu_trend_wm_max_recent_v2
CPH,BSL,50697.38,974.9495,7,2015,2024,eu_trend_wm_max_recent_v2
BIO,MAH,50671.11,974.4444,7,2015,2024,eu_trend_wm_max_recent_v2
DBV,FRA,50670.6,974.4346,7,2015,2024,eu_trend_wm_max_recent_v2
BUD,EDI,50646.0,973.9615,4,2018,2024,eu_trend_wm_max_recent_v2
LTN,ORK,50620.0,973.4615,3,2019,2024,eu_trend_wm_max_recent_v2
LUX,FCO,50612.87,973.3245,7,2015,2024,eu_trend_wm_max_recent_v2
ORY,NTE,50595.0,972.9808,5,2015,2019,eu_trend_wm_max_recent_v2
NTE,ORY,50586.72,972.8216,5,2015,2019,eu_trend_wm_max_recent_v2
KRK,LHR,50584.25,972.774,6,2015,2023,eu_trend_wm_max_recent_v2
HAJ,TFS,50581.0,972.7115,7,2015,2024,eu_trend_wm_max_recent_v2
FRA,DBV,50566.68,972.4361,7,2015,2024,eu_trend_wm_max_recent_v2
CRL,TPS,50563.44,972.3738,6,2015,2024,eu_trend_wm_max_recent_v2
OLB,BGY,50534.34,971.8143,7,2015,2024,eu_trend_wm_max_recent_v2
WAW,NYO,50523.0,971.5962,7,2015,2024,eu_trend_wm_max_recent_v2
ATH,MLA,50514.02,971.4235,7,2015,2024,eu_trend_wm_max_recent_v2
STN,LIG,50511.0,971.3654,7,2015,2024,eu_trend_wm_max_recent_v2
CTA,GVA,50507.0,971.2885,7,2015,2024,eu_trend_wm_max_recent_v2
AMS,CAI,50489.0,970.9423,7,2015,2024,eu_trend_wm_max_recent_v2
CGN,BLQ,50466.9,970.5174,7,2015,2024,eu_trend_wm_max_recent_v2
PMI,BOD,50456.74,970.322,7,2015,2024,eu_trend_wm_max_recent_v2
HEL,KRK,50426.56,969.7416,7,2015,2024,eu_trend_wm_max_recent_v2
OLB,MUC,50415.0,969.5192,7,2015,2024,eu_trend_wm_max_recent_v2
NCL,IBZ,50413.88,969.4977,7,2015,2024,eu_trend_wm_max_recent_v2
ATH,NAP,50380.06,968.8474,5,2016,2024,eu_trend_wm_max_recent_v2
BLQ,LGW,50362.5,968.5096,5,2015,2019,eu_trend_wm_max_recent_v2
TFS,HAJ,50356.91,968.4021,7,2015,2024,eu_trend_wm_max_recent_v2
CDG,DZA,50345.05,968.174,6,2016,2024,eu_trend_wm_max_recent_v2
KIN,LGW,50341.0,968.0962,5,2015,2019,eu_trend_wm_max_recent_v2
BLL,BRU,50337.67,968.0322,6,2015,2023,eu_trend_wm_max_recent_v2
BIO,IBZ,50323.31,967.756,7,2015,2024,eu_trend_wm_max_recent_v2
LTN,SBZ,50322.0,967.7308,7,2015,2024,eu_trend_wm_max_recent_v2
CMN,LHR,50313.0,967.5577,5,2015,2019,eu_trend_wm_max_recent_v2
DUS,NAP,50285.0,967.0192,5,2015,2019,eu_trend_wm_max_recent_v2
KRK,BFS,50284.0,967.0,6,2015,2023,eu_trend_wm_max_recent_v2
SZG,VIE,50280.06,966.9242,5,2015,2019,eu_trend_wm_max_recent_v2
KTW,TRF,50226.35,965.8914,6,2015,2023,eu_trend_wm_max_recent_v2
BSL,OTP,50222.09,965.8093,5,2017,2024,eu_trend_wm_max_recent_v2
ALC,BGY,50211.0,965.5961,6,2016,2024,eu_trend_wm_max_recent_v2
IBZ,NCL,50174.77,964.8994,7,2015,2024,eu_trend_wm_max_recent_v2
TRF,KTW,50174.33,964.891,6,2015,2023,eu_trend_wm_max_recent_v2
STN,SZG,50161.18,964.6381,7,2015,2024,eu_trend_wm_max_recent_v2
DEL,MXP,50157.0,964.5577,5,2017,2024,eu_trend_wm_max_recent_v2
ORY,CAI,50138.02,964.1926,2,2023,2024,eu_trend_wm_max_recent_v2
LAS,FRA,50130.0,964.0385,5,2015,2024,eu_trend_wm_max_recent_v2
MBJ,MAN,50079.0,963.0577,4,2015,2019,eu_trend_wm_max_recent_v2
ATH,BOS,50071.52,962.9138,1,2024,2024,eu_trend_wm_max_recent_v2
ATH,KTW,50061.34,962.718,4,2018,2024,eu_trend_wm_max_recent_v2
LHR,KRK,50060.93,962.7101,6,2015,2023,eu_trend_wm_max_recent_v2
CPH,STR,50050.52,962.5101,7,2015,2024,eu_trend_wm_max_recent_v2
MRS,PMI,50047.06,962.4435,6,2015,2024,eu_trend_wm_max_recent_v2
BFS,KRK,50042.0,962.3462,6,2015,2023,eu_trend_wm_max_recent_v2
LEJ,HER,50019.76,961.9185,7,2015,2024,eu_trend_wm_max_recent_v2
EIN,SVQ,50016.27,961.8513,7,2015,2024,eu_trend_wm_max_recent_v2
CLJ,BCN,49994.0,961.4231,7,2015,2024,eu_trend_wm_max_recent_v2
BUD,BVA,49968.03,960.9236,7,2015,2024,eu_trend_wm_max_recent_v2
GVA,EWR,49957.49,960.721,7,2015,2024,eu_trend_wm_max_recent_v2
OTP,BSL,49949.55,960.5683,5,2017,2024,eu_trend_wm_max_recent_v2
FCO,LUX,49900.59,959.6267,7,2015,2024,eu_trend_wm_max_recent_v2
OPO,VIE,49893.2,959.4845,2,2023,2024,eu_trend_wm_max_recent_v2
PMI,MRS,49870.44,959.047,6,2015,2024,eu_trend_wm_max_recent_v2
MAN,MBJ,49866.0,958.9615,4,2015,2019,eu_trend_wm_max_recent_v2
TPS,CRL,49853.89,958.7286,6,2015,2024,eu_trend_wm_max_recent_v2
ARN,CRL,49848.85,958.6318,2,2023,2024,eu_trend_wm_max_recent_v2
BCN,RIX,49845.99,958.5767,7,2015,2024,eu_trend_wm_max_recent_v2
LED,VIE,49843.0,958.5192,5,2015,2019,eu_trend_wm_max_recent_v2
NAP,GOA,49840.54,958.4719,7,2015,2024,eu_trend_wm_max_recent_v2
GVA,CTA,49838.0,958.4231,7,2015,2024,eu_trend_wm_max_recent_v2
FCO,DMK,49837.34,958.4104,3,2015,2019,eu_trend_wm_max_recent_v2
BVA,MAN,49818.36,958.0455,5,2015,2024,eu_trend_wm_max_recent_v2
LCY,FLR,49809.66,957.8781,7,2015,2024,eu_trend_wm_max_recent_v2
BCN,CLJ,49796.0,957.6154,7,2015,2024,eu_trend_wm_max_recent_v2
NTE,HER,49759.0,956.9038,7,2015,2024,eu_trend_wm_max_recent_v2
CDG,BLL,49757.23,956.8698,7,2015,2024,eu_trend_wm_max_recent_v2
GOA,MUC,49753.56,956.7992,7,2015,2024,eu_trend_wm_max_recent_v2
TKU,HEL,49733.16,956.4069,5,2015,2019,eu_trend_wm_max_recent_v2
STN,SCQ,49726.43,956.2776,7,2015,2024,eu_trend_wm_max_recent_v2
GOT,ZRH,49717.38,956.1034,6,2016,2024,eu_trend_wm_max_recent_v2
DUB,SEA,49715.56,956.0685,3,2019,2024,eu_trend_wm_max_recent_v2
ALA,FRA,49713.43,956.0276,7,2015,2024,eu_trend_wm_max_recent_v2
FRA,SGN,49704.7,955.8595,7,2015,2024,eu_trend_wm_max_recent_v2
VNO,EIN,49674.24,955.2739,7,2015,2024,eu_trend_wm_max_recent_v2
RIX,BCN,49673.9,955.2673,7,2015,2024,eu_trend_wm_max_recent_v2
FCO,DTW,49668.78,955.1688,6,2015,2024,eu_trend_wm_max_recent_v2
BGY,ALC,49665.93,955.114,6,2016,2024,eu_trend_wm_max_recent_v2
FRA,CMB,49651.8,954.8423,2,2015,2016,eu_trend_wm_max_recent_v2
HER,LED,49647.89,954.7671,5,2015,2019,eu_trend_wm_max_recent_v2
BGO,ALC,49636.37,954.5455,7,2015,2024,eu_trend_wm_max_recent_v2
VLC,BUD,49628.61,954.3964,1,2024,2024,eu_trend_wm_max_recent_v2
BLL,CDG,49620.46,954.2397,7,2015,2024,eu_trend_wm_max_recent_v2
VCE,YYZ,49618.0,954.1923,5,2015,2019,eu_trend_wm_max_recent_v2
BGY,CAI,49617.89,954.1902,2,2023,2024,eu_trend_wm_max_recent_v2
MAH,BIO,49601.44,953.8739,7,2015,2024,eu_trend_wm_max_recent_v2
LGW,KIN,49594.0,953.7308,5,2015,2019,eu_trend_wm_max_recent_v2
LYS,LTN,49586.28,953.5823,7,2015,2024,eu_trend_wm_max_recent_v2
EIN,VNO,49580.94,953.4795,7,2015,2024,eu_trend_wm_max_recent_v2
BVA,BUD,49570.77,953.2841,7,2015,2024,eu_trend_wm_max_recent_v2
SPU,DUS,49568.84,953.2468,7,2015,2024,eu_trend_wm_max_recent_v2
AMS,CTU,49542.0,952.7308,5,2015,2019,eu_trend_wm_max_recent_v2
TFS,OSL,49518.02,952.2697,7,2015,2024,eu_trend_wm_max_recent_v2
PFO,LTN,49508.0,952.0769,7,2015,2024,eu_trend_wm_max_recent_v2
AUH,VCE,49500.05,951.924,2,2015,2016,eu_trend_wm_max_recent_v2
BRS,PFO,49482.08,951.5786,7,2015,2024,eu_trend_wm_max_recent_v2
LGW,ORD,49476.0,951.4615,2,2018,2019,eu_trend_wm_max_recent_v2
HEL,SPU,49472.04,951.3854,7,2015,2024,eu_trend_wm_max_recent_v2
SEA,LGW,49466.94,951.2873,1,2018,2018,eu_trend_wm_max_recent_v2
MUC,YVR,49466.0,951.2692,6,2016,2024,eu_trend_wm_max_recent_v2
BFS,CDG,49465.46,951.2588,7,2015,2024,eu_trend_wm_max_recent_v2
DUS,SPU,49418.48,950.3555,7,2015,2024,eu_trend_wm_max_recent_v2
KRK,GDN,49392.0,949.8462,7,2015,2024,eu_trend_wm_max_recent_v2
TFS,ORY,49384.16,949.6953,3,2015,2024,eu_trend_wm_max_recent_v2
NKG,FRA,49383.3,949.6788,5,2015,2019,eu_trend_wm_max_recent_v2
HAV,FCO,49366.98,949.365,1,2017,2017,eu_trend_wm_max_recent_v2
MEX,BCN,49364.76,949.3222,2,2023,2024,eu_trend_wm_max_recent_v2
PEG,STN,49357.62,949.1849,7,2015,2024,eu_trend_wm_max_recent_v2
FLR,LCY,49315.79,948.3806,7,2015,2024,eu_trend_wm_max_recent_v2
BOS,ATH,49309.8,948.2653,1,2024,2024,eu_trend_wm_max_recent_v2
MUC,IBZ,49308.84,948.2469,7,2015,2024,eu_trend_wm_max_recent_v2
TFS,PIK,49307.0,948.2115,7,2015,2024,eu_trend_wm_max_recent_v2
STN,BOD,49303.0,948.1346,7,2015,2024,eu_trend_wm_max_recent_v2
VCE,ATH,49303.0,948.1346,5,2016,2024,eu_trend_wm_max_recent_v2
VLC,OPO,49301.94,948.1141,7,2015,2024,eu_trend_wm_max_recent_v2
RHO,BRU,49300.09,948.0786,7,2015,2024,eu_trend_wm_max_recent_v2
HER,LEJ,49282.0,947.7308,7,2015,2024,eu_trend_wm_max_recent_v2
RNS,LYS,49281.67,947.7244,7,2015,2024,eu_trend_wm_max_recent_v2
OPO,VLC,49275.14,947.5989,7,2015,2024,eu_trend_wm_max_recent_v2
ZRH,BHX,49272.3,947.5443,5,2015,2019,eu_trend_wm_max_recent_v2
CGN,ALC,49265.91,947.4213,4,2016,2024,eu_trend_wm_max_recent_v2
BUD,VLC,49248.21,947.0809,1,2024,2024,eu_trend_wm_max_recent_v2
BCN,CTA,49229.88,946.7284,7,2015,2024,eu_trend_wm_max_recent_v2
MLA,ATH,49217.87,946.4974,7,2015,2024,eu_trend_wm_max_recent_v2
ACE,SVQ,49195.69,946.071,7,2015,2024,eu_trend_wm_max_recent_v2
FCO,HAM,49193.85,946.0355,7,2015,2024,eu_trend_wm_max_recent_v2
IBZ,BRU,49191.07,945.9822,7,2015,2024,eu_trend_wm_max_recent_v2
ALC,CGN,49185.53,945.8756,4,2016,2024,eu_trend_wm_max_recent_v2
PFO,BRS,49182.76,945.8223,7,2015,2024,eu_trend_wm_max_recent_v2
CMB,FRA,49179.56,945.7608,2,2015,2016,eu_trend_wm_max_recent_v2
NAP,CRL,49178.0,945.7308,4,2018,2024,eu_trend_wm_max_recent_v2
CGN,MAN,49173.0,945.6346,4,2018,2024,eu_trend_wm_max_recent_v2
BRS,PRG,49171.0,945.5962,5,2015,2019,eu_trend_wm_max_recent_v2
CTA,BCN,49169.83,945.5736,7,2015,2024,eu_trend_wm_max_recent_v2
IBZ,BIO,49156.73,945.3217,7,2015,2024,eu_trend_wm_max_recent_v2
ABZ,SVG,49146.66,945.1281,7,2015,2024,eu_trend_wm_max_recent_v2
MUC,TPE,49139.34,944.9873,2,2023,2024,eu_trend_wm_max_recent_v2
FRA,NKG,49134.42,944.8927,5,2015,2019,eu_trend_wm_max_recent_v2
WAW,SOF,49133.18,944.8688,7,2015,2024,eu_trend_wm_max_recent_v2
LGW,BLQ,49116.06,944.5396,5,2015,2019,eu_trend_wm_max_recent_v2
TRF,ALC,49114.0,944.5,7,2015,2024,eu_trend_wm_max_recent_v2
OTP,PRG,49106.08,944.3477,6,2015,2023,eu_trend_wm_max_recent_v2
MXP,DMK,49100.21,944.2347,1,2015,2015,eu_trend_wm_max_recent_v2
SVQ,ACE,49099.61,944.2233,7,2015,2024,eu_trend_wm_max_recent_v2
PMO,LMP,49094.07,944.1167,7,2015,2024,eu_trend_wm_max_recent_v2
FSC,MRS,49086.48,943.9708,7,2015,2024,eu_trend_wm_max_recent_v2
EDI,LIS,49084.83,943.9391,3,2019,2024,eu_trend_wm_max_recent_v2
MAD,PEK,49063.0,943.5192,7,2015,2024,eu_trend_wm_max_recent_v2
SCQ,ACE,49062.53,943.5102,7,2015,2024,eu_trend_wm_max_recent_v2
SVG,ABZ,49062.14,943.5027,7,2015,2024,eu_trend_wm_max_recent_v2
LYS,TLV,49057.0,943.4038,2,2018,2019,eu_trend_wm_max_recent_v2
LIS,EDI,49042.33,943.1218,3,2019,2024,eu_trend_wm_max_recent_v2
OSL,TFS,49029.85,942.8817,7,2015,2024,eu_trend_wm_max_recent_v2
GVA,STN,49025.0,942.7885,2,2018,2019,eu_trend_wm_max_recent_v2
VCE,CPH,49004.46,942.3934,7,2015,2024,eu_trend_wm_max_recent_v2
FRA,TSF,49002.0,942.3462,3,2017,2019,eu_trend_wm_max_recent_v2
GDN,KRK,48991.0,942.1346,7,2015,2024,eu_trend_wm_max_recent_v2
SVQ,EIN,48990.98,942.1342,7,2015,2024,eu_trend_wm_max_recent_v2
LYS,RNS,48984.11,942.0022,7,2015,2024,eu_trend_wm_max_recent_v2
TKU,GDN,48983.07,941.9822,7,2015,2024,eu_trend_wm_max_recent_v2
ORD,LGW,48971.0,941.75,2,2018,2019,eu_trend_wm_max_recent_v2
AOI,FCO,48964.14,941.618,3,2015,2017,eu_trend_wm_max_recent_v2
BNA,LHR,48964.0,941.6154,1,2019,2019,eu_trend_wm_max_recent_v2
JNB,FCO,48944.0,941.2308,1,2019,2019,eu_trend_wm_max_recent_v2
BRS,FUE,48934.24,941.0432,7,2015,2024,eu_trend_wm_max_recent_v2
HAJ,SVO,48916.19,940.696,5,2015,2019,eu_trend_wm_max_recent_v2
YYZ,BRU,48909.0,940.5577,5,2015,2019,eu_trend_wm_max_recent_v2
LGW,SVG,48903.76,940.4569,7,2015,2024,eu_trend_wm_max_recent_v2
JMK,MXP,48895.16,940.2915,7,2015,2024,eu_trend_wm_max_recent_v2
LHR,VLC,48884.36,940.0838,3,2019,2024,eu_trend_wm_max_recent_v2
EMA,EDI,48866.55,939.7413,5,2015,2019,eu_trend_wm_max_recent_v2
XRY,DUS,48865.0,939.7115,7,2015,2024,eu_trend_wm_max_recent_v2
CDG,ORK,48844.75,939.3221,7,2015,2024,eu_trend_wm_max_recent_v2
ACE,SCQ,48838.82,939.208,7,2015,2024,eu_trend_wm_max_recent_v2
DUB,LIN,48831.48,939.0669,7,2015,2024,eu_trend_wm_max_recent_v2
FCO,SFO,48814.14,938.7336,2,2023,2024,eu_trend_wm_max_recent_v2
TSF,FRA,48797.0,938.4038,3,2017,2019,eu_trend_wm_max_recent_v2
VCE,OLB,48796.59,938.396,7,2015,2024,eu_trend_wm_max_recent_v2
LTN,LYS,48794.76,938.3608,7,2015,2024,eu_trend_wm_max_recent_v2
FUE,BRS,48790.12,938.2716,7,2015,2024,eu_trend_wm_max_recent_v2
SKP,MMX,48780.0,938.0769,7,2015,2024,eu_trend_wm_max_recent_v2
BRU,RHO,48779.96,938.0762,7,2015,2024,eu_trend_wm_max_recent_v2
CRL,NAP,48749.0,937.4808,4,2018,2024,eu_trend_wm_max_recent_v2
MUC,VLC,48749.0,937.4808,6,2016,2024,eu_trend_wm_max_recent_v2
BGY,STR,48743.0,937.3654,1,2019,2019,eu_trend_wm_max_recent_v2
VIE,LED,48733.26,937.1781,5,2015,2019,eu_trend_wm_max_recent_v2
NCE,BRS,48724.01,937.0002,7,2015,2024,eu_trend_wm_max_recent_v2
HER,NTE,48713.83,936.8043,7,2015,2024,eu_trend_wm_max_recent_v2
WMI,ARN,48701.44,936.5661,2,2023,2024,eu_trend_wm_max_recent_v2
IST,LOS,48700.51,936.5483,2,2023,2024,eu_trend_wm_max_recent_v2
TSF,BDS,48682.92,936.2099,6,2015,2023,eu_trend_wm_max_recent_v2
GOT,BCN,48662.63,935.8198,7,2015,2024,eu_trend_wm_max_recent_v2
LTN,PFO,48648.0,935.5385,7,2015,2024,eu_trend_wm_max_recent_v2
IBZ,FRA,48625.44,935.1046,7,2015,2024,eu_trend_wm_max_recent_v2
DXB,BGY,48616.01,934.9232,1,2024,2024,eu_trend_wm_max_recent_v2
KTW,ATH,48611.82,934.8427,4,2018,2024,eu_trend_wm_max_recent_v2
HAM,FCO,48599.81,934.6118,7,2015,2024,eu_trend_wm_max_recent_v2
LHR,BEG,48585.0,934.3269,7,2015,2024,eu_trend_wm_max_recent_v2
FRA,IBZ,48576.48,934.1631,7,2015,2024,eu_trend_wm_max_recent_v2
WAW,BOJ,48567.0,933.9808,7,2015,2024,eu_trend_wm_max_recent_v2
BCN,IAD,48536.07,933.3859,2,2023,2024,eu_trend_wm_max_recent_v2
BHX,PRG,48524.0,933.1538,2,2018,2019,eu_trend_wm_max_recent_v2
DBV,STN,48516.0,933.0,6,2016,2024,eu_trend_wm_max_recent_v2
ORK,CDG,48515.69,932.9941,7,2015,2024,eu_trend_wm_max_recent_v2
PDL,BOS,48509.13,932.8679,7,2015,2024,eu_trend_wm_max_recent_v2
OLB,VCE,48505.58,932.7996,7,2015,2024,eu_trend_wm_max_recent_v2
VCE,GVA,48502.02,932.7312,5,2015,2019,eu_trend_wm_max_recent_v2
KRK,NYO,48494.0,932.5769,6,2015,2023,eu_trend_wm_max_recent_v2
ATH,OSL,48482.48,932.3555,2,2023,2024,eu_trend_wm_max_recent_v2
DUS,XRY,48473.0,932.1731,7,2015,2024,eu_trend_wm_max_recent_v2
BRS,NCE,48470.16,932.1184,7,2015,2024,eu_trend_wm_max_recent_v2
ARN,WMI,48467.7,932.0712,2,2023,2024,eu_trend_wm_max_recent_v2
YVR,MUC,48464.0,932.0,6,2016,2024,eu_trend_wm_max_recent_v2
EIN,GRO,48459.18,931.9073,7,2015,2024,eu_trend_wm_max_recent_v2
OTP,CPH,48439.99,931.5382,2,2023,2024,eu_trend_wm_max_recent_v2
BCN,GOT,48422.3,931.198,7,2015,2024,eu_trend_wm_max_recent_v2
DUB,WRO,48412.26,931.005,7,2015,2024,eu_trend_wm_max_recent_v2
WRO,DUB,48410.0,930.9615,7,2015,2024,eu_trend_wm_max_recent_v2
GVA,HEL,48408.53,930.9333,4,2015,2024,eu_trend_wm_max_recent_v2
ALC,BGO,48389.18,930.5611,7,2015,2024,eu_trend_wm_max_recent_v2
ATH,VCE,48389.0,930.5577,5,2016,2024,eu_trend_wm_max_recent_v2
SNN,BOS,48383.7,930.4558,7,2015,2024,eu_trend_wm_max_recent_v2
YYZ,VCE,48365.0,930.0962,5,2015,2019,eu_trend_wm_max_recent_v2
STN,HER,48354.99,929.9037,5,2017,2024,eu_trend_wm_max_recent_v2
DUB,LUX,48337.44,929.5662,7,2015,2024,eu_trend_wm_max_recent_v2
FCO,AOI,48325.29,929.3325,3,2015,2017,eu_trend_wm_max_recent_v2
PRG,BRS,48312.0,929.0769,5,2015,2019,eu_trend_wm_max_recent_v2
ATH,PHL,48306.18,928.965,4,2015,2018,eu_trend_wm_max_recent_v2
BOG,AMS,48304.44,928.9315,3,2019,2024,eu_trend_wm_max_recent_v2
LED,BOJ,48302.1,928.8865,5,2015,2019,eu_trend_wm_max_recent_v2
SCQ,LGW,48299.91,928.8444,7,2015,2024,eu_trend_wm_max_recent_v2
JMK,LGW,48270.02,928.2696,7,2015,2024,eu_trend_wm_max_recent_v2
LUX,DUB,48247.83,927.8428,7,2015,2024,eu_trend_wm_max_recent_v2
ALC,TFN,48227.5,927.452,7,2015,2024,eu_trend_wm_max_recent_v2
CDG,BFS,48222.88,927.3631,7,2015,2024,eu_trend_wm_max_recent_v2
MXP,CGN,48211.32,927.1408,7,2015,2024,eu_trend_wm_max_recent_v2
CPH,VCE,48201.64,926.9545,7,2015,2024,eu_trend_wm_max_recent_v2
NYO,WAW,48200.0,926.9231,7,2015,2024,eu_trend_wm_max_recent_v2
LPL,MAD,48187.17,926.6763,5,2015,2019,eu_trend_wm_max_recent_v2
LED,ZRH,48181.96,926.5762,5,2015,2019,eu_trend_wm_max_recent_v2
LGW,SEA,48161.34,926.1796,1,2018,2018,eu_trend_wm_max_recent_v2
WMI,TRF,48127.68,925.5323,5,2017,2024,eu_trend_wm_max_recent_v2
MAN,JED,48125.78,925.4958,5,2015,2019,eu_trend_wm_max_recent_v2
BOD,STN,48116.0,925.3077,7,2015,2024,eu_trend_wm_max_recent_v2
EDI,EMA,48109.14,925.1757,5,2015,2019,eu_trend_wm_max_recent_v2
VCE,LTN,48069.0,924.4038,5,2015,2019,eu_trend_wm_max_recent_v2
ORD,HEL,48067.0,924.3654,2,2018,2019,eu_trend_wm_max_recent_v2
TLV,VAR,48055.0,924.1346,7,2015,2024,eu_trend_wm_max_recent_v2
BDS,TSF,48049.38,924.0265,6,2015,2023,eu_trend_wm_max_recent_v2
MXP,ALC,48026.38,923.5842,4,2018,2024,eu_trend_wm_max_recent_v2
MAN,BSL,48017.0,923.4038,7,2015,2024,eu_trend_wm_max_recent_v2
VCE,HAM,48000.0,923.0769,5,2015,2019,eu_trend_wm_max_recent_v2
NAP,IBZ,47999.31,923.0637,6,2016,2024,eu_trend_wm_max_recent_v2
FCO,JNB,47995.0,922.9808,1,2019,2019,eu_trend_wm_max_recent_v2
TLS,YUL,47976.22,922.6196,4,2018,2024,eu_trend_wm_max_recent_v2
HER,STN,47972.03,922.5391,5,2017,2024,eu_trend_wm_max_recent_v2
AMS,YEG,47963.0,922.3654,6,2016,2024,eu_trend_wm_max_recent_v2
HKG,BRU,47946.0,922.0385,1,2019,2019,eu_trend_wm_max_recent_v2
ALC,MXP,47945.1,922.0212,4,2018,2024,eu_trend_wm_max_recent_v2
TFS,CWL,47937.0,921.8654,5,2015,2019,eu_trend_wm_max_recent_v2
DBV,DUB,47933.0,921.7885,7,2015,2024,eu_trend_wm_max_recent_v2
MLE,FRA,47904.16,921.2338,2,2023,2024,eu_trend_wm_max_recent_v2
LGW,OLB,47903.0,921.2115,7,2015,2024,eu_trend_wm_max_recent_v2
VIE,LAX,47890.02,920.9619,4,2017,2024,eu_trend_wm_max_recent_v2
DOH,NCE,47874.21,920.658,1,2024,2024,eu_trend_wm_max_recent_v2
AMS,MCO,47872.68,920.6285,3,2018,2024,eu_trend_wm_max_recent_v2
FAO,CRL,47860.63,920.3967,7,2015,2024,eu_trend_wm_max_recent_v2
BEG,AUH,47856.24,920.3122,6,2016,2024,eu_trend_wm_max_recent_v2
BOJ,WAW,47855.0,920.2885,7,2015,2024,eu_trend_wm_max_recent_v2
TRF,WMI,47854.32,920.2754,5,2017,2024,eu_trend_wm_max_recent_v2
WAW,LAX,47850.24,920.1969,4,2018,2024,eu_trend_wm_max_recent_v2
BLQ,PRG,47837.0,919.9423,3,2017,2019,eu_trend_wm_max_recent_v2
STN,GVA,47827.0,919.75,2,2018,2019,eu_trend_wm_max_recent_v2
PRG,OTP,47826.55,919.7414,6,2015,2023,eu_trend_wm_max_recent_v2
EFL,ATH,47819.16,919.5993,7,2015,2024,eu_trend_wm_max_recent_v2
FNC,AMS,47812.7,919.4749,7,2015,2024,eu_trend_wm_max_recent_v2
DUS,FNC,47793.3,919.1018,7,2015,2024,eu_trend_wm_max_recent_v2
CGN,MXP,47792.63,919.089,7,2015,2024,eu_trend_wm_max_recent_v2
DOH,CPH,47782.21,918.8886,2,2023,2024,eu_trend_wm_max_recent_v2
CWL,TFS,47777.0,918.7885,5,2015,2019,eu_trend_wm_max_recent_v2
MAD,LPL,47759.56,918.4531,5,2015,2019,eu_trend_wm_max_recent_v2
HAM,EWR,47756.48,918.3939,2,2015,2016,eu_trend_wm_max_recent_v2
VCE,PHL,47751.3,918.2942,6,2015,2024,eu_trend_wm_max_recent_v2
AMS,CUN,47739.71,918.0714,2,2023,2024,eu_trend_wm_max_recent_v2
PIK,TFS,47739.0,918.0577,7,2015,2024,eu_trend_wm_max_recent_v2
VIE,WMI,47738.79,918.0536,2,2023,2024,eu_trend_wm_max_recent_v2
LHR,SVG,47719.68,917.6862,7,2015,2024,eu_trend_wm_max_recent_v2
BCN,PHL,47713.84,917.5739,7,2015,2024,eu_trend_wm_max_recent_v2
VIE,SZG,47689.8,917.1115,5,2015,2019,eu_trend_wm_max_recent_v2
ATL,BRU,47669.0,916.7115,4,2015,2019,eu_trend_wm_max_recent_v2
PRG,CTA,47664.08,916.617,1,2024,2024,eu_trend_wm_max_recent_v2
MXP,BHX,47661.65,916.5702,3,2015,2017,eu_trend_wm_max_recent_v2
PSA,BER,47653.0,916.4038,7,2015,2024,eu_trend_wm_max_recent_v2
CFU,LHR,47644.16,916.2338,7,2015,2024,eu_trend_wm_max_recent_v2
STR,CPH,47635.75,916.0722,7,2015,2024,eu_trend_wm_max_recent_v2
LYS,CFR,47630.55,915.9722,7,2015,2024,eu_trend_wm_max_recent_v2
NYO,KRK,47626.0,915.8846,6,2015,2023,eu_trend_wm_max_recent_v2
GDN,TKU,47624.31,915.8521,7,2015,2024,eu_trend_wm_max_recent_v2
VAR,TLV,47621.0,915.7885,7,2015,2024,eu_trend_wm_max_recent_v2
ALC,TRF,47613.0,915.6346,7,2015,2024,eu_trend_wm_max_recent_v2
BER,PSA,47613.0,915.6346,7,2015,2024,eu_trend_wm_max_recent_v2
TFN,ALC,47605.75,915.4953,7,2015,2024,eu_trend_wm_max_recent_v2
STN,DBV,47603.0,915.4423,6,2016,2024,eu_trend_wm_max_recent_v2
JFK,VCE,47594.34,915.2758,7,2015,2024,eu_trend_wm_max_recent_v2
CPH,OTP,47577.12,914.9445,2,2023,2024,eu_trend_wm_max_recent_v2
DUB,KIR,47556.79,914.5537,7,2015,2024,eu_trend_wm_max_recent_v2
LBA,IBZ,47520.0,913.8462,7,2015,2024,eu_trend_wm_max_recent_v2
HEL,GVA,47518.77,913.8225,4,2015,2024,eu_trend_wm_max_recent_v2
BSL,VIE,47518.26,913.8127,7,2015,2024,eu_trend_wm_max_recent_v2
LTN,BEG,47495.82,913.3811,6,2016,2024,eu_trend_wm_max_recent_v2
CTA,BVA,47490.18,913.2728,1,2024,2024,eu_trend_wm_max_recent_v2
VCE,JFK,47487.12,913.2138,7,2015,2024,eu_trend_wm_max_recent_v2
BSL,MAN,47480.0,913.0769,7,2015,2024,eu_trend_wm_max_recent_v2
KEF,DEN,47463.57,912.7609,7,2015,2024,eu_trend_wm_max_recent_v2
WMI,NYO,47441.0,912.3269,5,2015,2019,eu_trend_wm_max_recent_v2
BDS,VCE,47429.3,912.1019,2,2023,2024,eu_trend_wm_max_recent_v2
SDQ,CDG,47417.96,911.8838,2,2015,2016,eu_trend_wm_max_recent_v2
CFR,LYS,47399.58,911.5305,7,2015,2024,eu_trend_wm_max_recent_v2
STN,PEG,47391.26,911.3704,7,2015,2024,eu_trend_wm_max_recent_v2
MIA,MUC,47386.14,911.2719,4,2018,2024,eu_trend_wm_max_recent_v2
CTA,PRG,47384.21,911.2349,1,2024,2024,eu_trend_wm_max_recent_v2
CMN,TLS,47367.78,910.9188,7,2015,2024,eu_trend_wm_max_recent_v2
EGC,STN,47362.68,910.8208,7,2015,2024,eu_trend_wm_max_recent_v2
PSA,DUB,47353.42,910.6427,7,2015,2024,eu_trend_wm_max_recent_v2
LTN,BOJ,47351.7,910.6096,7,2015,2024,eu_trend_wm_max_recent_v2
SCL,LHR,47348.0,910.5385,2,2018,2019,eu_trend_wm_max_recent_v2
CRL,FAO,47344.32,910.4677,7,2015,2024,eu_trend_wm_max_recent_v2
PRG,BLQ,47344.0,910.4615,3,2017,2019,eu_trend_wm_max_recent_v2
PSA,VLC,47340.61,910.3964,7,2015,2024,eu_trend_wm_max_recent_v2
SVG,LGW,47330.45,910.2009,7,2015,2024,eu_trend_wm_max_recent_v2
MXP,JMK,47327.0,910.1346,7,2015,2024,eu_trend_wm_max_recent_v2
LPA,VLC,47323.98,910.0766,7,2015,2024,eu_trend_wm_max_recent_v2
LHR,CFU,47317.19,909.9459,7,2015,2024,eu_trend_wm_max_recent_v2
OLB,LGW,47310.0,909.8077,7,2015,2024,eu_trend_wm_max_recent_v2
SIN,ATH,47303.66,909.6857,4,2018,2024,eu_trend_wm_max_recent_v2
NRN,ALC,47283.0,909.2885,7,2015,2024,eu_trend_wm_max_recent_v2
CMN,BOD,47279.04,909.2123,7,2015,2024,eu_trend_wm_max_recent_v2
DMK,MXP,47269.81,909.0349,1,2015,2015,eu_trend_wm_max_recent_v2
VLC,PSA,47263.01,908.904,7,2015,2024,eu_trend_wm_max_recent_v2
BEG,LTN,47254.69,908.7441,6,2016,2024,eu_trend_wm_max_recent_v2
BRU,ATL,47232.0,908.3077,4,2015,2019,eu_trend_wm_max_recent_v2
NYO,WMI,47232.0,908.3077,5,2015,2019,eu_trend_wm_max_recent_v2
LGW,WAW,47228.68,908.2438,1,2015,2015,eu_trend_wm_max_recent_v2
INV,BRS,47226.94,908.2104,5,2015,2019,eu_trend_wm_max_recent_v2
CIA,HHN,47225.84,908.1892,5,2015,2019,eu_trend_wm_max_recent_v2
PHL,BCN,47223.28,908.1401,7,2015,2024,eu_trend_wm_max_recent_v2
PMI,OPO,47220.28,908.0822,5,2015,2024,eu_trend_wm_max_recent_v2
FNC,DUS,47201.11,907.7137,7,2015,2024,eu_trend_wm_max_recent_v2
MLA,LIN,47197.42,907.6426,7,2015,2024,eu_trend_wm_max_recent_v2
YEG,AMS,47195.0,907.5962,6,2016,2024,eu_trend_wm_max_recent_v2
MRS,FSC,47178.06,907.2704,7,2015,2024,eu_trend_wm_max_recent_v2
LTN,VCE,47174.0,907.1923,5,2015,2019,eu_trend_wm_max_recent_v2
SVO,OTP,47173.0,907.1731,3,2015,2019,eu_trend_wm_max_recent_v2
BOJ,LED,47158.68,906.8977,5,2015,2019,eu_trend_wm_max_recent_v2
MUC,NTE,47157.0,906.8654,3,2017,2019,eu_trend_wm_max_recent_v2
IBZ,NAP,47141.98,906.5766,6,2016,2024,eu_trend_wm_max_recent_v2
MAH,VLC,47141.48,906.5669,7,2015,2024,eu_trend_wm_max_recent_v2
CTU,AMS,47130.0,906.3462,5,2015,2019,eu_trend_wm_max_recent_v2
DUS,NCE,47128.25,906.3124,5,2015,2024,eu_trend_wm_max_recent_v2
IST,OLB,47117.96,906.1147,2,2023,2024,eu_trend_wm_max_recent_v2
HAM,VCE,47109.0,905.9423,5,2015,2019,eu_trend_wm_max_recent_v2
OPO,DUB,47107.97,905.9224,3,2019,2024,eu_trend_wm_max_recent_v2
PDL,HOR,47105.64,905.8777,7,2015,2024,eu_trend_wm_max_recent_v2
STR,BGY,47100.0,905.7692,1,2019,2019,eu_trend_wm_max_recent_v2
LIN,MLA,47097.64,905.7238,7,2015,2024,eu_trend_wm_max_recent_v2
ALC,NRN,47086.26,905.505,7,2015,2024,eu_trend_wm_max_recent_v2
DUB,MSP,47081.7,905.4173,1,2024,2024,eu_trend_wm_max_recent_v2
WMI,VIE,47064.38,905.0843,2,2023,2024,eu_trend_wm_max_recent_v2
LYS,HER,47055.0,904.9038,7,2015,2024,eu_trend_wm_max_recent_v2
MAN,SIN,47051.0,904.8269,5,2015,2019,eu_trend_wm_max_recent_v2
LAX,VIE,47045.46,904.7204,4,2017,2024,eu_trend_wm_max_recent_v2
BOJ,MAN,47042.4,904.6615,7,2015,2024,eu_trend_wm_max_recent_v2
CFU,BHX,47037.59,904.569,7,2015,2024,eu_trend_wm_max_recent_v2
ATH,EFL,47021.88,904.267,7,2015,2024,eu_trend_wm_max_recent_v2
AMS,FNC,47015.42,904.1426,7,2015,2024,eu_trend_wm_max_recent_v2
BHX,CFU,47013.57,904.1071,7,2015,2024,eu_trend_wm_max_recent_v2
NOC,LPL,47010.8,904.0538,7,2015,2024,eu_trend_wm_max_recent_v2
CMB,CDG,47010.45,904.0472,2,2015,2016,eu_trend_wm_max_recent_v2
VLC,MAH,47004.71,903.9368,7,2015,2024,eu_trend_wm_max_recent_v2
GRO,EIN,47004.66,903.9358,7,2015,2024,eu_trend_wm_max_recent_v2
FCO,STR,46998.54,903.8181,7,2015,2024,eu_trend_wm_max_recent_v2
CAI,ORY,46996.02,903.7696,2,2023,2024,eu_trend_wm_max_recent_v2
DEN,KEF,46988.38,903.6227,7,2015,2024,eu_trend_wm_max_recent_v2
BVA,CTA,46978.45,903.4316,1,2024,2024,eu_trend_wm_max_recent_v2
DUB,PSA,46974.82,903.362,7,2015,2024,eu_trend_wm_max_recent_v2
VIE,BSL,46971.2,903.2923,7,2015,2024,eu_trend_wm_max_recent_v2
LHR,BLL,46946.0,902.8077,6,2016,2024,eu_trend_wm_max_recent_v2
CGN,FAO,46932.44,902.547,7,2015,2024,eu_trend_wm_max_recent_v2
OPO,PMI,46918.67,902.2821,5,2015,2024,eu_trend_wm_max_recent_v2
YUL,TLS,46897.17,901.8686,4,2018,2024,eu_trend_wm_max_recent_v2
LGW,JMK,46896.02,901.8466,7,2015,2024,eu_trend_wm_max_recent_v2
VNO,BVA,46860.0,901.1538,7,2015,2024,eu_trend_wm_max_recent_v2
JED,MAN,46844.0,900.8462,5,2015,2019,eu_trend_wm_max_recent_v2
MUC,DBV,46825.11,900.4828,7,2015,2024,eu_trend_wm_max_recent_v2
PSA,OTP,46819.56,900.3762,7,2015,2024,eu_trend_wm_max_recent_v2
AUH,OTP,46816.32,900.3138,1,2024,2024,eu_trend_wm_max_recent_v2
BVA,WMI,46805.7,900.1097,7,2015,2024,eu_trend_wm_max_recent_v2
OLB,IST,46800.16,900.0031,2,2023,2024,eu_trend_wm_max_recent_v2
VIE,HKG,46793.52,899.8754,2,2017,2018,eu_trend_wm_max_recent_v2
ARN,LIN,46790.0,899.8077,7,2015,2024,eu_trend_wm_max_recent_v2
MCO,AMS,46783.32,899.6792,3,2018,2024,eu_trend_wm_max_recent_v2
STN,CFU,46771.52,899.4524,7,2015,2024,eu_trend_wm_max_recent_v2
IBZ,LBA,46754.0,899.1154,7,2015,2024,eu_trend_wm_max_recent_v2
MAN,BOJ,46746.6,898.9731,7,2015,2024,eu_trend_wm_max_recent_v2
BOD,CMN,46734.36,898.7377,7,2015,2024,eu_trend_wm_max_recent_v2
CDG,ABZ,46707.84,898.2277,5,2015,2019,eu_trend_wm_max_recent_v2
DUB,OPO,46701.29,898.1018,3,2019,2024,eu_trend_wm_max_recent_v2
HER,LYS,46698.0,898.0385,7,2015,2024,eu_trend_wm_max_recent_v2
STN,VRN,46687.45,897.8356,6,2016,2024,eu_trend_wm_max_recent_v2
ORK,LTN,46682.0,897.7308,3,2019,2024,eu_trend_wm_max_recent_v2
HAM,PRG,46678.59,897.6651,1,2017,2017,eu_trend_wm_max_recent_v2
WMI,BVA,46670.82,897.5158,7,2015,2024,eu_trend_wm_max_recent_v2
HHN,CIA,46663.0,897.3654,5,2015,2019,eu_trend_wm_max_recent_v2
STN,EGC,46647.0,897.0577,7,2015,2024,eu_trend_wm_max_recent_v2
VCE,BDS,46637.56,896.8762,2,2023,2024,eu_trend_wm_max_recent_v2
KGS,BRU,46612.62,896.3966,7,2015,2024,eu_trend_wm_max_recent_v2
HKG,VIE,46604.82,896.2465,2,2017,2018,eu_trend_wm_max_recent_v2
MXP,YUL,46595.99,896.0768,2,2023,2024,eu_trend_wm_max_recent_v2
SCQ,GVA,46590.0,895.9615,7,2015,2024,eu_trend_wm_max_recent_v2
TLS,CMN,46581.36,895.7954,7,2015,2024,eu_trend_wm_max_recent_v2
BOS,SNN,46577.28,895.7169,7,2015,2024,eu_trend_wm_max_recent_v2
PSR,STN,46571.16,895.5992,7,2015,2024,eu_trend_wm_max_recent_v2
OTP,SVO,46561.0,895.4038,3,2015,2019,eu_trend_wm_max_recent_v2
FMM,STN,46554.84,895.2854,7,2015,2024,eu_trend_wm_max_recent_v2
BRU,IBZ,46550.72,895.2062,7,2015,2024,eu_trend_wm_max_recent_v2
LCY,ORY,46546.68,895.1285,5,2015,2019,eu_trend_wm_max_recent_v2
LRM,MXP,46531.59,894.8383,1,2015,2015,eu_trend_wm_max_recent_v2
AJA,LYS,46520.24,894.6199,7,2015,2024,eu_trend_wm_max_recent_v2
LBA,LPA,46520.0,894.6154,5,2015,2019,eu_trend_wm_max_recent_v2
OTP,LBA,46507.47,894.3743,1,2024,2024,eu_trend_wm_max_recent_v2
IST,TIV,46506.38,894.3534,2,2023,2024,eu_trend_wm_max_recent_v2
CHQ,BLL,46490.67,894.0514,7,2015,2024,eu_trend_wm_max_recent_v2
PUJ,ORY,46481.43,893.8737,4,2018,2024,eu_trend_wm_max_recent_v2
MMX,GDN,46466.05,893.578,7,2015,2024,eu_trend_wm_max_recent_v2
MAD,WMI,46458.96,893.4415,7,2015,2024,eu_trend_wm_max_recent_v2
TFS,EIN,46451.87,893.3052,7,2015,2024,eu_trend_wm_max_recent_v2
CAI,BGY,46447.25,893.2164,2,2023,2024,eu_trend_wm_max_recent_v2
FRA,MLE,46436.17,893.0032,2,2023,2024,eu_trend_wm_max_recent_v2
BRU,HKG,46406.0,892.4231,1,2019,2019,eu_trend_wm_max_recent_v2
EIN,TFS,46397.36,892.257,7,2015,2024,eu_trend_wm_max_recent_v2
OTP,PSA,46391.82,892.1504,7,2015,2024,eu_trend_wm_max_recent_v2
LEJ,CGN,46383.3,891.9865,5,2015,2019,eu_trend_wm_max_recent_v2
LPA,LBA,46381.0,891.9423,5,2015,2019,eu_trend_wm_max_recent_v2
RHO,WAW,46374.27,891.8129,7,2015,2024,eu_trend_wm_max_recent_v2
PMI,SZG,46373.0,891.7885,7,2015,2024,eu_trend_wm_max_recent_v2
FRA,ALA,46368.55,891.7028,7,2015,2024,eu_trend_wm_max_recent_v2
TFU,IST,46365.27,891.6397,1,2024,2024,eu_trend_wm_max_recent_v2
DOH,CWL,46361.0,891.5577,2,2018,2019,eu_trend_wm_max_recent_v2
ZRH,GOT,46349.87,891.3436,6,2016,2024,eu_trend_wm_max_recent_v2
WAW,RHO,46343.78,891.2266,7,2015,2024,eu_trend_wm_max_recent_v2
AUH,CPH,46332.66,891.0127,1,2024,2024,eu_trend_wm_max_recent_v2
BLL,CHQ,46331.77,890.9956,7,2015,2024,eu_trend_wm_max_recent_v2
STN,PSR,46305.49,890.4901,7,2015,2024,eu_trend_wm_max_recent_v2
DUB,DBV,46300.0,890.3846,7,2015,2024,eu_trend_wm_max_recent_v2
LBA,OTP,46291.9,890.2289,1,2024,2024,eu_trend_wm_max_recent_v2
CFU,STN,46291.12,890.2139,7,2015,2024,eu_trend_wm_max_recent_v2
PEK,MAD,46291.12,890.2139,7,2015,2024,eu_trend_wm_max_recent_v2
SZG,PMI,46275.06,889.9049,7,2015,2024,eu_trend_wm_max_recent_v2
CIA,EDI,46268.35,889.776,7,2015,2024,eu_trend_wm_max_recent_v2
DBV,MUC,46246.78,889.3611,7,2015,2024,eu_trend_wm_max_recent_v2
DUB,VLC,46242.16,889.2723,3,2019,2024,eu_trend_wm_max_recent_v2
EDI,CIA,46232.0,889.0769,7,2015,2024,eu_trend_wm_max_recent_v2
OSL,ATH,46228.3,889.0058,2,2023,2024,eu_trend_wm_max_recent_v2
LPL,NOC,46227.38,888.988,7,2015,2024,eu_trend_wm_max_recent_v2
IBZ,LCY,46206.13,888.5794,7,2015,2024,eu_trend_wm_max_recent_v2
IBZ,LHR,46205.86,888.5742,5,2016,2024,eu_trend_wm_max_recent_v2
FAO,CGN,46203.12,888.5216,7,2015,2024,eu_trend_wm_max_recent_v2
FCO,BKK,46202.87,888.5168,1,2016,2016,eu_trend_wm_max_recent_v2
INN,AMS,46190.46,888.2781,7,2015,2024,eu_trend_wm_max_recent_v2
OTP,AUH,46187.74,888.2258,1,2024,2024,eu_trend_wm_max_recent_v2
NAP,JMK,46182.11,888.1175,7,2015,2024,eu_trend_wm_max_recent_v2
LTN,HAM,46178.72,888.0523,3,2015,2017,eu_trend_wm_max_recent_v2
NTE,AJA,46156.31,887.6213,7,2015,2024,eu_trend_wm_max_recent_v2
CTA,BER,46155.32,887.6023,5,2017,2024,eu_trend_wm_max_recent_v2
BRI,MAD,46155.0,887.5962,5,2017,2024,eu_trend_wm_max_recent_v2
LYS,AJA,46132.22,887.1581,7,2015,2024,eu_trend_wm_max_recent_v2
AMS,INN,46131.34,887.1411,7,2015,2024,eu_trend_wm_max_recent_v2
KEF,SWF,46129.45,887.1048,2,2023,2024,eu_trend_wm_max_recent_v2
MRS,AGP,46110.05,886.7317,6,2016,2024,eu_trend_wm_max_recent_v2
VNO,FCO,46088.8,886.3231,6,2015,2024,eu_trend_wm_max_recent_v2
SXB,MRS,46085.63,886.2621,7,2015,2024,eu_trend_wm_max_recent_v2
LHR,SCL,46059.0,885.75,2,2018,2019,eu_trend_wm_max_recent_v2
BRS,INV,46058.55,885.7413,5,2015,2019,eu_trend_wm_max_recent_v2
MAD,BVA,46010.0,884.8077,7,2015,2024,eu_trend_wm_max_recent_v2
GDN,MMX,46001.24,884.6393,7,2015,2024,eu_trend_wm_max_recent_v2
IST,NRT,46001.04,884.6353,2,2023,2024,eu_trend_wm_max_recent_v2
AJA,NTE,45995.04,884.5201,7,2015,2024,eu_trend_wm_max_recent_v2
VLC,LPA,45994.57,884.5109,7,2015,2024,eu_trend_wm_max_recent_v2
BCN,WMI,45985.0,884.3269,7,2015,2024,eu_trend_wm_max_recent_v2
VLC,DUB,45984.41,884.3155,3,2019,2024,eu_trend_wm_max_recent_v2
AMS,BRI,45961.31,883.8713,7,2015,2024,eu_trend_wm_max_recent_v2
IAD,BCN,45947.45,883.6049,2,2023,2024,eu_trend_wm_max_recent_v2
HOR,LIS,45947.0,883.5962,7,2015,2024,eu_trend_wm_max_recent_v2
KTW,LCA,45928.98,883.2495,6,2016,2024,eu_trend_wm_max_recent_v2
CGN,AMS,45911.36,882.9108,1,2015,2015,eu_trend_wm_max_recent_v2
LHR,CMN,45909.0,882.8654,5,2015,2019,eu_trend_wm_max_recent_v2
CTA,FLR,45892.02,882.5389,7,2015,2024,eu_trend_wm_max_recent_v2
STN,CCF,45887.76,882.4569,7,2015,2024,eu_trend_wm_max_recent_v2
SVO,ALC,45873.0,882.1731,2,2018,2019,eu_trend_wm_max_recent_v2
WMI,BCN,45873.0,882.1731,7,2015,2024,eu_trend_wm_max_recent_v2
FCO,VNO,45865.23,882.0237,6,2015,2024,eu_trend_wm_max_recent_v2
ZTH,ATH,45858.0,881.8846,7,2015,2024,eu_trend_wm_max_recent_v2
ABZ,CDG,45845.0,881.6346,5,2015,2019,eu_trend_wm_max_recent_v2
EIN,LPA,45843.0,881.5962,7,2015,2024,eu_trend_wm_max_recent_v2
CMN,GVA,45826.36,881.2761,6,2016,2024,eu_trend_wm_max_recent_v2
BHX,MXP,45819.35,881.1414,3,2015,2017,eu_trend_wm_max_recent_v2
LED,LHR,45806.36,880.8916,4,2015,2018,eu_trend_wm_max_recent_v2
MUC,MIA,45800.04,880.77,4,2018,2024,eu_trend_wm_max_recent_v2
SFO,FCO,45794.09,880.6557,2,2023,2024,eu_trend_wm_max_recent_v2
HAN,LHR,45789.0,880.5577,2,2018,2019,eu_trend_wm_max_recent_v2
WMI,MAD,45779.64,880.3777,7,2015,2024,eu_trend_wm_max_recent_v2
MSP,DUB,45775.64,880.3007,1,2024,2024,eu_trend_wm_max_recent_v2
LIS,SVO,45764.0,880.0769,2,2018,2019,eu_trend_wm_max_recent_v2
BLL,LHR,45757.17,879.9455,6,2016,2024,eu_trend_wm_max_recent_v2
CDG,LJU,45745.35,879.7182,7,2015,2024,eu_trend_wm_max_recent_v2
IST,HAN,45742.36,879.6607,2,2023,2024,eu_trend_wm_max_recent_v2
CWL,AGP,45739.86,879.6127,7,2015,2024,eu_trend_wm_max_recent_v2
STR,FCO,45727.62,879.3773,7,2015,2024,eu_trend_wm_max_recent_v2
TMP,HEL,45715.18,879.138,5,2015,2019,eu_trend_wm_max_recent_v2
FAO,MUC,45710.95,879.0567,7,2015,2024,eu_trend_wm_max_recent_v2
BOJ,LTN,45701.71,878.879,7,2015,2024,eu_trend_wm_max_recent_v2
FLL,CDG,45691.0,878.6731,1,2019,2019,eu_trend_wm_max_recent_v2
ZAZ,STN,45689.17,878.6378,7,2015,2024,eu_trend_wm_max_recent_v2
MAD,CTA,45677.0,878.4038,6,2015,2024,eu_trend_wm_max_recent_v2
LCA,PRG,45669.66,878.2628,3,2019,2024,eu_trend_wm_max_recent_v2
BSL,WAW,45657.0,878.0192,3,2019,2024,eu_trend_wm_max_recent_v2
KEF,BCN,45642.49,877.7402,7,2015,2024,eu_trend_wm_max_recent_v2
LGW,SVO,45640.27,877.6974,1,2017,2017,eu_trend_wm_max_recent_v2
BRS,BER,45614.77,877.2072,6,2015,2024,eu_trend_wm_max_recent_v2
JMK,NAP,45611.17,877.1379,7,2015,2024,eu_trend_wm_max_recent_v2
MMX,SKP,45606.0,877.0385,7,2015,2024,eu_trend_wm_max_recent_v2
MAD,BRI,45589.92,876.7292,5,2017,2024,eu_trend_wm_max_recent_v2
ATH,NCE,45582.71,876.5907,1,2024,2024,eu_trend_wm_max_recent_v2
BVA,VNO,45581.0,876.5577,7,2015,2024,eu_trend_wm_max_recent_v2
BRU,RIX,45564.6,876.2423,7,2015,2024,eu_trend_wm_max_recent_v2
BRU,KGS,45560.36,876.1608,7,2015,2024,eu_trend_wm_max_recent_v2
FCO,ZAG,45544.66,875.8588,5,2015,2024,eu_trend_wm_max_recent_v2
AGP,MRS,45493.84,874.8816,6,2016,2024,eu_trend_wm_max_recent_v2
ATL,VCE,45486.71,874.7444,1,2024,2024,eu_trend_wm_max_recent_v2
TIV,IST,45468.9,874.4019,2,2023,2024,eu_trend_wm_max_recent_v2
FLR,CTA,45467.98,874.3842,7,2015,2024,eu_trend_wm_max_recent_v2
WMI,RIX,45467.05,874.3664,2,2023,2024,eu_trend_wm_max_recent_v2
SOF,LCA,45465.48,874.3362,7,2015,2024,eu_trend_wm_max_recent_v2
IST,HKT,45465.2,874.3309,2,2023,2024,eu_trend_wm_max_recent_v2
MRS,SXB,45452.41,874.0848,7,2015,2024,eu_trend_wm_max_recent_v2
GVA,CMN,45448.67,874.0128,6,2016,2024,eu_trend_wm_max_recent_v2
BOD,BRU,45439.47,873.836,6,2015,2023,eu_trend_wm_max_recent_v2
BER,CTA,45434.72,873.7446,5,2017,2024,eu_trend_wm_max_recent_v2
AMS,INV,45417.87,873.4206,7,2015,2024,eu_trend_wm_max_recent_v2
BLQ,OLB,45415.32,873.3715,7,2015,2024,eu_trend_wm_max_recent_v2
BRI,AMS,45412.44,873.3161,7,2015,2024,eu_trend_wm_max_recent_v2
DUB,FUE,45410.0,873.2692,7,2015,2024,eu_trend_wm_max_recent_v2
BSL,LPA,45406.32,873.1985,7,2015,2024,eu_trend_wm_max_recent_v2
BVA,MAD,45404.0,873.1538,7,2015,2024,eu_trend_wm_max_recent_v2
CDG,IND,45404.0,873.1538,1,2019,2019,eu_trend_wm_max_recent_v2
SKG,BGY,45387.96,872.8454,7,2015,2024,eu_trend_wm_max_recent_v2
VCE,ATL,45375.3,872.602,1,2024,2024,eu_trend_wm_max_recent_v2
DRS,ZRH,45373.92,872.5755,7,2015,2024,eu_trend_wm_max_recent_v2
BUD,NCE,45364.43,872.3929,1,2024,2024,eu_trend_wm_max_recent_v2
LPA,EIN,45355.0,872.2115,7,2015,2024,eu_trend_wm_max_recent_v2
MCO,GLA,45347.16,872.0608,5,2015,2019,eu_trend_wm_max_recent_v2
BGY,SKG,45337.98,871.8842,7,2015,2024,eu_trend_wm_max_recent_v2
SIN,MAN,45330.0,871.7308,5,2015,2019,eu_trend_wm_max_recent_v2
CPH,AUH,45318.24,871.5046,1,2024,2024,eu_trend_wm_max_recent_v2
GVA,VCE,45292.08,871.0015,5,2015,2019,eu_trend_wm_max_recent_v2
FUE,DUB,45291.0,870.9808,7,2015,2024,eu_trend_wm_max_recent_v2
VAA,ARN,45280.0,870.7692,7,2015,2024,eu_trend_wm_max_recent_v2
MEX,FCO,45269.0,870.5577,5,2017,2024,eu_trend_wm_max_recent_v2
TGM,BUD,45257.34,870.3335,5,2015,2024,eu_trend_wm_max_recent_v2
RIX,WMI,45255.49,870.2979,2,2023,2024,eu_trend_wm_max_recent_v2
MXP,KRK,45238.86,869.9781,5,2016,2024,eu_trend_wm_max_recent_v2
NCE,DOH,45238.54,869.9719,1,2024,2024,eu_trend_wm_max_recent_v2
BEG,TLV,45236.0,869.9231,4,2016,2019,eu_trend_wm_max_recent_v2
INV,AMS,45232.2,869.8499,7,2015,2024,eu_trend_wm_max_recent_v2
BLQ,SOF,45225.93,869.7294,7,2015,2024,eu_trend_wm_max_recent_v2
ARN,VAA,45216.0,869.5385,7,2015,2024,eu_trend_wm_max_recent_v2
PMO,MUC,45210.0,869.4231,7,2015,2024,eu_trend_wm_max_recent_v2
OLB,BLQ,45205.6,869.3385,7,2015,2024,eu_trend_wm_max_recent_v2
LCA,SOF,45205.38,869.3342,7,2015,2024,eu_trend_wm_max_recent_v2
ATH,SIN,45202.31,869.2751,4,2018,2024,eu_trend_wm_max_recent_v2
RIX,BRU,45187.82,868.9965,7,2015,2024,eu_trend_wm_max_recent_v2
VIE,BRI,45170.0,868.6538,4,2018,2024,eu_trend_wm_max_recent_v2
CPH,CGN,45167.0,868.5962,4,2016,2019,eu_trend_wm_max_recent_v2
KTW,RHO,45155.72,868.3792,7,2015,2024,eu_trend_wm_max_recent_v2
VRN,STN,45130.77,867.8995,6,2016,2024,eu_trend_wm_max_recent_v2
ZRH,DRS,45125.27,867.7936,7,2015,2024,eu_trend_wm_max_recent_v2
LCA,KTW,45107.68,867.4553,6,2016,2024,eu_trend_wm_max_recent_v2
GVA,SCQ,45103.0,867.3654,7,2015,2024,eu_trend_wm_max_recent_v2
HAM,ORY,45089.67,867.109,1,2016,2016,eu_trend_wm_max_recent_v2
NCE,BUD,45084.56,867.0108,1,2024,2024,eu_trend_wm_max_recent_v2
CTA,GOA,45083.66,866.9934,7,2015,2024,eu_trend_wm_max_recent_v2
PRG,LCA,45082.75,866.976,3,2019,2024,eu_trend_wm_max_recent_v2
CCF,STN,45081.96,866.9608,7,2015,2024,eu_trend_wm_max_recent_v2
KTW,HER,45053.17,866.4071,7,2015,2024,eu_trend_wm_max_recent_v2
LPA,BSL,45047.28,866.2938,7,2015,2024,eu_trend_wm_max_recent_v2
BSL,LTN,45043.0,866.2115,5,2015,2019,eu_trend_wm_max_recent_v2
BER,OPO,45036.56,866.0877,4,2015,2024,eu_trend_wm_max_recent_v2
NAP,VRN,45025.0,865.8654,7,2015,2024,eu_trend_wm_max_recent_v2
MAN,BVA,45023.61,865.8386,5,2015,2024,eu_trend_wm_max_recent_v2
CTA,MAD,45022.0,865.8077,6,2015,2024,eu_trend_wm_max_recent_v2
ADD,ARN,44996.82,865.3234,4,2018,2024,eu_trend_wm_max_recent_v2
FRA,HAV,44978.3,864.9674,5,2015,2019,eu_trend_wm_max_recent_v2
STN,MAH,44955.0,864.5192,7,2015,2024,eu_trend_wm_max_recent_v2
GDN,AES,44951.42,864.4504,7,2015,2024,eu_trend_wm_max_recent_v2
BGY,NUE,44951.4,864.45,3,2017,2019,eu_trend_wm_max_recent_v2
DTW,FCO,44945.34,864.3335,6,2015,2024,eu_trend_wm_max_recent_v2
BRU,NTE,44934.0,864.1154,5,2015,2019,eu_trend_wm_max_recent_v2
ORY,MIA,44919.21,863.831,2,2023,2024,eu_trend_wm_max_recent_v2
VLC,DUS,44917.0,863.7885,7,2015,2024,eu_trend_wm_max_recent_v2
SWF,KEF,44894.27,863.3513,2,2023,2024,eu_trend_wm_max_recent_v2
PHL,ATH,44887.14,863.2142,4,2015,2018,eu_trend_wm_max_recent_v2
FCO,BCM,44884.94,863.1719,7,2015,2024,eu_trend_wm_max_recent_v2
STN,ZAZ,44883.9,863.1519,7,2015,2024,eu_trend_wm_max_recent_v2
TSF,CAG,44866.74,862.8219,5,2015,2019,eu_trend_wm_max_recent_v2
AGP,CWL,44853.72,862.5716,7,2015,2024,eu_trend_wm_max_recent_v2
ZAG,FCO,44853.62,862.5696,5,2015,2024,eu_trend_wm_max_recent_v2
NUE,BGY,44839.0,862.2885,3,2017,2019,eu_trend_wm_max_recent_v2
HAM,LTN,44813.77,861.8033,3,2015,2017,eu_trend_wm_max_recent_v2
MAH,BHX,44806.0,861.6538,7,2015,2024,eu_trend_wm_max_recent_v2
NCE,ATH,44801.07,861.559,1,2024,2024,eu_trend_wm_max_recent_v2
BOD,LTN,44798.0,861.5,5,2015,2019,eu_trend_wm_max_recent_v2
MLA,BLQ,44780.64,861.1661,7,2015,2024,eu_trend_wm_max_recent_v2
FCO,KTW,44777.52,861.1061,2,2015,2024,eu_trend_wm_max_recent_v2
LHR,IBZ,44776.61,861.0887,5,2016,2024,eu_trend_wm_max_recent_v2
BGY,DXB,44771.18,860.9842,1,2024,2024,eu_trend_wm_max_recent_v2
CDG,CLT,44769.0,860.9423,4,2015,2019,eu_trend_wm_max_recent_v2
RHO,KTW,44768.63,860.9351,7,2015,2024,eu_trend_wm_max_recent_v2
SVO,LIS,44759.0,860.75,2,2018,2019,eu_trend_wm_max_recent_v2
CGN,CPH,44747.0,860.5192,4,2016,2019,eu_trend_wm_max_recent_v2
MAH,STN,44747.0,860.5192,7,2015,2024,eu_trend_wm_max_recent_v2
LTN,BOD,44744.0,860.4615,5,2015,2019,eu_trend_wm_max_recent_v2
LIS,SFO,44730.75,860.2067,2,2023,2024,eu_trend_wm_max_recent_v2
VLC,BCN,44708.0,859.7692,3,2017,2019,eu_trend_wm_max_recent_v2
ALC,SVO,44700.0,859.6154,2,2018,2019,eu_trend_wm_max_recent_v2
LIS,HOR,44694.0,859.5,7,2015,2024,eu_trend_wm_max_recent_v2
CAG,TSF,44686.2,859.35,5,2015,2019,eu_trend_wm_max_recent_v2
CRL,BRI,44683.63,859.3006,7,2015,2024,eu_trend_wm_max_recent_v2
RHO,CPH,44667.93,858.9986,7,2015,2024,eu_trend_wm_max_recent_v2
TLV,VCE,44656.84,858.7854,5,2015,2023,eu_trend_wm_max_recent_v2
MUC,FAO,44646.68,858.59,7,2015,2024,eu_trend_wm_max_recent_v2
HOR,PDL,44638.94,858.4412,7,2015,2024,eu_trend_wm_max_recent_v2
WAW,BSL,44637.0,858.4038,3,2019,2024,eu_trend_wm_max_recent_v2
VRN,NAP,44635.0,858.3654,7,2015,2024,eu_trend_wm_max_recent_v2
SFO,LIS,44630.05,858.2702,2,2023,2024,eu_trend_wm_max_recent_v2
PDL,YYZ,44616.3,858.0058,7,2015,2024,eu_trend_wm_max_recent_v2
MAN,NUE,44602.56,857.7415,2,2017,2018,eu_trend_wm_max_recent_v2
PUJ,CGN,44598.83,857.6697,1,2017,2017,eu_trend_wm_max_recent_v2
HKT,IST,44598.64,857.6661,2,2023,2024,eu_trend_wm_max_recent_v2
CDG,FLL,44595.0,857.5962,1,2019,2019,eu_trend_wm_max_recent_v2
FCO,JED,44594.94,857.595,2,2023,2024,eu_trend_wm_max_recent_v2
GOA,CTA,44584.6,857.3961,7,2015,2024,eu_trend_wm_max_recent_v2
SVQ,LCG,44583.0,857.3654,5,2015,2019,eu_trend_wm_max_recent_v2
PHL,VCE,44580.12,857.31,6,2015,2024,eu_trend_wm_max_recent_v2
AES,GDN,44580.07,857.309,7,2015,2024,eu_trend_wm_max_recent_v2
IND,CDG,44580.0,857.3077,1,2019,2019,eu_trend_wm_max_recent_v2
WAW,DEL,44579.24,857.293,2,2023,2024,eu_trend_wm_max_recent_v2
CPH,BHX,44571.78,857.1495,5,2015,2019,eu_trend_wm_max_recent_v2
KRK,BVA,44560.76,856.9377,7,2015,2024,eu_trend_wm_max_recent_v2
KRK,MXP,44555.22,856.8311,5,2016,2024,eu_trend_wm_max_recent_v2
CDG,LPA,44550.6,856.7423,2,2023,2024,eu_trend_wm_max_recent_v2
BLQ,MLA,44549.67,856.7245,7,2015,2024,eu_trend_wm_max_recent_v2
ARN,ADD,44534.78,856.4382,4,2018,2024,eu_trend_wm_max_recent_v2
CDG,CMB,44534.65,856.4357,2,2015,2016,eu_trend_wm_max_recent_v2
LIN,ARN,44533.04,856.4047,7,2015,2024,eu_trend_wm_max_recent_v2
BLQ,IBZ,44532.18,856.3881,7,2015,2024,eu_trend_wm_max_recent_v2
MAN,GRO,44532.0,856.3846,7,2015,2024,eu_trend_wm_max_recent_v2
BHX,MAH,44526.0,856.2692,7,2015,2024,eu_trend_wm_max_recent_v2
BTS,LTN,44524.82,856.2466,6,2015,2024,eu_trend_wm_max_recent_v2
GLA,MCO,44520.96,856.1723,5,2015,2019,eu_trend_wm_max_recent_v2
PRG,HAM,44516.64,856.0891,1,2017,2017,eu_trend_wm_max_recent_v2
IBZ,LIS,44470.22,855.1966,2,2023,2024,eu_trend_wm_max_recent_v2
OPO,BER,44470.22,855.1966,4,2015,2024,eu_trend_wm_max_recent_v2
BER,BRS,44469.56,855.1839,6,2015,2024,eu_trend_wm_max_recent_v2
DOH,LCA,44461.8,855.0346,7,2015,2024,eu_trend_wm_max_recent_v2
BRI,VIE,44461.0,855.0192,4,2018,2024,eu_trend_wm_max_recent_v2
KRK,FCO,44458.21,854.9656,5,2015,2024,eu_trend_wm_max_recent_v2
LGW,SCQ,44447.83,854.766,7,2015,2024,eu_trend_wm_max_recent_v2
IST,YUL,44446.2,854.7347,2,2023,2024,eu_trend_wm_max_recent_v2
IBZ,BLQ,44444.21,854.6964,7,2015,2024,eu_trend_wm_max_recent_v2
FCO,KRK,44436.96,854.557,5,2015,2024,eu_trend_wm_max_recent_v2
MAH,MXP,44403.66,853.9165,7,2015,2024,eu_trend_wm_max_recent_v2
JTR,FCO,44390.75,853.6682,7,2015,2024,eu_trend_wm_max_recent_v2
BMA,RNB,44385.0,853.5577,7,2015,2024,eu_trend_wm_max_recent_v2
CAG,BCN,44384.31,853.5443,6,2016,2024,eu_trend_wm_max_recent_v2
SOF,DOH,44360.58,853.088,7,2015,2024,eu_trend_wm_max_recent_v2
IST,YVR,44332.57,852.5494,2,2023,2024,eu_trend_wm_max_recent_v2
KEF,SFO,44331.96,852.5378,4,2016,2019,eu_trend_wm_max_recent_v2
FCO,BHX,44324.54,852.3949,1,2016,2016,eu_trend_wm_max_recent_v2
CWL,DOH,44318.0,852.2692,2,2018,2019,eu_trend_wm_max_recent_v2
CRL,FNI,44314.92,852.21,7,2015,2024,eu_trend_wm_max_recent_v2
HEL,TMP,44306.47,852.0476,5,2015,2019,eu_trend_wm_max_recent_v2
TLV,BEG,44304.0,852.0,4,2016,2019,eu_trend_wm_max_recent_v2
BSL,VCE,44302.25,851.9664,7,2015,2024,eu_trend_wm_max_recent_v2
IAD,GVA,44287.0,851.6731,7,2015,2024,eu_trend_wm_max_recent_v2
BER,FUE,44285.71,851.6482,7,2015,2024,eu_trend_wm_max_recent_v2
BCN,KEF,44276.65,851.4741,7,2015,2024,eu_trend_wm_max_recent_v2
AMS,JED,44261.43,851.1814,2,2023,2024,eu_trend_wm_max_recent_v2
CGN,LEJ,44259.57,851.1455,5,2015,2019,eu_trend_wm_max_recent_v2
HEL,DFW,44255.89,851.0748,2,2023,2024,eu_trend_wm_max_recent_v2
LCY,IBZ,44254.01,851.0386,7,2015,2024,eu_trend_wm_max_recent_v2
CPH,RHO,44252.2,851.0038,7,2015,2024,eu_trend_wm_max_recent_v2
BHX,FCO,44244.95,850.8643,1,2016,2016,eu_trend_wm_max_recent_v2
FNI,CRL,44230.26,850.5819,7,2015,2024,eu_trend_wm_max_recent_v2
ALC,MUC,44230.09,850.5786,3,2016,2024,eu_trend_wm_max_recent_v2
RSW,DUS,44227.97,850.5378,2,2015,2016,eu_trend_wm_max_recent_v2
AOI,MUC,44226.36,850.507,7,2015,2024,eu_trend_wm_max_recent_v2
BVA,KRK,44213.39,850.2576,7,2015,2024,eu_trend_wm_max_recent_v2
LCA,DOH,44199.0,849.9808,7,2015,2024,eu_trend_wm_max_recent_v2
BRU,DEL,44197.87,849.959,1,2015,2015,eu_trend_wm_max_recent_v2
WAW,EWR,44195.0,849.9038,4,2018,2024,eu_trend_wm_max_recent_v2
AMS,AES,44190.99,849.8267,7,2015,2024,eu_trend_wm_max_recent_v2
BCN,CAG,44187.53,849.7601,6,2016,2024,eu_trend_wm_max_recent_v2
STN,FMM,44184.36,849.6992,7,2015,2024,eu_trend_wm_max_recent_v2
MLA,OTP,44157.04,849.1738,7,2015,2024,eu_trend_wm_max_recent_v2
SEA,DUB,44131.73,848.6872,3,2019,2024,eu_trend_wm_max_recent_v2
ATH,ZTH,44121.0,848.4808,7,2015,2024,eu_trend_wm_max_recent_v2
ICN,VIE,44099.56,848.0685,6,2016,2024,eu_trend_wm_max_recent_v2
AMS,TLL,44088.95,847.8644,7,2015,2024,eu_trend_wm_max_recent_v2
ADD,BRU,44077.59,847.6459,2,2023,2024,eu_trend_wm_max_recent_v2
SOF,BLQ,44074.67,847.5899,7,2015,2024,eu_trend_wm_max_recent_v2
FAO,HAM,44069.27,847.486,6,2016,2024,eu_trend_wm_max_recent_v2
WAW,LGW,44057.15,847.253,1,2015,2015,eu_trend_wm_max_recent_v2
LCG,SVQ,44044.0,847.0,5,2015,2019,eu_trend_wm_max_recent_v2
NUE,MAN,44033.4,846.7962,2,2017,2018,eu_trend_wm_max_recent_v2
SIN,WAW,44020.0,846.5385,1,2019,2019,eu_trend_wm_max_recent_v2
ZRH,PUJ,44018.0,846.5,1,2019,2019,eu_trend_wm_max_recent_v2
BUD,TGM,44012.0,846.3845,5,2015,2024,eu_trend_wm_max_recent_v2
BRI,CRL,44005.53,846.2602,7,2015,2024,eu_trend_wm_max_recent_v2
GOT,CHQ,44003.82,846.2273,7,2015,2024,eu_trend_wm_max_recent_v2
OTP,MLA,44001.83,846.1891,7,2015,2024,eu_trend_wm_max_recent_v2
MRS,YUL,43992.27,846.0053,7,2015,2024,eu_trend_wm_max_recent_v2
CDG,LPL,43988.0,845.9231,6,2015,2024,eu_trend_wm_max_recent_v2
VCE,BSL,43984.95,845.8644,7,2015,2024,eu_trend_wm_max_recent_v2
LIS,ORD,43984.28,845.8516,2,2023,2024,eu_trend_wm_max_recent_v2
CGN,PUJ,43981.87,845.8052,1,2017,2017,eu_trend_wm_max_recent_v2
BVA,GDN,43979.57,845.761,7,2015,2024,eu_trend_wm_max_recent_v2
CPT,CDG,43977.71,845.7252,3,2017,2019,eu_trend_wm_max_recent_v2
LAX,WAW,43968.12,845.5408,4,2018,2024,eu_trend_wm_max_recent_v2
TKU,ARN,43963.02,845.4427,7,2015,2024,eu_trend_wm_max_recent_v2
EIN,WAW,43950.0,845.1923,7,2015,2024,eu_trend_wm_max_recent_v2
STN,REU,43949.17,845.1764,7,2015,2024,eu_trend_wm_max_recent_v2
STR,BRU,43904.53,844.3179,4,2015,2018,eu_trend_wm_max_recent_v2
FUE,EDI,43904.4,844.3153,5,2017,2024,eu_trend_wm_max_recent_v2
BGY,CMN,43889.0,844.0192,6,2015,2024,eu_trend_wm_max_recent_v2
CHQ,GOT,43869.18,843.6381,7,2015,2024,eu_trend_wm_max_recent_v2
FUE,BER,43869.07,843.636,7,2015,2024,eu_trend_wm_max_recent_v2
TLS,IST,43862.33,843.5064,3,2019,2024,eu_trend_wm_max_recent_v2
PUJ,MUC,43853.36,843.3338,2,2015,2016,eu_trend_wm_max_recent_v2
PMI,OVD,43852.17,843.311,7,2015,2024,eu_trend_wm_max_recent_v2
KEF,YUL,43833.2,842.9461,4,2016,2019,eu_trend_wm_max_recent_v2
EDI,FUE,43831.94,842.9219,5,2017,2024,eu_trend_wm_max_recent_v2
CMN,AGP,43829.07,842.8668,2,2023,2024,eu_trend_wm_max_recent_v2
LHR,HAN,43809.0,842.4808,2,2018,2019,eu_trend_wm_max_recent_v2
SFO,KEF,43790.75,842.1298,4,2016,2019,eu_trend_wm_max_recent_v2
PSA,LTN,43775.87,841.8437,7,2015,2024,eu_trend_wm_max_recent_v2
EMA,WRO,43774.64,841.82,7,2015,2024,eu_trend_wm_max_recent_v2
TLV,BGY,43758.0,841.5,3,2018,2023,eu_trend_wm_max_recent_v2
TLL,AMS,43755.16,841.4453,7,2015,2024,eu_trend_wm_max_recent_v2
STR,WAW,43734.0,841.0385,4,2018,2024,eu_trend_wm_max_recent_v2
SKG,OTP,43732.99,841.0191,2,2023,2024,eu_trend_wm_max_recent_v2
MXP,MAH,43721.28,840.7938,7,2015,2024,eu_trend_wm_max_recent_v2
IST,TLS,43719.14,840.7526,3,2019,2024,eu_trend_wm_max_recent_v2
NCE,MAN,43717.29,840.7171,2,2023,2024,eu_trend_wm_max_recent_v2
AES,AMS,43695.76,840.3031,7,2015,2024,eu_trend_wm_max_recent_v2
WAW,LCY,43690.0,840.1923,1,2019,2019,eu_trend_wm_max_recent_v2
HAV,FRA,43680.47,840.009,5,2015,2019,eu_trend_wm_max_recent_v2
VIE,BVA,43675.72,839.9176,3,2019,2024,eu_trend_wm_max_recent_v2
DUS,RSW,43671.89,839.8441,2,2015,2016,eu_trend_wm_max_recent_v2
LGW,PVK,43670.17,839.811,7,2015,2024,eu_trend_wm_max_recent_v2
LYS,LIL,43667.0,839.75,5,2015,2019,eu_trend_wm_max_recent_v2
CMN,BGY,43662.0,839.6538,6,2015,2024,eu_trend_wm_max_recent_v2
BHX,CPH,43653.1,839.4828,5,2015,2019,eu_trend_wm_max_recent_v2
DUS,VLC,43642.0,839.2692,7,2015,2024,eu_trend_wm_max_recent_v2
RNB,BMA,43631.0,839.0577,7,2015,2024,eu_trend_wm_max_recent_v2
BOD,CRL,43627.24,838.9854,7,2015,2024,eu_trend_wm_max_recent_v2
BEG,CPH,43620.29,838.8516,6,2016,2024,eu_trend_wm_max_recent_v2
CRA,BGY,43620.0,838.8462,4,2018,2024,eu_trend_wm_max_recent_v2
LTN,BSL,43619.0,838.8269,5,2015,2019,eu_trend_wm_max_recent_v2
DUS,GVA,43617.77,838.8033,3,2016,2018,eu_trend_wm_max_recent_v2
VAR,IST,43616.59,838.7806,3,2019,2024,eu_trend_wm_max_recent_v2
NAP,LIS,43610.94,838.6719,4,2018,2024,eu_trend_wm_max_recent_v2
SIN,DUS,43598.0,838.4231,2,2018,2019,eu_trend_wm_max_recent_v2
LIN,OTP,43596.92,838.4023,5,2015,2019,eu_trend_wm_max_recent_v2
MAN,EFL,43587.0,838.2115,7,2015,2024,eu_trend_wm_max_recent_v2
OTP,LIN,43584.44,838.1622,5,2015,2019,eu_trend_wm_max_recent_v2
LPL,CDG,43581.0,838.0962,6,2015,2024,eu_trend_wm_max_recent_v2
MUC,PMO,43580.0,838.0769,7,2015,2024,eu_trend_wm_max_recent_v2
VIE,ICN,43572.25,837.9278,6,2016,2024,eu_trend_wm_max_recent_v2
MAN,NCE,43546.38,837.4303,2,2023,2024,eu_trend_wm_max_recent_v2
BRS,OPO,43535.29,837.2172,6,2016,2024,eu_trend_wm_max_recent_v2
CLT,CDG,43529.0,837.0962,4,2015,2019,eu_trend_wm_max_recent_v2
REU,STN,43526.05,837.0395,7,2015,2024,eu_trend_wm_max_recent_v2
GDN,BVA,43509.42,836.7197,7,2015,2024,eu_trend_wm_max_recent_v2
WAW,EIN,43509.0,836.7115,7,2015,2024,eu_trend_wm_max_recent_v2
MXP,LCY,43493.0,836.4038,1,2019,2019,eu_trend_wm_max_recent_v2
AMS,HGH,43485.63,836.2621,1,2015,2015,eu_trend_wm_max_recent_v2
NCE,JFK,43477.5,836.1058,7,2015,2024,eu_trend_wm_max_recent_v2
EDI,VCE,43450.23,835.5813,5,2016,2024,eu_trend_wm_max_recent_v2
LTN,IBZ,43424.22,835.0811,7,2015,2024,eu_trend_wm_max_recent_v2
WRO,EMA,43419.36,834.9877,7,2015,2024,eu_trend_wm_max_recent_v2
TSF,AGP,43416.12,834.9253,7,2015,2024,eu_trend_wm_max_recent_v2
UIO,AMS,43411.0,834.8269,4,2018,2024,eu_trend_wm_max_recent_v2
MUC,AOI,43399.25,834.6009,7,2015,2024,eu_trend_wm_max_recent_v2
WAW,SIN,43398.0,834.5769,1,2019,2019,eu_trend_wm_max_recent_v2
LUX,BER,43396.72,834.5522,4,2018,2024,eu_trend_wm_max_recent_v2
OPO,LTN,43370.11,834.0407,4,2016,2023,eu_trend_wm_max_recent_v2
SKG,BUD,43364.38,833.9304,3,2019,2024,eu_trend_wm_max_recent_v2
BER,PEK,43362.77,833.8994,1,2024,2024,eu_trend_wm_max_recent_v2
VCE,EDI,43357.63,833.8006,5,2016,2024,eu_trend_wm_max_recent_v2
BCM,FCO,43349.18,833.6381,7,2015,2024,eu_trend_wm_max_recent_v2
LJU,CDG,43347.23,833.6005,7,2015,2024,eu_trend_wm_max_recent_v2
BSL,NTE,43325.0,833.1731,5,2015,2019,eu_trend_wm_max_recent_v2
DEN,LGW,43322.46,833.1242,1,2018,2018,eu_trend_wm_max_recent_v2
GRO,MAN,43321.0,833.0962,7,2015,2024,eu_trend_wm_max_recent_v2
PVK,LGW,43293.24,832.5624,7,2015,2024,eu_trend_wm_max_recent_v2
GVA,IAD,43287.0,832.4423,7,2015,2024,eu_trend_wm_max_recent_v2
PEK,BER,43278.54,832.2795,1,2024,2024,eu_trend_wm_max_recent_v2
LIS,NAP,43256.8,831.8615,4,2018,2024,eu_trend_wm_max_recent_v2
BRU,BOD,43256.71,831.8598,6,2015,2023,eu_trend_wm_max_recent_v2
EFL,MAN,43251.65,831.7626,7,2015,2024,eu_trend_wm_max_recent_v2
GVA,DUS,43244.23,831.6197,3,2016,2018,eu_trend_wm_max_recent_v2
ADD,VIE,43236.89,831.4786,4,2018,2024,eu_trend_wm_max_recent_v2
LHR,MSY,43211.0,830.9808,2,2018,2019,eu_trend_wm_max_recent_v2
BIO,DUS,43209.24,830.9469,7,2015,2024,eu_trend_wm_max_recent_v2
RTM,IBZ,43200.86,830.7858,7,2015,2024,eu_trend_wm_max_recent_v2
VIE,DEL,43194.0,830.6538,2,2015,2019,eu_trend_wm_max_recent_v2
IBZ,RTM,43183.43,830.4506,7,2015,2024,eu_trend_wm_max_recent_v2
MSY,LHR,43179.0,830.3654,2,2018,2019,eu_trend_wm_max_recent_v2
AGP,TSF,43174.99,830.2883,7,2015,2024,eu_trend_wm_max_recent_v2
ORY,JMK,43168.94,830.172,6,2015,2024,eu_trend_wm_max_recent_v2
OTP,SKG,43166.68,830.1284,2,2023,2024,eu_trend_wm_max_recent_v2
KRK,SVG,43137.11,829.5599,7,2015,2024,eu_trend_wm_max_recent_v2
OVD,PMI,43136.19,829.5421,7,2015,2024,eu_trend_wm_max_recent_v2
OVD,AGP,43131.81,829.4578,7,2015,2024,eu_trend_wm_max_recent_v2
LTN,PSA,43115.22,829.1388,7,2015,2024,eu_trend_wm_max_recent_v2
SKG,CRL,43108.94,829.0181,7,2015,2024,eu_trend_wm_max_recent_v2
HAM,FAO,43106.63,828.9736,6,2016,2024,eu_trend_wm_max_recent_v2
LPA,CDG,43104.78,828.9381,2,2023,2024,eu_trend_wm_max_recent_v2
ORY,HAM,43092.47,828.7014,1,2016,2016,eu_trend_wm_max_recent_v2
LPA,BGO,43081.0,828.4808,7,2015,2024,eu_trend_wm_max_recent_v2
AGP,OVD,43070.22,828.2734,7,2015,2024,eu_trend_wm_max_recent_v2
OPO,LHR,43058.59,828.0498,1,2023,2023,eu_trend_wm_max_recent_v2
CRL,BOD,43058.44,828.047,7,2015,2024,eu_trend_wm_max_recent_v2
FRA,SJC,43056.95,828.0183,1,2017,2017,eu_trend_wm_max_recent_v2
BHX,HER,43050.27,827.8899,7,2015,2024,eu_trend_wm_max_recent_v2
CIA,BCN,43047.24,827.8316,1,2015,2015,eu_trend_wm_max_recent_v2
HER,BHX,43021.63,827.3391,7,2015,2024,eu_trend_wm_max_recent_v2
HER,KTW,43015.17,827.2147,7,2015,2024,eu_trend_wm_max_recent_v2
KUN,STN,43014.3,827.198,7,2015,2024,eu_trend_wm_max_recent_v2
HAN,IST,43007.78,827.0726,2,2023,2024,eu_trend_wm_max_recent_v2
CRL,SKG,43002.86,826.9782,7,2015,2024,eu_trend_wm_max_recent_v2
ORY,LTN,42995.9,826.8443,1,2016,2016,eu_trend_wm_max_recent_v2
CMN,VCE,42992.72,826.7831,3,2015,2017,eu_trend_wm_max_recent_v2
IST,LUX,42983.76,826.6107,2,2023,2024,eu_trend_wm_max_recent_v2
RMU,BRS,42957.0,826.0962,3,2019,2024,eu_trend_wm_max_recent_v2
EIN,ATH,42939.79,825.7652,7,2015,2024,eu_trend_wm_max_recent_v2
STN,KUN,42939.39,825.7575,7,2015,2024,eu_trend_wm_max_recent_v2
ARN,TKU,42928.98,825.5574,7,2015,2024,eu_trend_wm_max_recent_v2
JMK,ORY,42922.58,825.4343,6,2015,2024,eu_trend_wm_max_recent_v2
MAN,SNN,42921.0,825.4038,7,2015,2024,eu_trend_wm_max_recent_v2
SVQ,CIA,42860.99,824.2499,5,2015,2024,eu_trend_wm_max_recent_v2
BEG,OSL,42860.88,824.2478,6,2016,2024,eu_trend_wm_max_recent_v2
BGY,TLV,42857.34,824.1796,3,2018,2023,eu_trend_wm_max_recent_v2
MAN,CHQ,42857.19,824.1767,7,2015,2024,eu_trend_wm_max_recent_v2
BVA,VIE,42817.46,823.4128,3,2019,2024,eu_trend_wm_max_recent_v2
BHX,STR,42800.64,823.0893,1,2016,2016,eu_trend_wm_max_recent_v2
IST,TFU,42784.91,822.7868,1,2024,2024,eu_trend_wm_max_recent_v2
BGY,CRA,42784.0,822.7692,4,2018,2024,eu_trend_wm_max_recent_v2
AGP,NTE,42758.65,822.2817,7,2015,2024,eu_trend_wm_max_recent_v2
BCN,CIA,42743.08,821.9823,1,2015,2015,eu_trend_wm_max_recent_v2
JED,AMS,42731.55,821.7605,2,2023,2024,eu_trend_wm_max_recent_v2
AMS,CGN,42727.93,821.6909,1,2015,2015,eu_trend_wm_max_recent_v2
STN,SDR,42726.11,821.6559,7,2015,2024,eu_trend_wm_max_recent_v2
DUB,BDL,42721.68,821.5708,3,2017,2019,eu_trend_wm_max_recent_v2
ATH,EIN,42707.92,821.3062,7,2015,2024,eu_trend_wm_max_recent_v2
JED,MAD,42695.52,821.0676,2,2023,2024,eu_trend_wm_max_recent_v2
ZRH,IBZ,42673.81,820.6501,7,2015,2024,eu_trend_wm_max_recent_v2
LTN,OPO,42663.18,820.4458,4,2016,2023,eu_trend_wm_max_recent_v2
ZRH,LED,42658.0,820.3462,5,2015,2019,eu_trend_wm_max_recent_v2
OTP,TFS,42657.2,820.3308,1,2024,2024,eu_trend_wm_max_recent_v2
PUJ,ZRH,42648.0,820.1538,1,2019,2019,eu_trend_wm_max_recent_v2
ZRH,RIX,42646.74,820.1297,7,2015,2024,eu_trend_wm_max_recent_v2
BER,LUX,42640.09,820.0016,4,2018,2024,eu_trend_wm_max_recent_v2
CHQ,MAN,42639.16,819.9839,7,2015,2024,eu_trend_wm_max_recent_v2
TLL,MUC,42622.74,819.6681,5,2016,2024,eu_trend_wm_max_recent_v2
YUL,KEF,42605.38,819.3342,4,2016,2019,eu_trend_wm_max_recent_v2
STN,GOA,42579.9,818.8442,7,2015,2024,eu_trend_wm_max_recent_v2
LGW,DEN,42578.88,818.8246,1,2018,2018,eu_trend_wm_max_recent_v2
RIX,ZRH,42561.23,818.4852,7,2015,2024,eu_trend_wm_max_recent_v2
BER,VNO,42560.63,818.4737,5,2017,2024,eu_trend_wm_max_recent_v2
SNN,MAN,42560.0,818.4615,7,2015,2024,eu_trend_wm_max_recent_v2
NTE,BSL,42558.0,818.4231,5,2015,2019,eu_trend_wm_max_recent_v2
BRS,RMU,42550.0,818.2692,3,2019,2024,eu_trend_wm_max_recent_v2
SXB,AMS,42546.12,818.1946,6,2015,2023,eu_trend_wm_max_recent_v2
DBV,IST,42542.0,818.1154,3,2019,2024,eu_trend_wm_max_recent_v2
LIL,LYS,42528.0,817.8462,5,2015,2019,eu_trend_wm_max_recent_v2
TFS,OTP,42520.44,817.7007,1,2024,2024,eu_trend_wm_max_recent_v2
STR,BHX,42504.56,817.3955,1,2016,2016,eu_trend_wm_max_recent_v2
BFS,EWR,42503.5,817.3751,2,2015,2016,eu_trend_wm_max_recent_v2
DBV,MAD,42502.32,817.3524,7,2015,2024,eu_trend_wm_max_recent_v2
AUS,FRA,42499.61,817.3001,1,2024,2024,eu_trend_wm_max_recent_v2
BDL,DUB,42485.0,817.0192,3,2017,2019,eu_trend_wm_max_recent_v2
LHR,OPO,42467.33,816.6794,1,2023,2023,eu_trend_wm_max_recent_v2
LTN,MUC,42460.0,816.5385,3,2017,2019,eu_trend_wm_max_recent_v2
LTN,ORY,42457.87,816.4975,1,2016,2016,eu_trend_wm_max_recent_v2
TFS,PRG,42444.36,816.2376,1,2024,2024,eu_trend_wm_max_recent_v2
CDG,OAK,42432.0,816.0,1,2019,2019,eu_trend_wm_max_recent_v2
BUD,HAM,42424.0,815.8462,3,2017,2019,eu_trend_wm_max_recent_v2
LGW,NOC,42403.0,815.4423,5,2015,2019,eu_trend_wm_max_recent_v2
FUE,LBA,42385.1,815.0982,7,2015,2024,eu_trend_wm_max_recent_v2
DUS,SIN,42384.0,815.0769,2,2018,2019,eu_trend_wm_max_recent_v2
SUF,VCE,42379.56,814.9916,2,2023,2024,eu_trend_wm_max_recent_v2
BCN,BOS,42350.0,814.423,3,2019,2024,eu_trend_wm_max_recent_v2
CGN,WMI,42340.2,814.2346,5,2016,2023,eu_trend_wm_max_recent_v2
DUS,BIO,42288.18,813.2342,7,2015,2024,eu_trend_wm_max_recent_v2
HEL,GDN,42283.0,813.1346,5,2015,2019,eu_trend_wm_max_recent_v2
BLR,MUC,42273.17,812.9457,1,2024,2024,eu_trend_wm_max_recent_v2
KGS,FRA,42269.0,812.8654,7,2015,2024,eu_trend_wm_max_recent_v2
LPA,OVD,42267.74,812.8411,3,2019,2024,eu_trend_wm_max_recent_v2
EDI,LPA,42260.64,812.7046,5,2017,2024,eu_trend_wm_max_recent_v2
LPA,BLL,42258.6,812.6654,7,2015,2024,eu_trend_wm_max_recent_v2
OPO,BRS,42239.14,812.2911,6,2016,2024,eu_trend_wm_max_recent_v2
LTN,BTS,42237.85,812.2664,6,2015,2024,eu_trend_wm_max_recent_v2
KTW,TLV,42226.98,812.0573,6,2015,2023,eu_trend_wm_max_recent_v2
LPA,EDI,42224.94,812.0181,5,2017,2024,eu_trend_wm_max_recent_v2
CIA,AGP,42219.18,811.9074,1,2015,2015,eu_trend_wm_max_recent_v2
DUB,KUN,42218.0,811.8846,7,2015,2024,eu_trend_wm_max_recent_v2
VCE,CGN,42217.89,811.8825,5,2015,2024,eu_trend_wm_max_recent_v2
OVD,LPA,42214.3,811.8135,3,2019,2024,eu_trend_wm_max_recent_v2
VNO,BER,42202.18,811.5804,5,2017,2024,eu_trend_wm_max_recent_v2
DUB,RMU,42194.0,811.4231,3,2019,2024,eu_trend_wm_max_recent_v2
YUL,MRS,42184.41,811.2387,7,2015,2024,eu_trend_wm_max_recent_v2
CFU,FRA,42179.09,811.1363,7,2015,2024,eu_trend_wm_max_recent_v2
ORD,LIS,42176.32,811.083,2,2023,2024,eu_trend_wm_max_recent_v2
STR,STN,42145.56,810.4916,2,2016,2017,eu_trend_wm_max_recent_v2
PRG,TFS,42140.03,810.3852,1,2024,2024,eu_trend_wm_max_recent_v2
KEF,ALC,42139.36,810.3723,7,2015,2024,eu_trend_wm_max_recent_v2
BGO,LPA,42133.0,810.25,7,2015,2024,eu_trend_wm_max_recent_v2
IBZ,LTN,42106.03,809.7313,7,2015,2024,eu_trend_wm_max_recent_v2
FRA,KGS,42104.71,809.7059,7,2015,2024,eu_trend_wm_max_recent_v2
LBA,FUE,42103.33,809.6795,7,2015,2024,eu_trend_wm_max_recent_v2
VCE,SUF,42098.71,809.5906,2,2023,2024,eu_trend_wm_max_recent_v2
VRN,DUB,42084.85,809.3241,7,2015,2024,eu_trend_wm_max_recent_v2
CFU,AMS,42081.72,809.2638,7,2015,2024,eu_trend_wm_max_recent_v2
YYZ,PDL,42074.69,809.1287,7,2015,2024,eu_trend_wm_max_recent_v2
MAD,CLJ,42070.0,809.0385,7,2015,2024,eu_trend_wm_max_recent_v2
JED,FCO,42063.61,808.9155,2,2023,2024,eu_trend_wm_max_recent_v2
BLL,LPA,42060.72,808.86,7,2015,2024,eu_trend_wm_max_recent_v2
NTE,AGP,42060.33,808.8524,7,2015,2024,eu_trend_wm_max_recent_v2
MUC,TLL,42058.68,808.8208,5,2016,2024,eu_trend_wm_max_recent_v2
YUL,VIE,42058.0,808.8077,3,2019,2024,eu_trend_wm_max_recent_v2
BDS,STN,42057.13,808.791,7,2015,2024,eu_trend_wm_max_recent_v2
CRL,PMO,42054.37,808.7378,3,2019,2024,eu_trend_wm_max_recent_v2
WMI,ALC,42034.97,808.3647,7,2015,2024,eu_trend_wm_max_recent_v2
FAO,LUX,42031.34,808.2951,6,2016,2024,eu_trend_wm_max_recent_v2
KLR,BMA,42023.0,808.1346,7,2015,2024,eu_trend_wm_max_recent_v2
BUD,SKG,42019.26,808.0627,3,2019,2024,eu_trend_wm_max_recent_v2
LED,BUD,42019.0,808.0577,1,2019,2019,eu_trend_wm_max_recent_v2
FCO,JTR,41999.91,807.6905,7,2015,2024,eu_trend_wm_max_recent_v2
MUC,ALC,41998.37,807.6609,3,2016,2024,eu_trend_wm_max_recent_v2
BER,WAW,41993.39,807.5653,2,2023,2024,eu_trend_wm_max_recent_v2
VIE,FLR,41993.3,807.5635,7,2015,2024,eu_trend_wm_max_recent_v2
KTW,BCN,41988.0,807.4615,7,2015,2024,eu_trend_wm_max_recent_v2
AGP,CIA,41986.46,807.4319,1,2015,2015,eu_trend_wm_max_recent_v2
ORY,IST,41985.08,807.4054,2,2023,2024,eu_trend_wm_max_recent_v2
NRT,IST,41984.16,807.3876,2,2023,2024,eu_trend_wm_max_recent_v2
RMU,EMA,41957.0,806.8654,3,2019,2024,eu_trend_wm_max_recent_v2
KGS,MUC,41930.0,806.3462,7,2015,2024,eu_trend_wm_max_recent_v2
PHL,BRU,41928.01,806.3079,1,2015,2015,eu_trend_wm_max_recent_v2
WMI,CGN,41917.92,806.1138,5,2016,2023,eu_trend_wm_max_recent_v2
PEK,DUS,41910.29,805.9671,2,2015,2016,eu_trend_wm_max_recent_v2
PIK,BCN,41907.44,805.9124,5,2015,2019,eu_trend_wm_max_recent_v2
ALC,WMI,41906.55,805.8952,7,2015,2024,eu_trend_wm_max_recent_v2
MIA,VIE,41903.15,805.8298,2,2016,2017,eu_trend_wm_max_recent_v2
WAW,FNC,41876.07,805.309,7,2015,2024,eu_trend_wm_max_recent_v2
LDY,GLA,41874.97,805.2879,5,2015,2019,eu_trend_wm_max_recent_v2
IST,PTY,41866.83,805.1313,2,2023,2024,eu_trend_wm_max_recent_v2
ICN,MAD,41853.66,804.8781,6,2015,2024,eu_trend_wm_max_recent_v2
TFN,OVD,41848.35,804.776,7,2015,2024,eu_trend_wm_max_recent_v2
BGY,SCV,41803.0,803.9038,2,2019,2023,eu_trend_wm_max_recent_v2
MXP,TPE,41792.92,803.71,2,2023,2024,eu_trend_wm_max_recent_v2
BHX,EWR,41775.51,803.3753,2,2015,2016,eu_trend_wm_max_recent_v2
CPH,DEL,41766.0,803.1923,3,2018,2024,eu_trend_wm_max_recent_v2
NTE,BRU,41765.0,803.1731,5,2015,2019,eu_trend_wm_max_recent_v2
BCN,BRI,41756.89,803.0171,7,2015,2024,eu_trend_wm_max_recent_v2
WAW,GOT,41753.19,802.946,7,2015,2024,eu_trend_wm_max_recent_v2
IBZ,ZRH,41748.33,802.8524,7,2015,2024,eu_trend_wm_max_recent_v2
OVD,SVQ,41737.49,802.644,7,2015,2024,eu_trend_wm_max_recent_v2
GRO,FKB,41731.95,802.5374,7,2015,2024,eu_trend_wm_max_recent_v2
EIN,WRO,41721.78,802.342,7,2015,2024,eu_trend_wm_max_recent_v2
LYS,BIA,41713.47,802.1821,7,2015,2024,eu_trend_wm_max_recent_v2
MUC,KGS,41712.0,802.1538,7,2015,2024,eu_trend_wm_max_recent_v2
MUC,LJU,41710.78,802.1304,7,2015,2024,eu_trend_wm_max_recent_v2
BLQ,ZRH,41708.9,802.0943,1,2024,2024,eu_trend_wm_max_recent_v2
CIA,SVQ,41703.47,801.9898,5,2015,2024,eu_trend_wm_max_recent_v2
CRL,PMI,41700.53,801.9334,7,2015,2024,eu_trend_wm_max_recent_v2
BMA,KLR,41695.0,801.8269,7,2015,2024,eu_trend_wm_max_recent_v2
ALC,OTP,41688.98,801.7111,1,2024,2024,eu_trend_wm_max_recent_v2
NUE,HER,41688.52,801.7024,7,2015,2024,eu_trend_wm_max_recent_v2
SOF,BVA,41684.45,801.624,7,2015,2024,eu_trend_wm_max_recent_v2
MLA,BHX,41678.42,801.5082,7,2015,2024,eu_trend_wm_max_recent_v2
MAD,ICN,41673.64,801.4161,6,2015,2024,eu_trend_wm_max_recent_v2
HAM,BUD,41670.0,801.3462,3,2017,2019,eu_trend_wm_max_recent_v2
PMO,CRL,41661.73,801.1872,3,2019,2024,eu_trend_wm_max_recent_v2
LGW,HAV,41657.62,801.108,4,2015,2018,eu_trend_wm_max_recent_v2
LJU,MUC,41637.0,800.7115,7,2015,2024,eu_trend_wm_max_recent_v2
GOA,PMO,41615.54,800.2989,7,2015,2024,eu_trend_wm_max_recent_v2
KUN,DUB,41604.0,800.0769,7,2015,2024,eu_trend_wm_max_recent_v2
SDR,STN,41592.54,799.8565,7,2015,2024,eu_trend_wm_max_recent_v2
EMA,RMU,41567.0,799.3654,3,2019,2024,eu_trend_wm_max_recent_v2
LGW,CLJ,41562.0,799.2692,1,2019,2019,eu_trend_wm_max_recent_v2
MAD,YUL,41544.06,798.9242,1,2024,2024,eu_trend_wm_max_recent_v2
SVQ,OVD,41541.63,798.8776,7,2015,2024,eu_trend_wm_max_recent_v2
CGN,VCE,41531.47,798.6821,5,2015,2024,eu_trend_wm_max_recent_v2
OST,ALC,41531.0,798.6731,7,2015,2024,eu_trend_wm_max_recent_v2
LUX,FAO,41528.7,798.6288,6,2016,2024,eu_trend_wm_max_recent_v2
AMS,SXB,41524.44,798.547,6,2015,2023,eu_trend_wm_max_recent_v2
DUB,MLA,41520.82,798.4774,7,2015,2024,eu_trend_wm_max_recent_v2
CDG,CPT,41520.28,798.467,3,2017,2019,eu_trend_wm_max_recent_v2
BOH,AGP,41509.92,798.2677,7,2015,2024,eu_trend_wm_max_recent_v2
BRU,PUJ,41508.9,798.2481,2,2017,2018,eu_trend_wm_max_recent_v2
AGP,KRK,41508.37,798.238,4,2015,2024,eu_trend_wm_max_recent_v2
GOA,STN,41502.0,798.1154,7,2015,2024,eu_trend_wm_max_recent_v2
STR,MAN,41501.53,798.1064,4,2015,2018,eu_trend_wm_max_recent_v2
BCN,PIK,41499.37,798.0647,5,2015,2019,eu_trend_wm_max_recent_v2
EWR,BHX,41496.42,798.008,2,2015,2016,eu_trend_wm_max_recent_v2
BHX,MLA,41494.27,797.9668,7,2015,2024,eu_trend_wm_max_recent_v2
TLL,VNO,41486.99,797.8267,7,2015,2024,eu_trend_wm_max_recent_v2
PUJ,BRU,41485.44,797.7969,2,2017,2018,eu_trend_wm_max_recent_v2
YHZ,LHR,41466.7,797.4366,3,2015,2017,eu_trend_wm_max_recent_v2
DUB,MRS,41443.52,796.9909,1,2024,2024,eu_trend_wm_max_recent_v2
NQY,MAN,41440.0,796.9231,5,2015,2019,eu_trend_wm_max_recent_v2
PMO,GOA,41423.38,796.6035,7,2015,2024,eu_trend_wm_max_recent_v2
LIS,IBZ,41420.61,796.5502,2,2023,2024,eu_trend_wm_max_recent_v2
OAK,CDG,41413.0,796.4038,1,2019,2019,eu_trend_wm_max_recent_v2
BRU,ADD,41408.6,796.3192,2,2023,2024,eu_trend_wm_max_recent_v2
FKB,GRO,41392.89,796.0172,7,2015,2024,eu_trend_wm_max_recent_v2
MAN,NQY,41386.0,795.8846,5,2015,2019,eu_trend_wm_max_recent_v2
MIA,ORY,41380.88,795.7862,2,2023,2024,eu_trend_wm_max_recent_v2
HAV,ORY,41380.0,795.7692,2,2018,2019,eu_trend_wm_max_recent_v2
VCE,TLV,41378.11,795.7329,5,2015,2023,eu_trend_wm_max_recent_v2
GDN,HEL,41377.0,795.7115,5,2015,2019,eu_trend_wm_max_recent_v2
EWR,BFS,41376.5,795.7019,2,2015,2016,eu_trend_wm_max_recent_v2
EMA,MAH,41373.32,795.6407,7,2015,2024,eu_trend_wm_max_recent_v2
IST,VAR,41354.09,795.271,3,2019,2024,eu_trend_wm_max_recent_v2
TRN,CRL,41344.85,795.0934,7,2015,2024,eu_trend_wm_max_recent_v2
BRI,BCN,41338.39,794.969,7,2015,2024,eu_trend_wm_max_recent_v2
BIO,DUB,41320.83,794.6314,7,2015,2024,eu_trend_wm_max_recent_v2
LTN,RMU,41310.0,794.4231,3,2019,2024,eu_trend_wm_max_recent_v2
ALC,KEF,41289.42,794.0274,7,2015,2024,eu_trend_wm_max_recent_v2
IST,STN,41273.0,793.7115,1,2019,2019,eu_trend_wm_max_recent_v2
RMU,DUB,41270.0,793.6538,3,2019,2024,eu_trend_wm_max_recent_v2
OTP,ALC,41268.72,793.6292,1,2024,2024,eu_trend_wm_max_recent_v2
MAN,STR,41265.56,793.5685,4,2015,2018,eu_trend_wm_max_recent_v2
KIR,STN,41265.39,793.5651,7,2015,2024,eu_trend_wm_max_recent_v2
BVA,SOF,41259.0,793.4423,7,2015,2024,eu_trend_wm_max_recent_v2
FRA,AUS,41256.94,793.4028,1,2024,2024,eu_trend_wm_max_recent_v2
BGY,GDN,41250.84,793.2854,7,2015,2024,eu_trend_wm_max_recent_v2
HER,NUE,41246.93,793.2101,7,2015,2024,eu_trend_wm_max_recent_v2
OLB,AMS,41240.64,793.0892,7,2015,2024,eu_trend_wm_max_recent_v2
KRK,AGP,41233.07,792.9436,4,2015,2024,eu_trend_wm_max_recent_v2
KRS,CPH,41227.0,792.8269,6,2015,2023,eu_trend_wm_max_recent_v2
NCE,OPO,41209.97,792.4995,2,2023,2024,eu_trend_wm_max_recent_v2
LED,DUS,41205.0,792.4038,3,2017,2019,eu_trend_wm_max_recent_v2
VIE,ADD,41204.43,792.3929,4,2018,2024,eu_trend_wm_max_recent_v2
KTW,FCO,41202.6,792.3577,2,2015,2024,eu_trend_wm_max_recent_v2
STN,STR,41200.88,792.3246,2,2016,2017,eu_trend_wm_max_recent_v2
VIE,IBZ,41185.95,792.0376,5,2017,2024,eu_trend_wm_max_recent_v2
MAD,DBV,41174.52,791.8177,7,2015,2024,eu_trend_wm_max_recent_v2
TPE,MXP,41173.94,791.8066,2,2023,2024,eu_trend_wm_max_recent_v2
SCV,MXP,41159.13,791.5216,1,2024,2024,eu_trend_wm_max_recent_v2
OSL,BEG,41149.0,791.3269,6,2016,2024,eu_trend_wm_max_recent_v2
BIA,LYS,41144.38,791.2381,7,2015,2024,eu_trend_wm_max_recent_v2
MAH,EMA,41137.73,791.1102,7,2015,2024,eu_trend_wm_max_recent_v2
BRU,PHL,41120.52,790.7791,1,2015,2015,eu_trend_wm_max_recent_v2
LHR,YHZ,41106.95,790.5183,3,2015,2017,eu_trend_wm_max_recent_v2
LCA,OSL,41098.0,790.3462,7,2015,2024,eu_trend_wm_max_recent_v2
JFK,NCE,41092.74,790.245,7,2015,2024,eu_trend_wm_max_recent_v2
DUB,VRN,41047.38,789.3726,7,2015,2024,eu_trend_wm_max_recent_v2
MAD,JED,41034.44,789.1239,2,2023,2024,eu_trend_wm_max_recent_v2
BTS,BGY,41029.61,789.0309,7,2015,2024,eu_trend_wm_max_recent_v2
GDN,BGY,41024.4,788.9308,7,2015,2024,eu_trend_wm_max_recent_v2
VIE,KEF,41024.28,788.9285,3,2019,2024,eu_trend_wm_max_recent_v2
BGY,FAO,41023.36,788.9107,2,2023,2024,eu_trend_wm_max_recent_v2
CLJ,MAD,41023.27,788.909,7,2015,2024,eu_trend_wm_max_recent_v2
FNC,LHR,41020.58,788.8574,2,2023,2024,eu_trend_wm_max_recent_v2
MXP,SCV,41015.11,788.7522,1,2024,2024,eu_trend_wm_max_recent_v2
MLA,DUB,41010.12,788.6562,7,2015,2024,eu_trend_wm_max_recent_v2
SCV,BGY,41006.0,788.5769,2,2019,2023,eu_trend_wm_max_recent_v2
FCO,HAV,41004.24,788.5432,1,2017,2017,eu_trend_wm_max_recent_v2
BVA,PSA,41002.98,788.5188,7,2015,2024,eu_trend_wm_max_recent_v2
DUB,GDN,40972.38,787.9304,7,2015,2024,eu_trend_wm_max_recent_v2
SLC,LHR,40952.0,787.5385,2,2017,2019,eu_trend_wm_max_recent_v2
PRG,CFU,40920.01,786.9233,7,2015,2024,eu_trend_wm_max_recent_v2
SVG,TRF,40890.84,786.3623,5,2015,2019,eu_trend_wm_max_recent_v2
GLA,IBZ,40885.68,786.2631,7,2015,2024,eu_trend_wm_max_recent_v2
BUD,DTM,40879.56,786.1454,7,2015,2024,eu_trend_wm_max_recent_v2
MAN,ORD,40874.19,786.0422,3,2015,2017,eu_trend_wm_max_recent_v2
SVQ,DUB,40870.92,785.9793,7,2015,2024,eu_trend_wm_max_recent_v2
OVD,TFN,40868.15,785.926,7,2015,2024,eu_trend_wm_max_recent_v2
LUX,IST,40866.3,785.8904,2,2023,2024,eu_trend_wm_max_recent_v2
ZRH,CTA,40865.38,785.8727,6,2015,2023,eu_trend_wm_max_recent_v2
BOS,BCN,40863.53,785.8371,3,2019,2024,eu_trend_wm_max_recent_v2
IST,ORY,40857.06,785.7128,2,2023,2024,eu_trend_wm_max_recent_v2
OPO,NCE,40846.9,785.5173,2,2023,2024,eu_trend_wm_max_recent_v2
NOC,LGW,40831.0,785.2115,5,2015,2019,eu_trend_wm_max_recent_v2
WRO,EIN,40829.35,785.1798,7,2015,2024,eu_trend_wm_max_recent_v2
HER,OTP,40827.5,785.1442,2,2023,2024,eu_trend_wm_max_recent_v2
LUX,CPH,40808.0,784.7692,7,2015,2024,eu_trend_wm_max_recent_v2
RNS,NCE,40807.0,784.75,7,2015,2024,eu_trend_wm_max_recent_v2
HKG,DUB,40800.0,784.6154,1,2019,2019,eu_trend_wm_max_recent_v2
FAO,GVA,40780.38,784.2382,6,2016,2024,eu_trend_wm_max_recent_v2
CLJ,LGW,40775.0,784.1346,1,2019,2019,eu_trend_wm_max_recent_v2
ORK,BHX,40770.55,784.049,7,2015,2024,eu_trend_wm_max_recent_v2
BEG,BVA,40761.51,783.8752,7,2015,2024,eu_trend_wm_max_recent_v2
FLR,VIE,40756.36,783.7762,7,2015,2024,eu_trend_wm_max_recent_v2
FAO,BGY,40752.67,783.7052,2,2023,2024,eu_trend_wm_max_recent_v2
STN,IST,40741.0,783.4808,1,2019,2019,eu_trend_wm_max_recent_v2
ZRH,BLQ,40739.77,783.4572,1,2024,2024,eu_trend_wm_max_recent_v2
MRS,VLC,40732.34,783.3143,2,2023,2024,eu_trend_wm_max_recent_v2
WAW,BER,40718.49,783.0478,2,2023,2024,eu_trend_wm_max_recent_v2
PSA,TPS,40712.94,782.9412,7,2015,2024,eu_trend_wm_max_recent_v2
CAG,LGW,40702.64,782.743,6,2016,2024,eu_trend_wm_max_recent_v2
MUC,LTN,40692.9,782.5558,3,2017,2019,eu_trend_wm_max_recent_v2
DUB,BIO,40686.0,782.4231,7,2015,2024,eu_trend_wm_max_recent_v2
MRS,DUB,40684.52,782.3947,1,2024,2024,eu_trend_wm_max_recent_v2
PMI,CRL,40675.07,782.2128,7,2015,2024,eu_trend_wm_max_recent_v2
VIE,JED,40674.14,782.195,1,2023,2023,eu_trend_wm_max_recent_v2
GVA,PRG,40669.52,782.1062,2,2023,2024,eu_trend_wm_max_recent_v2
VIE,VNO,40667.68,782.0707,7,2015,2024,eu_trend_wm_max_recent_v2
FNC,WAW,40665.83,782.0352,7,2015,2024,eu_trend_wm_max_recent_v2
CIA,IAS,40660.28,781.9286,5,2017,2024,eu_trend_wm_max_recent_v2
CFU,PRG,40660.07,781.9244,7,2015,2024,eu_trend_wm_max_recent_v2
VCE,CMN,40657.79,781.8806,3,2015,2017,eu_trend_wm_max_recent_v2
VNO,AMS,40631.65,781.3778,7,2015,2024,eu_trend_wm_max_recent_v2
GDN,DUB,40627.62,781.3004,7,2015,2024,eu_trend_wm_max_recent_v2
LEJ,STR,40625.84,781.2662,5,2015,2019,eu_trend_wm_max_recent_v2
CTA,AOI,40620.56,781.1646,7,2015,2024,eu_trend_wm_max_recent_v2
VNO,TLL,40610.97,780.9803,7,2015,2024,eu_trend_wm_max_recent_v2
BOH,ALC,40602.08,780.8093,7,2015,2024,eu_trend_wm_max_recent_v2
SVO,VLC,40597.0,780.7115,4,2016,2019,eu_trend_wm_max_recent_v2
LHR,LED,40596.62,780.7042,4,2015,2018,eu_trend_wm_max_recent_v2
BGY,BTS,40587.61,780.5309,7,2015,2024,eu_trend_wm_max_recent_v2
ATH,HAM,40586.96,780.5185,5,2016,2024,eu_trend_wm_max_recent_v2
VLC,SVO,40585.0,780.4808,4,2016,2019,eu_trend_wm_max_recent_v2
STN,KIR,40573.52,780.26,7,2015,2024,eu_trend_wm_max_recent_v2
DBV,HEL,40553.19,779.8691,7,2015,2024,eu_trend_wm_max_recent_v2
OSL,LCA,40548.0,779.7692,7,2015,2024,eu_trend_wm_max_recent_v2
BCN,VLC,40539.0,779.5962,3,2017,2019,eu_trend_wm_max_recent_v2
EMA,BCN,40538.34,779.5834,7,2015,2024,eu_trend_wm_max_recent_v2
AOI,CTA,40537.41,779.5656,7,2015,2024,eu_trend_wm_max_recent_v2
DUB,SVQ,40537.41,779.5656,7,2015,2024,eu_trend_wm_max_recent_v2
BGY,NRN,40532.94,779.4797,6,2015,2024,eu_trend_wm_max_recent_v2
BUD,AUH,40530.02,779.4235,2,2023,2024,eu_trend_wm_max_recent_v2
SKG,CIA,40523.58,779.2996,7,2015,2024,eu_trend_wm_max_recent_v2
GLA,EWR,40519.42,779.2196,5,2015,2019,eu_trend_wm_max_recent_v2
DUS,KRK,40496.0,778.7692,3,2017,2019,eu_trend_wm_max_recent_v2
CRL,TRN,40488.45,778.624,7,2015,2024,eu_trend_wm_max_recent_v2
WAW,STR,40482.0,778.5,4,2018,2024,eu_trend_wm_max_recent_v2
MUC,SAN,40476.44,778.3931,2,2023,2024,eu_trend_wm_max_recent_v2
DUB,CLT,40468.13,778.2332,3,2019,2024,eu_trend_wm_max_recent_v2
OVD,STN,40456.99,778.0191,6,2015,2024,eu_trend_wm_max_recent_v2
YUL,PTP,40456.12,778.0022,7,2015,2024,eu_trend_wm_max_recent_v2
NCE,VCE,40455.37,777.9879,4,2015,2024,eu_trend_wm_max_recent_v2
LJU,AMS,40451.79,777.9191,7,2015,2024,eu_trend_wm_max_recent_v2
ORY,OLB,40448.72,777.8601,7,2015,2024,eu_trend_wm_max_recent_v2
DEL,CPH,40448.0,777.8462,3,2018,2024,eu_trend_wm_max_recent_v2
HAM,ATH,40413.0,777.1731,5,2016,2024,eu_trend_wm_max_recent_v2
FCO,SIN,40411.38,777.1419,3,2018,2024,eu_trend_wm_max_recent_v2
VLC,MRS,40400.68,776.9362,2,2023,2024,eu_trend_wm_max_recent_v2
VNO,VIE,40389.6,776.723,7,2015,2024,eu_trend_wm_max_recent_v2
MXP,ICN,40386.83,776.6697,3,2019,2024,eu_trend_wm_max_recent_v2
GLA,LDY,40374.72,776.4369,5,2015,2019,eu_trend_wm_max_recent_v2
YUL,MAD,40368.42,776.3158,1,2024,2024,eu_trend_wm_max_recent_v2
CTA,LTN,40365.71,776.2636,5,2015,2024,eu_trend_wm_max_recent_v2
TRF,SVG,40363.36,776.2184,5,2015,2019,eu_trend_wm_max_recent_v2
BUD,LED,40362.0,776.1923,1,2019,2019,eu_trend_wm_max_recent_v2
SVQ,BRS,40361.0,776.1731,1,2019,2019,eu_trend_wm_max_recent_v2
HAV,LGW,40358.16,776.1184,4,2015,2018,eu_trend_wm_max_recent_v2
TSF,VLC,40357.26,776.1012,7,2015,2024,eu_trend_wm_max_recent_v2
EWR,GLA,40348.79,775.9383,5,2015,2019,eu_trend_wm_max_recent_v2
NCE,RNS,40337.0,775.7115,7,2015,2024,eu_trend_wm_max_recent_v2
PEK,BCN,40326.72,775.5138,5,2016,2024,eu_trend_wm_max_recent_v2
MOL,GDN,40320.6,775.3961,3,2015,2017,eu_trend_wm_max_recent_v2
VLC,TSF,40316.61,775.3195,7,2015,2024,eu_trend_wm_max_recent_v2
MUC,PUJ,40314.23,775.2737,2,2015,2016,eu_trend_wm_max_recent_v2
VRA,CGN,40310.3,775.198,1,2017,2017,eu_trend_wm_max_recent_v2
BOD,TFS,40309.22,775.1774,2,2023,2024,eu_trend_wm_max_recent_v2
BRE,ZRH,40305.0,775.0962,2,2019,2024,eu_trend_wm_max_recent_v2
ALC,BOH,40302.76,775.053,7,2015,2024,eu_trend_wm_max_recent_v2
CPH,BEG,40300.91,775.0175,6,2016,2024,eu_trend_wm_max_recent_v2
ALC,OST,40284.0,774.6923,7,2015,2024,eu_trend_wm_max_recent_v2
IBZ,GLA,40277.76,774.5723,7,2015,2024,eu_trend_wm_max_recent_v2
IAS,CIA,40257.49,774.1825,5,2017,2024,eu_trend_wm_max_recent_v2
NAP,SOF,40252.49,774.0863,4,2016,2024,eu_trend_wm_max_recent_v2
HAJ,BCN,40248.0,774.0,7,2015,2024,eu_trend_wm_max_recent_v2
FRA,MSP,40242.53,773.8947,1,2024,2024,eu_trend_wm_max_recent_v2
ORD,MAN,40228.27,773.6206,3,2015,2017,eu_trend_wm_max_recent_v2
BEG,DUS,40187.28,772.8322,6,2016,2024,eu_trend_wm_max_recent_v2
BCN,LBA,40186.49,772.8171,5,2015,2019,eu_trend_wm_max_recent_v2
BCN,PEK,40172.0,772.5385,5,2016,2024,eu_trend_wm_max_recent_v2
AMS,GOA,40165.54,772.4142,6,2016,2024,eu_trend_wm_max_recent_v2
DTM,BUD,40154.34,772.1988,7,2015,2024,eu_trend_wm_max_recent_v2
BCN,GDN,40147.55,772.0683,6,2015,2024,eu_trend_wm_max_recent_v2
ABZ,LTN,40147.0,772.0577,5,2015,2019,eu_trend_wm_max_recent_v2
LGW,CAG,40141.99,771.9613,6,2016,2024,eu_trend_wm_max_recent_v2
MAN,TRF,40138.31,771.8906,5,2017,2024,eu_trend_wm_max_recent_v2
MUC,SVQ,40130.0,771.7307,6,2016,2024,eu_trend_wm_max_recent_v2
TLL,IST,40120.76,771.5531,3,2019,2024,eu_trend_wm_max_recent_v2
AGP,BOH,40104.36,771.2377,7,2015,2024,eu_trend_wm_max_recent_v2
GDN,BCN,40097.66,771.1089,6,2015,2024,eu_trend_wm_max_recent_v2
PVG,LGW,40089.0,770.9423,1,2019,2019,eu_trend_wm_max_recent_v2
TLS,DUB,40089.0,770.9423,7,2015,2024,eu_trend_wm_max_recent_v2
CTA,STR,40087.0,770.9038,7,2015,2024,eu_trend_wm_max_recent_v2
VIE,YUL,40085.0,770.8654,3,2019,2024,eu_trend_wm_max_recent_v2
BCN,HAJ,40081.0,770.7885,7,2015,2024,eu_trend_wm_max_recent_v2
SIN,BER,40080.11,770.7713,1,2023,2023,eu_trend_wm_max_recent_v2
CLJ,BLQ,40067.0,770.5192,7,2015,2024,eu_trend_wm_max_recent_v2
BCN,KTW,40066.0,770.5,7,2015,2024,eu_trend_wm_max_recent_v2
DUB,TLS,40066.0,770.5,7,2015,2024,eu_trend_wm_max_recent_v2
FRA,CFU,40064.4,770.4693,7,2015,2024,eu_trend_wm_max_recent_v2
ZRH,CAI,40042.36,770.0454,1,2024,2024,eu_trend_wm_max_recent_v2
OLB,ORY,40040.38,770.0074,7,2015,2024,eu_trend_wm_max_recent_v2
DUS,PEK,40033.01,769.8656,2,2015,2016,eu_trend_wm_max_recent_v2
LIS,LPA,40025.0,769.7115,2,2018,2019,eu_trend_wm_max_recent_v2
IBZ,VIE,40019.14,769.5988,5,2017,2024,eu_trend_wm_max_recent_v2
BRS,SVQ,40011.0,769.4423,1,2019,2019,eu_trend_wm_max_recent_v2
STN,BDS,40003.45,769.297,7,2015,2024,eu_trend_wm_max_recent_v2
CAI,ZRH,39999.79,769.2267,1,2024,2024,eu_trend_wm_max_recent_v2
BLQ,WAW,39992.54,769.0874,1,2024,2024,eu_trend_wm_max_recent_v2
ORY,ACE,39989.57,769.0303,2,2023,2024,eu_trend_wm_max_recent_v2
PIK,AGP,39984.0,768.9231,5,2015,2019,eu_trend_wm_max_recent_v2
GDN,MOL,39982.88,768.9015,3,2015,2017,eu_trend_wm_max_recent_v2
GOT,WAW,39967.4,768.6039,7,2015,2024,eu_trend_wm_max_recent_v2
AGP,CMN,39959.09,768.444,2,2023,2024,eu_trend_wm_max_recent_v2
PLQ,CPH,39956.46,768.3935,7,2015,2024,eu_trend_wm_max_recent_v2
DUS,LED,39951.0,768.2885,3,2017,2019,eu_trend_wm_max_recent_v2
SOF,NAP,39945.45,768.1817,4,2016,2024,eu_trend_wm_max_recent_v2
NUE,SKG,39945.23,768.1775,7,2015,2024,eu_trend_wm_max_recent_v2
CRL,VLC,39911.97,767.5379,7,2015,2024,eu_trend_wm_max_recent_v2
DOH,SOF,39901.42,767.335,7,2015,2024,eu_trend_wm_max_recent_v2
WAW,BLQ,39900.16,767.3108,1,2024,2024,eu_trend_wm_max_recent_v2
KEF,VIE,39890.72,767.1293,3,2019,2024,eu_trend_wm_max_recent_v2
LTN,ABZ,39884.0,767.0,5,2015,2019,eu_trend_wm_max_recent_v2
KRK,DUS,39876.0,766.8462,3,2017,2019,eu_trend_wm_max_recent_v2
PSA,BVA,39853.44,766.4123,7,2015,2024,eu_trend_wm_max_recent_v2
LHR,FNC,39852.84,766.4008,2,2023,2024,eu_trend_wm_max_recent_v2
TSF,BRU,39852.52,766.3947,4,2015,2018,eu_trend_wm_max_recent_v2
AUH,BUD,39846.38,766.2765,2,2023,2024,eu_trend_wm_max_recent_v2
BGY,FUE,39838.14,766.1181,7,2015,2024,eu_trend_wm_max_recent_v2
NAP,EWR,39835.29,766.0633,2,2023,2024,eu_trend_wm_max_recent_v2
GOA,LGW,39831.0,765.9808,5,2015,2019,eu_trend_wm_max_recent_v2
AMS,CFU,39824.0,765.8462,7,2015,2024,eu_trend_wm_max_recent_v2
BLQ,DUS,39822.35,765.8144,3,2016,2019,eu_trend_wm_max_recent_v2
OPO,CGN,39796.49,765.3171,6,2016,2024,eu_trend_wm_max_recent_v2
EWR,WAW,39778.94,764.9795,4,2018,2024,eu_trend_wm_max_recent_v2
AMS,OLB,39765.21,764.7155,7,2015,2024,eu_trend_wm_max_recent_v2
BVA,BEG,39760.68,764.6284,7,2015,2024,eu_trend_wm_max_recent_v2
GVA,FAO,39749.37,764.411,6,2016,2024,eu_trend_wm_max_recent_v2
VLC,CRL,39749.37,764.411,7,2015,2024,eu_trend_wm_max_recent_v2
KSC,VIE,39748.0,764.3845,7,2015,2024,eu_trend_wm_max_recent_v2
BLQ,CLJ,39747.0,764.3654,7,2015,2024,eu_trend_wm_max_recent_v2
VIE,LPA,39746.19,764.3497,1,2024,2024,eu_trend_wm_max_recent_v2
SKG,NUE,39742.91,764.2867,7,2015,2024,eu_trend_wm_max_recent_v2
AGP,PIK,39733.0,764.0962,5,2015,2019,eu_trend_wm_max_recent_v2
RMU,LTN,39727.0,763.9808,3,2019,2024,eu_trend_wm_max_recent_v2
AHO,PSA,39724.92,763.9408,7,2015,2024,eu_trend_wm_max_recent_v2
BCN,DBV,39723.0,763.9038,7,2015,2024,eu_trend_wm_max_recent_v2
MXP,HAV,39722.88,763.9015,4,2015,2018,eu_trend_wm_max_recent_v2
ORY,FNC,39707.0,763.5962,7,2015,2024,eu_trend_wm_max_recent_v2
CPH,LUX,39704.0,763.5385,7,2015,2024,eu_trend_wm_max_recent_v2
AMS,LJU,39701.66,763.4935,7,2015,2024,eu_trend_wm_max_recent_v2
FNC,ORY,39692.0,763.3077,7,2015,2024,eu_trend_wm_max_recent_v2
CTA,ZRH,39681.06,763.0973,6,2015,2023,eu_trend_wm_max_recent_v2
HGH,AMS,39664.64,762.7816,1,2015,2015,eu_trend_wm_max_recent_v2
LHR,SLC,39655.0,762.5962,2,2017,2019,eu_trend_wm_max_recent_v2
GOA,AMS,39635.0,762.2115,6,2016,2024,eu_trend_wm_max_recent_v2
PIK,ALC,39633.89,762.1902,7,2015,2024,eu_trend_wm_max_recent_v2
CGN,OPO,39628.35,762.0836,6,2016,2024,eu_trend_wm_max_recent_v2
PSA,AHO,39606.6,761.6654,7,2015,2024,eu_trend_wm_max_recent_v2
CRL,CMN,39603.0,761.5962,5,2015,2019,eu_trend_wm_max_recent_v2
CUN,ZRH,39602.0,761.5769,1,2019,2019,eu_trend_wm_max_recent_v2
CPH,BVA,39594.02,761.4235,1,2024,2024,eu_trend_wm_max_recent_v2
SBZ,FMM,39590.0,761.3462,5,2017,2024,eu_trend_wm_max_recent_v2
FUE,BGY,39564.0,760.8462,7,2015,2024,eu_trend_wm_max_recent_v2
LBA,BCN,39560.17,760.7725,5,2015,2019,eu_trend_wm_max_recent_v2
OTP,HER,39545.2,760.4847,2,2023,2024,eu_trend_wm_max_recent_v2
ORY,KEF,39544.38,760.4688,5,2016,2024,eu_trend_wm_max_recent_v2
BRS,CFU,39535.97,760.307,7,2015,2024,eu_trend_wm_max_recent_v2
ALC,PIK,39524.88,760.0938,7,2015,2024,eu_trend_wm_max_recent_v2
DUB,HKG,39512.0,759.8462,1,2019,2019,eu_trend_wm_max_recent_v2
GDN,AGP,39490.7,759.4365,2,2023,2024,eu_trend_wm_max_recent_v2
PVK,AMS,39480.53,759.241,7,2015,2024,eu_trend_wm_max_recent_v2
PRG,GVA,39475.92,759.1522,2,2023,2024,eu_trend_wm_max_recent_v2
PFO,VIE,39462.06,758.8857,2,2023,2024,eu_trend_wm_max_recent_v2
BGY,RIX,39462.0,758.8846,7,2015,2024,eu_trend_wm_max_recent_v2
BER,RHO,39453.74,758.7258,4,2015,2024,eu_trend_wm_max_recent_v2
STR,LEJ,39431.92,758.3062,5,2015,2019,eu_trend_wm_max_recent_v2
OVD,ALC,39420.12,758.0793,7,2015,2024,eu_trend_wm_max_recent_v2
WAW,MIA,39407.55,757.8375,2,2023,2024,eu_trend_wm_max_recent_v2
OSL,KTW,39397.39,757.6421,2,2023,2024,eu_trend_wm_max_recent_v2
NAP,STR,39393.42,757.5658,7,2015,2024,eu_trend_wm_max_recent_v2
MUC,BLR,39389.33,757.4871,1,2024,2024,eu_trend_wm_max_recent_v2
LUX,BGY,39384.45,757.3934,5,2017,2024,eu_trend_wm_max_recent_v2
SOF,CGN,39383.53,757.3756,6,2016,2024,eu_trend_wm_max_recent_v2
SPU,BER,39382.61,757.3578,7,2015,2024,eu_trend_wm_max_recent_v2
BCN,EMA,39368.75,757.0913,7,2015,2024,eu_trend_wm_max_recent_v2
STN,LCA,39358.0,756.8846,6,2016,2024,eu_trend_wm_max_recent_v2
TLS,MRS,39354.0,756.8077,5,2015,2019,eu_trend_wm_max_recent_v2
BER,SIN,39331.8,756.3807,1,2023,2023,eu_trend_wm_max_recent_v2
AMS,PVK,39330.87,756.3629,7,2015,2024,eu_trend_wm_max_recent_v2
STR,CTA,39328.0,756.3077,7,2015,2024,eu_trend_wm_max_recent_v2
ALC,KRK,39315.17,756.0609,7,2015,2024,eu_trend_wm_max_recent_v2
CGN,VRA,39305.27,755.8706,1,2017,2017,eu_trend_wm_max_recent_v2
VIE,PFO,39295.77,755.6878,2,2023,2024,eu_trend_wm_max_recent_v2
PTP,YUL,39276.36,755.3147,7,2015,2024,eu_trend_wm_max_recent_v2
VRA,DUS,39264.0,755.0769,1,2019,2019,eu_trend_wm_max_recent_v2
VIE,MIA,39261.57,755.0303,2,2016,2017,eu_trend_wm_max_recent_v2
ALC,OVD,39246.22,754.735,7,2015,2024,eu_trend_wm_max_recent_v2
TFS,BOD,39241.26,754.6396,2,2023,2024,eu_trend_wm_max_recent_v2
ZRH,BRE,39227.0,754.3654,2,2019,2024,eu_trend_wm_max_recent_v2
CFU,BRS,39224.63,754.3198,7,2015,2024,eu_trend_wm_max_recent_v2
SVQ,FRA,39222.04,754.27,7,2015,2024,eu_trend_wm_max_recent_v2
RIX,BGY,39207.0,753.9808,7,2015,2024,eu_trend_wm_max_recent_v2
KTW,OSL,39205.23,753.9467,2,2023,2024,eu_trend_wm_max_recent_v2
BEG,MXP,39199.69,753.8401,5,2017,2024,eu_trend_wm_max_recent_v2
LPA,LIS,39198.0,753.8077,2,2018,2019,eu_trend_wm_max_recent_v2
PSR,CRL,39193.22,753.7157,7,2015,2024,eu_trend_wm_max_recent_v2
PVG,BRU,39190.07,753.6551,1,2024,2024,eu_trend_wm_max_recent_v2
HEL,DBV,39187.35,753.6029,7,2015,2024,eu_trend_wm_max_recent_v2
ZRH,CUN,39183.0,753.5192,1,2019,2019,eu_trend_wm_max_recent_v2
OPO,YYZ,39171.95,753.3068,4,2015,2024,eu_trend_wm_max_recent_v2
DBV,BCN,39167.0,753.2115,7,2015,2024,eu_trend_wm_max_recent_v2
BRU,STR,39151.68,752.9169,4,2015,2018,eu_trend_wm_max_recent_v2
BHX,ORK,39126.74,752.4373,7,2015,2024,eu_trend_wm_max_recent_v2
LCA,AUH,39091.34,751.7566,2,2015,2024,eu_trend_wm_max_recent_v2
LPA,VIE,39081.38,751.565,1,2024,2024,eu_trend_wm_max_recent_v2
JED,VIE,39065.73,751.264,1,2023,2023,eu_trend_wm_max_recent_v2
BEG,BSL,39048.17,750.9264,7,2015,2024,eu_trend_wm_max_recent_v2
PEK,MAN,39045.6,750.8769,3,2017,2019,eu_trend_wm_max_recent_v2
AGP,GDN,39037.09,750.7132,2,2023,2024,eu_trend_wm_max_recent_v2
TRF,MAN,39036.16,750.6955,5,2017,2024,eu_trend_wm_max_recent_v2
GOT,OSL,39031.42,750.6043,5,2015,2019,eu_trend_wm_max_recent_v2
KRK,ALC,39029.7,750.5711,7,2015,2024,eu_trend_wm_max_recent_v2
WAW,VCE,39019.54,750.3757,2,2023,2024,eu_trend_wm_max_recent_v2
VIE,KSC,38998.05,749.9625,7,2015,2024,eu_trend_wm_max_recent_v2
SJO,FRA,38993.0,749.8654,3,2019,2024,eu_trend_wm_max_recent_v2
OPO,CPH,38973.6,749.4922,1,2024,2024,eu_trend_wm_max_recent_v2
KTM,IST,38973.34,749.4874,2,2023,2024,eu_trend_wm_max_recent_v2
NTE,BIA,38973.34,749.4874,7,2015,2024,eu_trend_wm_max_recent_v2
MXP,LRM,38971.89,749.4594,1,2015,2015,eu_trend_wm_max_recent_v2
ORY,CTA,38971.79,749.4574,5,2015,2024,eu_trend_wm_max_recent_v2
CPH,HND,38959.11,749.2136,1,2024,2024,eu_trend_wm_max_recent_v2
LGW,PVG,38951.0,749.0577,1,2019,2019,eu_trend_wm_max_recent_v2
UBN,FRA,38941.9,748.8826,1,2024,2024,eu_trend_wm_max_recent_v2
ALC,VIE,38939.18,748.8304,1,2024,2024,eu_trend_wm_max_recent_v2
CLT,DUB,38939.16,748.83,3,2019,2024,eu_trend_wm_max_recent_v2
ALC,SVG,38926.5,748.5865,7,2015,2024,eu_trend_wm_max_recent_v2
CGN,SOF,38925.3,748.5635,6,2016,2024,eu_trend_wm_max_recent_v2
NRN,BGY,38923.44,748.5278,6,2015,2024,eu_trend_wm_max_recent_v2
ACE,LPL,38910.0,748.2692,7,2015,2024,eu_trend_wm_max_recent_v2
ATH,MRS,38884.84,747.7853,4,2016,2024,eu_trend_wm_max_recent_v2
CAG,CTA,38883.02,747.7505,5,2017,2024,eu_trend_wm_max_recent_v2
PRG,LYS,38874.0,747.5769,2,2016,2019,eu_trend_wm_max_recent_v2
GVA,IBZ,38862.48,747.3554,7,2015,2024,eu_trend_wm_max_recent_v2
STN,OVD,38852.7,747.1673,6,2015,2024,eu_trend_wm_max_recent_v2
CDG,VRN,38851.74,747.1488,1,2015,2015,eu_trend_wm_max_recent_v2
VLC,HHN,38847.5,747.0672,4,2015,2024,eu_trend_wm_max_recent_v2
BER,SPU,38845.85,747.0356,7,2015,2024,eu_trend_wm_max_recent_v2
LYS,PRG,38844.0,747.0,2,2016,2019,eu_trend_wm_max_recent_v2
FRA,TRS,38842.16,746.9646,3,2019,2024,eu_trend_wm_max_recent_v2
BUD,MMX,38816.0,746.4615,6,2015,2023,eu_trend_wm_max_recent_v2
CGN,BUD,38807.0,746.2885,4,2018,2024,eu_trend_wm_max_recent_v2
MAN,ORY,38804.28,746.2361,2,2023,2024,eu_trend_wm_max_recent_v2
SVQ,MUC,38778.41,745.7387,6,2016,2024,eu_trend_wm_max_recent_v2
CIA,SKG,38777.96,745.73,7,2015,2024,eu_trend_wm_max_recent_v2
RHO,GOT,38773.0,745.6346,7,2015,2024,eu_trend_wm_max_recent_v2
CLJ,DTM,38768.9,745.5558,7,2015,2024,eu_trend_wm_max_recent_v2
IST,TLL,38768.25,745.5433,3,2019,2024,eu_trend_wm_max_recent_v2
TPS,PSA,38759.93,745.3834,7,2015,2024,eu_trend_wm_max_recent_v2
VCE,WAW,38740.53,745.0103,2,2023,2024,eu_trend_wm_max_recent_v2
PVG,BCN,38735.0,744.9038,2,2018,2019,eu_trend_wm_max_recent_v2
CDG,EXT,38731.0,744.8269,5,2015,2019,eu_trend_wm_max_recent_v2
MRS,ATH,38719.09,744.5978,4,2016,2024,eu_trend_wm_max_recent_v2
LCA,BRS,38717.0,744.5577,6,2016,2024,eu_trend_wm_max_recent_v2
MXP,BEG,38698.04,744.193,5,2017,2024,eu_trend_wm_max_recent_v2
LCY,MAD,38693.77,744.1109,2,2015,2016,eu_trend_wm_max_recent_v2
RHO,BER,38679.56,743.8377,4,2015,2024,eu_trend_wm_max_recent_v2
SVO,LGW,38675.83,743.766,1,2017,2017,eu_trend_wm_max_recent_v2
BEG,JFK,38675.61,743.7618,6,2016,2024,eu_trend_wm_max_recent_v2
BRU,TSF,38667.51,743.6059,4,2015,2018,eu_trend_wm_max_recent_v2
ARN,TRD,38663.0,743.5192,7,2015,2024,eu_trend_wm_max_recent_v2
NTE,SVQ,38653.69,743.3402,5,2015,2024,eu_trend_wm_max_recent_v2
LYS,DUS,38653.65,743.3395,3,2015,2017,eu_trend_wm_max_recent_v2
SAN,MUC,38646.3,743.1981,2,2023,2024,eu_trend_wm_max_recent_v2
ACE,ORY,38642.61,743.127,2,2023,2024,eu_trend_wm_max_recent_v2
SVG,KRK,38631.52,742.9139,7,2015,2024,eu_trend_wm_max_recent_v2
BUD,PMI,38624.13,742.7717,2,2023,2024,eu_trend_wm_max_recent_v2
LGW,GDN,38622.0,742.7308,1,2019,2019,eu_trend_wm_max_recent_v2
HHN,VLC,38614.45,742.5855,4,2015,2024,eu_trend_wm_max_recent_v2
VCE,NCE,38612.21,742.5425,4,2015,2024,eu_trend_wm_max_recent_v2
BRU,PVG,38610.4,742.5077,1,2024,2024,eu_trend_wm_max_recent_v2
BIA,NTE,38601.03,742.3276,7,2015,2024,eu_trend_wm_max_recent_v2
CRL,PSR,38594.57,742.2032,7,2015,2024,eu_trend_wm_max_recent_v2
BSL,BEG,38586.25,742.0433,7,2015,2024,eu_trend_wm_max_recent_v2
LJU,BEG,38586.25,742.0433,7,2015,2024,eu_trend_wm_max_recent_v2
VIE,ALC,38582.32,741.9677,1,2024,2024,eu_trend_wm_max_recent_v2
LIS,DOH,38581.42,741.9503,1,2024,2024,eu_trend_wm_max_recent_v2
EWR,NAP,38575.17,741.8301,2,2023,2024,eu_trend_wm_max_recent_v2
TLL,STN,38566.2,741.6577,7,2015,2024,eu_trend_wm_max_recent_v2
CDG,SOU,38565.0,741.6346,4,2016,2019,eu_trend_wm_max_recent_v2
EDI,LDY,38565.0,741.6346,2,2018,2019,eu_trend_wm_max_recent_v2
DUS,LYS,38563.24,741.6007,3,2015,2017,eu_trend_wm_max_recent_v2
ATH,IAD,38560.38,741.5459,2,2023,2024,eu_trend_wm_max_recent_v2
MRS,RNS,38552.0,741.3846,7,2015,2024,eu_trend_wm_max_recent_v2
LDY,EDI,38541.0,741.1731,2,2018,2019,eu_trend_wm_max_recent_v2
BHX,LIS,38538.21,741.1195,2,2023,2024,eu_trend_wm_max_recent_v2
BEG,MLA,38525.26,740.8704,5,2017,2024,eu_trend_wm_max_recent_v2
CTA,CAG,38511.67,740.6091,5,2017,2024,eu_trend_wm_max_recent_v2
SOU,CDG,38500.0,740.3846,4,2016,2019,eu_trend_wm_max_recent_v2
SYY,GLA,38491.0,740.2115,5,2015,2019,eu_trend_wm_max_recent_v2
LPL,ACE,38478.0,739.9615,7,2015,2024,eu_trend_wm_max_recent_v2
OST,AGP,38463.0,739.6731,7,2015,2024,eu_trend_wm_max_recent_v2
LGW,GOA,38454.0,739.5,5,2015,2019,eu_trend_wm_max_recent_v2
LTN,CTA,38453.71,739.4944,5,2015,2024,eu_trend_wm_max_recent_v2
PXO,LIS,38451.9,739.4595,6,2016,2024,eu_trend_wm_max_recent_v2
BRS,LCA,38422.0,738.8846,6,2016,2024,eu_trend_wm_max_recent_v2
PMI,ORK,38414.76,738.7454,7,2015,2024,eu_trend_wm_max_recent_v2
STR,ATH,38402.0,738.5,3,2019,2024,eu_trend_wm_max_recent_v2
GOT,RHO,38375.0,737.9808,7,2015,2024,eu_trend_wm_max_recent_v2
LUX,AGP,38374.69,737.9748,7,2015,2024,eu_trend_wm_max_recent_v2
PEK,GVA,38369.47,737.8745,1,2024,2024,eu_trend_wm_max_recent_v2
MLA,BEG,38365.85,737.8048,5,2017,2024,eu_trend_wm_max_recent_v2
EIN,HER,38347.9,737.4596,7,2015,2024,eu_trend_wm_max_recent_v2
RHO,CDG,38339.32,737.2947,5,2015,2019,eu_trend_wm_max_recent_v2
BRI,KRK,38336.0,737.2308,3,2019,2024,eu_trend_wm_max_recent_v2
VRN,CDG,38321.35,736.949,1,2015,2015,eu_trend_wm_max_recent_v2
HND,CPH,38315.13,736.8294,1,2024,2024,eu_trend_wm_max_recent_v2
BCN,SFO,38310.0,736.7308,2,2019,2024,eu_trend_wm_max_recent_v2
FMM,SBZ,38310.0,736.7308,5,2017,2024,eu_trend_wm_max_recent_v2
IAS,FMM,38304.48,736.6246,2,2023,2024,eu_trend_wm_max_recent_v2
CTA,KRK,38281.62,736.185,3,2019,2024,eu_trend_wm_max_recent_v2
STR,NAP,38272.44,736.0085,7,2015,2024,eu_trend_wm_max_recent_v2
SVQ,NTE,38244.43,735.4698,5,2015,2024,eu_trend_wm_max_recent_v2
BVA,CPH,38242.67,735.436,1,2024,2024,eu_trend_wm_max_recent_v2
ICN,MXP,38242.58,735.4343,3,2019,2024,eu_trend_wm_max_recent_v2
POZ,DUB,38224.71,735.0906,7,2015,2024,eu_trend_wm_max_recent_v2
STN,HAJ,38216.34,734.9296,4,2015,2018,eu_trend_wm_max_recent_v2
LIS,PXO,38212.78,734.8612,6,2016,2024,eu_trend_wm_max_recent_v2
KEF,ORY,38212.26,734.8512,5,2016,2024,eu_trend_wm_max_recent_v2
SVO,LJU,38203.0,734.6731,5,2015,2019,eu_trend_wm_max_recent_v2
MAD,PMO,38195.57,734.5303,6,2015,2024,eu_trend_wm_max_recent_v2
RNS,MRS,38195.16,734.5224,7,2015,2024,eu_trend_wm_max_recent_v2
LYS,FAO,38192.0,734.4615,6,2016,2024,eu_trend_wm_max_recent_v2
FRA,UBN,38172.93,734.0948,1,2024,2024,eu_trend_wm_max_recent_v2
IST,SZG,38170.52,734.0485,3,2019,2024,eu_trend_wm_max_recent_v2
TSF,HHN,38170.2,734.0422,5,2015,2024,eu_trend_wm_max_recent_v2
FNC,STN,38169.31,734.0251,5,2017,2024,eu_trend_wm_max_recent_v2
BGY,LUX,38154.82,733.7465,5,2017,2024,eu_trend_wm_max_recent_v2
TRS,FRA,38148.35,733.6221,3,2019,2024,eu_trend_wm_max_recent_v2
FRA,XRY,38148.16,733.6184,7,2015,2024,eu_trend_wm_max_recent_v2
BRE,CDG,38136.9,733.402,5,2015,2019,eu_trend_wm_max_recent_v2
SVG,ALC,38136.7,733.3981,7,2015,2024,eu_trend_wm_max_recent_v2
AJA,BOD,38132.0,733.3077,7,2015,2024,eu_trend_wm_max_recent_v2
JFK,BEG,38131.0,733.2885,6,2016,2024,eu_trend_wm_max_recent_v2
STR,RHO,38127.64,733.2239,7,2015,2024,eu_trend_wm_max_recent_v2
DUB,POZ,38105.69,732.8017,7,2015,2024,eu_trend_wm_max_recent_v2
AGP,LUX,38097.54,732.645,7,2015,2024,eu_trend_wm_max_recent_v2
KTW,TFS,38090.15,732.5028,7,2015,2024,eu_trend_wm_max_recent_v2
FRA,SJO,38075.0,732.2115,3,2019,2024,eu_trend_wm_max_recent_v2
NCE,YUL,38061.53,731.9524,1,2024,2024,eu_trend_wm_max_recent_v2
ORK,PMI,38059.71,731.9176,7,2015,2024,eu_trend_wm_max_recent_v2
DEL,VIE,38056.0,731.8462,2,2015,2019,eu_trend_wm_max_recent_v2
HAJ,STN,38040.9,731.5558,4,2015,2018,eu_trend_wm_max_recent_v2
KRK,CTA,38039.79,731.5344,3,2019,2024,eu_trend_wm_max_recent_v2
NAP,EDI,38033.45,731.4125,2,2018,2024,eu_trend_wm_max_recent_v2
ATH,STR,38016.24,731.0815,3,2019,2024,eu_trend_wm_max_recent_v2
SFO,BCN,38006.0,730.8846,2,2019,2024,eu_trend_wm_max_recent_v2
FCO,TPE,38002.0,730.8077,1,2019,2019,eu_trend_wm_max_recent_v2
MAN,PEK,38001.12,730.7908,3,2017,2019,eu_trend_wm_max_recent_v2
RNS,TLS,37979.8,730.3808,7,2015,2024,eu_trend_wm_max_recent_v2
SJC,FRA,37970.44,730.2007,1,2017,2017,eu_trend_wm_max_recent_v2
LEJ,LPA,37969.12,730.1754,7,2015,2024,eu_trend_wm_max_recent_v2
CDG,RHO,37955.87,729.9206,5,2015,2019,eu_trend_wm_max_recent_v2
EXT,CDG,37929.0,729.4038,5,2015,2019,eu_trend_wm_max_recent_v2
LPA,LEJ,37912.77,729.0917,7,2015,2024,eu_trend_wm_max_recent_v2
EMA,BUD,37904.0,728.9231,5,2015,2019,eu_trend_wm_max_recent_v2
CMN,NTE,37894.29,728.7364,7,2015,2024,eu_trend_wm_max_recent_v2
GDN,LGW,37892.0,728.6923,1,2019,2019,eu_trend_wm_max_recent_v2
TLV,BSL,37873.22,728.3311,5,2015,2019,eu_trend_wm_max_recent_v2
KSC,STN,37863.8,728.1501,2,2023,2024,eu_trend_wm_max_recent_v2
MRS,TLS,37851.0,727.9038,5,2015,2019,eu_trend_wm_max_recent_v2
KRK,BRI,37832.0,727.5385,3,2019,2024,eu_trend_wm_max_recent_v2
STN,KSC,37830.55,727.5105,2,2023,2024,eu_trend_wm_max_recent_v2
IBZ,GVA,37829.62,727.4927,7,2015,2024,eu_trend_wm_max_recent_v2
ZAG,CRL,37813.92,727.1907,2,2023,2024,eu_trend_wm_max_recent_v2
SVO,VRN,37796.0,726.8462,2,2018,2019,eu_trend_wm_max_recent_v2
FRA,SVQ,37795.65,726.8394,7,2015,2024,eu_trend_wm_max_recent_v2
BUD,CGN,37791.0,726.75,4,2018,2024,eu_trend_wm_max_recent_v2
YVR,IST,37776.96,726.4801,2,2023,2024,eu_trend_wm_max_recent_v2
LCA,STN,37755.0,726.0577,6,2016,2024,eu_trend_wm_max_recent_v2
ZRH,EDI,37739.09,725.7516,1,2024,2024,eu_trend_wm_max_recent_v2
LJU,SVO,37738.0,725.7308,5,2015,2019,eu_trend_wm_max_recent_v2
AGP,OST,37728.0,725.5385,7,2015,2024,eu_trend_wm_max_recent_v2
LYS,AGP,37704.9,725.0943,2,2023,2024,eu_trend_wm_max_recent_v2
DUS,BEG,37702.13,725.041,6,2016,2024,eu_trend_wm_max_recent_v2
FMM,IAS,37698.44,724.9699,2,2023,2024,eu_trend_wm_max_recent_v2
ARN,SKG,37693.82,724.8811,2,2023,2024,eu_trend_wm_max_recent_v2
FAO,LYS,37668.44,724.3931,6,2016,2024,eu_trend_wm_max_recent_v2
STN,FNC,37653.04,724.0969,5,2017,2024,eu_trend_wm_max_recent_v2
RHO,STR,37652.14,724.0795,7,2015,2024,eu_trend_wm_max_recent_v2
BCN,PVG,37630.0,723.6538,2,2018,2019,eu_trend_wm_max_recent_v2
FRA,LRM,37626.38,723.5842,2,2023,2024,eu_trend_wm_max_recent_v2
HER,VNO,37598.7,723.0519,7,2015,2024,eu_trend_wm_max_recent_v2
EDI,NAP,37591.45,722.9125,2,2018,2024,eu_trend_wm_max_recent_v2
YUL,IST,37565.4,722.4116,2,2023,2024,eu_trend_wm_max_recent_v2
TLS,RNS,37563.64,722.3777,7,2015,2024,eu_trend_wm_max_recent_v2
BLQ,IAS,37560.78,722.3228,7,2015,2024,eu_trend_wm_max_recent_v2
BUD,EMA,37550.0,722.1154,5,2015,2019,eu_trend_wm_max_recent_v2
TER,OPO,37548.77,722.0918,5,2017,2024,eu_trend_wm_max_recent_v2
DUS,BLQ,37540.23,721.9276,3,2016,2019,eu_trend_wm_max_recent_v2
XRY,FRA,37536.58,721.8574,7,2015,2024,eu_trend_wm_max_recent_v2
FDF,CAY,37536.2,721.85,7,2015,2024,eu_trend_wm_max_recent_v2
LPA,LTN,37535.84,721.8431,2,2023,2024,eu_trend_wm_max_recent_v2
MUC,CFU,37530.3,721.7365,7,2015,2024,eu_trend_wm_max_recent_v2
MIA,WAW,37500.73,721.168,2,2023,2024,eu_trend_wm_max_recent_v2
YYZ,OPO,37492.0,721.0,4,2015,2024,eu_trend_wm_max_recent_v2
CTA,ORY,37491.82,720.9966,5,2015,2024,eu_trend_wm_max_recent_v2
TPE,FCO,37487.0,720.9038,1,2019,2019,eu_trend_wm_max_recent_v2
ATH,KVA,37460.52,720.3946,7,2015,2024,eu_trend_wm_max_recent_v2
HER,MXP,37458.0,720.3462,7,2015,2024,eu_trend_wm_max_recent_v2
AMS,VNO,37452.69,720.2441,7,2015,2024,eu_trend_wm_max_recent_v2
CLJ,IST,37450.85,720.2086,3,2019,2024,eu_trend_wm_max_recent_v2
JMK,FCO,37442.41,720.0464,7,2015,2024,eu_trend_wm_max_recent_v2
SKG,ARN,37439.76,719.9954,2,2023,2024,eu_trend_wm_max_recent_v2
CPH,KRS,37421.0,719.6346,6,2015,2023,eu_trend_wm_max_recent_v2
SIN,FCO,37411.56,719.4531,3,2018,2024,eu_trend_wm_max_recent_v2
SZG,IST,37389.87,719.036,3,2019,2024,eu_trend_wm_max_recent_v2
ALC,BUD,37377.86,718.805,2,2023,2024,eu_trend_wm_max_recent_v2
BGY,HEL,37376.01,718.7695,2,2023,2024,eu_trend_wm_max_recent_v2
GLA,SYY,37348.0,718.2308,5,2015,2019,eu_trend_wm_max_recent_v2
FAO,ARN,37343.08,718.1361,6,2016,2024,eu_trend_wm_max_recent_v2
KVA,ATH,37338.12,718.0408,7,2015,2024,eu_trend_wm_max_recent_v2
CRL,ZAG,37337.21,718.0233,2,2023,2024,eu_trend_wm_max_recent_v2
SOF,MAN,37326.0,717.8077,7,2015,2024,eu_trend_wm_max_recent_v2
SDR,CIA,37311.6,717.5308,5,2015,2019,eu_trend_wm_max_recent_v2
BUD,ALC,37305.8,717.4193,2,2023,2024,eu_trend_wm_max_recent_v2
AUH,LCA,37292.56,717.1646,2,2015,2024,eu_trend_wm_max_recent_v2
STN,TLL,37286.1,717.0404,7,2015,2024,eu_trend_wm_max_recent_v2
CIA,SDR,37264.68,716.6285,5,2015,2019,eu_trend_wm_max_recent_v2
BOD,FRA,37257.76,716.4954,4,2018,2024,eu_trend_wm_max_recent_v2
LTN,LPA,37257.76,716.4954,2,2023,2024,eu_trend_wm_max_recent_v2
TFS,GOT,37233.06,716.0204,7,2015,2024,eu_trend_wm_max_recent_v2
PFO,BUD,37227.35,715.9105,4,2018,2024,eu_trend_wm_max_recent_v2
GDN,LBA,37225.54,715.8757,7,2015,2024,eu_trend_wm_max_recent_v2
PMI,BUD,37203.26,715.4472,2,2023,2024,eu_trend_wm_max_recent_v2
LIS,HHN,37191.18,715.215,4,2015,2018,eu_trend_wm_max_recent_v2
CFU,MUC,37183.85,715.0741,7,2015,2024,eu_trend_wm_max_recent_v2
NCL,BCN,37175.0,714.9038,5,2015,2019,eu_trend_wm_max_recent_v2
HER,EIN,37172.77,714.8609,7,2015,2024,eu_trend_wm_max_recent_v2
LRM,FRA,37170.92,714.8254,2,2023,2024,eu_trend_wm_max_recent_v2
OSL,GOT,37159.9,714.6134,5,2015,2019,eu_trend_wm_max_recent_v2
EIN,MAN,37155.54,714.5296,6,2015,2023,eu_trend_wm_max_recent_v2
SCQ,BIO,37153.98,714.4997,7,2015,2024,eu_trend_wm_max_recent_v2
MAN,SOF,37136.0,714.1538,7,2015,2024,eu_trend_wm_max_recent_v2
ZTH,BHX,37124.73,713.9371,7,2015,2024,eu_trend_wm_max_recent_v2
ARN,FAO,37113.0,713.7115,6,2016,2024,eu_trend_wm_max_recent_v2
BOD,AJA,37101.0,713.4808,7,2015,2024,eu_trend_wm_max_recent_v2
TGD,WAW,37085.93,713.1909,4,2018,2024,eu_trend_wm_max_recent_v2
AGP,YUL,37079.71,713.0714,1,2024,2024,eu_trend_wm_max_recent_v2
BGO,CDG,37073.37,712.9495,4,2018,2024,eu_trend_wm_max_recent_v2
BHX,ZTH,37058.21,712.6579,7,2015,2024,eu_trend_wm_max_recent_v2
VRN,SVO,37055.0,712.5962,2,2018,2019,eu_trend_wm_max_recent_v2
PSA,FRA,37054.35,712.5837,4,2018,2024,eu_trend_wm_max_recent_v2
IAS,DUB,37051.74,712.5336,2,2023,2024,eu_trend_wm_max_recent_v2
VNO,HER,37030.8,712.1308,7,2015,2024,eu_trend_wm_max_recent_v2
BUD,PFO,37027.18,712.0612,4,2018,2024,eu_trend_wm_max_recent_v2
LPL,ORK,37026.0,712.0385,7,2015,2024,eu_trend_wm_max_recent_v2
KLU,CGN,37013.27,711.7937,5,2015,2019,eu_trend_wm_max_recent_v2
MXP,HER,37001.0,711.5577,7,2015,2024,eu_trend_wm_max_recent_v2
WMI,LPL,36995.4,711.45,7,2015,2024,eu_trend_wm_max_recent_v2
OPO,HHN,36977.9,711.1134,5,2015,2024,eu_trend_wm_max_recent_v2
BOD,AGP,36973.22,711.0234,4,2018,2024,eu_trend_wm_max_recent_v2
NTE,CMN,36973.22,711.0234,7,2015,2024,eu_trend_wm_max_recent_v2
VRN,AMS,36969.52,710.9524,7,2015,2024,eu_trend_wm_max_recent_v2
TFS,KTW,36939.96,710.3838,7,2015,2024,eu_trend_wm_max_recent_v2
CPH,PLQ,36938.28,710.3515,7,2015,2024,eu_trend_wm_max_recent_v2
HEL,BGY,36931.64,710.2239,2,2023,2024,eu_trend_wm_max_recent_v2
LEI,MAN,36930.0,710.1923,7,2015,2024,eu_trend_wm_max_recent_v2
YUL,NCE,36913.96,709.8839,1,2024,2024,eu_trend_wm_max_recent_v2
BEG,EIN,36897.66,709.5704,7,2015,2024,eu_trend_wm_max_recent_v2
LIS,BHX,36896.54,709.5488,2,2023,2024,eu_trend_wm_max_recent_v2
PMO,MAD,36894.94,709.5182,6,2015,2024,eu_trend_wm_max_recent_v2
RZE,MUC,36884.0,709.3077,4,2018,2024,eu_trend_wm_max_recent_v2
BLQ,DUB,36861.0,708.8654,5,2015,2019,eu_trend_wm_max_recent_v2
BSL,CTA,36840.6,708.4731,6,2016,2024,eu_trend_wm_max_recent_v2
BER,TLS,36837.0,708.4038,4,2016,2019,eu_trend_wm_max_recent_v2
HHN,LIS,36817.68,708.0322,4,2015,2018,eu_trend_wm_max_recent_v2
BCN,NCL,36817.0,708.0192,5,2015,2019,eu_trend_wm_max_recent_v2
MXP,VNO,36802.56,707.7415,4,2018,2024,eu_trend_wm_max_recent_v2
KTW,ZTH,36785.35,707.4106,7,2015,2024,eu_trend_wm_max_recent_v2
AGP,LYS,36784.75,707.3991,2,2023,2024,eu_trend_wm_max_recent_v2
BER,ALC,36778.11,707.2713,1,2024,2024,eu_trend_wm_max_recent_v2
HHN,TSF,36763.57,706.9918,5,2015,2024,eu_trend_wm_max_recent_v2
WAW,ZAG,36755.46,706.8358,6,2016,2024,eu_trend_wm_max_recent_v2
GOT,DOH,36743.0,706.5962,1,2019,2019,eu_trend_wm_max_recent_v2
MRS,VIE,36739.48,706.5286,2,2023,2024,eu_trend_wm_max_recent_v2
ZTH,KTW,36733.94,706.422,7,2015,2024,eu_trend_wm_max_recent_v2
GRU,OPO,36722.86,706.2088,3,2015,2024,eu_trend_wm_max_recent_v2
SKG,BEG,36713.88,706.0362,7,2015,2024,eu_trend_wm_max_recent_v2
BSL,TLV,36711.43,705.989,5,2015,2019,eu_trend_wm_max_recent_v2
FRA,YHZ,36704.74,705.8604,1,2024,2024,eu_trend_wm_max_recent_v2
GOT,TFS,36699.6,705.7615,7,2015,2024,eu_trend_wm_max_recent_v2
VLC,CGN,36692.97,705.634,6,2016,2024,eu_trend_wm_max_recent_v2
CTA,BSL,36691.16,705.5991,6,2016,2024,eu_trend_wm_max_recent_v2
MAN,LEI,36678.0,705.3462,7,2015,2024,eu_trend_wm_max_recent_v2
ORK,LPL,36676.14,705.3104,7,2015,2024,eu_trend_wm_max_recent_v2
IST,CLJ,36663.73,705.0717,3,2019,2024,eu_trend_wm_max_recent_v2
LGW,TRD,36648.99,704.7882,7,2015,2024,eu_trend_wm_max_recent_v2
KRK,BER,36645.87,704.7282,3,2018,2024,eu_trend_wm_max_recent_v2
MUC,RZE,36641.0,704.6346,4,2018,2024,eu_trend_wm_max_recent_v2
PUF,LYS,36636.65,704.5509,7,2015,2024,eu_trend_wm_max_recent_v2
LPL,WMI,36630.24,704.4277,7,2015,2024,eu_trend_wm_max_recent_v2
CAI,BER,36627.7,704.3788,3,2015,2024,eu_trend_wm_max_recent_v2
OSL,RHO,36618.04,704.1931,7,2015,2024,eu_trend_wm_max_recent_v2
CDG,BRE,36616.88,704.1707,5,2015,2019,eu_trend_wm_max_recent_v2
BEG,LJU,36613.84,704.1123,7,2015,2024,eu_trend_wm_max_recent_v2
WMI,BRS,36610.86,704.055,6,2015,2023,eu_trend_wm_max_recent_v2
BER,KRK,36609.64,704.0315,3,2018,2024,eu_trend_wm_max_recent_v2
EDI,ZRH,36593.34,703.718,1,2024,2024,eu_trend_wm_max_recent_v2
BSL,OLB,36576.89,703.4017,7,2015,2024,eu_trend_wm_max_recent_v2
LCY,WAW,36571.0,703.2885,1,2019,2019,eu_trend_wm_max_recent_v2
LPA,PMI,36544.55,702.7799,2,2023,2024,eu_trend_wm_max_recent_v2
JED,ATH,36544.43,702.7774,1,2024,2024,eu_trend_wm_max_recent_v2
WAW,TGD,36543.63,702.7621,4,2018,2024,eu_trend_wm_max_recent_v2
DUB,BLQ,36532.0,702.5385,5,2015,2019,eu_trend_wm_max_recent_v2
CAN,FRA,36514.54,702.2026,1,2024,2024,eu_trend_wm_max_recent_v2
LCY,MXP,36513.0,702.1731,1,2019,2019,eu_trend_wm_max_recent_v2
BMA,SDL,36506.6,702.0499,5,2015,2019,eu_trend_wm_max_recent_v2
NRN,GRO,36484.5,701.6251,7,2015,2024,eu_trend_wm_max_recent_v2
BLL,MUC,36481.73,701.5718,2,2023,2024,eu_trend_wm_max_recent_v2
FRA,PSA,36461.1,701.175,4,2018,2024,eu_trend_wm_max_recent_v2
MAD,LCY,36458.86,701.132,2,2015,2016,eu_trend_wm_max_recent_v2
ORY,HAV,36458.0,701.1154,2,2018,2019,eu_trend_wm_max_recent_v2
DUS,VRA,36456.0,701.0769,1,2019,2019,eu_trend_wm_max_recent_v2
AGP,BOD,36453.09,701.021,4,2018,2024,eu_trend_wm_max_recent_v2
LBA,GDN,36452.04,701.0008,7,2015,2024,eu_trend_wm_max_recent_v2
VCE,EWR,36446.61,700.8963,4,2015,2024,eu_trend_wm_max_recent_v2
MAN,EIN,36445.62,700.8773,6,2015,2023,eu_trend_wm_max_recent_v2
CMN,CRL,36434.0,700.6538,5,2015,2019,eu_trend_wm_max_recent_v2
LYS,PUF,36427.53,700.5293,7,2015,2024,eu_trend_wm_max_recent_v2
HHN,OPO,36403.6,700.0692,5,2015,2024,eu_trend_wm_max_recent_v2
SPU,STR,36402.28,700.0439,7,2015,2024,eu_trend_wm_max_recent_v2
FUE,LTN,36400.43,700.0083,6,2015,2024,eu_trend_wm_max_recent_v2
ORY,CUN,36397.7,699.9557,1,2024,2024,eu_trend_wm_max_recent_v2
ZAG,CPH,36397.0,699.9423,7,2015,2024,eu_trend_wm_max_recent_v2
BEG,DTM,36395.0,699.9038,7,2015,2024,eu_trend_wm_max_recent_v2
STN,CTA,36370.53,699.4332,1,2024,2024,eu_trend_wm_max_recent_v2
YUL,AGP,36365.09,699.3287,1,2024,2024,eu_trend_wm_max_recent_v2
IAS,BLQ,36353.32,699.1023,7,2015,2024,eu_trend_wm_max_recent_v2
OLB,BSL,36345.93,698.9601,7,2015,2024,eu_trend_wm_max_recent_v2
EDI,BVA,36330.22,698.6581,2,2023,2024,eu_trend_wm_max_recent_v2
GVA,PEK,36324.33,698.5449,1,2024,2024,eu_trend_wm_max_recent_v2
MRS,ALC,36323.75,698.5337,2,2023,2024,eu_trend_wm_max_recent_v2
EIN,BEG,36313.47,698.3359,7,2015,2024,eu_trend_wm_max_recent_v2
BRS,WMI,36299.76,698.0723,6,2015,2023,eu_trend_wm_max_recent_v2
CPH,ATL,36292.63,697.9353,1,2024,2024,eu_trend_wm_max_recent_v2
CIA,IBZ,36290.13,697.8871,2,2015,2016,eu_trend_wm_max_recent_v2
ALC,BER,36278.14,697.6566,1,2024,2024,eu_trend_wm_max_recent_v2
CPH,OPO,36269.08,697.4824,1,2024,2024,eu_trend_wm_max_recent_v2
FUE,SVQ,36260.03,697.3082,3,2019,2024,eu_trend_wm_max_recent_v2
SKG,HAM,36252.84,697.17,7,2015,2024,eu_trend_wm_max_recent_v2
TLV,VRN,36213.06,696.405,7,2015,2024,eu_trend_wm_max_recent_v2
ORY,FUE,36209.2,696.3307,3,2015,2024,eu_trend_wm_max_recent_v2
PMI,LPA,36205.5,696.2597,2,2023,2024,eu_trend_wm_max_recent_v2
BLQ,WMI,36204.0,696.2308,7,2015,2024,eu_trend_wm_max_recent_v2
ZAG,DUB,36190.72,695.9754,3,2019,2024,eu_trend_wm_max_recent_v2
CDG,CWL,36185.0,695.8654,5,2015,2019,eu_trend_wm_max_recent_v2
VIE,MRS,36183.33,695.8333,2,2023,2024,eu_trend_wm_max_recent_v2
OTP,EDI,36176.86,695.7089,1,2023,2023,eu_trend_wm_max_recent_v2
CGN,VLC,36175.79,695.6884,6,2016,2024,eu_trend_wm_max_recent_v2
WMI,BLQ,36170.0,695.5769,7,2015,2024,eu_trend_wm_max_recent_v2
FCO,JMK,36165.14,695.4835,7,2015,2024,eu_trend_wm_max_recent_v2
FRA,SKP,36160.23,695.3891,2,2023,2024,eu_trend_wm_max_recent_v2
NCL,KRK,36158.39,695.3536,3,2015,2023,eu_trend_wm_max_recent_v2
OTP,BEG,36157.98,695.3458,5,2015,2024,eu_trend_wm_max_recent_v2
OLB,DUS,36157.46,695.3358,7,2015,2024,eu_trend_wm_max_recent_v2
DBV,FCO,36155.0,695.2885,7,2015,2024,eu_trend_wm_max_recent_v2
VNO,MXP,36149.53,695.1832,4,2018,2024,eu_trend_wm_max_recent_v2
OPO,TER,36143.6,695.0693,5,2017,2024,eu_trend_wm_max_recent_v2
BIO,OPO,36137.14,694.945,3,2019,2024,eu_trend_wm_max_recent_v2
DTM,BEG,36124.0,694.6923,7,2015,2024,eu_trend_wm_max_recent_v2
KEF,FCO,36108.5,694.3942,2,2023,2024,eu_trend_wm_max_recent_v2
ATH,JED,36107.86,694.382,1,2024,2024,eu_trend_wm_max_recent_v2
DOH,GOT,36090.0,694.0385,1,2019,2019,eu_trend_wm_max_recent_v2
CGN,KLU,36070.67,693.6667,5,2015,2019,eu_trend_wm_max_recent_v2
FSC,NTE,36063.23,693.5237,7,2015,2024,eu_trend_wm_max_recent_v2
SOF,MXP,36037.56,693.03,5,2015,2019,eu_trend_wm_max_recent_v2
MRS,VCE,36033.54,692.9527,2,2017,2018,eu_trend_wm_max_recent_v2
CTA,STN,36029.97,692.8841,1,2024,2024,eu_trend_wm_max_recent_v2
GRO,NRN,36022.58,692.7419,7,2015,2024,eu_trend_wm_max_recent_v2
OTP,HAM,36020.01,692.6925,1,2024,2024,eu_trend_wm_max_recent_v2
DTM,CLJ,36017.04,692.6353,7,2015,2024,eu_trend_wm_max_recent_v2
NOC,EMA,36002.94,692.3642,7,2015,2024,eu_trend_wm_max_recent_v2
WAW,CTA,35978.34,691.8912,3,2017,2024,eu_trend_wm_max_recent_v2
RHO,OSL,35973.89,691.8056,7,2015,2024,eu_trend_wm_max_recent_v2
FAO,CPH,35971.77,691.7648,5,2017,2024,eu_trend_wm_max_recent_v2
SPU,CGN,35969.28,691.7169,7,2015,2024,eu_trend_wm_max_recent_v2
DUB,ZAG,35967.15,691.676,3,2019,2024,eu_trend_wm_max_recent_v2
SVQ,FUE,35964.76,691.63,3,2019,2024,eu_trend_wm_max_recent_v2
STN,LUZ,35963.81,691.6117,5,2015,2019,eu_trend_wm_max_recent_v2
SCL,BCN,35960.68,691.5516,2,2023,2024,eu_trend_wm_max_recent_v2
TLS,BER,35951.0,691.3654,4,2016,2019,eu_trend_wm_max_recent_v2
KEF,YEG,35948.65,691.3203,4,2015,2018,eu_trend_wm_max_recent_v2
HAM,ACE,35934.38,691.0457,7,2015,2024,eu_trend_wm_max_recent_v2
IAD,ATH,35933.89,691.0364,2,2023,2024,eu_trend_wm_max_recent_v2
EIN,SKP,35926.5,690.8942,7,2015,2024,eu_trend_wm_max_recent_v2
BUD,TFS,35909.87,690.5745,2,2023,2024,eu_trend_wm_max_recent_v2
CAY,FDF,35906.79,690.5152,7,2015,2024,eu_trend_wm_max_recent_v2
DUB,IAS,35894.17,690.2724,2,2023,2024,eu_trend_wm_max_recent_v2
KRK,NCL,35889.55,690.1836,3,2015,2023,eu_trend_wm_max_recent_v2
BLQ,TFS,35884.62,690.0888,6,2015,2024,eu_trend_wm_max_recent_v2
FAO,STR,35883.24,690.0624,7,2015,2024,eu_trend_wm_max_recent_v2
KRK,STR,35874.0,689.8846,3,2015,2019,eu_trend_wm_max_recent_v2
MSP,FRA,35856.98,689.5573,1,2024,2024,eu_trend_wm_max_recent_v2
KRK,ZRH,35844.28,689.3131,7,2015,2024,eu_trend_wm_max_recent_v2
ACE,HAM,35841.78,689.265,7,2015,2024,eu_trend_wm_max_recent_v2
AMS,VRN,35839.66,689.2242,7,2015,2024,eu_trend_wm_max_recent_v2
FRA,CAN,35836.15,689.1566,1,2024,2024,eu_trend_wm_max_recent_v2
KRK,DTM,35835.0,689.1346,7,2015,2024,eu_trend_wm_max_recent_v2
ORY,BRI,35822.11,688.8867,2,2023,2024,eu_trend_wm_max_recent_v2
KTW,FUE,35815.64,688.7623,7,2015,2024,eu_trend_wm_max_recent_v2
BCN,LIN,35803.61,688.5309,3,2015,2017,eu_trend_wm_max_recent_v2
SVQ,EDI,35793.0,688.3269,3,2019,2024,eu_trend_wm_max_recent_v2
SDR,CRL,35792.42,688.3158,7,2015,2024,eu_trend_wm_max_recent_v2
CDG,YQB,35787.0,688.2115,2,2023,2024,eu_trend_wm_max_recent_v2
DUS,GOT,35787.0,688.2115,7,2015,2024,eu_trend_wm_max_recent_v2
ALC,MRS,35764.83,687.7852,2,2023,2024,eu_trend_wm_max_recent_v2
CDG,SPU,35763.69,687.7632,7,2015,2024,eu_trend_wm_max_recent_v2
EMA,NOC,35756.1,687.6173,7,2015,2024,eu_trend_wm_max_recent_v2
CUN,ORY,35751.01,687.5194,1,2024,2024,eu_trend_wm_max_recent_v2
SVQ,BLQ,35747.27,687.4476,7,2015,2024,eu_trend_wm_max_recent_v2
LUZ,STN,35744.67,687.3975,5,2015,2019,eu_trend_wm_max_recent_v2
MMX,BUD,35744.0,687.3846,6,2015,2023,eu_trend_wm_max_recent_v2
AGP,OPO,35739.88,687.3055,2,2023,2024,eu_trend_wm_max_recent_v2
BLQ,SVQ,35731.57,687.1456,7,2015,2024,eu_trend_wm_max_recent_v2
SKP,EIN,35730.65,687.1278,7,2015,2024,eu_trend_wm_max_recent_v2
BVA,EDI,35724.18,687.0034,2,2023,2024,eu_trend_wm_max_recent_v2
TRF,CPH,35693.0,686.4038,6,2015,2024,eu_trend_wm_max_recent_v2
HAU,GDN,35665.95,685.8837,7,2015,2024,eu_trend_wm_max_recent_v2
WAW,ZTH,35653.04,685.6354,7,2015,2024,eu_trend_wm_max_recent_v2
EIN,NCE,35638.0,685.3462,7,2015,2024,eu_trend_wm_max_recent_v2
VCE,STR,35636.43,685.3159,1,2016,2016,eu_trend_wm_max_recent_v2
ZAG,WAW,35618.77,684.9763,6,2016,2024,eu_trend_wm_max_recent_v2
IAS,DTM,35578.92,684.21,4,2018,2024,eu_trend_wm_max_recent_v2
LTN,FUE,35573.59,684.1075,6,2015,2024,eu_trend_wm_max_recent_v2
VRN,TLV,35570.46,684.0473,7,2015,2024,eu_trend_wm_max_recent_v2
EWR,VCE,35568.95,684.0184,4,2015,2024,eu_trend_wm_max_recent_v2
FCO,KEF,35538.49,683.4324,2,2023,2024,eu_trend_wm_max_recent_v2
BRI,ORY,35536.64,683.3969,2,2023,2024,eu_trend_wm_max_recent_v2
MAN,SPU,35532.78,683.3227,7,2015,2024,eu_trend_wm_max_recent_v2
EDI,SVQ,35530.0,683.2692,3,2019,2024,eu_trend_wm_max_recent_v2
BGY,HHN,35522.18,683.1188,4,2015,2024,eu_trend_wm_max_recent_v2
PFO,NCL,35512.62,682.935,7,2015,2024,eu_trend_wm_max_recent_v2
SKG,MAN,35499.49,682.6825,6,2016,2024,eu_trend_wm_max_recent_v2
SIN,BCN,35487.67,682.4553,2,2015,2023,eu_trend_wm_max_recent_v2
EDI,VIE,35485.63,682.4159,1,2024,2024,eu_trend_wm_max_recent_v2
WAW,FUE,35461.81,681.9578,7,2015,2024,eu_trend_wm_max_recent_v2
BER,IBZ,35429.47,681.336,2,2023,2024,eu_trend_wm_max_recent_v2
ATL,CPH,35418.6,681.127,1,2024,2024,eu_trend_wm_max_recent_v2
CRL,SDR,35418.0,681.1154,7,2015,2024,eu_trend_wm_max_recent_v2
STR,VCE,35407.2,680.9078,1,2016,2016,eu_trend_wm_max_recent_v2
ZTH,WAW,35403.6,680.8385,7,2015,2024,eu_trend_wm_max_recent_v2
SNN,EWR,35393.0,680.6346,7,2015,2024,eu_trend_wm_max_recent_v2
CWL,CDG,35389.0,680.5577,5,2015,2019,eu_trend_wm_max_recent_v2
PLQ,RIX,35385.09,680.4825,6,2016,2024,eu_trend_wm_max_recent_v2
YEG,KEF,35383.62,680.4543,4,2015,2018,eu_trend_wm_max_recent_v2
PEK,ATH,35383.28,680.4477,1,2024,2024,eu_trend_wm_max_recent_v2
HAM,OTP,35382.37,680.4303,1,2024,2024,eu_trend_wm_max_recent_v2
PSR,HHN,35381.76,680.4185,6,2015,2024,eu_trend_wm_max_recent_v2
YHZ,FRA,35379.66,680.378,1,2024,2024,eu_trend_wm_max_recent_v2
OPO,ALC,35375.89,680.3056,2,2023,2024,eu_trend_wm_max_recent_v2
SPU,CDG,35371.51,680.2213,7,2015,2024,eu_trend_wm_max_recent_v2
FAO,MAD,35352.79,679.8614,2,2023,2024,eu_trend_wm_max_recent_v2
SPU,MAN,35348.63,679.7814,7,2015,2024,eu_trend_wm_max_recent_v2
FUE,KTW,35348.17,679.7726,7,2015,2024,eu_trend_wm_max_recent_v2
MAN,SKG,35328.86,679.4012,6,2016,2024,eu_trend_wm_max_recent_v2
SPU,DUB,35301.98,678.8843,4,2018,2024,eu_trend_wm_max_recent_v2
ORD,MXP,35301.06,678.8665,2,2023,2024,eu_trend_wm_max_recent_v2
TLV,RIX,35285.0,678.5577,4,2016,2019,eu_trend_wm_max_recent_v2
PMI,RTM,35276.84,678.4008,7,2015,2024,eu_trend_wm_max_recent_v2
AGP,RIX,35272.42,678.3157,2,2023,2024,eu_trend_wm_max_recent_v2
MRS,SVQ,35267.8,678.2269,7,2015,2024,eu_trend_wm_max_recent_v2
CLJ,DUB,35266.88,678.2091,6,2016,2024,eu_trend_wm_max_recent_v2
BER,SKP,35264.1,678.1558,6,2016,2024,eu_trend_wm_max_recent_v2
CGN,SPU,35258.0,678.0385,7,2015,2024,eu_trend_wm_max_recent_v2
SCQ,DUB,35249.32,677.8716,7,2015,2024,eu_trend_wm_max_recent_v2
NCE,EIN,35244.0,677.7692,7,2015,2024,eu_trend_wm_max_recent_v2
SVQ,BER,35226.0,677.4231,3,2017,2019,eu_trend_wm_max_recent_v2
AGP,TRF,35210.26,677.1203,7,2015,2024,eu_trend_wm_max_recent_v2
OLB,GVA,35204.0,677.0,7,2015,2024,eu_trend_wm_max_recent_v2
RTM,PMI,35198.81,676.9002,7,2015,2024,eu_trend_wm_max_recent_v2
GLA,FUE,35198.53,676.8948,7,2015,2024,eu_trend_wm_max_recent_v2
STR,SPU,35193.08,676.7899,7,2015,2024,eu_trend_wm_max_recent_v2
ALC,FKB,35192.97,676.7878,7,2015,2024,eu_trend_wm_max_recent_v2
BER,SVQ,35189.0,676.7115,3,2017,2019,eu_trend_wm_max_recent_v2
MRS,PMO,35187.42,676.6812,7,2015,2024,eu_trend_wm_max_recent_v2
NCL,PFO,35182.81,676.5924,7,2015,2024,eu_trend_wm_max_recent_v2
EMA,RHO,35169.0,676.3269,7,2015,2024,eu_trend_wm_max_recent_v2
CPH,FAO,35156.94,676.095,5,2017,2024,eu_trend_wm_max_recent_v2
FUE,WAW,35144.0,675.8462,7,2015,2024,eu_trend_wm_max_recent_v2
FCO,SCV,35140.31,675.7752,2,2023,2024,eu_trend_wm_max_recent_v2
VXO,BMA,35139.0,675.7499,7,2015,2024,eu_trend_wm_max_recent_v2
MUC,FNC,35131.99,675.6153,7,2015,2024,eu_trend_wm_max_recent_v2
ORY,MAN,35125.53,675.4909,2,2023,2024,eu_trend_wm_max_recent_v2
ALC,OPO,35121.83,675.4198,2,2023,2024,eu_trend_wm_max_recent_v2
CFU,MXP,35120.91,675.4021,7,2015,2024,eu_trend_wm_max_recent_v2
HAM,SKG,35118.6,675.3577,7,2015,2024,eu_trend_wm_max_recent_v2
STR,FAO,35116.09,675.3094,7,2015,2024,eu_trend_wm_max_recent_v2
NCE,PHL,35105.22,675.1004,1,2024,2024,eu_trend_wm_max_recent_v2
OPO,BIO,35104.28,675.0823,3,2019,2024,eu_trend_wm_max_recent_v2
CDG,BGO,35087.11,674.752,4,2018,2024,eu_trend_wm_max_recent_v2
OPO,GRU,35084.39,674.6998,3,2015,2024,eu_trend_wm_max_recent_v2
FCO,DBV,35077.0,674.5577,7,2015,2024,eu_trend_wm_max_recent_v2
KGS,ZRH,35076.24,674.543,7,2015,2024,eu_trend_wm_max_recent_v2
SKP,LTN,35070.66,674.4358,7,2015,2024,eu_trend_wm_max_recent_v2
PKX,IST,35069.9,674.4211,1,2024,2024,eu_trend_wm_max_recent_v2
BLL,ARN,35068.0,674.3846,7,2015,2024,eu_trend_wm_max_recent_v2
MXP,SOF,35052.76,674.0916,5,2015,2019,eu_trend_wm_max_recent_v2
CTA,WAW,35037.29,673.7941,3,2017,2024,eu_trend_wm_max_recent_v2
FNC,MUC,35034.07,673.732,7,2015,2024,eu_trend_wm_max_recent_v2
GRO,AMS,35030.88,673.6708,7,2015,2024,eu_trend_wm_max_recent_v2
DTM,IAS,35030.04,673.6547,4,2018,2024,eu_trend_wm_max_recent_v2
RHO,EMA,35030.0,673.6538,7,2015,2024,eu_trend_wm_max_recent_v2
BDS,CIA,35026.42,673.585,1,2015,2015,eu_trend_wm_max_recent_v2
CFU,LTN,35016.46,673.3934,7,2015,2024,eu_trend_wm_max_recent_v2
BRI,PMO,35008.2,673.2346,7,2015,2024,eu_trend_wm_max_recent_v2
BSL,TFS,35003.0,673.1346,7,2015,2024,eu_trend_wm_max_recent_v2
NTE,FSC,35000.81,673.0925,7,2015,2024,eu_trend_wm_max_recent_v2
DOH,LIS,35000.16,673.0799,1,2024,2024,eu_trend_wm_max_recent_v2
BER,CAI,34992.49,672.9326,3,2015,2024,eu_trend_wm_max_recent_v2
STR,KRK,34992.0,672.9231,3,2015,2019,eu_trend_wm_max_recent_v2
PMI,PIK,34985.0,672.7885,5,2015,2019,eu_trend_wm_max_recent_v2
CPH,ZAG,34982.04,672.7316,7,2015,2024,eu_trend_wm_max_recent_v2
DTM,KRK,34977.0,672.6346,7,2015,2024,eu_trend_wm_max_recent_v2
ATH,PEK,34976.61,672.6271,1,2024,2024,eu_trend_wm_max_recent_v2
PMO,BRI,34974.02,672.5772,7,2015,2024,eu_trend_wm_max_recent_v2
RIX,AGP,34974.02,672.5772,2,2023,2024,eu_trend_wm_max_recent_v2
MXP,ORD,34972.17,672.5417,2,2023,2024,eu_trend_wm_max_recent_v2
LBA,JER,34950.65,672.1279,1,2015,2015,eu_trend_wm_max_recent_v2
EDI,OTP,34949.07,672.0975,1,2023,2023,eu_trend_wm_max_recent_v2
CGN,ZAG,34948.26,672.0819,7,2015,2024,eu_trend_wm_max_recent_v2
LJU,BRU,34939.21,671.9079,7,2015,2024,eu_trend_wm_max_recent_v2
MMX,BEG,34938.71,671.8983,7,2015,2024,eu_trend_wm_max_recent_v2
BTS,SOF,34929.9,671.7288,5,2017,2024,eu_trend_wm_max_recent_v2
BUD,GOT,34917.66,671.4935,6,2015,2023,eu_trend_wm_max_recent_v2
MAN,JTR,34916.74,671.4757,7,2015,2024,eu_trend_wm_max_recent_v2
ARN,BLL,34902.0,671.1923,7,2015,2024,eu_trend_wm_max_recent_v2
FKB,ALC,34898.26,671.1204,7,2015,2024,eu_trend_wm_max_recent_v2
JTR,MAN,34875.16,670.6762,7,2015,2024,eu_trend_wm_max_recent_v2
IAS,VIE,34871.47,670.6052,7,2015,2024,eu_trend_wm_max_recent_v2
SVQ,MRS,34870.55,670.5874,7,2015,2024,eu_trend_wm_max_recent_v2
CRL,LPA,34869.47,670.5667,5,2015,2019,eu_trend_wm_max_recent_v2
IST,PKX,34857.96,670.3453,1,2024,2024,eu_trend_wm_max_recent_v2
FUE,ORY,34856.69,670.3209,3,2015,2024,eu_trend_wm_max_recent_v2
VAR,DUS,34856.52,670.3177,6,2015,2023,eu_trend_wm_max_recent_v2
SDL,BMA,34849.24,670.1777,5,2015,2019,eu_trend_wm_max_recent_v2
PIK,PMI,34831.0,669.8269,5,2015,2019,eu_trend_wm_max_recent_v2
BER,FAO,34812.0,669.4615,3,2019,2024,eu_trend_wm_max_recent_v2
MUC,BLL,34804.03,669.3082,2,2023,2024,eu_trend_wm_max_recent_v2
LTN,CFU,34802.71,669.2828,7,2015,2024,eu_trend_wm_max_recent_v2
AMS,GRO,34798.32,669.1985,7,2015,2024,eu_trend_wm_max_recent_v2
SKP,BER,34796.64,669.1661,6,2016,2024,eu_trend_wm_max_recent_v2
RIX,PLQ,34795.46,669.1435,6,2016,2024,eu_trend_wm_max_recent_v2
PIT,KEF,34791.18,669.0612,2,2017,2018,eu_trend_wm_max_recent_v2
NAP,KRK,34769.0,668.6346,2,2018,2019,eu_trend_wm_max_recent_v2
BEG,MMX,34759.76,668.457,7,2015,2024,eu_trend_wm_max_recent_v2
ORY,SOU,34756.68,668.3978,2,2015,2016,eu_trend_wm_max_recent_v2
DUS,OLB,34754.7,668.3597,7,2015,2024,eu_trend_wm_max_recent_v2
IBZ,BER,34737.51,668.0291,2,2023,2024,eu_trend_wm_max_recent_v2
GDN,BOH,34736.52,668.01,2,2015,2016,eu_trend_wm_max_recent_v2
OPO,AGP,34734.74,667.9758,2,2023,2024,eu_trend_wm_max_recent_v2
BEG,WAW,34732.97,667.9416,6,2016,2024,eu_trend_wm_max_recent_v2
VCE,MRS,34707.54,667.4527,2,2017,2018,eu_trend_wm_max_recent_v2
BSL,SPU,34703.08,667.3668,7,2015,2024,eu_trend_wm_max_recent_v2
SOF,CPH,34701.0,667.3269,6,2016,2024,eu_trend_wm_max_recent_v2
FUE,GLA,34689.79,667.1113,7,2015,2024,eu_trend_wm_max_recent_v2
SKP,CGN,34664.53,666.6255,7,2015,2024,eu_trend_wm_max_recent_v2
RIX,TLV,34640.0,666.1538,4,2016,2019,eu_trend_wm_max_recent_v2
VIE,NUE,34632.06,666.0012,6,2015,2023,eu_trend_wm_max_recent_v2
BGY,KTW,34602.0,665.4231,7,2015,2024,eu_trend_wm_max_recent_v2
ZRH,KGS,34594.39,665.2767,7,2015,2024,eu_trend_wm_max_recent_v2
BOD,ZRH,34588.2,665.1577,4,2018,2024,eu_trend_wm_max_recent_v2
SZG,CGN,34578.4,664.9693,6,2015,2023,eu_trend_wm_max_recent_v2
BIO,SCQ,34566.31,664.7367,7,2015,2024,eu_trend_wm_max_recent_v2
ATH,CTA,34556.35,664.5451,1,2024,2024,eu_trend_wm_max_recent_v2
BRU,ACE,34553.76,664.4955,7,2015,2024,eu_trend_wm_max_recent_v2
HHN,PSR,34549.44,664.4123,6,2015,2024,eu_trend_wm_max_recent_v2
HHN,DUB,34544.4,664.3154,6,2015,2024,eu_trend_wm_max_recent_v2
KEF,PIT,34542.3,664.275,2,2017,2018,eu_trend_wm_max_recent_v2
NAP,JFK,34531.92,664.0753,2,2016,2017,eu_trend_wm_max_recent_v2
SKG,MJT,34529.59,664.0305,7,2015,2024,eu_trend_wm_max_recent_v2
MLA,BRS,34524.96,663.9415,6,2015,2024,eu_trend_wm_max_recent_v2
ZRH,ICN,34522.84,663.9007,1,2024,2024,eu_trend_wm_max_recent_v2
MJT,SKG,34522.16,663.8876,7,2015,2024,eu_trend_wm_max_recent_v2
GVA,OLB,34521.0,663.8654,7,2015,2024,eu_trend_wm_max_recent_v2
EMA,PFO,34502.79,663.5151,7,2015,2024,eu_trend_wm_max_recent_v2
BRS,MLA,34484.16,663.1569,6,2015,2024,eu_trend_wm_max_recent_v2
SCV,FCO,34476.06,663.0012,2,2023,2024,eu_trend_wm_max_recent_v2
SPU,BSL,34458.53,662.664,7,2015,2024,eu_trend_wm_max_recent_v2
PMO,VIE,34453.89,662.5748,2,2023,2024,eu_trend_wm_max_recent_v2
SEN,MLA,34452.0,662.5385,2,2018,2019,eu_trend_wm_max_recent_v2
ZAG,CGN,34448.4,662.4693,7,2015,2024,eu_trend_wm_max_recent_v2
CGN,SKP,34439.11,662.2906,7,2015,2024,eu_trend_wm_max_recent_v2
GDN,HAU,34425.25,662.0241,7,2015,2024,eu_trend_wm_max_recent_v2
NTE,TFS,34412.0,661.7692,7,2015,2024,eu_trend_wm_max_recent_v2
MLA,MXP,34394.77,661.4378,2,2023,2024,eu_trend_wm_max_recent_v2
CPH,TRF,34387.0,661.2885,6,2015,2024,eu_trend_wm_max_recent_v2
BRU,LJU,34373.59,661.0305,7,2015,2024,eu_trend_wm_max_recent_v2
MXP,NTE,34370.0,660.9615,7,2015,2024,eu_trend_wm_max_recent_v2
LEJ,FUE,34349.9,660.575,7,2015,2024,eu_trend_wm_max_recent_v2
TRD,ARN,34349.52,660.5677,7,2015,2024,eu_trend_wm_max_recent_v2
GOT,DUS,34349.0,660.5577,7,2015,2024,eu_trend_wm_max_recent_v2
PMO,MRS,34348.57,660.5495,7,2015,2024,eu_trend_wm_max_recent_v2
LIS,LCY,34346.0,660.5,2,2018,2019,eu_trend_wm_max_recent_v2
MXP,CFU,34343.03,660.4429,7,2015,2024,eu_trend_wm_max_recent_v2
TRF,AGP,34330.0,660.1923,7,2015,2024,eu_trend_wm_max_recent_v2
TLV,KTW,34324.77,660.0918,6,2015,2023,eu_trend_wm_max_recent_v2
BTS,BER,34307.19,659.7537,2,2016,2017,eu_trend_wm_max_recent_v2
SOF,BTS,34301.58,659.6458,5,2017,2024,eu_trend_wm_max_recent_v2
FRA,BOD,34287.6,659.3769,4,2018,2024,eu_trend_wm_max_recent_v2
DUB,HHN,34282.22,659.2735,6,2015,2024,eu_trend_wm_max_recent_v2
KRK,NAP,34281.0,659.25,2,2018,2019,eu_trend_wm_max_recent_v2
PFO,EMA,34267.65,658.9934,7,2015,2024,eu_trend_wm_max_recent_v2
SVQ,OPO,34262.66,658.8972,3,2019,2024,eu_trend_wm_max_recent_v2
YQB,CDG,34262.66,658.8972,2,2023,2024,eu_trend_wm_max_recent_v2
KTW,FNC,34237.71,658.4175,3,2017,2024,eu_trend_wm_max_recent_v2
INV,MAN,34234.36,658.3531,5,2015,2019,eu_trend_wm_max_recent_v2
STN,LDE,34230.32,658.2754,7,2015,2024,eu_trend_wm_max_recent_v2
LYS,ATH,34229.4,658.2576,4,2015,2024,eu_trend_wm_max_recent_v2
LPA,CRL,34225.0,658.173,5,2015,2019,eu_trend_wm_max_recent_v2
CPH,SOF,34218.0,658.0385,6,2016,2024,eu_trend_wm_max_recent_v2
LGW,LJU,34216.46,658.0089,5,2017,2024,eu_trend_wm_max_recent_v2
BCN,SCL,34200.76,657.7069,2,2023,2024,eu_trend_wm_max_recent_v2
OLB,TRN,34197.99,657.6536,7,2015,2024,eu_trend_wm_max_recent_v2
NYO,BCN,34197.43,657.6428,5,2015,2019,eu_trend_wm_max_recent_v2
AGP,SOF,34197.06,657.6358,3,2018,2024,eu_trend_wm_max_recent_v2
LJU,VIE,34195.31,657.602,5,2015,2019,eu_trend_wm_max_recent_v2
SOU,ORY,34180.45,657.3163,2,2015,2016,eu_trend_wm_max_recent_v2
LTN,SKP,34171.02,657.135,7,2015,2024,eu_trend_wm_max_recent_v2
VIE,EDI,34154.2,656.8116,1,2024,2024,eu_trend_wm_max_recent_v2
DUB,CLJ,34149.95,656.7297,6,2016,2024,eu_trend_wm_max_recent_v2
DXB,SOF,34140.71,656.5521,5,2016,2024,eu_trend_wm_max_recent_v2
LIL,GVA,34136.56,656.4724,7,2015,2024,eu_trend_wm_max_recent_v2
HHN,BGY,34115.71,656.0714,4,2015,2024,eu_trend_wm_max_recent_v2
NRN,EDI,34100.98,655.7881,7,2015,2024,eu_trend_wm_max_recent_v2
LJU,LGW,34083.43,655.4506,5,2017,2024,eu_trend_wm_max_recent_v2
CGN,SZG,34082.82,655.4388,6,2015,2023,eu_trend_wm_max_recent_v2
ACE,CGN,34076.04,655.3084,1,2023,2023,eu_trend_wm_max_recent_v2
TFS,BSL,34060.86,655.0165,7,2015,2024,eu_trend_wm_max_recent_v2
DUS,VAR,34055.41,654.9118,6,2015,2023,eu_trend_wm_max_recent_v2
MAN,INV,34046.05,654.7317,5,2015,2019,eu_trend_wm_max_recent_v2
BRI,CTA,34042.78,654.6688,7,2015,2024,eu_trend_wm_max_recent_v2
NTE,MXP,34038.0,654.5769,7,2015,2024,eu_trend_wm_max_recent_v2
CTA,ATH,34022.87,654.286,1,2024,2024,eu_trend_wm_max_recent_v2
CRL,MPL,34020.84,654.247,4,2015,2018,eu_trend_wm_max_recent_v2
LIN,BCN,34016.51,654.1637,3,2015,2017,eu_trend_wm_max_recent_v2
IST,SUF,34004.9,653.9404,2,2023,2024,eu_trend_wm_max_recent_v2
CGN,SKG,33993.54,653.7219,7,2015,2024,eu_trend_wm_max_recent_v2
VIE,PMO,33991.04,653.6739,2,2023,2024,eu_trend_wm_max_recent_v2
KTW,BGY,33983.0,653.5192,7,2015,2024,eu_trend_wm_max_recent_v2
ACE,BRU,33971.14,653.2912,7,2015,2024,eu_trend_wm_max_recent_v2
BOH,GDN,33968.21,653.2347,2,2015,2016,eu_trend_wm_max_recent_v2
BER,BTS,33956.58,653.0111,2,2016,2017,eu_trend_wm_max_recent_v2
MXP,MLA,33940.23,652.6968,2,2023,2024,eu_trend_wm_max_recent_v2
SPU,GOT,33917.0,652.25,6,2016,2024,eu_trend_wm_max_recent_v2
EDI,PFO,33916.0,652.2308,7,2015,2024,eu_trend_wm_max_recent_v2
ICN,ZRH,33915.09,652.2133,1,2024,2024,eu_trend_wm_max_recent_v2
CDG,SVG,33909.35,652.1029,1,2015,2015,eu_trend_wm_max_recent_v2
MUC,ACE,33893.35,651.7952,7,2015,2024,eu_trend_wm_max_recent_v2
BRU,HAJ,33872.3,651.3904,4,2015,2018,eu_trend_wm_max_recent_v2
EDI,NRN,33855.24,651.0623,7,2015,2024,eu_trend_wm_max_recent_v2
EIN,WMI,33850.62,650.9735,7,2015,2024,eu_trend_wm_max_recent_v2
BCN,SIN,33846.92,650.9024,2,2015,2023,eu_trend_wm_max_recent_v2
BOD,MXP,33834.0,650.6538,7,2015,2024,eu_trend_wm_max_recent_v2
FUE,LEJ,33823.84,650.4585,7,2015,2024,eu_trend_wm_max_recent_v2
KTW,ALC,33822.71,650.4366,1,2024,2024,eu_trend_wm_max_recent_v2
BHX,GRO,33817.0,650.3269,5,2017,2024,eu_trend_wm_max_recent_v2
LCA,HEL,33815.51,650.2983,2,2023,2024,eu_trend_wm_max_recent_v2
WAW,BEG,33808.21,650.158,6,2016,2024,eu_trend_wm_max_recent_v2
HEL,LCA,33796.11,649.9253,2,2023,2024,eu_trend_wm_max_recent_v2
KTW,PMI,33796.11,649.9253,7,2015,2024,eu_trend_wm_max_recent_v2
LYS,BER,33790.99,649.8266,2,2015,2016,eu_trend_wm_max_recent_v2
PFO,EDI,33773.46,649.4897,7,2015,2024,eu_trend_wm_max_recent_v2
BSL,DRS,33758.9,649.2096,5,2015,2019,eu_trend_wm_max_recent_v2
FAO,BER,33751.0,649.0577,3,2019,2024,eu_trend_wm_max_recent_v2
BER,LYS,33746.41,648.9695,2,2015,2016,eu_trend_wm_max_recent_v2
IBZ,CIA,33731.56,648.6838,2,2015,2016,eu_trend_wm_max_recent_v2
MPL,CRL,33725.34,648.5642,4,2015,2018,eu_trend_wm_max_recent_v2
BRS,ZTH,33723.13,648.5217,7,2015,2024,eu_trend_wm_max_recent_v2
NUE,VIE,33716.1,648.3865,6,2015,2023,eu_trend_wm_max_recent_v2
STN,ZTH,33713.12,648.3293,7,2015,2024,eu_trend_wm_max_recent_v2
WMI,EIN,33713.04,648.3277,7,2015,2024,eu_trend_wm_max_recent_v2
IST,KTM,33710.2,648.273,2,2023,2024,eu_trend_wm_max_recent_v2
OPO,SVQ,33696.34,648.0065,3,2019,2024,eu_trend_wm_max_recent_v2
BHX,KGS,33688.02,647.8466,7,2015,2024,eu_trend_wm_max_recent_v2
CDG,BIA,33681.68,647.7246,6,2015,2023,eu_trend_wm_max_recent_v2
TFS,BUD,33667.7,647.4557,2,2023,2024,eu_trend_wm_max_recent_v2
PSA,HHN,33666.3,647.4289,4,2015,2018,eu_trend_wm_max_recent_v2
BER,CFU,33666.01,647.4234,3,2015,2024,eu_trend_wm_max_recent_v2
CGN,ACE,33662.16,647.3491,1,2023,2023,eu_trend_wm_max_recent_v2
BMA,VXO,33661.48,647.3361,7,2015,2024,eu_trend_wm_max_recent_v2
HHN,PSA,33647.58,647.0688,4,2015,2018,eu_trend_wm_max_recent_v2
SOF,AGP,33638.14,646.8872,3,2018,2024,eu_trend_wm_max_recent_v2
KGS,BHX,33634.44,646.8162,7,2015,2024,eu_trend_wm_max_recent_v2
BEG,HAM,33615.96,646.4608,3,2017,2024,eu_trend_wm_max_recent_v2
HAM,FKB,33601.94,646.1912,3,2015,2017,eu_trend_wm_max_recent_v2
MXP,BOD,33599.0,646.1346,7,2015,2024,eu_trend_wm_max_recent_v2
CTA,BRI,33576.24,645.6969,7,2015,2024,eu_trend_wm_max_recent_v2
SUF,IST,33576.24,645.6969,2,2023,2024,eu_trend_wm_max_recent_v2
BGO,KSU,33558.0,645.3462,5,2015,2019,eu_trend_wm_max_recent_v2
GOT,SPU,33551.0,645.2115,6,2016,2024,eu_trend_wm_max_recent_v2
ORY,RHO,33530.97,644.8263,2,2023,2024,eu_trend_wm_max_recent_v2
EWR,SNN,33526.38,644.7381,7,2015,2024,eu_trend_wm_max_recent_v2
EIN,MAD,33517.53,644.5678,6,2015,2023,eu_trend_wm_max_recent_v2
CRL,DUB,33511.28,644.4478,6,2015,2023,eu_trend_wm_max_recent_v2
RIX,TRF,33510.0,644.4231,7,2015,2024,eu_trend_wm_max_recent_v2
MAD,FAO,33489.4,644.0269,2,2023,2024,eu_trend_wm_max_recent_v2
TRD,AES,33475.0,643.75,5,2015,2019,eu_trend_wm_max_recent_v2
BCN,NYO,33462.12,643.5023,5,2015,2019,eu_trend_wm_max_recent_v2
NAP,JTR,33452.26,643.3127,6,2016,2024,eu_trend_wm_max_recent_v2
ZTH,STN,33446.78,643.2073,7,2015,2024,eu_trend_wm_max_recent_v2
IST,DBV,33445.0,643.1731,3,2019,2024,eu_trend_wm_max_recent_v2
BER,LPL,33440.7,643.0904,5,2015,2019,eu_trend_wm_max_recent_v2
GVA,LIL,33433.36,642.9492,7,2015,2024,eu_trend_wm_max_recent_v2
ATH,LYS,33431.19,642.9076,4,2015,2024,eu_trend_wm_max_recent_v2
KGS,BRS,33412.72,642.5523,4,2018,2024,eu_trend_wm_max_recent_v2
TRN,OLB,33399.78,642.3035,7,2015,2024,eu_trend_wm_max_recent_v2
FCO,RIX,33398.86,642.2858,6,2015,2024,eu_trend_wm_max_recent_v2
DUB,SPU,33375.76,641.8416,4,2018,2024,eu_trend_wm_max_recent_v2
STR,LIN,33367.45,641.6817,2,2023,2024,eu_trend_wm_max_recent_v2
SKG,CGN,33364.2,641.6192,7,2015,2024,eu_trend_wm_max_recent_v2
ZTH,BRS,33363.0,641.5962,7,2015,2024,eu_trend_wm_max_recent_v2
FNC,PDL,33360.06,641.5396,7,2015,2024,eu_trend_wm_max_recent_v2
LUX,LGW,33322.38,640.815,5,2015,2019,eu_trend_wm_max_recent_v2
RHO,HAJ,33301.0,640.4038,7,2015,2024,eu_trend_wm_max_recent_v2
RTM,NCE,33295.61,640.3003,1,2015,2015,eu_trend_wm_max_recent_v2
RIX,MXP,33293.84,640.2662,7,2015,2024,eu_trend_wm_max_recent_v2
TFS,NTE,33293.0,640.25,7,2015,2024,eu_trend_wm_max_recent_v2
BVA,BHX,33291.95,640.2298,1,2024,2024,eu_trend_wm_max_recent_v2
FLR,LIS,33289.23,640.1775,4,2018,2024,eu_trend_wm_max_recent_v2
BRS,KGS,33284.3,640.0828,4,2018,2024,eu_trend_wm_max_recent_v2
EDI,GDN,33284.0,640.0769,7,2015,2024,eu_trend_wm_max_recent_v2
TSF,DUB,33275.0,639.9038,5,2015,2019,eu_trend_wm_max_recent_v2
NCE,RTM,33271.8,639.8423,1,2015,2015,eu_trend_wm_max_recent_v2
PSA,DOH,33267.0,639.75,4,2016,2019,eu_trend_wm_max_recent_v2
BIA,CDG,33263.56,639.6839,6,2015,2023,eu_trend_wm_max_recent_v2
LDE,STN,33263.05,639.6741,7,2015,2024,eu_trend_wm_max_recent_v2
MAH,BRS,33242.0,639.2692,7,2015,2024,eu_trend_wm_max_recent_v2
LPL,BER,33222.42,638.8927,5,2015,2019,eu_trend_wm_max_recent_v2
ACE,MUC,33219.49,638.8363,7,2015,2024,eu_trend_wm_max_recent_v2
TOS,LYR,33218.93,638.8256,5,2015,2019,eu_trend_wm_max_recent_v2
BHX,REU,33204.0,638.5385,7,2015,2024,eu_trend_wm_max_recent_v2
DUB,TSF,33195.0,638.3654,5,2015,2019,eu_trend_wm_max_recent_v2
ALC,KTW,33181.45,638.1048,1,2024,2024,eu_trend_wm_max_recent_v2
SMI,AMS,33159.0,637.6731,7,2015,2024,eu_trend_wm_max_recent_v2
VRN,MAD,33157.9,637.6519,3,2017,2024,eu_trend_wm_max_recent_v2
PMI,KTW,33148.5,637.4711,7,2015,2024,eu_trend_wm_max_recent_v2
TLV,MRS,33119.18,636.9072,4,2015,2018,eu_trend_wm_max_recent_v2
SOF,CTA,33105.08,636.6361,2,2023,2024,eu_trend_wm_max_recent_v2
LJU,LTN,33103.08,636.5977,6,2015,2023,eu_trend_wm_max_recent_v2
MRS,LYS,33093.99,636.4229,5,2015,2023,eu_trend_wm_max_recent_v2
LTN,PLQ,33093.0,636.4038,4,2016,2019,eu_trend_wm_max_recent_v2
VIE,LJU,33092.71,636.3983,5,2015,2019,eu_trend_wm_max_recent_v2
PLQ,LTN,33078.0,636.1154,4,2016,2019,eu_trend_wm_max_recent_v2
BRS,MAH,33074.0,636.0385,7,2015,2024,eu_trend_wm_max_recent_v2
BVA,FAO,33073.67,636.032,7,2015,2024,eu_trend_wm_max_recent_v2
NCL,FUE,33048.31,635.5443,7,2015,2024,eu_trend_wm_max_recent_v2
DFW,HEL,33026.55,635.126,2,2023,2024,eu_trend_wm_max_recent_v2
WAW,MMX,33026.09,635.1171,6,2015,2023,eu_trend_wm_max_recent_v2
DBV,CDG,33024.38,635.0842,7,2015,2024,eu_trend_wm_max_recent_v2
FKB,HAM,33015.26,634.9089,3,2015,2017,eu_trend_wm_max_recent_v2
FUE,NCL,33012.98,634.865,7,2015,2024,eu_trend_wm_max_recent_v2
MAD,EIN,33012.93,634.8641,6,2015,2023,eu_trend_wm_max_recent_v2
CPH,TOS,32995.77,634.5341,1,2024,2024,eu_trend_wm_max_recent_v2
WAW,MLA,32985.9,634.3442,6,2015,2024,eu_trend_wm_max_recent_v2
BHX,BVA,32984.9,634.3251,1,2024,2024,eu_trend_wm_max_recent_v2
CFU,BER,32980.38,634.238,3,2015,2024,eu_trend_wm_max_recent_v2
CTA,SOF,32980.36,634.2377,2,2023,2024,eu_trend_wm_max_recent_v2
EIN,REU,32971.5,634.0673,7,2015,2024,eu_trend_wm_max_recent_v2
GDN,EDI,32960.0,633.8462,7,2015,2024,eu_trend_wm_max_recent_v2
AMS,MPL,32959.54,633.8374,7,2015,2024,eu_trend_wm_max_recent_v2
VIE,IAS,32958.19,633.8113,7,2015,2024,eu_trend_wm_max_recent_v2
LTN,BZG,32945.96,633.5761,4,2018,2024,eu_trend_wm_max_recent_v2
PHL,NCE,32940.52,633.4716,1,2024,2024,eu_trend_wm_max_recent_v2
TFS,RTM,32924.93,633.1717,7,2015,2024,eu_trend_wm_max_recent_v2
RTM,LPA,32916.07,633.0013,5,2017,2024,eu_trend_wm_max_recent_v2
LPA,TRD,32912.0,632.9231,7,2015,2024,eu_trend_wm_max_recent_v2
DUB,SCQ,32910.15,632.8874,7,2015,2024,eu_trend_wm_max_recent_v2
JTR,NAP,32904.29,632.7749,6,2016,2024,eu_trend_wm_max_recent_v2
PDL,FNC,32902.75,632.7453,7,2015,2024,eu_trend_wm_max_recent_v2
RIX,HAM,32896.41,632.6232,7,2015,2024,eu_trend_wm_max_recent_v2
MAD,KRK,32890.92,632.5177,7,2015,2024,eu_trend_wm_max_recent_v2
REU,BHX,32885.0,632.4038,7,2015,2024,eu_trend_wm_max_recent_v2
LTN,LJU,32865.2,632.023,6,2015,2023,eu_trend_wm_max_recent_v2
HEL,WMI,32861.18,631.9458,2,2023,2024,eu_trend_wm_max_recent_v2
LGW,LUX,32859.99,631.923,5,2015,2019,eu_trend_wm_max_recent_v2
TOS,CPH,32856.29,631.8517,1,2024,2024,eu_trend_wm_max_recent_v2
EMA,CFU,32848.14,631.695,7,2015,2024,eu_trend_wm_max_recent_v2
STN,TRS,32838.9,631.5173,7,2015,2024,eu_trend_wm_max_recent_v2
FNC,KTW,32827.0,631.2885,3,2017,2024,eu_trend_wm_max_recent_v2
MRS,TLV,32813.93,631.0371,4,2015,2018,eu_trend_wm_max_recent_v2
CIA,BDS,32805.27,630.8706,1,2015,2015,eu_trend_wm_max_recent_v2
HAJ,RHO,32794.0,630.6538,7,2015,2024,eu_trend_wm_max_recent_v2
RHO,ORY,32789.12,630.56,2,2023,2024,eu_trend_wm_max_recent_v2
VLC,OVD,32786.35,630.5067,6,2016,2024,eu_trend_wm_max_recent_v2
GRO,BHX,32785.0,630.4808,5,2017,2024,eu_trend_wm_max_recent_v2
HAM,RIX,32783.0,630.4424,7,2015,2024,eu_trend_wm_max_recent_v2
JTR,MXP,32762.33,630.0448,7,2015,2024,eu_trend_wm_max_recent_v2
VIE,NYO,32717.0,629.1731,1,2019,2019,eu_trend_wm_max_recent_v2
CGN,PMO,32698.69,628.821,3,2019,2024,eu_trend_wm_max_recent_v2
PSA,CIY,32695.0,628.75,7,2015,2024,eu_trend_wm_max_recent_v2
BZG,LTN,32693.26,628.7165,4,2018,2024,eu_trend_wm_max_recent_v2
YUL,FDF,32685.65,628.5702,7,2015,2024,eu_trend_wm_max_recent_v2
MMX,WAW,32663.98,628.1535,6,2015,2023,eu_trend_wm_max_recent_v2
MAD,VRN,32636.2,627.6192,3,2017,2024,eu_trend_wm_max_recent_v2
KGS,BER,32632.99,627.5575,2,2023,2024,eu_trend_wm_max_recent_v2
PSA,BRS,32629.02,627.4812,7,2015,2024,eu_trend_wm_max_recent_v2
KRK,MAD,32622.66,627.3588,7,2015,2024,eu_trend_wm_max_recent_v2
GOT,BUD,32621.64,627.3392,6,2015,2023,eu_trend_wm_max_recent_v2
REU,EIN,32614.76,627.207,7,2015,2024,eu_trend_wm_max_recent_v2
TRD,LPA,32614.0,627.1923,7,2015,2024,eu_trend_wm_max_recent_v2
PMO,CGN,32613.56,627.1838,3,2019,2024,eu_trend_wm_max_recent_v2
DOH,PSA,32586.0,626.6538,4,2016,2019,eu_trend_wm_max_recent_v2
CFU,EMA,32579.14,626.5219,7,2015,2024,eu_trend_wm_max_recent_v2
NTE,FAO,32577.0,626.4808,5,2016,2024,eu_trend_wm_max_recent_v2
HAM,BEG,32573.7,626.4174,3,2017,2024,eu_trend_wm_max_recent_v2
TRS,STN,32563.5,626.2212,7,2015,2024,eu_trend_wm_max_recent_v2
TSF,PRG,32554.47,626.0474,6,2015,2024,eu_trend_wm_max_recent_v2
DUB,CRL,32552.04,626.0007,6,2015,2023,eu_trend_wm_max_recent_v2
TRS,NAP,32538.38,625.7381,7,2015,2024,eu_trend_wm_max_recent_v2
SOF,DXB,32536.91,625.7098,5,2016,2024,eu_trend_wm_max_recent_v2
PMO,LGW,32532.0,625.6154,7,2015,2024,eu_trend_wm_max_recent_v2
RNS,BCN,32519.66,625.378,5,2015,2019,eu_trend_wm_max_recent_v2
NAP,TRS,32519.36,625.3723,7,2015,2024,eu_trend_wm_max_recent_v2
FDF,YUL,32474.09,624.5017,7,2015,2024,eu_trend_wm_max_recent_v2
CIY,PSA,32469.0,624.4038,7,2015,2024,eu_trend_wm_max_recent_v2
FUE,SCQ,32465.92,624.3446,7,2015,2024,eu_trend_wm_max_recent_v2
GRO,BRS,32437.24,623.7932,7,2015,2024,eu_trend_wm_max_recent_v2
BER,KGS,32428.82,623.6312,2,2023,2024,eu_trend_wm_max_recent_v2
FAO,BVA,32428.79,623.6305,7,2015,2024,eu_trend_wm_max_recent_v2
NAP,BRS,32424.0,623.5385,3,2017,2019,eu_trend_wm_max_recent_v2
BRI,CIA,32402.61,623.1271,1,2015,2015,eu_trend_wm_max_recent_v2
PRG,TSF,32386.33,622.8139,6,2015,2024,eu_trend_wm_max_recent_v2
OVD,VLC,32371.54,622.5297,6,2016,2024,eu_trend_wm_max_recent_v2
MLA,WAW,32356.76,622.2454,6,2015,2024,eu_trend_wm_max_recent_v2
CTA,KTW,32323.5,621.6058,5,2017,2024,eu_trend_wm_max_recent_v2
RTM,LIS,32315.19,621.4459,4,2018,2024,eu_trend_wm_max_recent_v2
BTS,BRU,32303.17,621.2148,1,2016,2016,eu_trend_wm_max_recent_v2
CDG,DBV,32299.32,621.1408,7,2015,2024,eu_trend_wm_max_recent_v2
VNO,BRU,32282.0,620.8077,7,2015,2024,eu_trend_wm_max_recent_v2
RTM,VIE,32278.13,620.7332,5,2015,2019,eu_trend_wm_max_recent_v2
MLA,SEN,32253.0,620.25,2,2018,2019,eu_trend_wm_max_recent_v2
STR,BLQ,32253.0,620.25,1,2019,2019,eu_trend_wm_max_recent_v2
GLA,REU,32248.32,620.16,7,2015,2024,eu_trend_wm_max_recent_v2
CRL,SKP,32245.9,620.1135,7,2015,2024,eu_trend_wm_max_recent_v2
BRS,PSA,32231.59,619.8383,7,2015,2024,eu_trend_wm_max_recent_v2
TLL,BER,32228.0,619.7692,3,2019,2024,eu_trend_wm_max_recent_v2
DRS,BSL,32227.43,619.7583,5,2015,2019,eu_trend_wm_max_recent_v2
ZAG,BGY,32222.8,619.6693,2,2023,2024,eu_trend_wm_max_recent_v2
BRS,NAP,32208.0,619.3846,3,2017,2019,eu_trend_wm_max_recent_v2
RIX,FCO,32207.0,619.3654,6,2015,2024,eu_trend_wm_max_recent_v2
FAO,NTE,32190.58,619.0496,5,2016,2024,eu_trend_wm_max_recent_v2
LIS,FLR,32172.46,618.7012,4,2018,2024,eu_trend_wm_max_recent_v2
AGP,LCY,32164.0,618.5385,5,2015,2019,eu_trend_wm_max_recent_v2
BEG,OTP,32132.61,617.9348,5,2015,2024,eu_trend_wm_max_recent_v2
DBV,ORY,32115.0,617.5962,7,2015,2024,eu_trend_wm_max_recent_v2
LIN,STR,32081.46,616.9511,2,2023,2024,eu_trend_wm_max_recent_v2
BEG,ARN,32058.0,616.5,3,2019,2024,eu_trend_wm_max_recent_v2
FCO,GOT,32054.72,616.4369,1,2024,2024,eu_trend_wm_max_recent_v2
TRF,RIX,32048.2,616.3115,7,2015,2024,eu_trend_wm_max_recent_v2
LTN,RHO,32026.03,615.8851,2,2023,2024,eu_trend_wm_max_recent_v2
BLQ,STR,32020.0,615.7692,1,2019,2019,eu_trend_wm_max_recent_v2
BRU,BTS,32019.83,615.7659,1,2016,2016,eu_trend_wm_max_recent_v2
BRS,GRO,32015.1,615.6749,7,2015,2024,eu_trend_wm_max_recent_v2
BSL,BDS,32014.02,615.6541,7,2015,2024,eu_trend_wm_max_recent_v2
ORY,DBV,32006.0,615.5,7,2015,2024,eu_trend_wm_max_recent_v2
BLL,BCN,32002.01,615.4232,5,2016,2024,eu_trend_wm_max_recent_v2
BCN,PSA,31996.48,615.317,5,2015,2019,eu_trend_wm_max_recent_v2
CHQ,AMS,31978.77,614.9764,7,2015,2024,eu_trend_wm_max_recent_v2
ZAZ,BGY,31963.74,614.6873,7,2015,2024,eu_trend_wm_max_recent_v2
KTW,CTA,31959.51,614.6059,5,2017,2024,eu_trend_wm_max_recent_v2
TFS,NUE,31953.04,614.4816,7,2015,2024,eu_trend_wm_max_recent_v2
BRS,HER,31938.26,614.1973,7,2015,2024,eu_trend_wm_max_recent_v2
EMA,ZTH,31936.12,614.1561,7,2015,2024,eu_trend_wm_max_recent_v2
BGY,ZAG,31910.54,613.6643,2,2023,2024,eu_trend_wm_max_recent_v2
PMI,XRY,31910.54,613.6643,7,2015,2024,eu_trend_wm_max_recent_v2
BER,TLL,31899.46,613.4511,3,2019,2024,eu_trend_wm_max_recent_v2
SUF,VRN,31898.53,613.4334,4,2018,2024,eu_trend_wm_max_recent_v2
IOM,LCY,31897.11,613.406,5,2015,2019,eu_trend_wm_max_recent_v2
SCQ,FUE,31891.69,613.3017,7,2015,2024,eu_trend_wm_max_recent_v2
CTA,MAN,31889.3,613.2558,3,2016,2018,eu_trend_wm_max_recent_v2
KSC,PRG,31882.83,613.1313,7,2015,2024,eu_trend_wm_max_recent_v2
REU,BFS,31882.14,613.1181,7,2015,2024,eu_trend_wm_max_recent_v2
BGO,BOO,31874.0,612.9615,5,2015,2019,eu_trend_wm_max_recent_v2
CRV,BLQ,31864.35,612.776,3,2019,2024,eu_trend_wm_max_recent_v2
ZRH,BOD,31852.56,612.5492,4,2018,2024,eu_trend_wm_max_recent_v2
LYR,TOS,31848.72,612.4755,5,2015,2019,eu_trend_wm_max_recent_v2
ZTH,EMA,31847.68,612.4555,7,2015,2024,eu_trend_wm_max_recent_v2
ZRH,FUE,31842.99,612.3652,7,2015,2024,eu_trend_wm_max_recent_v2
MPL,AMS,31834.63,612.2044,7,2015,2024,eu_trend_wm_max_recent_v2
FUE,ZRH,31830.0,612.1154,7,2015,2024,eu_trend_wm_max_recent_v2
AAL,AGP,31813.79,611.8037,7,2015,2024,eu_trend_wm_max_recent_v2
RHO,ZRH,31811.69,611.7633,7,2015,2024,eu_trend_wm_max_recent_v2
LCY,IOM,31791.36,611.3723,5,2015,2019,eu_trend_wm_max_recent_v2
MXP,RIX,31782.14,611.195,7,2015,2024,eu_trend_wm_max_recent_v2
MPL,CMN,31777.0,611.0962,7,2015,2024,eu_trend_wm_max_recent_v2
BFS,REU,31773.0,611.0192,7,2015,2024,eu_trend_wm_max_recent_v2
TLS,BSL,31757.17,610.7148,7,2015,2024,eu_trend_wm_max_recent_v2
LGW,PMO,31756.65,610.7048,7,2015,2024,eu_trend_wm_max_recent_v2
CIA,CLJ,31746.65,610.5126,7,2015,2024,eu_trend_wm_max_recent_v2
BCN,RNS,31741.38,610.4112,5,2015,2019,eu_trend_wm_max_recent_v2
BHD,CWL,31737.0,610.3269,5,2015,2019,eu_trend_wm_max_recent_v2
LHR,TPE,31719.59,609.9922,1,2015,2015,eu_trend_wm_max_recent_v2
NYO,VIE,31703.0,609.6731,1,2019,2019,eu_trend_wm_max_recent_v2
SKP,FRA,31701.76,609.6491,2,2023,2024,eu_trend_wm_max_recent_v2
GOT,FCO,31701.48,609.6439,1,2024,2024,eu_trend_wm_max_recent_v2
RHO,LTN,31699.91,609.6136,2,2023,2024,eu_trend_wm_max_recent_v2
AMS,SMI,31698.06,609.5781,7,2015,2024,eu_trend_wm_max_recent_v2
EMA,MLA,31691.0,609.4423,5,2015,2019,eu_trend_wm_max_recent_v2
CIA,PMO,31679.54,609.222,1,2015,2015,eu_trend_wm_max_recent_v2
TFS,BLQ,31666.45,608.9701,6,2015,2024,eu_trend_wm_max_recent_v2
VRN,SUF,31657.41,608.7964,4,2018,2024,eu_trend_wm_max_recent_v2
MAN,BIO,31651.05,608.674,7,2015,2024,eu_trend_wm_max_recent_v2
BOJ,KRK,31650.76,608.6685,4,2018,2024,eu_trend_wm_max_recent_v2
BSL,PRG,31646.89,608.594,6,2016,2024,eu_trend_wm_max_recent_v2
SVG,CDG,31642.74,608.5142,1,2015,2015,eu_trend_wm_max_recent_v2
BSL,TLS,31641.42,608.4888,7,2015,2024,eu_trend_wm_max_recent_v2
REU,GLA,31626.12,608.1946,7,2015,2024,eu_trend_wm_max_recent_v2
PRG,BVA,31621.78,608.1111,3,2019,2024,eu_trend_wm_max_recent_v2
PRG,KSC,31618.61,608.0502,7,2015,2024,eu_trend_wm_max_recent_v2
BCN,BLL,31563.18,606.9842,5,2016,2024,eu_trend_wm_max_recent_v2
BUD,LCY,31561.0,606.9423,1,2019,2019,eu_trend_wm_max_recent_v2
HER,BRS,31557.64,606.8776,7,2015,2024,eu_trend_wm_max_recent_v2
OSL,PLQ,31550.23,606.7351,6,2016,2024,eu_trend_wm_max_recent_v2
BLQ,CRV,31532.69,606.3979,3,2019,2024,eu_trend_wm_max_recent_v2
MLA,EMA,31517.0,606.0962,5,2015,2019,eu_trend_wm_max_recent_v2
BCN,IAS,31514.22,606.0426,6,2016,2024,eu_trend_wm_max_recent_v2
LCY,LIS,31514.0,606.0385,2,2018,2019,eu_trend_wm_max_recent_v2
BIO,MAN,31499.15,605.7529,7,2015,2024,eu_trend_wm_max_recent_v2
CLJ,CIA,31498.78,605.7457,7,2015,2024,eu_trend_wm_max_recent_v2
BTS,CRL,31492.0,605.6154,7,2015,2024,eu_trend_wm_max_recent_v2
ACE,CDG,31486.0,605.5,7,2015,2024,eu_trend_wm_max_recent_v2
LHR,NOC,31480.96,605.403,2,2023,2024,eu_trend_wm_max_recent_v2
ARN,BEG,31467.0,605.1346,3,2019,2024,eu_trend_wm_max_recent_v2
MRS,MLA,31448.62,604.7812,7,2015,2024,eu_trend_wm_max_recent_v2
SKP,HAM,31446.97,604.7495,6,2016,2024,eu_trend_wm_max_recent_v2
OLB,BER,31443.35,604.6798,7,2015,2024,eu_trend_wm_max_recent_v2
VIE,RTM,31441.41,604.6424,5,2015,2019,eu_trend_wm_max_recent_v2
TFS,VLC,31436.4,604.5462,6,2015,2023,eu_trend_wm_max_recent_v2
BLL,RHO,31423.2,604.2923,7,2015,2024,eu_trend_wm_max_recent_v2
SDR,FCO,31411.67,604.0705,2,2023,2024,eu_trend_wm_max_recent_v2
MXP,JTR,31409.82,604.035,7,2015,2024,eu_trend_wm_max_recent_v2
IAS,BCN,31380.26,603.4665,6,2016,2024,eu_trend_wm_max_recent_v2
MLA,MRS,31373.79,603.3421,7,2015,2024,eu_trend_wm_max_recent_v2
AGP,AAL,31368.18,603.2341,7,2015,2024,eu_trend_wm_max_recent_v2
BGY,ZAZ,31345.0,602.7885,7,2015,2024,eu_trend_wm_max_recent_v2
LIS,RTM,31315.59,602.2229,4,2018,2024,eu_trend_wm_max_recent_v2
TRS,BRI,31293.42,601.7965,7,2015,2024,eu_trend_wm_max_recent_v2
VLC,TFS,31275.24,601.4469,6,2015,2023,eu_trend_wm_max_recent_v2
BVA,PRG,31270.36,601.353,3,2019,2024,eu_trend_wm_max_recent_v2
SZG,AMS,31257.39,601.1036,7,2015,2024,eu_trend_wm_max_recent_v2
MAN,CTA,31250.49,600.9711,3,2016,2018,eu_trend_wm_max_recent_v2
LYS,MRS,31237.99,600.7305,5,2015,2023,eu_trend_wm_max_recent_v2
WMI,HEL,31235.21,600.6772,2,2023,2024,eu_trend_wm_max_recent_v2
GOT,PRG,31214.04,600.27,3,2018,2023,eu_trend_wm_max_recent_v2
BRS,CGN,31211.0,600.2115,2,2018,2019,eu_trend_wm_max_recent_v2
KRK,BOJ,31208.77,600.1686,4,2018,2024,eu_trend_wm_max_recent_v2
RHO,BLL,31204.72,600.0907,7,2015,2024,eu_trend_wm_max_recent_v2
AGP,ACE,31201.03,600.0198,2,2023,2024,eu_trend_wm_max_recent_v2
KRK,LCA,31162.23,599.2737,2,2023,2024,eu_trend_wm_max_recent_v2
BRU,BRS,31143.27,598.9091,4,2015,2018,eu_trend_wm_max_recent_v2
BDS,BSL,31142.83,598.9006,7,2015,2024,eu_trend_wm_max_recent_v2
LRH,STN,31138.13,598.8102,7,2015,2024,eu_trend_wm_max_recent_v2
VCE,BOD,31132.0,598.6923,6,2016,2024,eu_trend_wm_max_recent_v2
OTP,GVA,31128.58,598.6266,1,2015,2015,eu_trend_wm_max_recent_v2
TIV,LED,31105.92,598.1908,4,2016,2019,eu_trend_wm_max_recent_v2
LYS,SVQ,31092.0,597.9231,3,2015,2019,eu_trend_wm_max_recent_v2
LED,TIV,31087.0,597.8269,4,2016,2019,eu_trend_wm_max_recent_v2
TLS,SVQ,31079.25,597.6778,7,2015,2024,eu_trend_wm_max_recent_v2
RIX,DUS,31071.69,597.5326,3,2019,2024,eu_trend_wm_max_recent_v2
BER,OLB,31068.38,597.4688,7,2015,2024,eu_trend_wm_max_recent_v2
BRI,PRG,31062.0,597.3462,7,2015,2024,eu_trend_wm_max_recent_v2
XRY,PMI,31050.44,597.1239,7,2015,2024,eu_trend_wm_max_recent_v2
PRG,FNC,31049.52,597.1062,2,2023,2024,eu_trend_wm_max_recent_v2
CWL,BHD,31040.0,596.9231,5,2015,2019,eu_trend_wm_max_recent_v2
KTW,KGS,31036.59,596.8574,7,2015,2024,eu_trend_wm_max_recent_v2
KRK,BLL,31030.12,596.7331,3,2019,2024,eu_trend_wm_max_recent_v2
SKP,CRL,31008.87,596.3245,7,2015,2024,eu_trend_wm_max_recent_v2
GOT,RIX,30998.71,596.129,2,2023,2024,eu_trend_wm_max_recent_v2
EXT,AMS,30981.0,595.7885,5,2015,2019,eu_trend_wm_max_recent_v2
VNO,HHN,30968.55,595.549,7,2015,2024,eu_trend_wm_max_recent_v2
MAH,LTN,30960.06,595.3858,7,2015,2024,eu_trend_wm_max_recent_v2
PRG,BSL,30933.17,594.8687,6,2016,2024,eu_trend_wm_max_recent_v2
BLL,MAN,30920.0,594.6154,7,2015,2024,eu_trend_wm_max_recent_v2
RIX,GOT,30911.87,594.459,2,2023,2024,eu_trend_wm_max_recent_v2
BUD,WMI,30905.4,594.3346,2,2023,2024,eu_trend_wm_max_recent_v2
ZRH,RHO,30891.54,594.0681,7,2015,2024,eu_trend_wm_max_recent_v2
NUE,TFS,30889.7,594.0326,7,2015,2024,eu_trend_wm_max_recent_v2
WRO,BCN,30885.08,593.9438,2,2023,2024,eu_trend_wm_max_recent_v2
LCA,MXP,30882.7,593.8981,1,2024,2024,eu_trend_wm_max_recent_v2
NRN,PMO,30879.62,593.8389,5,2015,2019,eu_trend_wm_max_recent_v2
PMO,NRN,30879.62,593.8389,5,2015,2019,eu_trend_wm_max_recent_v2
FRA,OLB,30875.0,593.75,5,2017,2024,eu_trend_wm_max_recent_v2
AMS,SZG,30849.97,593.2687,7,2015,2024,eu_trend_wm_max_recent_v2
CDG,ACE,30843.0,593.1346,7,2015,2024,eu_trend_wm_max_recent_v2
CMN,MPL,30841.74,593.1104,7,2015,2024,eu_trend_wm_max_recent_v2
STN,LRH,30841.62,593.108,7,2015,2024,eu_trend_wm_max_recent_v2
ACE,AGP,30835.19,592.9844,2,2023,2024,eu_trend_wm_max_recent_v2
FNC,PRG,30834.26,592.9666,2,2023,2024,eu_trend_wm_max_recent_v2
LEJ,TFS,30819.48,592.6824,7,2015,2024,eu_trend_wm_max_recent_v2
HHN,VNO,30809.37,592.4878,7,2015,2024,eu_trend_wm_max_recent_v2
BLL,KRK,30795.46,592.2205,3,2019,2024,eu_trend_wm_max_recent_v2
PSA,KRK,30794.85,592.2086,3,2015,2024,eu_trend_wm_max_recent_v2
BVA,ALC,30785.3,592.025,7,2015,2024,eu_trend_wm_max_recent_v2
AMS,EXT,30782.0,591.9615,5,2015,2019,eu_trend_wm_max_recent_v2
BTS,BHX,30749.0,591.3269,5,2015,2019,eu_trend_wm_max_recent_v2
FCO,SDR,30738.19,591.1189,2,2023,2024,eu_trend_wm_max_recent_v2
BCN,WRO,30726.18,590.888,2,2023,2024,eu_trend_wm_max_recent_v2
HAM,SKP,30722.39,590.8152,6,2016,2024,eu_trend_wm_max_recent_v2
VIE,ZAD,30721.56,590.7991,2,2023,2024,eu_trend_wm_max_recent_v2
HAJ,BRU,30718.85,590.7471,4,2015,2018,eu_trend_wm_max_recent_v2
SOF,BHX,30709.0,590.5577,6,2016,2024,eu_trend_wm_max_recent_v2
ALC,BVA,30705.85,590.4971,7,2015,2024,eu_trend_wm_max_recent_v2
CFU,KTW,30704.99,590.4806,7,2015,2024,eu_trend_wm_max_recent_v2
BOD,VCE,30701.0,590.4038,6,2016,2024,eu_trend_wm_max_recent_v2
SKP,BTS,30697.93,590.3449,6,2016,2024,eu_trend_wm_max_recent_v2
BOD,BER,30655.0,589.5192,4,2016,2019,eu_trend_wm_max_recent_v2
IBZ,STR,30639.32,589.2178,7,2015,2024,eu_trend_wm_max_recent_v2
BGY,POZ,30631.02,589.0581,4,2018,2024,eu_trend_wm_max_recent_v2
ZRH,KRK,30631.02,589.0581,7,2015,2024,eu_trend_wm_max_recent_v2
SKG,KRK,30625.48,588.9515,2,2023,2024,eu_trend_wm_max_recent_v2
ALC,FMM,30609.77,588.6494,7,2015,2024,eu_trend_wm_max_recent_v2
MAD,KEF,30609.0,588.6346,4,2018,2024,eu_trend_wm_max_recent_v2
FNC,BRS,30602.38,588.5073,7,2015,2024,eu_trend_wm_max_recent_v2
TFS,LEJ,30602.38,588.5073,7,2015,2024,eu_trend_wm_max_recent_v2
TLV,KGS,30587.0,588.2115,7,2015,2024,eu_trend_wm_max_recent_v2
PXO,FNC,30586.67,588.2053,7,2015,2024,eu_trend_wm_max_recent_v2
PLQ,OSL,30582.98,588.1342,6,2016,2024,eu_trend_wm_max_recent_v2
CGN,BRS,30581.0,588.0962,2,2018,2019,eu_trend_wm_max_recent_v2
SEN,BER,30576.54,588.0105,1,2015,2015,eu_trend_wm_max_recent_v2
SVQ,TLS,30575.66,587.9935,7,2015,2024,eu_trend_wm_max_recent_v2
BHX,SOF,30575.0,587.9808,6,2016,2024,eu_trend_wm_max_recent_v2
FMM,ALC,30554.34,587.5835,7,2015,2024,eu_trend_wm_max_recent_v2
CIA,OPO,30543.96,587.3838,5,2017,2024,eu_trend_wm_max_recent_v2
VIE,INI,30534.0,587.1923,3,2019,2024,eu_trend_wm_max_recent_v2
CRL,BTS,30528.0,587.0769,7,2015,2024,eu_trend_wm_max_recent_v2
FAO,PIK,30524.59,587.0113,7,2015,2024,eu_trend_wm_max_recent_v2
LPA,RTM,30523.85,586.9972,5,2017,2024,eu_trend_wm_max_recent_v2
BER,BOD,30522.0,586.9615,4,2016,2019,eu_trend_wm_max_recent_v2
LTN,MAH,30515.34,586.8335,7,2015,2024,eu_trend_wm_max_recent_v2
KEF,BGO,30498.29,586.5055,5,2015,2019,eu_trend_wm_max_recent_v2
VDE,LPA,30486.9,586.2865,3,2019,2024,eu_trend_wm_max_recent_v2
TRN,OTP,30472.0,586.0,7,2015,2024,eu_trend_wm_max_recent_v2
JFK,NAP,30466.03,585.8853,2,2016,2017,eu_trend_wm_max_recent_v2
PRG,BRI,30466.0,585.8846,7,2015,2024,eu_trend_wm_max_recent_v2
GVA,NCL,30461.28,585.7938,5,2015,2019,eu_trend_wm_max_recent_v2
MCO,KEF,30456.67,585.7052,7,2015,2024,eu_trend_wm_max_recent_v2
STN,KGS,30453.64,585.6469,7,2015,2024,eu_trend_wm_max_recent_v2
KGS,STN,30450.87,585.5936,7,2015,2024,eu_trend_wm_max_recent_v2
RHO,CGN,30441.61,585.4156,6,2015,2024,eu_trend_wm_max_recent_v2
GDN,TRD,30430.54,585.2028,7,2015,2024,eu_trend_wm_max_recent_v2
TRD,KRS,30405.0,584.7115,5,2015,2019,eu_trend_wm_max_recent_v2
KRS,TRD,30403.0,584.6731,5,2015,2019,eu_trend_wm_max_recent_v2
BRS,BUD,30393.0,584.4808,5,2015,2019,eu_trend_wm_max_recent_v2
CLJ,EIN,30370.49,584.048,7,2015,2024,eu_trend_wm_max_recent_v2
LCA,GOT,30367.63,583.993,7,2015,2024,eu_trend_wm_max_recent_v2
BTS,SKP,30356.47,583.7783,6,2016,2024,eu_trend_wm_max_recent_v2
BZR,BVA,30355.0,583.75,7,2015,2024,eu_trend_wm_max_recent_v2
MXP,LCA,30353.76,583.7261,1,2024,2024,eu_trend_wm_max_recent_v2
EDI,WMI,30351.09,583.6749,5,2017,2024,eu_trend_wm_max_recent_v2
GOT,LCA,30349.25,583.6393,7,2015,2024,eu_trend_wm_max_recent_v2
DUS,RIX,30342.78,583.515,3,2019,2024,eu_trend_wm_max_recent_v2
OLB,FRA,30338.0,583.4231,5,2017,2024,eu_trend_wm_max_recent_v2
AOK,ATH,30335.39,583.3729,7,2015,2024,eu_trend_wm_max_recent_v2
ZAG,SVO,30335.0,583.3654,5,2015,2019,eu_trend_wm_max_recent_v2
CPH,LIN,30330.83,583.2852,1,2015,2015,eu_trend_wm_max_recent_v2
BLL,BUD,30323.38,583.1419,7,2015,2024,eu_trend_wm_max_recent_v2
SCQ,BGY,30319.34,583.0642,7,2015,2024,eu_trend_wm_max_recent_v2
BRS,FNC,30291.04,582.5201,7,2015,2024,eu_trend_wm_max_recent_v2
JTR,LHR,30291.04,582.5201,6,2016,2024,eu_trend_wm_max_recent_v2
MAN,BLL,30291.0,582.5192,7,2015,2024,eu_trend_wm_max_recent_v2
INI,VIE,30288.54,582.472,3,2019,2024,eu_trend_wm_max_recent_v2
PIK,FAO,30256.14,581.8489,7,2015,2024,eu_trend_wm_max_recent_v2
RIX,KRK,30255.94,581.845,1,2024,2024,eu_trend_wm_max_recent_v2
CHQ,WAW,30246.7,581.6673,7,2015,2024,eu_trend_wm_max_recent_v2
BRI,TRS,30228.22,581.312,7,2015,2024,eu_trend_wm_max_recent_v2
STR,IBZ,30224.75,581.2453,7,2015,2024,eu_trend_wm_max_recent_v2
VIE,CHQ,30209.75,580.9566,7,2015,2024,eu_trend_wm_max_recent_v2
BUD,BRS,30201.98,580.8073,5,2015,2019,eu_trend_wm_max_recent_v2
WMI,BUD,30191.27,580.6013,2,2023,2024,eu_trend_wm_max_recent_v2
BCN,NUE,30188.01,580.5386,7,2015,2024,eu_trend_wm_max_recent_v2
CIA,BOD,30183.0,580.4423,5,2015,2019,eu_trend_wm_max_recent_v2
BUD,BLL,30182.03,580.4237,7,2015,2024,eu_trend_wm_max_recent_v2
FCO,LPL,30180.78,580.3996,2,2017,2018,eu_trend_wm_max_recent_v2
VNO,TRF,30169.52,580.1831,6,2015,2023,eu_trend_wm_max_recent_v2
OPO,CIA,30168.99,580.1728,5,2017,2024,eu_trend_wm_max_recent_v2
WMI,EDI,30166.32,580.1216,5,2017,2024,eu_trend_wm_max_recent_v2
KGS,KTW,30154.31,579.8907,7,2015,2024,eu_trend_wm_max_recent_v2
SVQ,BRU,30129.0,579.4038,7,2015,2024,eu_trend_wm_max_recent_v2
PFO,SOF,30127.52,579.3754,4,2018,2024,eu_trend_wm_max_recent_v2
BEG,SKG,30116.52,579.1638,7,2015,2024,eu_trend_wm_max_recent_v2
KRK,PSA,30113.74,579.1103,3,2015,2024,eu_trend_wm_max_recent_v2
SVQ,LYS,30113.0,579.0962,3,2015,2019,eu_trend_wm_max_recent_v2
KTW,CGN,30109.97,579.0379,6,2015,2023,eu_trend_wm_max_recent_v2
TRF,STN,30104.68,578.9362,7,2015,2024,eu_trend_wm_max_recent_v2
PEG,CTA,30102.58,578.8958,5,2017,2024,eu_trend_wm_max_recent_v2
BVA,BZR,30091.0,578.6731,7,2015,2024,eu_trend_wm_max_recent_v2
OTP,TRN,30077.0,578.4038,7,2015,2024,eu_trend_wm_max_recent_v2
ZAD,VIE,30071.17,578.2917,2,2023,2024,eu_trend_wm_max_recent_v2
BRI,GOA,30067.56,578.2223,7,2015,2024,eu_trend_wm_max_recent_v2
NOC,LHR,30065.63,578.1851,2,2023,2024,eu_trend_wm_max_recent_v2
VIE,GOT,30065.63,578.1851,2,2023,2024,eu_trend_wm_max_recent_v2
BOD,FAO,30063.78,578.1496,3,2018,2023,eu_trend_wm_max_recent_v2
AGP,SNN,30062.46,578.1242,7,2015,2024,eu_trend_wm_max_recent_v2
LUX,BOD,30061.0,578.0962,2,2018,2019,eu_trend_wm_max_recent_v2
NCL,GVA,30055.32,577.9869,5,2015,2019,eu_trend_wm_max_recent_v2
SUF,STN,30037.0,577.6346,7,2015,2024,eu_trend_wm_max_recent_v2
BGO,KEF,30027.0,577.4423,5,2015,2019,eu_trend_wm_max_recent_v2
GDN,LPL,30020.17,577.311,7,2015,2024,eu_trend_wm_max_recent_v2
POZ,BGY,30018.51,577.279,4,2018,2024,eu_trend_wm_max_recent_v2
AES,TRD,30017.0,577.25,5,2015,2019,eu_trend_wm_max_recent_v2
FCO,SKP,30010.19,577.1191,3,2015,2023,eu_trend_wm_max_recent_v2
CFR,MRS,29991.72,576.7638,3,2019,2024,eu_trend_wm_max_recent_v2
KEF,MAD,29990.0,576.7308,4,2018,2024,eu_trend_wm_max_recent_v2
BOD,BRS,29969.64,576.3392,5,2017,2024,eu_trend_wm_max_recent_v2
CGN,KTW,29964.93,576.2486,6,2015,2023,eu_trend_wm_max_recent_v2
BSL,KRK,29960.4,576.1615,6,2015,2024,eu_trend_wm_max_recent_v2
KGS,TLV,29943.32,575.8331,7,2015,2024,eu_trend_wm_max_recent_v2
KTW,CFU,29917.58,575.338,7,2015,2024,eu_trend_wm_max_recent_v2
PRG,LPL,29915.0,575.2885,3,2017,2019,eu_trend_wm_max_recent_v2
IST,LEJ,29873.0,574.4808,3,2019,2024,eu_trend_wm_max_recent_v2
LCA,KRK,29847.6,573.9923,2,2023,2024,eu_trend_wm_max_recent_v2
NTE,ATH,29847.0,573.9808,7,2015,2024,eu_trend_wm_max_recent_v2
EIN,CLJ,29840.21,573.8501,7,2015,2024,eu_trend_wm_max_recent_v2
KRK,BSL,29838.67,573.8206,6,2015,2024,eu_trend_wm_max_recent_v2
BRU,SVQ,29832.0,573.6923,7,2015,2024,eu_trend_wm_max_recent_v2
KEF,CLE,29830.92,573.6715,1,2018,2018,eu_trend_wm_max_recent_v2
LDY,LPL,29822.76,573.5146,5,2015,2019,eu_trend_wm_max_recent_v2
FAO,BOD,29818.96,573.4415,3,2018,2023,eu_trend_wm_max_recent_v2
BTS,LPL,29810.18,573.2727,1,2015,2015,eu_trend_wm_max_recent_v2
BOD,CIA,29796.0,573.0,5,2015,2019,eu_trend_wm_max_recent_v2
BRU,VNO,29778.0,572.6538,7,2015,2024,eu_trend_wm_max_recent_v2
STN,TRF,29777.71,572.6483,7,2015,2024,eu_trend_wm_max_recent_v2
BER,FNC,29765.38,572.4111,2,2023,2024,eu_trend_wm_max_recent_v2
DUB,VNO,29757.0,572.25,7,2015,2024,eu_trend_wm_max_recent_v2
KSU,BGO,29742.0,571.9615,5,2015,2019,eu_trend_wm_max_recent_v2
SVO,ZAG,29732.0,571.7692,5,2015,2019,eu_trend_wm_max_recent_v2
FCO,CAN,29722.0,571.5769,2,2019,2024,eu_trend_wm_max_recent_v2
BRS,BOD,29714.64,571.4354,5,2017,2024,eu_trend_wm_max_recent_v2
SNN,AGP,29712.6,571.3962,7,2015,2024,eu_trend_wm_max_recent_v2
HHN,FAO,29669.47,570.5666,6,2015,2024,eu_trend_wm_max_recent_v2
LCY,AGP,29666.07,570.5013,5,2015,2019,eu_trend_wm_max_recent_v2
TRF,VNO,29661.8,570.4193,6,2015,2023,eu_trend_wm_max_recent_v2
EMA,KRK,29635.08,569.9054,7,2015,2024,eu_trend_wm_max_recent_v2
LHR,JTR,29627.72,569.7639,6,2016,2024,eu_trend_wm_max_recent_v2
STN,SUF,29613.0,569.4808,7,2015,2024,eu_trend_wm_max_recent_v2
TFS,SVQ,29603.81,569.3041,6,2015,2024,eu_trend_wm_max_recent_v2
TLS,AGP,29602.44,569.2777,3,2017,2019,eu_trend_wm_max_recent_v2
EDI,EXT,29597.0,569.1731,5,2015,2019,eu_trend_wm_max_recent_v2
SOF,BRU,29589.66,569.032,5,2015,2019,eu_trend_wm_max_recent_v2
PFO,ATH,29573.37,568.7187,6,2015,2024,eu_trend_wm_max_recent_v2
AGP,BHD,29566.63,568.5891,5,2015,2019,eu_trend_wm_max_recent_v2
GVA,OTP,29564.47,568.5475,1,2015,2015,eu_trend_wm_max_recent_v2
LPL,PRG,29542.0,568.1154,3,2017,2019,eu_trend_wm_max_recent_v2
LPL,BTS,29540.66,568.0895,1,2015,2015,eu_trend_wm_max_recent_v2
CGN,RHO,29539.5,568.0674,6,2015,2024,eu_trend_wm_max_recent_v2
GDN,FCO,29538.6,568.05,1,2024,2024,eu_trend_wm_max_recent_v2
RTM,TFS,29538.11,568.0406,7,2015,2024,eu_trend_wm_max_recent_v2
GOA,BRI,29522.88,567.7477,7,2015,2024,eu_trend_wm_max_recent_v2
SZG,BER,29515.94,567.6142,7,2015,2024,eu_trend_wm_max_recent_v2
NTE,VCE,29515.74,567.6104,7,2015,2024,eu_trend_wm_max_recent_v2
LPA,VDE,29504.85,567.401,3,2019,2024,eu_trend_wm_max_recent_v2
VRN,BHX,29496.03,567.2313,6,2016,2024,eu_trend_wm_max_recent_v2
TRD,LGW,29490.0,567.1154,7,2015,2024,eu_trend_wm_max_recent_v2
LEJ,VIE,29489.15,567.099,7,2015,2024,eu_trend_wm_max_recent_v2
GRZ,DUS,29488.0,567.0769,7,2015,2024,eu_trend_wm_max_recent_v2
ATH,LIN,29487.18,567.0612,1,2018,2018,eu_trend_wm_max_recent_v2
KRK,RIX,29468.86,566.7088,1,2024,2024,eu_trend_wm_max_recent_v2
FCO,GDN,29462.52,566.5869,1,2024,2024,eu_trend_wm_max_recent_v2
BOD,MAN,29459.8,566.5346,3,2019,2024,eu_trend_wm_max_recent_v2
AGP,TLS,29455.8,566.4578,3,2017,2019,eu_trend_wm_max_recent_v2
VCE,NTE,29454.54,566.4335,7,2015,2024,eu_trend_wm_max_recent_v2
SOF,DUB,29439.0,566.1346,5,2017,2024,eu_trend_wm_max_recent_v2
BRU,SOF,29430.48,565.9708,5,2015,2019,eu_trend_wm_max_recent_v2
JER,LBA,29409.68,565.5708,1,2015,2015,eu_trend_wm_max_recent_v2
DUB,SOF,29396.0,565.3077,5,2017,2024,eu_trend_wm_max_recent_v2
EXT,EDI,29387.0,565.1346,5,2015,2019,eu_trend_wm_max_recent_v2
WAW,CHQ,29383.83,565.0736,7,2015,2024,eu_trend_wm_max_recent_v2
KEF,MCO,29373.61,564.8772,7,2015,2024,eu_trend_wm_max_recent_v2
CLY,MRS,29371.82,564.8426,7,2015,2024,eu_trend_wm_max_recent_v2
PSR,LIN,29369.99,564.8076,6,2015,2023,eu_trend_wm_max_recent_v2
ATH,AOK,29356.55,564.549,7,2015,2024,eu_trend_wm_max_recent_v2
TSF,WRO,29355.19,564.5229,2,2023,2024,eu_trend_wm_max_recent_v2
KRK,EMA,29352.54,564.4719,7,2015,2024,eu_trend_wm_max_recent_v2
FAO,BSL,29350.21,564.4271,3,2019,2024,eu_trend_wm_max_recent_v2
ALC,KUN,29332.09,564.0787,7,2015,2024,eu_trend_wm_max_recent_v2
BGO,MOL,29325.42,563.9504,5,2015,2019,eu_trend_wm_max_recent_v2
BOO,BGO,29316.0,563.7692,5,2015,2019,eu_trend_wm_max_recent_v2
BLQ,MAN,29313.0,563.7115,2,2018,2019,eu_trend_wm_max_recent_v2
BHX,VRN,29288.28,563.2362,6,2016,2024,eu_trend_wm_max_recent_v2
CLE,KEF,29282.16,563.1185,1,2018,2018,eu_trend_wm_max_recent_v2
FSC,CDG,29281.28,563.1016,7,2015,2024,eu_trend_wm_max_recent_v2
CHQ,VIE,29273.22,562.9465,7,2015,2024,eu_trend_wm_max_recent_v2
LYS,BLQ,29264.93,562.7872,1,2016,2016,eu_trend_wm_max_recent_v2
YYZ,ZAG,29264.82,562.785,4,2018,2024,eu_trend_wm_max_recent_v2
KRK,SKG,29259.11,562.6752,2,2023,2024,eu_trend_wm_max_recent_v2
NUE,BCN,29256.92,562.633,7,2015,2024,eu_trend_wm_max_recent_v2
LCY,BUD,29251.0,562.5192,1,2019,2019,eu_trend_wm_max_recent_v2
TRN,BCM,29249.0,562.4808,6,2015,2024,eu_trend_wm_max_recent_v2
FAO,BOH,29247.48,562.4515,7,2015,2024,eu_trend_wm_max_recent_v2
SVQ,TFS,29229.74,562.1105,6,2015,2024,eu_trend_wm_max_recent_v2
MLA,EDI,29225.0,562.0192,7,2015,2024,eu_trend_wm_max_recent_v2
BOH,FAO,29221.0,561.9423,7,2015,2024,eu_trend_wm_max_recent_v2
BGY,BOD,29214.84,561.8238,4,2018,2024,eu_trend_wm_max_recent_v2
BHX,BTS,29212.68,561.7823,5,2015,2019,eu_trend_wm_max_recent_v2
SOF,PFO,29210.14,561.7336,4,2018,2024,eu_trend_wm_max_recent_v2
BHD,AGP,29209.43,561.7198,5,2015,2019,eu_trend_wm_max_recent_v2
ALC,SVQ,29203.0,561.5962,4,2016,2024,eu_trend_wm_max_recent_v2
TRD,GDN,29202.75,561.5914,7,2015,2024,eu_trend_wm_max_recent_v2
ZAG,STR,29188.42,561.3158,7,2015,2024,eu_trend_wm_max_recent_v2
ZAG,MLA,29187.05,561.2894,2,2023,2024,eu_trend_wm_max_recent_v2
LEJ,IST,29181.0,561.1731,3,2019,2024,eu_trend_wm_max_recent_v2
BLQ,BRU,29172.0,561.0,5,2015,2019,eu_trend_wm_max_recent_v2
SVQ,MXP,29165.8,560.8808,6,2016,2024,eu_trend_wm_max_recent_v2
BGY,TRF,29161.18,560.7919,5,2017,2024,eu_trend_wm_max_recent_v2
NAP,NQZ,29157.72,560.7254,2,2017,2018,eu_trend_wm_max_recent_v2
VIE,EIN,29151.0,560.5962,3,2019,2024,eu_trend_wm_max_recent_v2
LPL,FUE,29147.85,560.5355,5,2015,2019,eu_trend_wm_max_recent_v2
BSL,FAO,29144.61,560.4732,3,2019,2024,eu_trend_wm_max_recent_v2
BGO,HEL,29140.0,560.3846,2,2019,2023,eu_trend_wm_max_recent_v2
EDI,MLA,29129.0,560.1731,7,2015,2024,eu_trend_wm_max_recent_v2
LPL,LDY,29125.08,560.0977,5,2015,2019,eu_trend_wm_max_recent_v2
BOD,LUX,29125.0,560.0962,2,2018,2019,eu_trend_wm_max_recent_v2
KUN,ALC,29113.81,559.881,7,2015,2024,eu_trend_wm_max_recent_v2
TSF,ALC,29105.75,559.726,2,2023,2024,eu_trend_wm_max_recent_v2
KEF,HAM,29097.91,559.5751,6,2015,2023,eu_trend_wm_max_recent_v2
FNC,BER,29086.35,559.3529,2,2023,2024,eu_trend_wm_max_recent_v2
HAJ,WAW,29080.0,559.2308,1,2019,2019,eu_trend_wm_max_recent_v2
SNN,KRK,29071.57,559.0686,7,2015,2024,eu_trend_wm_max_recent_v2
MAN,BLQ,29066.0,558.9615,2,2018,2019,eu_trend_wm_max_recent_v2
STN,EFL,29062.33,558.891,7,2015,2024,eu_trend_wm_max_recent_v2
FUE,ARN,29058.0,558.8076,5,2015,2019,eu_trend_wm_max_recent_v2
KRK,SNN,29056.79,558.7844,7,2015,2024,eu_trend_wm_max_recent_v2
MRS,CFR,29053.09,558.7133,3,2019,2024,eu_trend_wm_max_recent_v2
EIN,VIE,29050.0,558.6538,3,2019,2024,eu_trend_wm_max_recent_v2
SKG,NRN,29049.23,558.6391,7,2015,2024,eu_trend_wm_max_recent_v2
EMA,RIX,29044.0,558.5385,7,2015,2024,eu_trend_wm_max_recent_v2
ZAG,YYZ,29039.4,558.45,4,2018,2024,eu_trend_wm_max_recent_v2
BHX,BZG,29034.3,558.3519,7,2015,2024,eu_trend_wm_max_recent_v2
SKP,HHN,29029.99,558.2691,7,2015,2024,eu_trend_wm_max_recent_v2
GLA,KRK,29021.68,558.1092,3,2019,2024,eu_trend_wm_max_recent_v2
LCA,CAI,29016.14,558.0026,2,2023,2024,eu_trend_wm_max_recent_v2
CPH,EIN,29011.86,557.9204,6,2015,2023,eu_trend_wm_max_recent_v2
BUD,RTM,29010.26,557.8897,4,2015,2018,eu_trend_wm_max_recent_v2
SKP,GOT,29005.31,557.7945,7,2015,2024,eu_trend_wm_max_recent_v2
VNO,DUB,29005.0,557.7885,7,2015,2024,eu_trend_wm_max_recent_v2
DUS,KEF,29002.19,557.7344,3,2015,2017,eu_trend_wm_max_recent_v2
HAM,OPO,28994.32,557.5832,2,2015,2016,eu_trend_wm_max_recent_v2
FUE,LPL,28977.22,557.2542,5,2015,2019,eu_trend_wm_max_recent_v2
ORK,ALC,28973.64,557.1854,7,2015,2024,eu_trend_wm_max_recent_v2
FAO,HHN,28973.46,557.182,6,2015,2024,eu_trend_wm_max_recent_v2
DBV,ATH,28964.0,557.0,6,2016,2024,eu_trend_wm_max_recent_v2
BEG,BGY,28957.12,556.8677,1,2024,2024,eu_trend_wm_max_recent_v2
EIN,CPH,28954.0,556.8077,6,2015,2023,eu_trend_wm_max_recent_v2
DUB,RZE,28953.0,556.7885,7,2015,2024,eu_trend_wm_max_recent_v2
CDG,FSC,28948.7,556.7057,7,2015,2024,eu_trend_wm_max_recent_v2
PFO,OTP,28946.85,556.6702,4,2018,2024,eu_trend_wm_max_recent_v2
BGY,BEG,28946.25,556.6587,1,2024,2024,eu_trend_wm_max_recent_v2
CTA,PEG,28944.08,556.6169,5,2017,2024,eu_trend_wm_max_recent_v2
LCY,ABZ,28932.48,556.3939,4,2015,2018,eu_trend_wm_max_recent_v2
KEF,GDN,28927.45,556.2971,6,2016,2024,eu_trend_wm_max_recent_v2
DUS,GRZ,28907.43,555.9122,7,2015,2024,eu_trend_wm_max_recent_v2
MAN,BOD,28905.49,555.8749,3,2019,2024,eu_trend_wm_max_recent_v2
LYS,ETZ,28904.0,555.8462,5,2015,2019,eu_trend_wm_max_recent_v2
PSA,BCN,28903.06,555.8281,5,2015,2019,eu_trend_wm_max_recent_v2
ATH,PFO,28901.27,555.7937,6,2015,2024,eu_trend_wm_max_recent_v2
CFU,VIE,28899.15,555.7529,7,2015,2024,eu_trend_wm_max_recent_v2
MRS,CLY,28896.96,555.7108,7,2015,2024,eu_trend_wm_max_recent_v2
ARN,FUE,28874.41,555.2771,5,2015,2019,eu_trend_wm_max_recent_v2
OTP,NYO,28872.89,555.2478,6,2016,2024,eu_trend_wm_max_recent_v2
FNC,PXO,28867.4,555.1423,7,2015,2024,eu_trend_wm_max_recent_v2
TRF,BGY,28852.62,554.858,5,2017,2024,eu_trend_wm_max_recent_v2
NQZ,NAP,28851.72,554.8408,2,2017,2018,eu_trend_wm_max_recent_v2
ALC,ORK,28836.91,554.556,7,2015,2024,eu_trend_wm_max_recent_v2
BHX,VCE,28835.14,554.522,2,2015,2016,eu_trend_wm_max_recent_v2
BDS,VRN,28822.13,554.2717,4,2018,2024,eu_trend_wm_max_recent_v2
OPO,HAM,28813.92,554.1138,2,2015,2016,eu_trend_wm_max_recent_v2
GRO,RTM,28812.89,554.0941,7,2015,2024,eu_trend_wm_max_recent_v2
BRS,BRU,28812.86,554.0934,4,2015,2018,eu_trend_wm_max_recent_v2
VIE,CFU,28809.49,554.0286,7,2015,2024,eu_trend_wm_max_recent_v2
CAI,LCA,28806.42,553.9697,2,2023,2024,eu_trend_wm_max_recent_v2
SVQ,TSF,28805.5,553.9519,3,2019,2024,eu_trend_wm_max_recent_v2
RIX,EMA,28800.0,553.8462,7,2015,2024,eu_trend_wm_max_recent_v2
SPU,ORY,28794.09,553.7325,6,2016,2024,eu_trend_wm_max_recent_v2
FAO,SNN,28794.0,553.7308,7,2015,2024,eu_trend_wm_max_recent_v2
HAM,KEF,28790.99,553.6729,6,2015,2023,eu_trend_wm_max_recent_v2
RIX,BRE,28790.53,553.664,5,2015,2019,eu_trend_wm_max_recent_v2
BGY,WRO,28786.1,553.5788,7,2015,2024,eu_trend_wm_max_recent_v2
MXP,SVQ,28781.48,553.49,6,2016,2024,eu_trend_wm_max_recent_v2
PMO,CIA,28778.62,553.4351,1,2015,2015,eu_trend_wm_max_recent_v2
VAR,BER,28772.35,553.3144,4,2017,2024,eu_trend_wm_max_recent_v2
CIA,BRI,28765.63,553.1853,1,2015,2015,eu_trend_wm_max_recent_v2
SVQ,ALC,28756.0,553.0,4,2016,2024,eu_trend_wm_max_recent_v2
LDY,STN,28749.37,552.8726,5,2015,2019,eu_trend_wm_max_recent_v2
ACE,FAO,28742.0,552.7308,1,2019,2019,eu_trend_wm_max_recent_v2
LPL,GDN,28738.5,552.6635,7,2015,2024,eu_trend_wm_max_recent_v2
LGW,OVD,28715.89,552.2286,6,2016,2024,eu_trend_wm_max_recent_v2
BZG,BHX,28714.02,552.1927,7,2015,2024,eu_trend_wm_max_recent_v2
RTM,BUD,28709.35,552.1028,4,2015,2018,eu_trend_wm_max_recent_v2
VCE,BHX,28708.86,552.0935,2,2015,2016,eu_trend_wm_max_recent_v2
OLB,BCN,28708.0,552.0769,7,2015,2024,eu_trend_wm_max_recent_v2
MLA,ZAG,28702.95,551.9799,2,2023,2024,eu_trend_wm_max_recent_v2
ALC,TSF,28701.11,551.9443,2,2023,2024,eu_trend_wm_max_recent_v2
BCM,TRN,28695.06,551.8282,6,2015,2024,eu_trend_wm_max_recent_v2
BVA,NYO,28682.79,551.5921,5,2015,2019,eu_trend_wm_max_recent_v2
SVQ,GVA,28677.09,551.4824,7,2015,2024,eu_trend_wm_max_recent_v2
KRK,GLA,28670.62,551.3581,3,2019,2024,eu_trend_wm_max_recent_v2
SKP,FCO,28654.91,551.056,3,2015,2023,eu_trend_wm_max_recent_v2
BSL,FUE,28654.0,551.0385,7,2015,2024,eu_trend_wm_max_recent_v2
BSL,AJA,28645.55,550.8759,7,2015,2024,eu_trend_wm_max_recent_v2
ATH,NTE,28645.0,550.8654,7,2015,2024,eu_trend_wm_max_recent_v2
NRN,SKG,28642.24,550.8123,7,2015,2024,eu_trend_wm_max_recent_v2
BER,SEN,28637.91,550.729,1,2015,2015,eu_trend_wm_max_recent_v2
SVQ,MAN,28627.2,550.523,4,2018,2024,eu_trend_wm_max_recent_v2
BGY,SCQ,28626.53,550.5102,7,2015,2024,eu_trend_wm_max_recent_v2
SPU,GVA,28609.96,550.1915,7,2015,2024,eu_trend_wm_max_recent_v2
ORY,SPU,28593.02,549.8657,6,2016,2024,eu_trend_wm_max_recent_v2
VRN,BDS,28578.23,549.5814,4,2018,2024,eu_trend_wm_max_recent_v2
TRS,CIA,28577.34,549.5642,2,2017,2018,eu_trend_wm_max_recent_v2
KGS,STR,28576.0,549.5385,7,2015,2024,eu_trend_wm_max_recent_v2
RMU,BHX,28559.0,549.2115,3,2019,2024,eu_trend_wm_max_recent_v2
LYS,MXP,28553.92,549.1139,2,2015,2016,eu_trend_wm_max_recent_v2
CFU,BGY,28539.43,548.8352,5,2016,2024,eu_trend_wm_max_recent_v2
FUE,BSL,28537.0,548.7885,7,2015,2024,eu_trend_wm_max_recent_v2
TSF,SVQ,28532.04,548.6931,3,2019,2024,eu_trend_wm_max_recent_v2
FMM,OTP,28528.35,548.6221,3,2019,2024,eu_trend_wm_max_recent_v2
BRU,BLQ,28521.0,548.4808,5,2015,2019,eu_trend_wm_max_recent_v2
GLA,MAD,28510.02,548.2696,1,2018,2018,eu_trend_wm_max_recent_v2
XRY,STN,28502.0,548.1154,7,2015,2024,eu_trend_wm_max_recent_v2
BER,SZG,28500.72,548.0907,7,2015,2024,eu_trend_wm_max_recent_v2
RTM,GRO,28497.86,548.0358,7,2015,2024,eu_trend_wm_max_recent_v2
WMI,MLA,28481.23,547.716,2,2023,2024,eu_trend_wm_max_recent_v2
EFL,STN,28476.61,547.6271,7,2015,2024,eu_trend_wm_max_recent_v2
BSL,HER,28470.0,547.5,7,2015,2024,eu_trend_wm_max_recent_v2
KGS,HAM,28446.29,547.044,6,2015,2024,eu_trend_wm_max_recent_v2
WMI,EMA,28432.95,546.7874,5,2015,2019,eu_trend_wm_max_recent_v2
BLQ,LYS,28426.58,546.665,1,2016,2016,eu_trend_wm_max_recent_v2
MAN,SVQ,28424.88,546.6322,4,2018,2024,eu_trend_wm_max_recent_v2
MLA,LBA,28416.0,546.4615,5,2015,2019,eu_trend_wm_max_recent_v2
WAW,HAJ,28408.0,546.3077,1,2019,2019,eu_trend_wm_max_recent_v2
BTS,LCA,28394.39,546.0459,4,2018,2024,eu_trend_wm_max_recent_v2
ORY,BLQ,28394.36,546.0454,1,2015,2015,eu_trend_wm_max_recent_v2
ABZ,LCY,28383.15,545.8299,4,2015,2018,eu_trend_wm_max_recent_v2
EMA,RZE,28382.52,545.8177,7,2015,2024,eu_trend_wm_max_recent_v2
HER,BSL,28381.0,545.7885,7,2015,2024,eu_trend_wm_max_recent_v2
BEG,ZAG,28373.83,545.6506,7,2015,2024,eu_trend_wm_max_recent_v2
ETZ,LYS,28372.0,545.6154,5,2015,2019,eu_trend_wm_max_recent_v2
MXP,BIO,28372.0,545.6154,6,2016,2024,eu_trend_wm_max_recent_v2
DTM,SBZ,28359.28,545.3708,7,2015,2024,eu_trend_wm_max_recent_v2
AJA,BSL,28355.71,545.3022,7,2015,2024,eu_trend_wm_max_recent_v2
KEF,DUS,28352.98,545.2496,3,2015,2017,eu_trend_wm_max_recent_v2
LCA,BTS,28347.27,545.1399,4,2018,2024,eu_trend_wm_max_recent_v2
BLL,ALC,28306.0,544.3462,7,2015,2024,eu_trend_wm_max_recent_v2
BLQ,ORY,28305.6,544.3385,1,2015,2015,eu_trend_wm_max_recent_v2
BLL,WAW,28297.86,544.1896,5,2017,2024,eu_trend_wm_max_recent_v2
STR,KGS,28285.0,543.9423,7,2015,2024,eu_trend_wm_max_recent_v2
SOF,ZRH,28284.16,543.9262,5,2015,2024,eu_trend_wm_max_recent_v2
DBV,ARN,28279.5,543.8365,7,2015,2024,eu_trend_wm_max_recent_v2
EMA,WMI,28278.07,543.8091,5,2015,2019,eu_trend_wm_max_recent_v2
KRK,BRU,28275.0,543.75,5,2015,2019,eu_trend_wm_max_recent_v2
CIA,TRS,28270.32,543.66,2,2017,2018,eu_trend_wm_max_recent_v2
BGY,TLL,28266.0,543.5769,7,2015,2024,eu_trend_wm_max_recent_v2
TLS,LTN,28251.02,543.2889,3,2017,2019,eu_trend_wm_max_recent_v2
LCG,LGW,28247.5,543.2211,2,2023,2024,eu_trend_wm_max_recent_v2
BHX,RMU,28244.0,543.1538,3,2019,2024,eu_trend_wm_max_recent_v2
ACE,ZRH,28238.49,543.0479,5,2015,2019,eu_trend_wm_max_recent_v2
RZE,EMA,28226.46,542.8165,7,2015,2024,eu_trend_wm_max_recent_v2
CRL,RIX,28226.05,542.8087,5,2015,2019,eu_trend_wm_max_recent_v2
SNN,FAO,28220.85,542.7087,7,2015,2024,eu_trend_wm_max_recent_v2
FCO,RHO,28219.0,542.6731,3,2015,2019,eu_trend_wm_max_recent_v2
WRO,BGY,28218.86,542.6704,7,2015,2024,eu_trend_wm_max_recent_v2
MLA,WMI,28215.16,542.5993,2,2023,2024,eu_trend_wm_max_recent_v2
RZE,DUB,28215.0,542.5962,7,2015,2024,eu_trend_wm_max_recent_v2
BRE,RIX,28212.51,542.5483,5,2015,2019,eu_trend_wm_max_recent_v2
STR,ZAG,28200.54,542.3181,7,2015,2024,eu_trend_wm_max_recent_v2
BGY,CFU,28192.99,542.1729,5,2016,2024,eu_trend_wm_max_recent_v2
WAW,BLL,28192.8,542.1692,5,2017,2024,eu_trend_wm_max_recent_v2
IBZ,HAM,28190.68,542.1284,4,2016,2024,eu_trend_wm_max_recent_v2
OTP,FMM,28181.9,541.9597,3,2019,2024,eu_trend_wm_max_recent_v2
SOF,VLC,28170.82,541.7465,7,2015,2024,eu_trend_wm_max_recent_v2
ZAG,BEG,28166.2,541.6577,7,2015,2024,eu_trend_wm_max_recent_v2
VLC,MAN,28158.81,541.5155,6,2016,2024,eu_trend_wm_max_recent_v2
VIE,FNC,28155.11,541.4445,4,2015,2024,eu_trend_wm_max_recent_v2
EXT,AGP,28153.0,541.4038,5,2015,2019,eu_trend_wm_max_recent_v2
RHO,FCO,28152.0,541.3846,3,2015,2019,eu_trend_wm_max_recent_v2
LBA,MLA,28151.0,541.3654,5,2015,2019,eu_trend_wm_max_recent_v2
TLV,TIV,28144.03,541.2313,6,2016,2024,eu_trend_wm_max_recent_v2
GVA,SVQ,28134.79,541.0536,7,2015,2024,eu_trend_wm_max_recent_v2
SBZ,DTM,28134.79,541.0536,7,2015,2024,eu_trend_wm_max_recent_v2
PSA,OPO,28132.9,541.0174,1,2024,2024,eu_trend_wm_max_recent_v2
OVD,LGW,28128.32,540.9293,6,2016,2024,eu_trend_wm_max_recent_v2
OTP,PFO,28095.06,540.2897,4,2018,2024,eu_trend_wm_max_recent_v2
VAR,KTW,28093.0,540.25,7,2015,2024,eu_trend_wm_max_recent_v2
CDG,TFS,28084.78,540.092,1,2015,2015,eu_trend_wm_max_recent_v2
GVA,HER,28067.0,539.75,7,2015,2024,eu_trend_wm_max_recent_v2
FDH,PMI,28051.02,539.4427,7,2015,2024,eu_trend_wm_max_recent_v2
BSL,DUB,28038.24,539.1969,7,2015,2024,eu_trend_wm_max_recent_v2
GDN,KEF,28036.86,539.1704,6,2016,2024,eu_trend_wm_max_recent_v2
NUE,MAD,28036.7,539.1673,3,2017,2019,eu_trend_wm_max_recent_v2
LUX,GVA,28035.66,539.1473,6,2015,2023,eu_trend_wm_max_recent_v2
CFU,WAW,28031.32,539.0638,7,2015,2024,eu_trend_wm_max_recent_v2
DBV,AMS,28031.32,539.0638,6,2016,2024,eu_trend_wm_max_recent_v2
GLA,HER,28026.33,538.968,4,2015,2018,eu_trend_wm_max_recent_v2
VIE,LEJ,28011.24,538.6777,7,2015,2024,eu_trend_wm_max_recent_v2
BGY,EMA,28008.61,538.6271,5,2015,2019,eu_trend_wm_max_recent_v2
GVA,SPU,27996.12,538.387,7,2015,2024,eu_trend_wm_max_recent_v2
WAW,CFU,27994.36,538.3532,7,2015,2024,eu_trend_wm_max_recent_v2
TLN,CDG,27986.0,538.1923,2,2018,2019,eu_trend_wm_max_recent_v2
PFO,CHQ,27975.0,537.9808,7,2015,2024,eu_trend_wm_max_recent_v2
SBZ,STR,27970.26,537.8896,5,2015,2019,eu_trend_wm_max_recent_v2
ZRH,GRZ,27968.0,537.8462,7,2015,2024,eu_trend_wm_max_recent_v2
NYO,BVA,27966.99,537.8268,5,2015,2019,eu_trend_wm_max_recent_v2
BLQ,KRK,27964.32,537.7754,7,2015,2024,eu_trend_wm_max_recent_v2
VLC,SOF,27940.78,537.3227,7,2015,2024,eu_trend_wm_max_recent_v2
KGS,PRG,27937.09,537.2516,7,2015,2024,eu_trend_wm_max_recent_v2
KTW,MMX,27935.0,537.2115,6,2015,2023,eu_trend_wm_max_recent_v2
GRO,HHN,27930.66,537.1281,7,2015,2024,eu_trend_wm_max_recent_v2
STN,LDY,27927.46,537.0665,5,2015,2019,eu_trend_wm_max_recent_v2
CDG,FAO,27923.0,536.9808,4,2017,2023,eu_trend_wm_max_recent_v2
NYO,OTP,27920.96,536.9416,6,2016,2024,eu_trend_wm_max_recent_v2
BOD,BGY,27918.42,536.8927,4,2018,2024,eu_trend_wm_max_recent_v2
TFS,CDG,27917.01,536.8655,1,2015,2015,eu_trend_wm_max_recent_v2
MAN,VLC,27908.45,536.7009,6,2016,2024,eu_trend_wm_max_recent_v2
BUD,HAJ,27894.0,536.4231,3,2017,2019,eu_trend_wm_max_recent_v2
MIA,KEF,27893.12,536.4062,1,2017,2017,eu_trend_wm_max_recent_v2
SVQ,LTN,27888.0,536.3077,2,2018,2019,eu_trend_wm_max_recent_v2
ZAG,SKP,27883.5,536.2212,7,2015,2024,eu_trend_wm_max_recent_v2
BIO,MXP,27882.0,536.1923,6,2016,2024,eu_trend_wm_max_recent_v2
RHO,MXP,27879.0,536.1346,5,2015,2019,eu_trend_wm_max_recent_v2
VCE,TLS,27868.0,535.9231,3,2017,2019,eu_trend_wm_max_recent_v2
KRK,BLQ,27859.26,535.755,7,2015,2024,eu_trend_wm_max_recent_v2
KTW,VAR,27841.0,535.4038,7,2015,2024,eu_trend_wm_max_recent_v2
TPS,GOA,27839.73,535.3794,3,2015,2017,eu_trend_wm_max_recent_v2
POZ,TRF,27829.48,535.1824,7,2015,2024,eu_trend_wm_max_recent_v2
HHN,SKP,27827.0,535.1346,7,2015,2024,eu_trend_wm_max_recent_v2
TMP,ARN,27823.92,535.0754,5,2015,2019,eu_trend_wm_max_recent_v2
WAW,BRI,27821.61,535.0309,3,2017,2024,eu_trend_wm_max_recent_v2
LCY,VNO,27820.0,535.0,3,2019,2024,eu_trend_wm_max_recent_v2
MXP,TLS,27815.4,534.9115,2,2017,2018,eu_trend_wm_max_recent_v2
BRU,FLR,27801.57,534.6456,7,2015,2024,eu_trend_wm_max_recent_v2
MAD,NUE,27794.29,534.5055,3,2017,2019,eu_trend_wm_max_recent_v2
STN,CHQ,27782.8,534.2847,7,2015,2024,eu_trend_wm_max_recent_v2
MAD,GLA,27780.72,534.2446,1,2018,2018,eu_trend_wm_max_recent_v2
ARN,TMP,27765.15,533.9453,5,2015,2019,eu_trend_wm_max_recent_v2
HER,GVA,27763.0,533.9038,7,2015,2024,eu_trend_wm_max_recent_v2
BCN,OLB,27756.0,533.7692,7,2015,2024,eu_trend_wm_max_recent_v2
BVA,SVQ,27752.16,533.6954,7,2015,2024,eu_trend_wm_max_recent_v2
BER,VAR,27749.78,533.6496,4,2017,2024,eu_trend_wm_max_recent_v2
BDS,CRL,27747.7,533.6096,7,2015,2024,eu_trend_wm_max_recent_v2
HAM,KGS,27737.1,533.4058,6,2015,2024,eu_trend_wm_max_recent_v2
TLS,VCE,27730.0,533.2692,3,2017,2019,eu_trend_wm_max_recent_v2
RTM,MAD,27729.75,533.2644,1,2015,2015,eu_trend_wm_max_recent_v2
PRG,ZTH,27729.72,533.2638,7,2015,2024,eu_trend_wm_max_recent_v2
SVO,RHO,27722.58,533.1265,5,2015,2019,eu_trend_wm_max_recent_v2
BRU,KRK,27711.0,532.9038,5,2015,2019,eu_trend_wm_max_recent_v2
GOA,TPS,27701.77,532.7264,3,2015,2017,eu_trend_wm_max_recent_v2
FAO,CDG,27697.0,532.6346,4,2017,2023,eu_trend_wm_max_recent_v2
ZTH,PRG,27694.02,532.5773,7,2015,2024,eu_trend_wm_max_recent_v2
SKP,BEG,27691.81,532.5349,7,2015,2024,eu_trend_wm_max_recent_v2
BGO,MUC,27689.1,532.4826,1,2024,2024,eu_trend_wm_max_recent_v2
FUE,NUE,27681.78,532.3419,7,2015,2024,eu_trend_wm_max_recent_v2
MXP,LYS,27667.81,532.0734,2,2015,2016,eu_trend_wm_max_recent_v2
AGP,EXT,27662.0,531.9615,5,2015,2019,eu_trend_wm_max_recent_v2
DTM,SKG,27655.58,531.8382,5,2017,2024,eu_trend_wm_max_recent_v2
OPO,PSA,27650.15,531.7337,1,2024,2024,eu_trend_wm_max_recent_v2
PSA,LIS,27641.0,531.5577,5,2015,2019,eu_trend_wm_max_recent_v2
VIE,FAO,27626.0,531.2692,3,2019,2024,eu_trend_wm_max_recent_v2
CHQ,PFO,27622.0,531.1923,7,2015,2024,eu_trend_wm_max_recent_v2
STN,XRY,27606.0,530.8846,7,2015,2024,eu_trend_wm_max_recent_v2
SCQ,CDG,27582.0,530.4231,7,2015,2024,eu_trend_wm_max_recent_v2
NRN,ZAD,27580.48,530.3939,7,2015,2024,eu_trend_wm_max_recent_v2
NAP,VLC,27578.0,530.3462,2,2019,2023,eu_trend_wm_max_recent_v2
KEF,YVR,27573.66,530.2627,4,2015,2024,eu_trend_wm_max_recent_v2
TSR,FMM,27569.0,530.1731,7,2015,2024,eu_trend_wm_max_recent_v2
PMI,FDH,27562.44,530.0469,7,2015,2024,eu_trend_wm_max_recent_v2
SPU,LHR,27562.29,530.0441,6,2016,2024,eu_trend_wm_max_recent_v2
MAD,RTM,27550.06,529.8089,1,2015,2015,eu_trend_wm_max_recent_v2
CLJ,STN,27547.22,529.7543,2,2023,2024,eu_trend_wm_max_recent_v2
FCO,LCY,27546.67,529.7437,5,2015,2024,eu_trend_wm_max_recent_v2
ALC,BLL,27529.0,529.4038,7,2015,2024,eu_trend_wm_max_recent_v2
WRO,TSF,27516.74,529.168,2,2023,2024,eu_trend_wm_max_recent_v2
GOT,SKP,27516.5,529.1634,7,2015,2024,eu_trend_wm_max_recent_v2
GVA,LUX,27509.69,529.0326,6,2015,2023,eu_trend_wm_max_recent_v2
SKP,ZAG,27496.41,528.7771,7,2015,2024,eu_trend_wm_max_recent_v2
PRG,KGS,27495.49,528.7594,7,2015,2024,eu_trend_wm_max_recent_v2
VAR,PRG,27490.74,528.6681,7,2015,2024,eu_trend_wm_max_recent_v2
FAO,VIE,27483.0,528.5192,3,2019,2024,eu_trend_wm_max_recent_v2
FAO,PMI,27477.54,528.4142,1,2015,2015,eu_trend_wm_max_recent_v2
CTA,TRS,27474.72,528.36,5,2017,2024,eu_trend_wm_max_recent_v2
BTS,MLA,27474.24,528.3508,4,2018,2024,eu_trend_wm_max_recent_v2
TRN,VLC,27466.29,528.1978,6,2016,2024,eu_trend_wm_max_recent_v2
TRS,CTA,27435.96,527.6146,5,2017,2024,eu_trend_wm_max_recent_v2
ZRH,ACE,27432.08,527.54,5,2015,2019,eu_trend_wm_max_recent_v2
EMA,BGY,27424.0,527.3846,5,2015,2019,eu_trend_wm_max_recent_v2
VLC,NAP,27418.0,527.2692,2,2019,2023,eu_trend_wm_max_recent_v2
HHN,GRO,27405.36,527.0262,7,2015,2024,eu_trend_wm_max_recent_v2
LPL,WAW,27397.0,526.8654,6,2015,2024,eu_trend_wm_max_recent_v2
TIV,TLV,27383.7,526.6097,6,2016,2024,eu_trend_wm_max_recent_v2
LTN,SVQ,27381.0,526.5577,2,2018,2019,eu_trend_wm_max_recent_v2
WAW,KGS,27381.0,526.5577,7,2015,2024,eu_trend_wm_max_recent_v2
BTS,MAN,27374.0,526.4231,6,2016,2024,eu_trend_wm_max_recent_v2
BOJ,FRA,27372.72,526.3985,5,2015,2019,eu_trend_wm_max_recent_v2
BRI,WAW,27370.77,526.3609,3,2017,2024,eu_trend_wm_max_recent_v2
SEN,MAN,27359.46,526.1435,1,2018,2018,eu_trend_wm_max_recent_v2
TLL,BGY,27357.42,526.1042,7,2015,2024,eu_trend_wm_max_recent_v2
MOL,BGO,27355.0,526.0577,5,2015,2019,eu_trend_wm_max_recent_v2
ZAG,BSL,27352.29,526.0056,2,2023,2024,eu_trend_wm_max_recent_v2
LIS,PSA,27347.0,525.9038,5,2015,2019,eu_trend_wm_max_recent_v2
OSL,FAO,27328.0,525.5385,5,2017,2024,eu_trend_wm_max_recent_v2
LIN,PSR,27325.04,525.4816,6,2015,2023,eu_trend_wm_max_recent_v2
SXB,LGW,27319.51,525.3751,2,2015,2024,eu_trend_wm_max_recent_v2
BSL,ZAG,27318.11,525.3483,2,2023,2024,eu_trend_wm_max_recent_v2
SEN,CDG,27317.0,525.3269,4,2016,2019,eu_trend_wm_max_recent_v2
CHQ,STN,27312.57,525.2417,7,2015,2024,eu_trend_wm_max_recent_v2
VNO,LCY,27310.0,525.1923,3,2019,2024,eu_trend_wm_max_recent_v2
CRL,BDS,27303.33,525.064,7,2015,2024,eu_trend_wm_max_recent_v2
SVQ,BVA,27302.34,525.045,7,2015,2024,eu_trend_wm_max_recent_v2
STN,LEJ,27301.7,525.0327,6,2015,2024,eu_trend_wm_max_recent_v2
MLA,BTS,27286.7,524.7442,4,2018,2024,eu_trend_wm_max_recent_v2
SKG,MLA,27274.69,524.5132,2,2023,2024,eu_trend_wm_max_recent_v2
VLC,TRN,27268.84,524.4007,6,2016,2024,eu_trend_wm_max_recent_v2
CFU,BUD,27253.44,524.1046,7,2015,2024,eu_trend_wm_max_recent_v2
LPL,FCO,27253.38,524.1035,2,2017,2018,eu_trend_wm_max_recent_v2
TLS,MXP,27252.36,524.0838,2,2017,2018,eu_trend_wm_max_recent_v2
CDG,SEN,27239.0,523.8269,4,2016,2019,eu_trend_wm_max_recent_v2
IBZ,LIN,27234.55,523.7414,1,2017,2017,eu_trend_wm_max_recent_v2
WRO,TRF,27233.51,523.7214,7,2015,2024,eu_trend_wm_max_recent_v2
CRL,CAG,27232.19,523.696,7,2015,2024,eu_trend_wm_max_recent_v2
LTN,TLS,27226.86,523.5935,3,2017,2019,eu_trend_wm_max_recent_v2
PSA,PRG,27220.0,523.4615,4,2015,2024,eu_trend_wm_max_recent_v2
MLA,SKG,27208.17,523.2341,2,2023,2024,eu_trend_wm_max_recent_v2
ALC,GDN,27199.86,523.0742,5,2016,2024,eu_trend_wm_max_recent_v2
MAN,BTS,27199.0,523.0577,6,2016,2024,eu_trend_wm_max_recent_v2
CGN,KGS,27195.0,522.9808,7,2015,2024,eu_trend_wm_max_recent_v2
TLL,LGW,27191.16,522.9069,7,2015,2024,eu_trend_wm_max_recent_v2
MAD,VNO,27184.02,522.7696,4,2015,2018,eu_trend_wm_max_recent_v2
CAY,PTP,27181.98,522.7304,7,2015,2024,eu_trend_wm_max_recent_v2
DUB,KTW,27173.17,522.5609,6,2015,2024,eu_trend_wm_max_recent_v2
DXB,LJU,27161.98,522.3458,2,2023,2024,eu_trend_wm_max_recent_v2
LJU,WAW,27159.64,522.3008,6,2016,2024,eu_trend_wm_max_recent_v2
AAL,STN,27156.0,522.2308,4,2018,2024,eu_trend_wm_max_recent_v2
BVA,PMO,27152.4,522.1615,7,2015,2024,eu_trend_wm_max_recent_v2
BUD,CFU,27133.34,521.795,7,2015,2024,eu_trend_wm_max_recent_v2
MMX,KTW,27110.6,521.3576,6,2015,2023,eu_trend_wm_max_recent_v2
HAM,IBZ,27107.62,521.3004,4,2016,2024,eu_trend_wm_max_recent_v2
FAO,BCN,27105.62,521.262,2,2023,2024,eu_trend_wm_max_recent_v2
TRN,TPS,27072.29,520.621,6,2015,2024,eu_trend_wm_max_recent_v2
NUE,FUE,27067.74,520.5335,7,2015,2024,eu_trend_wm_max_recent_v2
FRA,BOJ,27059.58,520.3765,5,2015,2019,eu_trend_wm_max_recent_v2
ZAD,NRN,27043.73,520.0717,7,2015,2024,eu_trend_wm_max_recent_v2
BLQ,WRO,27040.03,520.0006,7,2015,2024,eu_trend_wm_max_recent_v2
VNO,CIA,27038.16,519.9646,5,2015,2019,eu_trend_wm_max_recent_v2
PRG,PSA,27034.0,519.8846,4,2015,2024,eu_trend_wm_max_recent_v2
CIA,VNO,27033.21,519.8695,5,2015,2019,eu_trend_wm_max_recent_v2
KGS,HAJ,27026.17,519.7341,7,2015,2024,eu_trend_wm_max_recent_v2
CAG,CRL,27013.24,519.4854,7,2015,2024,eu_trend_wm_max_recent_v2
AGP,NYO,27007.56,519.3762,7,2015,2024,eu_trend_wm_max_recent_v2
RHO,SVO,27005.52,519.3369,5,2015,2019,eu_trend_wm_max_recent_v2
LGW,TLL,26995.32,519.1408,7,2015,2024,eu_trend_wm_max_recent_v2
HAM,VLC,26994.3,519.1212,2,2018,2023,eu_trend_wm_max_recent_v2
SKG,DTM,26990.78,519.0534,5,2017,2024,eu_trend_wm_max_recent_v2
HER,GLA,26983.08,518.9054,4,2015,2018,eu_trend_wm_max_recent_v2
MAN,WMI,26976.0,518.7692,7,2015,2024,eu_trend_wm_max_recent_v2
POZ,EIN,26973.0,518.7115,5,2015,2019,eu_trend_wm_max_recent_v2
TLL,BRU,26972.88,518.7092,7,2015,2024,eu_trend_wm_max_recent_v2
WAW,LPL,26968.0,518.6154,6,2015,2024,eu_trend_wm_max_recent_v2
BTS,CIA,26950.44,518.2777,7,2015,2024,eu_trend_wm_max_recent_v2
LTN,RZE,26947.4,518.2192,7,2015,2024,eu_trend_wm_max_recent_v2
GOT,VIE,26946.72,518.2062,2,2023,2024,eu_trend_wm_max_recent_v2
NUE,LHR,26940.26,518.0819,1,2023,2023,eu_trend_wm_max_recent_v2
NYO,AGP,26930.0,517.8846,7,2015,2024,eu_trend_wm_max_recent_v2
TSF,AHO,26922.25,517.7356,1,2015,2015,eu_trend_wm_max_recent_v2
TRF,WRO,26921.04,517.7122,7,2015,2024,eu_trend_wm_max_recent_v2
STR,SBZ,26911.17,517.5226,5,2015,2019,eu_trend_wm_max_recent_v2
RIX,CRL,26907.6,517.4538,5,2015,2019,eu_trend_wm_max_recent_v2
BCN,FAO,26905.15,517.4067,2,2023,2024,eu_trend_wm_max_recent_v2
ACE,EIN,26903.52,517.3754,6,2015,2024,eu_trend_wm_max_recent_v2
EIN,POZ,26898.0,517.2692,5,2015,2019,eu_trend_wm_max_recent_v2
ATH,CGN,26892.22,517.158,2,2023,2024,eu_trend_wm_max_recent_v2
HHN,KIR,26886.18,517.0419,7,2015,2024,eu_trend_wm_max_recent_v2
RIX,TMP,26878.36,516.8915,5,2017,2024,eu_trend_wm_max_recent_v2
JSI,ATH,26875.75,516.8414,7,2015,2024,eu_trend_wm_max_recent_v2
BVA,WRO,26870.0,516.7308,7,2015,2024,eu_trend_wm_max_recent_v2
LBA,CDG,26869.0,516.7115,5,2015,2019,eu_trend_wm_max_recent_v2
KGS,WAW,26865.0,516.6346,7,2015,2024,eu_trend_wm_max_recent_v2
PRG,BEG,26855.99,516.4614,5,2016,2024,eu_trend_wm_max_recent_v2
LCA,BER,26855.26,516.4474,2,2023,2024,eu_trend_wm_max_recent_v2
OLB,CDG,26853.0,516.4038,7,2015,2024,eu_trend_wm_max_recent_v2
CDG,OLB,26851.0,516.3654,7,2015,2024,eu_trend_wm_max_recent_v2
DUB,BSL,26849.46,516.3358,7,2015,2024,eu_trend_wm_max_recent_v2
KGS,CGN,26841.0,516.1731,7,2015,2024,eu_trend_wm_max_recent_v2
VNO,MAD,26835.18,516.0612,4,2015,2018,eu_trend_wm_max_recent_v2
ORY,CIA,26823.75,515.8414,1,2015,2015,eu_trend_wm_max_recent_v2
PMO,BVA,26817.0,515.7115,7,2015,2024,eu_trend_wm_max_recent_v2
EIN,ACE,26815.8,515.6885,6,2015,2024,eu_trend_wm_max_recent_v2
STR,ACE,26812.93,515.6332,5,2015,2019,eu_trend_wm_max_recent_v2
WRO,BVA,26802.0,515.4231,7,2015,2024,eu_trend_wm_max_recent_v2
FMM,AGP,26793.37,515.257,7,2015,2024,eu_trend_wm_max_recent_v2
KTW,DUB,26786.22,515.1196,6,2015,2024,eu_trend_wm_max_recent_v2
AGP,FMM,26780.43,515.0083,7,2015,2024,eu_trend_wm_max_recent_v2
CPH,HAJ,26773.0,514.8654,6,2015,2023,eu_trend_wm_max_recent_v2
TER,HOR,26772.5,514.8557,7,2015,2024,eu_trend_wm_max_recent_v2
VIT,ALC,26772.12,514.8484,2,2023,2024,eu_trend_wm_max_recent_v2
LED,RHO,26771.79,514.8422,3,2015,2017,eu_trend_wm_max_recent_v2
LYS,PMO,26771.0,514.8269,5,2015,2024,eu_trend_wm_max_recent_v2
MUC,SUF,26762.05,514.6549,7,2015,2024,eu_trend_wm_max_recent_v2
SKP,FKB,26755.29,514.5248,3,2019,2024,eu_trend_wm_max_recent_v2
SUF,MUC,26749.06,514.4051,7,2015,2024,eu_trend_wm_max_recent_v2
IBZ,CGN,26743.38,514.2958,7,2015,2024,eu_trend_wm_max_recent_v2
WMI,MAN,26736.0,514.1538,7,2015,2024,eu_trend_wm_max_recent_v2
MUC,BGO,26724.49,513.9326,1,2024,2024,eu_trend_wm_max_recent_v2
BRI,BER,26724.0,513.9231,6,2016,2024,eu_trend_wm_max_recent_v2
BUD,KEF,26718.53,513.818,4,2018,2024,eu_trend_wm_max_recent_v2
HAJ,KGS,26712.07,513.6936,7,2015,2024,eu_trend_wm_max_recent_v2
EXT,PMI,26707.93,513.6141,5,2015,2019,eu_trend_wm_max_recent_v2
WAW,LJU,26699.79,513.4574,6,2016,2024,eu_trend_wm_max_recent_v2
NAP,CFU,26698.21,513.4271,2,2023,2024,eu_trend_wm_max_recent_v2
CMN,NAP,26694.42,513.3542,2,2017,2018,eu_trend_wm_max_recent_v2
FUE,MXP,26694.42,513.3542,6,2015,2024,eu_trend_wm_max_recent_v2
REG,BLQ,26688.26,513.2358,1,2024,2024,eu_trend_wm_max_recent_v2
BER,BRI,26685.24,513.1777,6,2016,2024,eu_trend_wm_max_recent_v2
CDG,TLN,26682.0,513.1154,2,2018,2019,eu_trend_wm_max_recent_v2
KRK,ORD,26664.95,512.7875,1,2023,2023,eu_trend_wm_max_recent_v2
NAP,CPH,26662.8,512.7462,1,2018,2018,eu_trend_wm_max_recent_v2
JMK,LHR,26655.71,512.6098,5,2017,2024,eu_trend_wm_max_recent_v2
AHO,TSF,26654.89,512.5941,1,2015,2015,eu_trend_wm_max_recent_v2
LPL,LIS,26644.07,512.3859,4,2015,2018,eu_trend_wm_max_recent_v2
BER,LCA,26640.01,512.3078,2,2023,2024,eu_trend_wm_max_recent_v2
RHO,LED,26637.57,512.261,3,2015,2017,eu_trend_wm_max_recent_v2
WRO,BLQ,26615.99,511.8459,7,2015,2024,eu_trend_wm_max_recent_v2
BOD,IST,26608.6,511.7038,3,2019,2024,eu_trend_wm_max_recent_v2
BRI,LTN,26605.0,511.6346,2,2018,2019,eu_trend_wm_max_recent_v2
OTP,BLL,26599.36,511.5261,5,2017,2024,eu_trend_wm_max_recent_v2
PMO,FMM,26591.97,511.384,7,2015,2024,eu_trend_wm_max_recent_v2
BVA,GRO,26591.58,511.3766,7,2015,2024,eu_trend_wm_max_recent_v2
ACE,TFS,26589.2,511.3307,2,2023,2024,eu_trend_wm_max_recent_v2
STN,PLQ,26589.2,511.3307,6,2016,2024,eu_trend_wm_max_recent_v2
TSF,MAN,26585.0,511.25,2,2018,2019,eu_trend_wm_max_recent_v2
XRY,HAJ,26584.26,511.2358,7,2015,2024,eu_trend_wm_max_recent_v2
ACE,STR,26579.12,511.137,5,2015,2019,eu_trend_wm_max_recent_v2
BRE,MAD,26565.05,510.8663,1,2015,2015,eu_trend_wm_max_recent_v2
BRS,BSL,26559.0,510.75,4,2016,2019,eu_trend_wm_max_recent_v2
OST,TFS,26558.0,510.7308,7,2015,2024,eu_trend_wm_max_recent_v2
FKB,SKP,26555.12,510.6754,3,2019,2024,eu_trend_wm_max_recent_v2
IST,BOD,26548.55,510.549,3,2019,2024,eu_trend_wm_max_recent_v2
AMS,BHD,26547.0,510.5192,5,2015,2019,eu_trend_wm_max_recent_v2
MXP,FUE,26545.5,510.4904,6,2015,2024,eu_trend_wm_max_recent_v2
PSA,HAM,26545.06,510.4819,2,2015,2016,eu_trend_wm_max_recent_v2
GRO,AHO,26537.99,510.3459,1,2015,2015,eu_trend_wm_max_recent_v2
FRA,CLJ,26535.3,510.2942,3,2018,2023,eu_trend_wm_max_recent_v2
PMI,EXT,26529.33,510.1794,5,2015,2019,eu_trend_wm_max_recent_v2
FAO,OSL,26528.0,510.1538,5,2017,2024,eu_trend_wm_max_recent_v2
EDI,KEF,26526.0,510.1154,7,2015,2024,eu_trend_wm_max_recent_v2
HAJ,XRY,26506.74,509.745,7,2015,2024,eu_trend_wm_max_recent_v2
PMO,TRS,26494.04,509.5008,2,2023,2024,eu_trend_wm_max_recent_v2
TRS,PMO,26494.04,509.5008,2,2023,2024,eu_trend_wm_max_recent_v2
OTP,STR,26491.44,509.4509,3,2015,2024,eu_trend_wm_max_recent_v2
MAD,BRE,26490.36,509.43,1,2015,2015,eu_trend_wm_max_recent_v2
GOT,KRK,26487.36,509.3723,3,2018,2024,eu_trend_wm_max_recent_v2
CIA,BTS,26485.63,509.339,7,2015,2024,eu_trend_wm_max_recent_v2
CGN,ATH,26483.88,509.3053,2,2023,2024,eu_trend_wm_max_recent_v2
BHX,HAJ,26475.02,509.1349,3,2015,2017,eu_trend_wm_max_recent_v2
PMI,FAO,26474.13,509.1178,1,2015,2015,eu_trend_wm_max_recent_v2
TUF,OPO,26471.0,509.0577,7,2015,2024,eu_trend_wm_max_recent_v2
PRG,VAR,26457.3,508.7943,7,2015,2024,eu_trend_wm_max_recent_v2
RTM,BER,26449.05,508.6356,2,2016,2017,eu_trend_wm_max_recent_v2
TGD,LJU,26429.28,508.2554,6,2015,2024,eu_trend_wm_max_recent_v2
HHN,BRI,26426.16,508.1954,7,2015,2024,eu_trend_wm_max_recent_v2
PMO,LYS,26420.17,508.0801,5,2015,2024,eu_trend_wm_max_recent_v2
TPS,TRN,26417.36,508.0262,6,2015,2024,eu_trend_wm_max_recent_v2
FNC,VIE,26408.12,507.8485,4,2015,2024,eu_trend_wm_max_recent_v2
CGN,IBZ,26404.74,507.7835,7,2015,2024,eu_trend_wm_max_recent_v2
CDG,SCQ,26403.0,507.75,7,2015,2024,eu_trend_wm_max_recent_v2
WRO,PFO,26396.11,507.6175,2,2023,2024,eu_trend_wm_max_recent_v2
RZE,LTN,26391.83,507.5351,7,2015,2024,eu_trend_wm_max_recent_v2
CPH,NAP,26390.46,507.5088,1,2018,2018,eu_trend_wm_max_recent_v2
CRL,NYO,26387.4,507.45,5,2015,2019,eu_trend_wm_max_recent_v2
AMS,DBV,26379.48,507.2977,6,2016,2024,eu_trend_wm_max_recent_v2
CTA,NTE,26365.0,507.0192,1,2019,2019,eu_trend_wm_max_recent_v2
KRK,ATH,26361.0,506.9423,4,2018,2024,eu_trend_wm_max_recent_v2
HEL,BGO,26355.0,506.8269,2,2019,2023,eu_trend_wm_max_recent_v2
VCE,IAS,26347.15,506.6759,2,2023,2024,eu_trend_wm_max_recent_v2
ABZ,KOI,26346.4,506.6615,5,2015,2019,eu_trend_wm_max_recent_v2
FUE,CPH,26345.55,506.6452,5,2015,2019,eu_trend_wm_max_recent_v2
WMI,BHX,26341.0,506.5577,5,2017,2024,eu_trend_wm_max_recent_v2
FMM,OPO,26338.44,506.5085,7,2015,2024,eu_trend_wm_max_recent_v2
WRO,LCA,26335.14,506.445,2,2023,2024,eu_trend_wm_max_recent_v2
PFO,WRO,26330.52,506.3561,2,2023,2024,eu_trend_wm_max_recent_v2
CDG,LBA,26329.0,506.3269,5,2015,2019,eu_trend_wm_max_recent_v2
BSL,BRS,26320.0,506.1538,4,2016,2019,eu_trend_wm_max_recent_v2
KIR,HHN,26311.92,505.9985,7,2015,2024,eu_trend_wm_max_recent_v2
BRI,CDG,26311.12,505.983,2,2023,2024,eu_trend_wm_max_recent_v2
AHO,GRO,26308.51,505.933,1,2015,2015,eu_trend_wm_max_recent_v2
FMM,PMO,26308.35,505.9297,7,2015,2024,eu_trend_wm_max_recent_v2
TRF,POZ,26305.14,505.8681,7,2015,2024,eu_trend_wm_max_recent_v2
LIN,ATH,26301.72,505.8023,1,2018,2018,eu_trend_wm_max_recent_v2
INI,BSL,26296.08,505.6939,7,2015,2024,eu_trend_wm_max_recent_v2
RIX,EIN,26294.0,505.6538,5,2015,2019,eu_trend_wm_max_recent_v2
LHR,JMK,26285.25,505.4856,5,2017,2024,eu_trend_wm_max_recent_v2
JFK,PDL,26280.63,505.3967,3,2019,2024,eu_trend_wm_max_recent_v2
FCO,CIY,26274.16,505.2724,6,2015,2024,eu_trend_wm_max_recent_v2
BEG,SKP,26271.39,505.2191,7,2015,2024,eu_trend_wm_max_recent_v2
VLC,HAM,26266.02,505.1158,2,2018,2023,eu_trend_wm_max_recent_v2
GDN,ALC,26263.08,505.0592,5,2016,2024,eu_trend_wm_max_recent_v2
MAN,TSF,26255.0,504.9038,2,2018,2019,eu_trend_wm_max_recent_v2
FSC,NCE,26254.42,504.8927,7,2015,2024,eu_trend_wm_max_recent_v2
HHN,CTA,26252.92,504.8638,2,2023,2024,eu_trend_wm_max_recent_v2
CLJ,BSL,26245.0,504.7115,7,2015,2024,eu_trend_wm_max_recent_v2
PTP,CAY,26244.6,504.7038,7,2015,2024,eu_trend_wm_max_recent_v2
NRN,MUC,26232.65,504.474,1,2017,2017,eu_trend_wm_max_recent_v2
LIS,LPL,26225.17,504.3301,4,2015,2018,eu_trend_wm_max_recent_v2
GRO,BVA,26219.12,504.2139,7,2015,2024,eu_trend_wm_max_recent_v2
WRO,CDG,26216.0,504.1538,2,2018,2019,eu_trend_wm_max_recent_v2
AUH,KRK,26197.48,503.7978,1,2023,2023,eu_trend_wm_max_recent_v2
DUS,BOJ,26193.78,503.7265,7,2015,2024,eu_trend_wm_max_recent_v2
KEF,BUD,26187.32,503.6024,4,2018,2024,eu_trend_wm_max_recent_v2
RTM,VLC,26186.49,503.5863,5,2017,2024,eu_trend_wm_max_recent_v2
RTM,FCO,26179.32,503.4485,7,2015,2024,eu_trend_wm_max_recent_v2
MLA,DUS,26175.0,503.3654,6,2015,2024,eu_trend_wm_max_recent_v2
ALC,VIT,26171.62,503.3003,2,2023,2024,eu_trend_wm_max_recent_v2
BLQ,REG,26167.47,503.2206,1,2024,2024,eu_trend_wm_max_recent_v2
ZRH,OLB,26155.89,502.9979,7,2015,2024,eu_trend_wm_max_recent_v2
ZRH,SPU,26150.37,502.8917,7,2015,2024,eu_trend_wm_max_recent_v2
FRA,VAR,26149.41,502.8733,6,2015,2024,eu_trend_wm_max_recent_v2
BOJ,DUS,26148.31,502.8522,7,2015,2024,eu_trend_wm_max_recent_v2
CTA,HHN,26140.21,502.6963,2,2023,2024,eu_trend_wm_max_recent_v2
DUS,MLA,26113.12,502.1755,6,2015,2024,eu_trend_wm_max_recent_v2
AUH,KTW,26112.49,502.1633,2,2023,2024,eu_trend_wm_max_recent_v2
BLL,HEL,26108.0,502.0769,5,2016,2024,eu_trend_wm_max_recent_v2
ALC,SNN,26103.25,501.9856,7,2015,2024,eu_trend_wm_max_recent_v2
KTW,AUH,26101.4,501.9501,2,2023,2024,eu_trend_wm_max_recent_v2
HAM,PSA,26098.29,501.8902,2,2015,2016,eu_trend_wm_max_recent_v2
CIA,ORY,26093.11,501.7906,1,2015,2015,eu_trend_wm_max_recent_v2
DUS,LCA,26092.17,501.7724,2,2023,2024,eu_trend_wm_max_recent_v2
ZAD,FRA,26080.0,501.5385,5,2015,2024,eu_trend_wm_max_recent_v2
HAJ,CPH,26079.0,501.5192,6,2015,2023,eu_trend_wm_max_recent_v2
BGY,BRS,26078.0,501.5,4,2016,2019,eu_trend_wm_max_recent_v2
MLA,PSA,26074.18,501.4265,7,2015,2024,eu_trend_wm_max_recent_v2
LIN,CPH,26072.54,501.3951,1,2015,2015,eu_trend_wm_max_recent_v2
BHX,LYS,26068.57,501.3187,2,2015,2016,eu_trend_wm_max_recent_v2
OPO,FMM,26067.12,501.2908,7,2015,2024,eu_trend_wm_max_recent_v2
EMA,BER,26046.41,500.8926,5,2015,2019,eu_trend_wm_max_recent_v2
MXP,RHO,26046.0,500.8846,5,2015,2019,eu_trend_wm_max_recent_v2
SKG,BTS,26040.0,500.7692,4,2018,2024,eu_trend_wm_max_recent_v2
TFS,ACE,26036.74,500.7065,2,2023,2024,eu_trend_wm_max_recent_v2
FCO,RTM,26033.46,500.6435,7,2015,2024,eu_trend_wm_max_recent_v2
TGM,LTN,26033.0,500.6346,4,2015,2024,eu_trend_wm_max_recent_v2
ALC,TLS,26029.34,500.5643,2,2023,2024,eu_trend_wm_max_recent_v2
SNN,ALC,26029.34,500.5643,7,2015,2024,eu_trend_wm_max_recent_v2
HAJ,BUD,26025.0,500.4808,3,2017,2019,eu_trend_wm_max_recent_v2
IST,BLL,26020.0,500.3846,3,2019,2024,eu_trend_wm_max_recent_v2
AGP,STR,26018.26,500.3511,2,2023,2024,eu_trend_wm_max_recent_v2
KOI,ABZ,26010.84,500.2086,5,2015,2019,eu_trend_wm_max_recent_v2
KEF,EDI,25994.0,499.8846,7,2015,2024,eu_trend_wm_max_recent_v2
YVR,KEF,25988.58,499.7804,4,2015,2024,eu_trend_wm_max_recent_v2
FMM,TSR,25980.0,499.6154,7,2015,2024,eu_trend_wm_max_recent_v2
HOR,TER,25966.52,499.3562,7,2015,2024,eu_trend_wm_max_recent_v2
TGD,KRK,25960.06,499.2319,2,2023,2024,eu_trend_wm_max_recent_v2
EIN,RIX,25960.0,499.2308,5,2015,2019,eu_trend_wm_max_recent_v2
AMS,PFO,25957.34,499.1796,7,2015,2024,eu_trend_wm_max_recent_v2
STN,CLJ,25941.58,498.8765,2,2023,2024,eu_trend_wm_max_recent_v2
CPH,FUE,25936.56,498.78,5,2015,2019,eu_trend_wm_max_recent_v2
LGW,SXB,25930.74,498.6682,2,2015,2024,eu_trend_wm_max_recent_v2
ARN,DBV,25919.22,498.4465,7,2015,2024,eu_trend_wm_max_recent_v2
VAR,HAM,25913.86,498.3435,6,2016,2024,eu_trend_wm_max_recent_v2
FRA,BRS,25911.16,498.2916,4,2015,2018,eu_trend_wm_max_recent_v2
NUE,WAW,25911.0,498.2885,2,2018,2019,eu_trend_wm_max_recent_v2
LIS,HAJ,25908.01,498.231,1,2015,2015,eu_trend_wm_max_recent_v2
ATH,KRK,25899.0,498.0577,4,2018,2024,eu_trend_wm_max_recent_v2
MAN,HAJ,25887.45,497.8355,3,2015,2017,eu_trend_wm_max_recent_v2
BRI,HHN,25885.56,497.7992,7,2015,2024,eu_trend_wm_max_recent_v2
TLS,ALC,25884.3,497.775,2,2023,2024,eu_trend_wm_max_recent_v2
LEJ,VAR,25880.0,497.6923,7,2015,2024,eu_trend_wm_max_recent_v2
STR,AGP,25868.6,497.473,2,2023,2024,eu_trend_wm_max_recent_v2
BER,EMA,25865.38,497.4112,5,2015,2019,eu_trend_wm_max_recent_v2
LCA,WRO,25852.89,497.171,2,2023,2024,eu_trend_wm_max_recent_v2
MLA,CAG,25852.89,497.171,2,2023,2024,eu_trend_wm_max_recent_v2
NYO,CRL,25833.54,496.7988,5,2015,2019,eu_trend_wm_max_recent_v2
NAP,AHO,25829.79,496.7268,2,2023,2024,eu_trend_wm_max_recent_v2
MAN,RIX,25827.95,496.6913,7,2015,2024,eu_trend_wm_max_recent_v2
ATH,JSI,25826.91,496.6714,7,2015,2024,eu_trend_wm_max_recent_v2
GRZ,ZRH,25826.0,496.6538,7,2015,2024,eu_trend_wm_max_recent_v2
LYS,BHX,25821.31,496.5637,2,2015,2016,eu_trend_wm_max_recent_v2
AMS,WRO,25819.63,496.5314,3,2019,2024,eu_trend_wm_max_recent_v2
CAG,MLA,25817.78,496.4959,2,2023,2024,eu_trend_wm_max_recent_v2
CDG,WRO,25816.0,496.4615,2,2018,2019,eu_trend_wm_max_recent_v2
RIX,MAN,25815.01,496.4426,7,2015,2024,eu_trend_wm_max_recent_v2
FNC,HAJ,25799.88,496.1515,6,2016,2024,eu_trend_wm_max_recent_v2
BHD,AMS,25782.0,495.8077,5,2015,2019,eu_trend_wm_max_recent_v2
PSA,MLA,25780.72,495.7831,7,2015,2024,eu_trend_wm_max_recent_v2
NTE,CTA,25776.0,495.6923,1,2019,2019,eu_trend_wm_max_recent_v2
NCE,FSC,25768.82,495.5542,7,2015,2024,eu_trend_wm_max_recent_v2
TLV,CLJ,25759.0,495.3654,6,2015,2023,eu_trend_wm_max_recent_v2
VAR,LEJ,25749.0,495.1731,7,2015,2024,eu_trend_wm_max_recent_v2
PSA,LED,25748.88,495.1708,1,2018,2018,eu_trend_wm_max_recent_v2
LED,PSA,25747.86,495.1512,1,2018,2018,eu_trend_wm_max_recent_v2
LPL,LIG,25747.81,495.1503,1,2015,2015,eu_trend_wm_max_recent_v2
LIG,LPL,25742.4,495.0462,1,2015,2015,eu_trend_wm_max_recent_v2
MJT,AMS,25727.46,494.7588,7,2015,2024,eu_trend_wm_max_recent_v2
OPO,TUF,25726.0,494.7308,7,2015,2024,eu_trend_wm_max_recent_v2
LNZ,DUS,25724.0,494.6923,5,2015,2019,eu_trend_wm_max_recent_v2
AGP,HHN,25717.26,494.5627,7,2015,2024,eu_trend_wm_max_recent_v2
BTS,SKG,25717.0,494.5577,4,2018,2024,eu_trend_wm_max_recent_v2
VAR,FRA,25713.49,494.4901,6,2015,2024,eu_trend_wm_max_recent_v2
BUD,TSF,25706.2,494.3501,7,2015,2024,eu_trend_wm_max_recent_v2
BRS,KTW,25696.0,494.1538,5,2015,2019,eu_trend_wm_max_recent_v2
PRG,SEN,25688.0,494.0,3,2017,2019,eu_trend_wm_max_recent_v2
PSA,SVQ,25686.53,493.9716,6,2015,2024,eu_trend_wm_max_recent_v2
HAJ,FNC,25682.27,493.8899,6,2016,2024,eu_trend_wm_max_recent_v2
EIN,TSF,25674.0,493.7308,7,2015,2024,eu_trend_wm_max_recent_v2
BHX,WMI,25671.0,493.6731,5,2017,2024,eu_trend_wm_max_recent_v2
HEL,BLL,25671.0,493.6731,5,2016,2024,eu_trend_wm_max_recent_v2
ORK,REU,25669.32,493.6407,5,2016,2024,eu_trend_wm_max_recent_v2
BSL,IBZ,25668.12,493.6177,2,2023,2024,eu_trend_wm_max_recent_v2
RHO,LEJ,25667.51,493.6059,7,2015,2024,eu_trend_wm_max_recent_v2
LBA,RMU,25657.0,493.4038,1,2019,2019,eu_trend_wm_max_recent_v2
WRO,AMS,25653.34,493.3335,3,2019,2024,eu_trend_wm_max_recent_v2
RIX,KEF,25648.0,493.2308,2,2018,2019,eu_trend_wm_max_recent_v2
NTE,VLC,25637.62,493.0311,3,2019,2024,eu_trend_wm_max_recent_v2
AGP,HAJ,25636.5,493.0095,1,2017,2017,eu_trend_wm_max_recent_v2
LHR,SPU,25633.09,492.944,6,2016,2024,eu_trend_wm_max_recent_v2
DBV,OSL,25632.33,492.9295,7,2015,2024,eu_trend_wm_max_recent_v2
WAW,ACE,25630.3,492.8903,3,2016,2018,eu_trend_wm_max_recent_v2
TSF,BUD,25629.21,492.8695,7,2015,2024,eu_trend_wm_max_recent_v2
ANR,ALC,25629.0,492.8654,7,2015,2024,eu_trend_wm_max_recent_v2
BER,RTM,25628.17,492.8495,2,2016,2017,eu_trend_wm_max_recent_v2
BEG,GOT,25627.65,492.8395,7,2015,2024,eu_trend_wm_max_recent_v2
DUS,CHQ,25624.03,492.7698,5,2017,2024,eu_trend_wm_max_recent_v2
IAS,LCA,25621.93,492.7294,5,2017,2024,eu_trend_wm_max_recent_v2
KTW,PFO,25616.39,492.6228,3,2019,2024,eu_trend_wm_max_recent_v2
CFU,STR,25615.88,492.6131,7,2015,2024,eu_trend_wm_max_recent_v2
SOF,HAM,25614.54,492.5873,1,2023,2023,eu_trend_wm_max_recent_v2
CFU,NAP,25613.61,492.5695,2,2023,2024,eu_trend_wm_max_recent_v2
CDG,BRI,25606.22,492.4274,2,2023,2024,eu_trend_wm_max_recent_v2
SZG,LTN,25603.2,492.3692,1,2024,2024,eu_trend_wm_max_recent_v2
PSA,ARN,25601.6,492.3385,2,2023,2024,eu_trend_wm_max_recent_v2
KEF,RIX,25593.0,492.1731,2,2018,2019,eu_trend_wm_max_recent_v2
KTW,BRS,25592.0,492.1538,5,2015,2019,eu_trend_wm_max_recent_v2
NCL,LCA,25587.6,492.0692,7,2015,2024,eu_trend_wm_max_recent_v2
EIN,MUC,25582.4,491.9691,2,2016,2017,eu_trend_wm_max_recent_v2
LEJ,RHO,25581.46,491.9512,7,2015,2024,eu_trend_wm_max_recent_v2
KRK,TRD,25576.0,491.8462,7,2015,2024,eu_trend_wm_max_recent_v2
ORD,KRK,25575.74,491.8411,1,2023,2023,eu_trend_wm_max_recent_v2
TLS,MAN,25572.42,491.7773,2,2017,2018,eu_trend_wm_max_recent_v2
NYO,KTW,25568.13,491.6948,5,2015,2019,eu_trend_wm_max_recent_v2
KRK,VLC,25556.34,491.468,2,2023,2024,eu_trend_wm_max_recent_v2
ATH,DBV,25553.0,491.4038,6,2016,2024,eu_trend_wm_max_recent_v2
LHR,NUE,25552.64,491.3969,1,2023,2023,eu_trend_wm_max_recent_v2
BRS,FRA,25552.22,491.3889,4,2015,2018,eu_trend_wm_max_recent_v2
TUF,STN,25546.0,491.2692,7,2015,2024,eu_trend_wm_max_recent_v2
LCA,NCL,25534.54,491.0488,7,2015,2024,eu_trend_wm_max_recent_v2
ZAZ,OTP,25533.24,491.0238,7,2015,2024,eu_trend_wm_max_recent_v2
TSF,EIN,25532.0,491.0,7,2015,2024,eu_trend_wm_max_recent_v2
CFU,NCL,25531.33,490.9871,7,2015,2024,eu_trend_wm_max_recent_v2
DUS,LNZ,25529.0,490.9423,5,2015,2019,eu_trend_wm_max_recent_v2
AHO,NAP,25525.85,490.8817,2,2023,2024,eu_trend_wm_max_recent_v2
ACE,WAW,25522.05,490.8087,3,2016,2018,eu_trend_wm_max_recent_v2
DUS,BSL,25522.05,490.8087,5,2015,2019,eu_trend_wm_max_recent_v2
WAW,NUE,25517.0,490.7115,2,2018,2019,eu_trend_wm_max_recent_v2
VNO,TLV,25513.84,490.6508,7,2015,2024,eu_trend_wm_max_recent_v2
LYS,MLA,25508.1,490.5403,3,2019,2024,eu_trend_wm_max_recent_v2
OLB,ZRH,25507.14,490.5219,7,2015,2024,eu_trend_wm_max_recent_v2
VLC,KRK,25501.83,490.4198,2,2023,2024,eu_trend_wm_max_recent_v2
PLQ,STN,25500.91,490.402,6,2016,2024,eu_trend_wm_max_recent_v2
VLC,RTM,25488.17,490.1571,5,2017,2024,eu_trend_wm_max_recent_v2
NCL,CFU,25476.12,489.9254,7,2015,2024,eu_trend_wm_max_recent_v2
PFO,AMS,25474.58,489.8959,7,2015,2024,eu_trend_wm_max_recent_v2
LCA,DUS,25473.19,489.869,2,2023,2024,eu_trend_wm_max_recent_v2
MUC,VNO,25470.42,489.8157,2,2023,2024,eu_trend_wm_max_recent_v2
FLR,BRU,25466.34,489.7373,7,2015,2024,eu_trend_wm_max_recent_v2
BVA,AGP,25465.81,489.7271,4,2015,2024,eu_trend_wm_max_recent_v2
KTW,AGP,25464.88,489.7091,4,2018,2024,eu_trend_wm_max_recent_v2
HAJ,BHX,25456.26,489.5434,3,2015,2017,eu_trend_wm_max_recent_v2
KRK,GOT,25456.0,489.5385,3,2018,2024,eu_trend_wm_max_recent_v2
HAM,VAR,25450.13,489.4256,6,2016,2024,eu_trend_wm_max_recent_v2
LTN,BRI,25446.0,489.3462,2,2018,2019,eu_trend_wm_max_recent_v2
KTW,NYO,25445.82,489.3426,5,2015,2019,eu_trend_wm_max_recent_v2
DOH,TLS,25445.6,489.3385,1,2024,2024,eu_trend_wm_max_recent_v2
IAS,VCE,25441.78,489.265,2,2023,2024,eu_trend_wm_max_recent_v2
MAN,SEN,25422.48,488.8938,1,2018,2018,eu_trend_wm_max_recent_v2
BRI,VLC,25418.68,488.8208,7,2015,2024,eu_trend_wm_max_recent_v2
FAO,NRN,25415.34,488.7565,7,2015,2024,eu_trend_wm_max_recent_v2
LJU,TGD,25407.61,488.6079,6,2015,2024,eu_trend_wm_max_recent_v2
CGN,BEG,25402.05,488.501,1,2023,2023,eu_trend_wm_max_recent_v2
NAP,EMA,25400.04,488.4623,3,2017,2019,eu_trend_wm_max_recent_v2
EIN,CTA,25370.3,487.8904,7,2015,2024,eu_trend_wm_max_recent_v2
IBZ,BSL,25354.94,487.595,2,2023,2024,eu_trend_wm_max_recent_v2
VIE,KGS,25354.12,487.5793,6,2015,2024,eu_trend_wm_max_recent_v2
SVQ,PSA,25346.88,487.4399,6,2015,2024,eu_trend_wm_max_recent_v2
BLL,IST,25340.0,487.3077,3,2019,2024,eu_trend_wm_max_recent_v2
REU,ORK,25336.91,487.2483,5,2016,2024,eu_trend_wm_max_recent_v2
CLJ,TLV,25328.0,487.0769,6,2015,2023,eu_trend_wm_max_recent_v2
KEF,DTW,25327.22,487.062,3,2018,2024,eu_trend_wm_max_recent_v2
CGN,VAR,25317.06,486.8665,6,2015,2023,eu_trend_wm_max_recent_v2
LJU,DXB,25316.14,486.8488,2,2023,2024,eu_trend_wm_max_recent_v2
GDN,BLL,25315.21,486.831,6,2016,2024,eu_trend_wm_max_recent_v2
LCA,IAS,25313.36,486.7955,5,2017,2024,eu_trend_wm_max_recent_v2
TLV,VNO,25304.13,486.6178,7,2015,2024,eu_trend_wm_max_recent_v2
FRA,ZAD,25304.0,486.6154,5,2015,2024,eu_trend_wm_max_recent_v2
PFO,KTW,25299.51,486.529,3,2019,2024,eu_trend_wm_max_recent_v2
FMM,DUB,25294.89,486.4401,7,2015,2024,eu_trend_wm_max_recent_v2
ZAZ,TFN,25288.42,486.3158,2,2023,2024,eu_trend_wm_max_recent_v2
OTP,ZAZ,25286.57,486.2803,7,2015,2024,eu_trend_wm_max_recent_v2
CTA,EIN,25280.1,486.1557,7,2015,2024,eu_trend_wm_max_recent_v2
RMU,LBA,25280.0,486.1538,1,2019,2019,eu_trend_wm_max_recent_v2
VLC,NTE,25277.14,486.0988,3,2019,2024,eu_trend_wm_max_recent_v2
MAN,TLS,25260.3,485.775,2,2017,2018,eu_trend_wm_max_recent_v2
KRK,AUH,25255.16,485.6762,1,2023,2023,eu_trend_wm_max_recent_v2
SCQ,BSL,25249.96,485.5762,7,2015,2024,eu_trend_wm_max_recent_v2
DTW,KEF,25245.92,485.4985,3,2018,2024,eu_trend_wm_max_recent_v2
MLA,RIX,25237.0,485.3269,4,2018,2024,eu_trend_wm_max_recent_v2
BSL,INI,25235.47,485.2975,7,2015,2024,eu_trend_wm_max_recent_v2
ZRH,SOF,25230.94,485.2104,5,2015,2024,eu_trend_wm_max_recent_v2
BLL,GDN,25230.22,485.1965,6,2016,2024,eu_trend_wm_max_recent_v2
POZ,PMI,25214.51,484.8945,5,2017,2024,eu_trend_wm_max_recent_v2
HAJ,VAR,25212.01,484.8464,6,2015,2023,eu_trend_wm_max_recent_v2
BSL,CLJ,25209.0,484.7885,7,2015,2024,eu_trend_wm_max_recent_v2
DUB,CCF,25203.0,484.6731,7,2015,2024,eu_trend_wm_max_recent_v2
NAP,CMN,25202.16,484.6569,2,2017,2018,eu_trend_wm_max_recent_v2
FNC,BHX,25201.58,484.6458,7,2015,2024,eu_trend_wm_max_recent_v2
TLV,EIN,25200.0,484.6154,2,2018,2019,eu_trend_wm_max_recent_v2
AGP,KTW,25198.81,484.5925,4,2018,2024,eu_trend_wm_max_recent_v2
BUD,LPL,25192.0,484.4615,4,2016,2019,eu_trend_wm_max_recent_v2
CIA,MLA,25182.78,484.2842,6,2015,2024,eu_trend_wm_max_recent_v2
VLC,GVA,25180.33,484.2371,2,2023,2024,eu_trend_wm_max_recent_v2
ORY,CAG,25178.48,484.2016,1,2023,2023,eu_trend_wm_max_recent_v2
BLL,OTP,25175.0,484.1346,5,2017,2024,eu_trend_wm_max_recent_v2
MXP,BRS,25175.0,484.1346,1,2019,2019,eu_trend_wm_max_recent_v2
CHQ,DUS,25172.94,484.095,5,2017,2024,eu_trend_wm_max_recent_v2
VAR,HAJ,25168.32,484.0061,6,2015,2023,eu_trend_wm_max_recent_v2
BRS,BGY,25162.0,483.8846,4,2016,2019,eu_trend_wm_max_recent_v2
GOT,BEG,25153.96,483.7299,7,2015,2024,eu_trend_wm_max_recent_v2
BEG,NCE,25148.0,483.6153,2,2023,2024,eu_trend_wm_max_recent_v2
MUC,NRN,25144.39,483.5459,1,2017,2017,eu_trend_wm_max_recent_v2
LGW,BOJ,25140.0,483.4615,7,2015,2024,eu_trend_wm_max_recent_v2
CFU,BRU,25135.0,483.3654,7,2015,2024,eu_trend_wm_max_recent_v2
KRK,TGD,25120.28,483.0823,2,2023,2024,eu_trend_wm_max_recent_v2
VLC,BRI,25106.42,482.8158,7,2015,2024,eu_trend_wm_max_recent_v2
TSF,TLS,25099.96,482.6915,2,2023,2024,eu_trend_wm_max_recent_v2
CHQ,BRU,25095.45,482.6047,7,2015,2024,eu_trend_wm_max_recent_v2
ALC,ANR,25084.25,482.3894,7,2015,2024,eu_trend_wm_max_recent_v2
TFS,OST,25079.63,482.3006,7,2015,2024,eu_trend_wm_max_recent_v2
STR,CFU,25076.86,482.2473,7,2015,2024,eu_trend_wm_max_recent_v2
MLA,LYS,25074.25,482.1971,3,2019,2024,eu_trend_wm_max_recent_v2
XRY,STR,25073.0,482.1731,5,2015,2019,eu_trend_wm_max_recent_v2
EIN,TLV,25064.0,482.0,2,2018,2019,eu_trend_wm_max_recent_v2
ARN,PSA,25061.15,481.9453,2,2023,2024,eu_trend_wm_max_recent_v2
TLV,IAS,25061.16,481.9453,6,2015,2023,eu_trend_wm_max_recent_v2
RIX,MLA,25048.22,481.6966,4,2018,2024,eu_trend_wm_max_recent_v2
HAJ,MAN,25045.32,481.6407,3,2015,2017,eu_trend_wm_max_recent_v2
STR,XRY,25039.0,481.5192,5,2015,2019,eu_trend_wm_max_recent_v2
KEF,MIA,25036.19,481.4651,1,2017,2017,eu_trend_wm_max_recent_v2
HHN,ALC,25032.02,481.3851,6,2015,2024,eu_trend_wm_max_recent_v2
CTA,FMM,25030.67,481.359,2,2023,2024,eu_trend_wm_max_recent_v2
BRS,MXP,25024.0,481.2308,1,2019,2019,eu_trend_wm_max_recent_v2
LPA,GRX,25019.58,481.1458,4,2018,2024,eu_trend_wm_max_recent_v2
WMI,TFS,25018.66,481.128,7,2015,2024,eu_trend_wm_max_recent_v2
WRO,GDN,25016.0,481.0769,4,2018,2024,eu_trend_wm_max_recent_v2
RHO,HAM,25013.0,481.0192,7,2015,2024,eu_trend_wm_max_recent_v2
TLL,VIE,24998.0,480.7308,7,2015,2024,eu_trend_wm_max_recent_v2
FCO,BOD,24997.41,480.7194,2,2023,2024,eu_trend_wm_max_recent_v2
GLA,JER,24995.0,480.6731,4,2016,2019,eu_trend_wm_max_recent_v2
HAM,RHO,24994.0,480.6538,7,2015,2024,eu_trend_wm_max_recent_v2
PNA,FRA,24989.0,480.5577,2,2018,2019,eu_trend_wm_max_recent_v2
MXP,ACE,24988.21,480.5424,5,2017,2024,eu_trend_wm_max_recent_v2
BLL,TFS,24978.96,480.3647,7,2015,2024,eu_trend_wm_max_recent_v2
GRZ,AMS,24978.0,480.3462,4,2017,2023,eu_trend_wm_max_recent_v2
HAJ,AGP,24977.92,480.3447,1,2017,2017,eu_trend_wm_max_recent_v2
OTP,TRF,24955.6,479.9154,7,2015,2024,eu_trend_wm_max_recent_v2
ARN,CGN,24953.06,479.8666,2,2023,2024,eu_trend_wm_max_recent_v2
KRK,MLA,24952.14,479.8489,4,2015,2024,eu_trend_wm_max_recent_v2
HER,FCO,24948.98,479.7881,1,2015,2015,eu_trend_wm_max_recent_v2
MAN,GDN,24932.0,479.4615,7,2015,2024,eu_trend_wm_max_recent_v2
CCF,DUB,24931.0,479.4423,7,2015,2024,eu_trend_wm_max_recent_v2
TFS,BLL,24927.98,479.3843,7,2015,2024,eu_trend_wm_max_recent_v2
BHX,FNC,24910.57,479.0494,7,2015,2024,eu_trend_wm_max_recent_v2
KEF,RDU,24909.64,479.0316,2,2023,2024,eu_trend_wm_max_recent_v2
MLA,CGN,24908.0,479.0,5,2017,2024,eu_trend_wm_max_recent_v2
WRO,ALC,24905.02,478.9428,7,2015,2024,eu_trend_wm_max_recent_v2
NRN,FAO,24904.1,478.925,7,2015,2024,eu_trend_wm_max_recent_v2
TRD,KRK,24886.0,478.5769,7,2015,2024,eu_trend_wm_max_recent_v2
JER,GLA,24885.0,478.5577,4,2016,2019,eu_trend_wm_max_recent_v2
LIN,IBZ,24882.21,478.504,1,2017,2017,eu_trend_wm_max_recent_v2
IAS,TLV,24881.17,478.484,6,2015,2023,eu_trend_wm_max_recent_v2
AGP,BVA,24868.35,478.2375,4,2015,2024,eu_trend_wm_max_recent_v2
GRX,LPA,24866.22,478.1966,4,2018,2024,eu_trend_wm_max_recent_v2
SVQ,VCE,24858.0,478.0385,1,2019,2019,eu_trend_wm_max_recent_v2
BIA,TLS,24857.24,478.0238,6,2015,2024,eu_trend_wm_max_recent_v2
AMS,LCA,24853.0,477.9423,5,2017,2024,eu_trend_wm_max_recent_v2
FMM,CTA,24850.52,477.8946,2,2023,2024,eu_trend_wm_max_recent_v2
CAG,PMO,24840.36,477.6992,2,2023,2024,eu_trend_wm_max_recent_v2
BFS,BCN,24840.06,477.6935,4,2015,2019,eu_trend_wm_max_recent_v2
MLA,CIA,24838.63,477.666,6,2015,2024,eu_trend_wm_max_recent_v2
SPU,ZRH,24831.0,477.5192,7,2015,2024,eu_trend_wm_max_recent_v2
NCE,BEG,24826.5,477.4327,2,2023,2024,eu_trend_wm_max_recent_v2
CDG,PMO,24823.94,477.3835,7,2015,2024,eu_trend_wm_max_recent_v2
BOD,FCO,24819.11,477.2905,2,2023,2024,eu_trend_wm_max_recent_v2
HHN,AGP,24811.5,477.1442,7,2015,2024,eu_trend_wm_max_recent_v2
MUC,BRS,24810.48,477.1246,2,2017,2018,eu_trend_wm_max_recent_v2
MAH,MRS,24809.87,477.1129,2,2023,2024,eu_trend_wm_max_recent_v2
KEF,PDX,24808.95,477.0951,4,2017,2024,eu_trend_wm_max_recent_v2
PGF,STN,24804.36,477.0069,7,2015,2024,eu_trend_wm_max_recent_v2
CGN,RIX,24802.1,476.9634,5,2015,2019,eu_trend_wm_max_recent_v2
WRO,LPL,24800.28,476.9285,7,2015,2024,eu_trend_wm_max_recent_v2
LTN,NTE,24796.0,476.8462,3,2017,2019,eu_trend_wm_max_recent_v2
SEN,BCN,24795.0,476.8269,5,2015,2019,eu_trend_wm_max_recent_v2
MRS,CIA,24792.0,476.7692,4,2015,2023,eu_trend_wm_max_recent_v2
MLA,SOF,24786.77,476.6687,7,2015,2024,eu_trend_wm_max_recent_v2
SEN,PRG,24786.0,476.6538,3,2017,2019,eu_trend_wm_max_recent_v2
GDN,MAN,24779.0,476.5192,7,2015,2024,eu_trend_wm_max_recent_v2
OSL,DBV,24776.87,476.4783,7,2015,2024,eu_trend_wm_max_recent_v2
AJA,TLS,24769.22,476.3311,7,2015,2024,eu_trend_wm_max_recent_v2
WAW,VLC,24766.45,476.2778,2,2023,2024,eu_trend_wm_max_recent_v2
MLA,TPS,24764.49,476.2402,5,2015,2024,eu_trend_wm_max_recent_v2
STN,AAL,24761.0,476.1731,4,2018,2024,eu_trend_wm_max_recent_v2
CGN,ARN,24756.29,476.0824,2,2023,2024,eu_trend_wm_max_recent_v2
FLR,PMO,24739.66,475.7626,7,2015,2024,eu_trend_wm_max_recent_v2
TFN,ZAZ,24735.96,475.6916,2,2023,2024,eu_trend_wm_max_recent_v2
ALC,WRO,24735.04,475.6738,7,2015,2024,eu_trend_wm_max_recent_v2
LIN,HAM,24722.1,475.4251,1,2023,2023,eu_trend_wm_max_recent_v2
BGY,ACE,24719.5,475.3751,7,2015,2024,eu_trend_wm_max_recent_v2
LCA,AMS,24714.0,475.2692,5,2017,2024,eu_trend_wm_max_recent_v2
PDL,JFK,24708.25,475.1586,3,2019,2024,eu_trend_wm_max_recent_v2
STN,TUF,24698.0,474.9615,7,2015,2024,eu_trend_wm_max_recent_v2
MRS,MAH,24695.31,474.9098,2,2023,2024,eu_trend_wm_max_recent_v2
CTA,HAM,24693.89,474.8826,2,2016,2017,eu_trend_wm_max_recent_v2
VRN,BRU,24692.44,474.8547,1,2015,2015,eu_trend_wm_max_recent_v2
MRS,HER,24692.03,474.8468,4,2017,2024,eu_trend_wm_max_recent_v2
PSA,BUD,24687.0,474.75,7,2015,2024,eu_trend_wm_max_recent_v2
ACE,MXP,24678.45,474.5855,5,2017,2024,eu_trend_wm_max_recent_v2
PMO,CDG,24674.0,474.5,7,2015,2024,eu_trend_wm_max_recent_v2
CDG,LCA,24654.36,474.1223,3,2017,2024,eu_trend_wm_max_recent_v2
MAN,JSI,24648.3,474.0058,7,2015,2024,eu_trend_wm_max_recent_v2
STR,OTP,24642.65,473.8971,3,2015,2024,eu_trend_wm_max_recent_v2
KGS,VIE,24642.22,473.8888,6,2015,2024,eu_trend_wm_max_recent_v2
TFS,WMI,24636.19,473.7728,7,2015,2024,eu_trend_wm_max_recent_v2
LTN,TGM,24635.88,473.7669,4,2015,2024,eu_trend_wm_max_recent_v2
GLA,MUC,24634.0,473.7308,2,2018,2019,eu_trend_wm_max_recent_v2
BRU,PSA,24632.0,473.6923,1,2019,2019,eu_trend_wm_max_recent_v2
BUD,PSA,24622.33,473.5063,7,2015,2024,eu_trend_wm_max_recent_v2
VCE,SVQ,24617.0,473.4038,1,2019,2019,eu_trend_wm_max_recent_v2
MLA,KRK,24613.09,473.3287,4,2015,2024,eu_trend_wm_max_recent_v2
KTW,MLA,24612.17,473.3109,5,2017,2024,eu_trend_wm_max_recent_v2
BRS,CPH,24612.0,473.3077,3,2018,2024,eu_trend_wm_max_recent_v2
GLA,MAN,24606.93,473.2102,5,2015,2019,eu_trend_wm_max_recent_v2
BRI,CAG,24592.77,472.9378,7,2015,2024,eu_trend_wm_max_recent_v2
EDI,BLL,24574.29,472.5825,2,2023,2024,eu_trend_wm_max_recent_v2
BLL,RIX,24573.38,472.5651,7,2015,2024,eu_trend_wm_max_recent_v2
CGN,EDI,24565.05,472.4048,2,2023,2024,eu_trend_wm_max_recent_v2
AMS,GRZ,24562.0,472.3462,4,2017,2023,eu_trend_wm_max_recent_v2
VLC,WAW,24549.34,472.1028,2,2023,2024,eu_trend_wm_max_recent_v2
RDU,KEF,24542.88,471.9784,2,2023,2024,eu_trend_wm_max_recent_v2
MAD,ZAG,24540.0,471.9231,4,2018,2024,eu_trend_wm_max_recent_v2
STR,BEG,24535.49,471.8363,6,2016,2024,eu_trend_wm_max_recent_v2
EDI,EIN,24535.0,471.8269,2,2018,2019,eu_trend_wm_max_recent_v2
LEJ,STN,24534.56,471.8185,6,2015,2024,eu_trend_wm_max_recent_v2
PSA,BRU,24530.0,471.7308,1,2019,2019,eu_trend_wm_max_recent_v2
WAW,FAO,24526.92,471.6715,1,2018,2018,eu_trend_wm_max_recent_v2
CGN,MLA,24515.0,471.4423,5,2017,2024,eu_trend_wm_max_recent_v2
MAN,GLA,24496.52,471.087,5,2015,2019,eu_trend_wm_max_recent_v2
FAO,CWL,24491.0,470.9808,5,2015,2019,eu_trend_wm_max_recent_v2
BOJ,LGW,24488.0,470.9231,7,2015,2024,eu_trend_wm_max_recent_v2
MLA,LIS,24481.9,470.8058,2,2023,2024,eu_trend_wm_max_recent_v2
JSI,MAN,24481.02,470.7888,7,2015,2024,eu_trend_wm_max_recent_v2
LPL,WRO,24477.96,470.73,7,2015,2024,eu_trend_wm_max_recent_v2
PMO,CAG,24477.28,470.717,2,2023,2024,eu_trend_wm_max_recent_v2
WMI,CTA,24473.59,470.6459,2,2023,2024,eu_trend_wm_max_recent_v2
TLS,BIA,24473.33,470.6409,6,2015,2024,eu_trend_wm_max_recent_v2
CPH,BRS,24471.0,470.5962,3,2018,2024,eu_trend_wm_max_recent_v2
BRU,VRN,24464.05,470.4625,1,2015,2015,eu_trend_wm_max_recent_v2
CAG,BRI,24459.6,470.3769,7,2015,2024,eu_trend_wm_max_recent_v2
EMA,AMS,24449.0,470.1731,5,2015,2019,eu_trend_wm_max_recent_v2
GVA,VLC,24448.65,470.1663,2,2023,2024,eu_trend_wm_max_recent_v2
BOH,TFS,24443.16,470.0607,5,2015,2019,eu_trend_wm_max_recent_v2
JSI,LGW,24439.2,469.9846,7,2015,2024,eu_trend_wm_max_recent_v2
DUB,FMM,24429.24,469.7932,7,2015,2024,eu_trend_wm_max_recent_v2
SBZ,NUE,24424.0,469.6923,5,2017,2024,eu_trend_wm_max_recent_v2
DUB,ABZ,24422.0,469.6538,5,2015,2019,eu_trend_wm_max_recent_v2
TFS,BOH,24408.82,469.4005,5,2015,2019,eu_trend_wm_max_recent_v2
TPS,MLA,24396.77,469.1686,5,2015,2024,eu_trend_wm_max_recent_v2
CPH,KTW,24395.86,469.1511,1,2024,2024,eu_trend_wm_max_recent_v2
GRX,MXP,24391.0,469.0577,3,2017,2019,eu_trend_wm_max_recent_v2
CAG,ORY,24383.98,468.9226,1,2023,2023,eu_trend_wm_max_recent_v2
CPH,NTE,24382.0,468.8846,1,2019,2019,eu_trend_wm_max_recent_v2
LSI,EDI,24365.55,468.5682,5,2015,2019,eu_trend_wm_max_recent_v2
GOT,BGY,24365.5,468.5673,2,2023,2024,eu_trend_wm_max_recent_v2
CLJ,FMM,24356.26,468.3896,6,2016,2024,eu_trend_wm_max_recent_v2
SOF,MLA,24348.87,468.2475,7,2015,2024,eu_trend_wm_max_recent_v2
FAO,WAW,24346.38,468.1996,1,2018,2018,eu_trend_wm_max_recent_v2
CIY,FCO,24344.25,468.1587,6,2015,2024,eu_trend_wm_max_recent_v2
HER,RTM,24337.0,468.0192,4,2018,2024,eu_trend_wm_max_recent_v2
VAR,CGN,24331.32,467.9099,6,2015,2023,eu_trend_wm_max_recent_v2
SBZ,VIE,24323.4,467.7577,7,2015,2024,eu_trend_wm_max_recent_v2
GRO,DUB,24323.0,467.75,7,2015,2024,eu_trend_wm_max_recent_v2
HER,LCA,24322.08,467.7323,1,2023,2023,eu_trend_wm_max_recent_v2
SZZ,LTN,24320.39,467.6998,3,2015,2017,eu_trend_wm_max_recent_v2
TMP,RIX,24320.23,467.6967,5,2017,2024,eu_trend_wm_max_recent_v2
MUC,EIN,24308.95,467.4797,2,2016,2017,eu_trend_wm_max_recent_v2
HAM,SOF,24301.75,467.3414,1,2023,2023,eu_trend_wm_max_recent_v2
GDN,WRO,24294.0,467.1923,4,2018,2024,eu_trend_wm_max_recent_v2
DRS,HAM,24285.75,467.0336,2,2015,2016,eu_trend_wm_max_recent_v2
BRI,NRN,24278.66,466.8973,7,2015,2024,eu_trend_wm_max_recent_v2
SPC,TFS,24277.73,466.8795,2,2023,2024,eu_trend_wm_max_recent_v2
FRA,PNA,24266.0,466.6538,2,2018,2019,eu_trend_wm_max_recent_v2
MRS,DUS,24262.13,466.5794,1,2017,2017,eu_trend_wm_max_recent_v2
VLC,NRN,24260.28,466.5438,5,2015,2019,eu_trend_wm_max_recent_v2
KUN,LGW,24256.03,466.4621,2,2015,2016,eu_trend_wm_max_recent_v2
SOF,ALC,24250.94,466.3643,3,2016,2024,eu_trend_wm_max_recent_v2
CTA,WMI,24248.17,466.311,2,2023,2024,eu_trend_wm_max_recent_v2
TRF,OTP,24247.32,466.2946,7,2015,2024,eu_trend_wm_max_recent_v2
SKG,LTN,24239.0,466.1346,2,2019,2023,eu_trend_wm_max_recent_v2
NCL,REU,24234.0,466.0385,7,2015,2024,eu_trend_wm_max_recent_v2
BLQ,PMI,24226.0,465.8846,5,2015,2024,eu_trend_wm_max_recent_v2
TLV,MLA,24225.0,465.8654,3,2015,2019,eu_trend_wm_max_recent_v2
CCF,MAN,24224.68,465.8592,6,2016,2024,eu_trend_wm_max_recent_v2
OPO,FKB,24224.15,465.8491,7,2015,2024,eu_trend_wm_max_recent_v2
BSL,SCQ,24222.86,465.8243,7,2015,2024,eu_trend_wm_max_recent_v2
PRG,VLC,24212.76,465.63,3,2017,2019,eu_trend_wm_max_recent_v2
KTW,CPH,24207.47,465.5282,1,2024,2024,eu_trend_wm_max_recent_v2
BCN,SEN,24195.0,465.2885,5,2015,2019,eu_trend_wm_max_recent_v2
BVA,CAG,24173.69,464.8787,7,2015,2024,eu_trend_wm_max_recent_v2
BRS,MUC,24171.96,464.8454,2,2017,2018,eu_trend_wm_max_recent_v2
PMI,POZ,24171.49,464.8364,5,2017,2024,eu_trend_wm_max_recent_v2
FKB,OPO,24168.72,464.7831,7,2015,2024,eu_trend_wm_max_recent_v2
AMS,EMA,24165.0,464.7115,5,2015,2019,eu_trend_wm_max_recent_v2
MXP,KUN,24155.0,464.5192,1,2019,2019,eu_trend_wm_max_recent_v2
ALC,HHN,24152.89,464.4786,6,2015,2024,eu_trend_wm_max_recent_v2
HAJ,ACE,24148.0,464.3846,6,2015,2023,eu_trend_wm_max_recent_v2
EDI,IBZ,24145.0,464.3269,5,2017,2024,eu_trend_wm_max_recent_v2
HAM,LIN,24138.23,464.1968,1,2023,2023,eu_trend_wm_max_recent_v2
SKP,GVA,24137.31,464.179,2,2023,2024,eu_trend_wm_max_recent_v2
BEG,STR,24136.39,464.1613,6,2016,2024,eu_trend_wm_max_recent_v2
ABZ,DUB,24133.0,464.0962,5,2015,2019,eu_trend_wm_max_recent_v2
BCN,BFS,24132.18,464.0804,4,2015,2019,eu_trend_wm_max_recent_v2
WMI,AGP,24128.99,464.0191,6,2016,2024,eu_trend_wm_max_recent_v2
RIX,CGN,24127.08,463.9823,5,2015,2019,eu_trend_wm_max_recent_v2
ACE,BGY,24126.22,463.9658,7,2015,2024,eu_trend_wm_max_recent_v2
SDR,VLC,24124.38,463.9303,6,2015,2024,eu_trend_wm_max_recent_v2
EIN,TRN,24124.17,463.9263,1,2015,2015,eu_trend_wm_max_recent_v2
TGD,STN,24109.65,463.6471,6,2016,2024,eu_trend_wm_max_recent_v2
CWL,FAO,24108.0,463.6154,5,2015,2019,eu_trend_wm_max_recent_v2
MAN,WRO,24107.7,463.6096,5,2017,2024,eu_trend_wm_max_recent_v2
OTP,SCV,24105.0,463.5577,3,2019,2024,eu_trend_wm_max_recent_v2
CAG,MAD,24104.21,463.5426,6,2015,2024,eu_trend_wm_max_recent_v2
CRL,TLV,24103.13,463.5217,1,2023,2023,eu_trend_wm_max_recent_v2
TLS,AJA,24099.43,463.4506,7,2015,2024,eu_trend_wm_max_recent_v2
EDI,CGN,24096.66,463.3973,2,2023,2024,eu_trend_wm_max_recent_v2
WRO,MAN,24087.3,463.2173,5,2017,2024,eu_trend_wm_max_recent_v2
NTE,LTN,24080.0,463.0769,3,2017,2019,eu_trend_wm_max_recent_v2
TLS,TSF,24078.18,463.042,2,2023,2024,eu_trend_wm_max_recent_v2
LPL,BUD,24071.0,462.9038,4,2016,2019,eu_trend_wm_max_recent_v2
ACE,HAJ,24064.0,462.7692,6,2015,2023,eu_trend_wm_max_recent_v2
ALC,BRE,24063.84,462.7662,7,2015,2024,eu_trend_wm_max_recent_v2
NRN,BRI,24060.63,462.7044,7,2015,2024,eu_trend_wm_max_recent_v2
STR,OLB,24056.0,462.6154,7,2015,2024,eu_trend_wm_max_recent_v2
KOI,EDI,24051.0,462.5192,4,2016,2019,eu_trend_wm_max_recent_v2
BRE,ALC,24050.58,462.5112,7,2015,2024,eu_trend_wm_max_recent_v2
WRO,MLA,24040.31,462.3136,7,2015,2024,eu_trend_wm_max_recent_v2
ATH,WRO,24039.38,462.2958,2,2023,2024,eu_trend_wm_max_recent_v2
VNO,MUC,24033.84,462.1892,2,2023,2024,eu_trend_wm_max_recent_v2
EIN,EDI,24031.0,462.1346,2,2018,2019,eu_trend_wm_max_recent_v2
HER,MRS,24018.17,461.8879,4,2017,2024,eu_trend_wm_max_recent_v2
CLJ,FRA,24007.74,461.6873,3,2018,2023,eu_trend_wm_max_recent_v2
STN,PGF,24001.34,461.5643,7,2015,2024,eu_trend_wm_max_recent_v2
SVQ,BUD,23999.15,461.5221,1,2024,2024,eu_trend_wm_max_recent_v2
ZTH,VIE,23994.11,461.4253,5,2015,2024,eu_trend_wm_max_recent_v2
REU,NCL,23993.0,461.4038,7,2015,2024,eu_trend_wm_max_recent_v2
LTN,SKG,23989.0,461.3269,2,2019,2023,eu_trend_wm_max_recent_v2
HAM,CTA,23979.14,461.1373,2,2016,2017,eu_trend_wm_max_recent_v2
LGW,KUN,23979.06,461.1357,2,2015,2016,eu_trend_wm_max_recent_v2
EMA,NAP,23978.16,461.1185,3,2017,2019,eu_trend_wm_max_recent_v2
LPA,MMX,23978.04,461.1161,7,2015,2024,eu_trend_wm_max_recent_v2
AGP,SDR,23972.0,461.0,7,2015,2024,eu_trend_wm_max_recent_v2
DUB,GRO,23960.85,460.7857,7,2015,2024,eu_trend_wm_max_recent_v2
VIE,TLL,23958.39,460.7383,7,2015,2024,eu_trend_wm_max_recent_v2
MRS,FAO,23957.0,460.7115,2,2019,2023,eu_trend_wm_max_recent_v2
NTE,CPH,23957.0,460.7115,1,2019,2019,eu_trend_wm_max_recent_v2
NRN,VLC,23941.91,460.4214,5,2015,2019,eu_trend_wm_max_recent_v2
TFS,SPC,23938.68,460.3593,2,2023,2024,eu_trend_wm_max_recent_v2
BUD,HHN,23931.3,460.2173,3,2015,2017,eu_trend_wm_max_recent_v2
MLA,KTW,23925.75,460.1106,5,2017,2024,eu_trend_wm_max_recent_v2
CRL,IBZ,23920.02,460.0004,7,2015,2024,eu_trend_wm_max_recent_v2
OTP,FLR,23909.0,459.7885,5,2015,2019,eu_trend_wm_max_recent_v2
MLA,OPO,23904.0,459.6923,3,2019,2024,eu_trend_wm_max_recent_v2
BEG,GVA,23900.42,459.6236,6,2016,2024,eu_trend_wm_max_recent_v2
INN,LHR,23895.0,459.5192,5,2017,2024,eu_trend_wm_max_recent_v2
LTN,SZG,23894.99,459.519,1,2024,2024,eu_trend_wm_max_recent_v2
POZ,ALC,23894.34,459.5065,5,2017,2024,eu_trend_wm_max_recent_v2
LGW,LCG,23891.57,459.4532,2,2023,2024,eu_trend_wm_max_recent_v2
VIE,SBZ,23890.46,459.432,7,2015,2024,eu_trend_wm_max_recent_v2
SOF,HHN,23887.11,459.3676,4,2015,2024,eu_trend_wm_max_recent_v2
EDI,SOF,23880.48,459.24,3,2019,2024,eu_trend_wm_max_recent_v2
LBA,PFO,23866.0,458.9615,7,2015,2024,eu_trend_wm_max_recent_v2
MXP,GRX,23863.0,458.9038,3,2017,2019,eu_trend_wm_max_recent_v2
BKK,RUN,23858.31,458.8136,7,2015,2024,eu_trend_wm_max_recent_v2
TGD,FCO,23845.97,458.5763,5,2016,2023,eu_trend_wm_max_recent_v2
LYS,ACE,23845.37,458.5649,3,2015,2024,eu_trend_wm_max_recent_v2
MRS,RUN,23843.82,458.5349,7,2015,2024,eu_trend_wm_max_recent_v2
XRY,MUC,23840.0,458.4615,7,2015,2024,eu_trend_wm_max_recent_v2
LBA,DUS,23837.64,458.4162,5,2015,2019,eu_trend_wm_max_recent_v2
PRG,LCY,23835.0,458.3654,2,2018,2019,eu_trend_wm_max_recent_v2
OPO,IBZ,23827.97,458.2301,1,2024,2024,eu_trend_wm_max_recent_v2
IBZ,OPO,23825.25,458.1779,1,2024,2024,eu_trend_wm_max_recent_v2
MLA,TLS,23825.25,458.1779,3,2017,2024,eu_trend_wm_max_recent_v2
BGY,BCM,23816.69,458.0133,6,2015,2024,eu_trend_wm_max_recent_v2
BEG,CGN,23815.81,457.9964,1,2023,2023,eu_trend_wm_max_recent_v2
EDI,TSF,23815.0,457.9808,2,2018,2019,eu_trend_wm_max_recent_v2
KRK,BGO,23813.04,457.9431,7,2015,2024,eu_trend_wm_max_recent_v2
LED,VAR,23809.18,457.8688,4,2015,2018,eu_trend_wm_max_recent_v2
ARN,BVA,23808.04,457.8469,1,2024,2024,eu_trend_wm_max_recent_v2
TLV,CRL,23804.73,457.7832,1,2023,2023,eu_trend_wm_max_recent_v2
IBZ,EDI,23804.0,457.7692,5,2017,2024,eu_trend_wm_max_recent_v2
SOF,NCE,23794.0,457.5769,3,2019,2024,eu_trend_wm_max_recent_v2
MXP,LPL,23789.46,457.4896,1,2018,2018,eu_trend_wm_max_recent_v2
TFS,VIT,23787.0,457.4423,1,2019,2019,eu_trend_wm_max_recent_v2
SDR,AGP,23783.0,457.3654,7,2015,2024,eu_trend_wm_max_recent_v2
DUS,LBA,23772.1,457.1558,5,2015,2019,eu_trend_wm_max_recent_v2
LCA,BRU,23770.02,457.1157,1,2017,2017,eu_trend_wm_max_recent_v2
LPL,MXP,23767.02,457.0581,1,2018,2018,eu_trend_wm_max_recent_v2
EIN,VAR,23755.51,456.8367,4,2018,2024,eu_trend_wm_max_recent_v2
ACE,CWL,23754.78,456.8227,5,2015,2019,eu_trend_wm_max_recent_v2
TSF,EDI,23748.0,456.6923,2,2018,2019,eu_trend_wm_max_recent_v2
AJA,GVA,23747.0,456.6731,7,2015,2024,eu_trend_wm_max_recent_v2
BOH,DUB,23746.0,456.6538,1,2019,2019,eu_trend_wm_max_recent_v2
MRS,TUF,23745.54,456.6451,7,2015,2024,eu_trend_wm_max_recent_v2
PMI,BLQ,23740.0,456.5385,5,2015,2024,eu_trend_wm_max_recent_v2
MAN,CCF,23736.49,456.4709,6,2016,2024,eu_trend_wm_max_recent_v2
BRI,WMI,23730.82,456.3619,2,2023,2024,eu_trend_wm_max_recent_v2
EDI,NTE,23730.0,456.3462,1,2019,2019,eu_trend_wm_max_recent_v2
KRK,PRG,23728.97,456.3263,1,2023,2023,eu_trend_wm_max_recent_v2
NTE,FUE,23728.61,456.3194,2,2015,2016,eu_trend_wm_max_recent_v2
LYS,FUE,23726.0,456.2692,3,2015,2019,eu_trend_wm_max_recent_v2
PFO,LBA,23725.0,456.25,7,2015,2024,eu_trend_wm_max_recent_v2
LYS,NAP,23720.66,456.1664,2,2023,2024,eu_trend_wm_max_recent_v2
SOF,EDI,23718.0,456.1154,3,2019,2024,eu_trend_wm_max_recent_v2
SKG,FMM,23715.11,456.0598,4,2018,2024,eu_trend_wm_max_recent_v2
PMO,VLC,23711.13,455.9832,3,2019,2024,eu_trend_wm_max_recent_v2
OTP,GLA,23702.0,455.8077,4,2016,2019,eu_trend_wm_max_recent_v2
RUN,BKK,23699.41,455.7578,7,2015,2024,eu_trend_wm_max_recent_v2
LCY,BSL,23697.69,455.7248,1,2015,2015,eu_trend_wm_max_recent_v2
FMM,SKG,23696.64,455.7045,4,2018,2024,eu_trend_wm_max_recent_v2
PGF,CRL,23694.6,455.6654,7,2015,2024,eu_trend_wm_max_recent_v2
MLA,WRO,23692.02,455.6157,7,2015,2024,eu_trend_wm_max_recent_v2
IST,CAG,23687.4,455.5269,2,2023,2024,eu_trend_wm_max_recent_v2
STN,SXB,23682.53,455.4333,1,2015,2015,eu_trend_wm_max_recent_v2
SPC,AMS,23679.3,455.3712,6,2015,2024,eu_trend_wm_max_recent_v2
LCA,HER,23679.08,455.367,1,2023,2023,eu_trend_wm_max_recent_v2
LTN,SZZ,23670.63,455.2044,3,2015,2017,eu_trend_wm_max_recent_v2
PRG,KRK,23667.07,455.136,1,2023,2023,eu_trend_wm_max_recent_v2
NTE,EDI,23662.0,455.0385,1,2019,2019,eu_trend_wm_max_recent_v2
MAD,CAG,23661.31,455.0252,6,2015,2024,eu_trend_wm_max_recent_v2
EFL,AMS,23658.0,454.9615,7,2015,2024,eu_trend_wm_max_recent_v2
LIG,MAN,23656.86,454.9396,6,2016,2024,eu_trend_wm_max_recent_v2
TLV,NTE,23656.0,454.9231,1,2019,2019,eu_trend_wm_max_recent_v2
ALC,MST,23651.41,454.8349,7,2015,2024,eu_trend_wm_max_recent_v2
ALC,SOF,23646.75,454.7451,3,2016,2024,eu_trend_wm_max_recent_v2
CAG,BVA,23643.6,454.6846,7,2015,2024,eu_trend_wm_max_recent_v2
MLN,LEI,23634.14,454.5027,3,2019,2024,eu_trend_wm_max_recent_v2
AGP,WMI,23631.97,454.4609,6,2016,2024,eu_trend_wm_max_recent_v2
CRL,PGF,23627.28,454.3708,7,2015,2024,eu_trend_wm_max_recent_v2
CWL,ACE,23623.55,454.2991,5,2015,2019,eu_trend_wm_max_recent_v2
VLC,SDR,23618.11,454.1944,6,2015,2024,eu_trend_wm_max_recent_v2
NAP,BHX,23609.94,454.0373,1,2018,2018,eu_trend_wm_max_recent_v2
GRZ,STR,23608.92,454.0177,5,2015,2019,eu_trend_wm_max_recent_v2
FAO,ZRH,23607.72,453.9945,5,2015,2024,eu_trend_wm_max_recent_v2
CMF,LGW,23603.0,453.9038,6,2015,2023,eu_trend_wm_max_recent_v2
BSL,ATH,23599.0,453.8269,3,2019,2024,eu_trend_wm_max_recent_v2
RUN,MRS,23593.77,453.7264,7,2015,2024,eu_trend_wm_max_recent_v2
DTM,FCO,23593.16,453.7147,2,2023,2024,eu_trend_wm_max_recent_v2
MMX,LPA,23591.58,453.6842,7,2015,2024,eu_trend_wm_max_recent_v2
BIO,IST,23587.62,453.6081,2,2023,2024,eu_trend_wm_max_recent_v2
MST,ALC,23583.42,453.5273,7,2015,2024,eu_trend_wm_max_recent_v2
MUC,XRY,23581.0,453.4808,7,2015,2024,eu_trend_wm_max_recent_v2
WMI,BRI,23580.23,453.466,2,2023,2024,eu_trend_wm_max_recent_v2
BLL,EDI,23579.31,453.4482,2,2023,2024,eu_trend_wm_max_recent_v2
GVA,BEG,23575.26,453.3704,6,2016,2024,eu_trend_wm_max_recent_v2
FLR,OTP,23573.0,453.3269,5,2015,2019,eu_trend_wm_max_recent_v2
GDN,CGN,23571.0,453.2885,5,2015,2019,eu_trend_wm_max_recent_v2
EDI,LSI,23564.55,453.1644,5,2015,2019,eu_trend_wm_max_recent_v2
SKP,FDH,23555.0,452.9808,6,2016,2024,eu_trend_wm_max_recent_v2
OPO,MLA,23540.0,452.6923,3,2019,2024,eu_trend_wm_max_recent_v2
BER,PMO,23527.57,452.4533,3,2015,2024,eu_trend_wm_max_recent_v2
AGP,ANR,23527.0,452.4423,7,2015,2024,eu_trend_wm_max_recent_v2
BCM,BGY,23522.74,452.3603,6,2015,2024,eu_trend_wm_max_recent_v2
BUD,SVQ,23517.3,452.2558,1,2024,2024,eu_trend_wm_max_recent_v2
EDI,KOI,23516.0,452.2308,4,2016,2019,eu_trend_wm_max_recent_v2
BER,GOT,23510.05,452.1164,1,2024,2024,eu_trend_wm_max_recent_v2
VAR,EIN,23503.71,451.9945,4,2018,2024,eu_trend_wm_max_recent_v2
ATH,BSL,23498.01,451.8848,3,2019,2024,eu_trend_wm_max_recent_v2
HAJ,LIS,23490.94,451.7489,1,2015,2015,eu_trend_wm_max_recent_v2
OTP,NUE,23488.77,451.7071,7,2015,2024,eu_trend_wm_max_recent_v2
MLA,TLV,23484.0,451.6154,3,2015,2019,eu_trend_wm_max_recent_v2
STR,OPO,23482.88,451.5939,3,2016,2024,eu_trend_wm_max_recent_v2
LGW,CMF,23481.0,451.5577,6,2015,2023,eu_trend_wm_max_recent_v2
DUB,BOH,23480.0,451.5385,1,2019,2019,eu_trend_wm_max_recent_v2
LPL,CFU,23476.54,451.472,1,2024,2024,eu_trend_wm_max_recent_v2
OLB,VIE,23467.26,451.2935,6,2015,2024,eu_trend_wm_max_recent_v2
MAN,LIG,23467.14,451.2912,6,2016,2024,eu_trend_wm_max_recent_v2
LIS,MLA,23465.67,451.263,2,2023,2024,eu_trend_wm_max_recent_v2
WRO,ATH,23465.67,451.263,2,2023,2024,eu_trend_wm_max_recent_v2
CFU,LPL,23461.15,451.1759,1,2024,2024,eu_trend_wm_max_recent_v2
LUX,TFS,23457.36,451.1031,7,2015,2024,eu_trend_wm_max_recent_v2
RIX,BLL,23456.62,451.0888,7,2015,2024,eu_trend_wm_max_recent_v2
BVA,ARN,23435.78,450.6882,1,2024,2024,eu_trend_wm_max_recent_v2
BLL,DUB,23433.34,450.6411,2,2023,2024,eu_trend_wm_max_recent_v2
STN,TGD,23431.26,450.6011,6,2016,2024,eu_trend_wm_max_recent_v2
OLB,STR,23430.0,450.5769,7,2015,2024,eu_trend_wm_max_recent_v2
TLS,MLA,23429.44,450.5662,3,2017,2024,eu_trend_wm_max_recent_v2
CIA,MRS,23425.0,450.4808,4,2015,2023,eu_trend_wm_max_recent_v2
VIE,ZTH,23423.1,450.4443,5,2015,2024,eu_trend_wm_max_recent_v2
ZRH,FAO,23418.36,450.3531,5,2015,2024,eu_trend_wm_max_recent_v2
GDN,TOS,23413.94,450.268,4,2018,2024,eu_trend_wm_max_recent_v2
DBV,BRS,23413.0,450.25,6,2016,2024,eu_trend_wm_max_recent_v2
HHN,BUD,23406.0,450.1155,3,2015,2017,eu_trend_wm_max_recent_v2
BER,BGO,23402.76,450.053,5,2015,2019,eu_trend_wm_max_recent_v2
BER,BFS,23397.56,449.953,1,2017,2017,eu_trend_wm_max_recent_v2
STR,FNC,23397.0,449.9423,7,2015,2024,eu_trend_wm_max_recent_v2
EIN,RHO,23396.39,449.9305,2,2023,2024,eu_trend_wm_max_recent_v2
BRU,CHQ,23389.0,449.7885,7,2015,2024,eu_trend_wm_max_recent_v2
WMI,CPH,23384.16,449.6953,2,2015,2024,eu_trend_wm_max_recent_v2
MRS,TSF,23370.52,449.433,2,2023,2024,eu_trend_wm_max_recent_v2
CRL,WRO,23366.0,449.3462,4,2018,2024,eu_trend_wm_max_recent_v2
FAO,MRS,23356.0,449.1538,2,2019,2023,eu_trend_wm_max_recent_v2
VAR,FMM,23352.46,449.0857,4,2018,2024,eu_trend_wm_max_recent_v2
BGY,GOT,23343.73,448.9178,2,2023,2024,eu_trend_wm_max_recent_v2
IST,BIO,23343.73,448.9178,2,2023,2024,eu_trend_wm_max_recent_v2
MLN,GRX,23324.33,448.5447,3,2019,2024,eu_trend_wm_max_recent_v2
AGP,FKB,23316.0,448.3846,7,2015,2024,eu_trend_wm_max_recent_v2
RTM,INN,23308.0,448.2308,7,2015,2024,eu_trend_wm_max_recent_v2
KUN,ARN,23304.92,448.1716,2,2023,2024,eu_trend_wm_max_recent_v2
FUE,LYS,23304.0,448.1538,3,2015,2019,eu_trend_wm_max_recent_v2
DUB,BIQ,23303.55,448.1452,7,2015,2024,eu_trend_wm_max_recent_v2
CIA,SUF,23286.36,447.8147,1,2015,2015,eu_trend_wm_max_recent_v2
BHX,NAP,23281.5,447.7212,1,2018,2018,eu_trend_wm_max_recent_v2
EMA,LIG,23277.0,447.6346,7,2015,2024,eu_trend_wm_max_recent_v2
CGN,GDN,23270.0,447.5,5,2015,2019,eu_trend_wm_max_recent_v2
VAR,LED,23258.22,447.2735,4,2015,2018,eu_trend_wm_max_recent_v2
CIA,FKB,23258.0,447.2692,5,2015,2019,eu_trend_wm_max_recent_v2
TRN,EIN,23257.14,447.2526,1,2015,2015,eu_trend_wm_max_recent_v2
FMM,CLJ,23253.19,447.1767,6,2016,2024,eu_trend_wm_max_recent_v2
GDN,ABZ,23252.0,447.1538,6,2016,2024,eu_trend_wm_max_recent_v2
FNC,HEL,23249.0,447.0962,7,2015,2024,eu_trend_wm_max_recent_v2
BRS,DBV,23244.0,447.0,6,2016,2024,eu_trend_wm_max_recent_v2
BDS,FRA,23229.0,446.7115,2,2018,2019,eu_trend_wm_max_recent_v2
LHR,AKL,23227.91,446.6906,1,2015,2015,eu_trend_wm_max_recent_v2
BOJ,DUB,23219.01,446.5194,7,2015,2024,eu_trend_wm_max_recent_v2
TFS,LUX,23218.08,446.5016,7,2015,2024,eu_trend_wm_max_recent_v2
MAD,SBZ,23216.0,446.4615,3,2017,2019,eu_trend_wm_max_recent_v2
ALC,TRD,23215.2,446.4462,7,2015,2024,eu_trend_wm_max_recent_v2
PFO,WMI,23213.46,446.4128,2,2023,2024,eu_trend_wm_max_recent_v2
GRX,LGW,23210.1,446.3481,4,2017,2023,eu_trend_wm_max_recent_v2
RTM,HER,23202.0,446.1923,4,2018,2024,eu_trend_wm_max_recent_v2
PMO,FLR,23200.53,446.164,7,2015,2024,eu_trend_wm_max_recent_v2
FKB,AGP,23197.76,446.1107,7,2015,2024,eu_trend_wm_max_recent_v2
MAN,VRN,23197.0,446.0962,7,2015,2024,eu_trend_wm_max_recent_v2
CIA,SCV,23189.0,445.9423,3,2018,2023,eu_trend_wm_max_recent_v2
LHR,RIX,23187.61,445.9157,1,2024,2024,eu_trend_wm_max_recent_v2
CFU,CGN,23186.71,445.8982,6,2016,2024,eu_trend_wm_max_recent_v2
ALC,POZ,23181.13,445.791,5,2017,2024,eu_trend_wm_max_recent_v2
WRO,CRL,23181.0,445.7885,4,2018,2024,eu_trend_wm_max_recent_v2
BGY,RHO,23173.6,445.6461,7,2015,2024,eu_trend_wm_max_recent_v2
FRA,BDS,23171.0,445.5962,2,2018,2019,eu_trend_wm_max_recent_v2
DUB,BOJ,23170.04,445.5778,7,2015,2024,eu_trend_wm_max_recent_v2
ZAG,MAD,23163.0,445.4423,4,2018,2024,eu_trend_wm_max_recent_v2
HHN,SOF,23160.8,445.4,4,2015,2024,eu_trend_wm_max_recent_v2
DUB,BLL,23159.88,445.3823,2,2023,2024,eu_trend_wm_max_recent_v2
VRN,MAN,23159.0,445.3654,7,2015,2024,eu_trend_wm_max_recent_v2
SKG,BVA,23154.0,445.2692,5,2015,2019,eu_trend_wm_max_recent_v2
AMS,RNS,23153.0,445.25,6,2016,2024,eu_trend_wm_max_recent_v2
CLJ,VLC,23150.48,445.2015,7,2015,2024,eu_trend_wm_max_recent_v2
LIG,EMA,23146.0,445.1154,7,2015,2024,eu_trend_wm_max_recent_v2
NTE,PRG,23144.82,445.0927,4,2016,2024,eu_trend_wm_max_recent_v2
NRN,TFS,23141.62,445.0311,5,2015,2024,eu_trend_wm_max_recent_v2
NCL,RHO,23140.74,445.0142,7,2015,2024,eu_trend_wm_max_recent_v2
TSF,EMA,23138.7,444.975,7,2015,2024,eu_trend_wm_max_recent_v2
RHO,NCL,23131.56,444.8377,7,2015,2024,eu_trend_wm_max_recent_v2
KEF,GVA,23127.97,444.7686,5,2015,2019,eu_trend_wm_max_recent_v2
RHO,EIN,23121.08,444.6361,2,2023,2024,eu_trend_wm_max_recent_v2
VLC,PMO,23116.97,444.5571,3,2019,2024,eu_trend_wm_max_recent_v2
NCE,SOF,23113.0,444.4808,3,2019,2024,eu_trend_wm_max_recent_v2
LHR,INN,23112.0,444.4615,5,2017,2024,eu_trend_wm_max_recent_v2
LCA,CDG,23110.41,444.4309,3,2017,2024,eu_trend_wm_max_recent_v2
PMO,BER,23109.99,444.4229,3,2015,2024,eu_trend_wm_max_recent_v2
BRU,LCA,23094.8,444.1308,1,2017,2017,eu_trend_wm_max_recent_v2
LCA,FCO,23093.36,444.1032,2,2023,2024,eu_trend_wm_max_recent_v2
BFS,BER,23090.64,444.0507,1,2017,2017,eu_trend_wm_max_recent_v2
VLC,ACE,23089.6,444.0307,5,2017,2024,eu_trend_wm_max_recent_v2
AMS,SPC,23087.7,443.9942,6,2015,2024,eu_trend_wm_max_recent_v2
WMI,PFO,23084.13,443.9255,2,2023,2024,eu_trend_wm_max_recent_v2
BUD,GLA,23082.31,443.8907,2,2016,2017,eu_trend_wm_max_recent_v2
LGW,GRX,23078.52,443.8177,4,2017,2023,eu_trend_wm_max_recent_v2
BVA,SKG,23078.0,443.8077,5,2015,2019,eu_trend_wm_max_recent_v2
CTA,CGN,23076.48,443.7785,2,2017,2018,eu_trend_wm_max_recent_v2
HER,BLQ,23071.19,443.6768,2,2023,2024,eu_trend_wm_max_recent_v2
WAW,SVQ,23061.72,443.4946,1,2024,2024,eu_trend_wm_max_recent_v2
BGY,LCJ,23061.03,443.4813,2,2023,2024,eu_trend_wm_max_recent_v2
FUE,NTE,23060.05,443.4625,2,2015,2016,eu_trend_wm_max_recent_v2
TFS,NRN,23059.43,443.4505,5,2015,2024,eu_trend_wm_max_recent_v2
NUE,SBZ,23059.0,443.4423,5,2017,2024,eu_trend_wm_max_recent_v2
BZR,CRL,23053.64,443.3392,3,2019,2024,eu_trend_wm_max_recent_v2
NUE,OTP,23048.1,443.2326,7,2015,2024,eu_trend_wm_max_recent_v2
GLA,LCA,23044.86,443.1704,4,2015,2018,eu_trend_wm_max_recent_v2
RNS,AMS,23035.45,442.9895,6,2016,2024,eu_trend_wm_max_recent_v2
ARN,KUN,23035.16,442.9839,2,2023,2024,eu_trend_wm_max_recent_v2
SKP,HAJ,23034.0,442.9615,3,2017,2019,eu_trend_wm_max_recent_v2
SWF,SNN,23028.54,442.8565,1,2018,2018,eu_trend_wm_max_recent_v2
HER,RHO,23026.5,442.8173,3,2015,2018,eu_trend_wm_max_recent_v2
GVA,KEF,23022.91,442.7482,5,2015,2019,eu_trend_wm_max_recent_v2
BLQ,HER,23022.23,442.7352,2,2023,2024,eu_trend_wm_max_recent_v2
MLA,CPH,23021.0,442.7115,5,2015,2024,eu_trend_wm_max_recent_v2
NCE,KRK,23020.38,442.6996,1,2023,2023,eu_trend_wm_max_recent_v2
BOJ,VIE,23019.46,442.6819,2,2023,2024,eu_trend_wm_max_recent_v2
SKP,LJU,23018.66,442.6666,6,2015,2024,eu_trend_wm_max_recent_v2
ORK,TFS,23002.83,442.3621,7,2015,2024,eu_trend_wm_max_recent_v2
ABZ,NWI,23002.0,442.3462,5,2015,2019,eu_trend_wm_max_recent_v2
POZ,KRK,23000.98,442.3265,1,2023,2023,eu_trend_wm_max_recent_v2
LCA,GLA,22999.98,442.3073,4,2015,2018,eu_trend_wm_max_recent_v2
SBZ,MAD,22988.0,442.0769,3,2017,2019,eu_trend_wm_max_recent_v2
RIX,TKU,22986.54,442.0489,7,2015,2024,eu_trend_wm_max_recent_v2
VIT,TFS,22982.0,441.9615,1,2019,2019,eu_trend_wm_max_recent_v2
CPH,WMI,22981.11,441.9444,2,2015,2024,eu_trend_wm_max_recent_v2
EDI,VLC,22981.0,441.9423,2,2018,2019,eu_trend_wm_max_recent_v2
CRA,CIA,22974.19,441.8113,5,2017,2024,eu_trend_wm_max_recent_v2
SUF,CIA,22973.54,441.7988,1,2015,2015,eu_trend_wm_max_recent_v2
LJU,SKP,22967.34,441.6796,6,2015,2024,eu_trend_wm_max_recent_v2
TLV,CFU,22956.63,441.4737,6,2015,2024,eu_trend_wm_max_recent_v2
GLA,OTP,22950.0,441.3462,4,2016,2019,eu_trend_wm_max_recent_v2
BTS,BOJ,22948.64,441.3201,7,2015,2024,eu_trend_wm_max_recent_v2
TLS,DOH,22940.35,441.1606,1,2024,2024,eu_trend_wm_max_recent_v2
GVA,AJA,22940.0,441.1538,7,2015,2024,eu_trend_wm_max_recent_v2
FNC,STR,22938.0,441.1154,7,2015,2024,eu_trend_wm_max_recent_v2
VLC,CLJ,22931.29,440.9864,7,2015,2024,eu_trend_wm_max_recent_v2
CRL,ZAD,22926.54,440.895,7,2015,2024,eu_trend_wm_max_recent_v2
NUE,LPA,22922.46,440.8165,7,2015,2024,eu_trend_wm_max_recent_v2
ACE,VLC,22921.0,440.7885,5,2017,2024,eu_trend_wm_max_recent_v2
KRK,NCE,22902.13,440.4255,1,2023,2023,eu_trend_wm_max_recent_v2
BIO,ATH,22896.59,440.3189,2,2023,2024,eu_trend_wm_max_recent_v2
PSR,OTP,22895.66,440.3012,6,2016,2024,eu_trend_wm_max_recent_v2
NAP,HAM,22889.2,440.1768,4,2015,2018,eu_trend_wm_max_recent_v2
EDI,RIX,22888.27,440.159,2,2023,2024,eu_trend_wm_max_recent_v2
BRI,FKB,22883.29,440.0632,7,2015,2024,eu_trend_wm_max_recent_v2
MRS,EIN,22882.0,440.0385,6,2015,2023,eu_trend_wm_max_recent_v2
CGN,TSF,22876.0,439.9231,2,2018,2019,eu_trend_wm_max_recent_v2
OPO,STR,22875.14,439.9065,3,2016,2024,eu_trend_wm_max_recent_v2
KUN,MXP,22874.0,439.8846,1,2019,2019,eu_trend_wm_max_recent_v2
SOF,BUD,22867.38,439.7573,4,2017,2024,eu_trend_wm_max_recent_v2
MAN,PVK,22859.88,439.6132,7,2015,2024,eu_trend_wm_max_recent_v2
BOD,ALC,22857.78,439.5728,2,2023,2024,eu_trend_wm_max_recent_v2
OTP,PSR,22854.09,439.5017,6,2016,2024,eu_trend_wm_max_recent_v2
ABZ,GDN,22853.0,439.4808,6,2016,2024,eu_trend_wm_max_recent_v2
WRO,AGP,22841.15,439.253,7,2015,2024,eu_trend_wm_max_recent_v2
FCO,HER,22837.15,439.176,1,2015,2015,eu_trend_wm_max_recent_v2
TRS,IST,22834.69,439.1286,2,2023,2024,eu_trend_wm_max_recent_v2
MRS,LTN,22829.64,439.0315,1,2018,2018,eu_trend_wm_max_recent_v2
TOS,KKN,22826.38,438.9688,5,2015,2019,eu_trend_wm_max_recent_v2
BGO,BER,22825.25,438.9471,5,2015,2019,eu_trend_wm_max_recent_v2
CGN,CTA,22824.54,438.9335,2,2017,2018,eu_trend_wm_max_recent_v2
RHO,BGY,22822.34,438.8911,7,2015,2024,eu_trend_wm_max_recent_v2
AGP,WRO,22820.83,438.8621,7,2015,2024,eu_trend_wm_max_recent_v2
PVK,MAN,22818.42,438.8158,7,2015,2024,eu_trend_wm_max_recent_v2
ATH,BIO,22813.44,438.72,2,2023,2024,eu_trend_wm_max_recent_v2
CFU,ORY,22799.58,438.4535,3,2019,2024,eu_trend_wm_max_recent_v2
WRO,PMO,22799.58,438.4535,4,2018,2024,eu_trend_wm_max_recent_v2
CRL,BZR,22796.81,438.4002,3,2019,2024,eu_trend_wm_max_recent_v2
CPH,HER,22790.88,438.2862,4,2017,2024,eu_trend_wm_max_recent_v2
TSF,CGN,22787.0,438.2115,2,2018,2019,eu_trend_wm_max_recent_v2
CAG,IST,22785.72,438.187,2,2023,2024,eu_trend_wm_max_recent_v2
VLC,PRG,22781.7,438.1096,3,2017,2019,eu_trend_wm_max_recent_v2
GDN,TFS,22780.94,438.095,1,2024,2024,eu_trend_wm_max_recent_v2
BOJ,BTS,22780.87,438.0936,7,2015,2024,eu_trend_wm_max_recent_v2
ZAD,POZ,22780.18,438.0804,3,2019,2024,eu_trend_wm_max_recent_v2
NTE,TLV,22770.0,437.8846,1,2019,2019,eu_trend_wm_max_recent_v2
BSL,SOF,22765.4,437.7961,2,2023,2024,eu_trend_wm_max_recent_v2
ORY,CFU,22761.7,437.7251,3,2019,2024,eu_trend_wm_max_recent_v2
BRU,TLL,22752.12,437.5408,7,2015,2024,eu_trend_wm_max_recent_v2
BOJ,BRU,22752.0,437.5385,5,2015,2019,eu_trend_wm_max_recent_v2
ZRH,TLL,22751.54,437.5296,2,2023,2024,eu_trend_wm_max_recent_v2
IBZ,CRL,22750.08,437.5015,7,2015,2024,eu_trend_wm_max_recent_v2
TSR,DTM,22747.0,437.4423,7,2015,2024,eu_trend_wm_max_recent_v2
VIE,BOJ,22743.23,437.3697,2,2023,2024,eu_trend_wm_max_recent_v2
ACE,SNN,22736.0,437.2308,7,2015,2024,eu_trend_wm_max_recent_v2
FDH,SKP,22734.0,437.1923,6,2016,2024,eu_trend_wm_max_recent_v2
ZAZ,CLJ,22733.84,437.1893,7,2015,2024,eu_trend_wm_max_recent_v2
CRL,AOI,22729.68,437.1092,7,2015,2024,eu_trend_wm_max_recent_v2
LEJ,ZRH,22726.5,437.048,5,2015,2019,eu_trend_wm_max_recent_v2
GDN,LCA,22723.83,436.9967,2,2023,2024,eu_trend_wm_max_recent_v2
KTW,MUC,22720.0,436.9231,2,2018,2019,eu_trend_wm_max_recent_v2
FKB,CIA,22716.0,436.8462,5,2015,2019,eu_trend_wm_max_recent_v2
INV,BHX,22714.84,436.8238,5,2015,2019,eu_trend_wm_max_recent_v2
ACE,LYS,22711.59,436.7614,3,2015,2024,eu_trend_wm_max_recent_v2
AOI,CRL,22708.26,436.6973,7,2015,2024,eu_trend_wm_max_recent_v2
BRE,GRO,22705.0,436.6346,5,2015,2019,eu_trend_wm_max_recent_v2
LYS,OTP,22701.65,436.5703,1,2023,2023,eu_trend_wm_max_recent_v2
BGO,BCN,22695.36,436.4491,1,2015,2015,eu_trend_wm_max_recent_v2
FSC,LYS,22686.75,436.2836,6,2016,2024,eu_trend_wm_max_recent_v2
ICN,ZAG,22678.0,436.1154,2,2019,2024,eu_trend_wm_max_recent_v2
VLL,PMI,22677.63,436.1083,4,2015,2024,eu_trend_wm_max_recent_v2
SEN,BGY,22668.0,435.9231,1,2019,2019,eu_trend_wm_max_recent_v2
MLA,BLL,22667.72,435.9178,7,2015,2024,eu_trend_wm_max_recent_v2
CPH,MLA,22665.0,435.8654,5,2015,2024,eu_trend_wm_max_recent_v2
SDR,TFS,22665.0,435.8654,5,2015,2019,eu_trend_wm_max_recent_v2
PSA,OSL,22658.0,435.7308,4,2015,2019,eu_trend_wm_max_recent_v2
CRL,CTA,22657.31,435.7175,2,2023,2024,eu_trend_wm_max_recent_v2
VLC,EDI,22649.0,435.5577,2,2018,2019,eu_trend_wm_max_recent_v2
NAP,LYS,22637.91,435.3444,2,2023,2024,eu_trend_wm_max_recent_v2
TOS,GDN,22636.98,435.3266,4,2018,2024,eu_trend_wm_max_recent_v2
RNS,SEN,22631.32,435.2177,5,2015,2019,eu_trend_wm_max_recent_v2
SOF,BSL,22624.97,435.0957,2,2023,2024,eu_trend_wm_max_recent_v2
BIO,STR,22618.0,434.9615,3,2016,2019,eu_trend_wm_max_recent_v2
FMM,FAO,22613.0,434.8654,7,2015,2024,eu_trend_wm_max_recent_v2
OTP,LUX,22611.12,434.8292,1,2023,2023,eu_trend_wm_max_recent_v2
SNN,ACE,22609.0,434.7885,7,2015,2024,eu_trend_wm_max_recent_v2
LEI,BRU,22604.22,434.6965,7,2015,2024,eu_trend_wm_max_recent_v2
EDI,SNN,22603.42,434.6811,6,2016,2024,eu_trend_wm_max_recent_v2
FMM,VAR,22603.42,434.6811,4,2018,2024,eu_trend_wm_max_recent_v2
TLL,ZRH,22602.8,434.6693,2,2023,2024,eu_trend_wm_max_recent_v2
NCE,CFR,22600.03,434.616,2,2023,2024,eu_trend_wm_max_recent_v2
PRG,ZAD,22589.83,434.4198,3,2019,2024,eu_trend_wm_max_recent_v2
NWI,ABZ,22581.0,434.25,5,2015,2019,eu_trend_wm_max_recent_v2
SVQ,WAW,22580.77,434.2457,1,2024,2024,eu_trend_wm_max_recent_v2
SKG,EIN,22580.0,434.2308,2,2018,2019,eu_trend_wm_max_recent_v2
KEF,DFW,22579.0,434.2115,2,2018,2019,eu_trend_wm_max_recent_v2
LYS,FSC,22578.96,434.2108,6,2016,2024,eu_trend_wm_max_recent_v2
KTW,LBA,22567.7,433.9942,1,2023,2023,eu_trend_wm_max_recent_v2
PMO,WRO,22564.0,433.9231,4,2018,2024,eu_trend_wm_max_recent_v2
CLJ,ZAZ,22556.0,433.7692,7,2015,2024,eu_trend_wm_max_recent_v2
WAW,GLA,22544.3,433.5443,2,2015,2016,eu_trend_wm_max_recent_v2
PMI,LCY,22529.0,433.25,5,2015,2019,eu_trend_wm_max_recent_v2
VIE,OLB,22525.7,433.1865,6,2015,2024,eu_trend_wm_max_recent_v2
KEF,KTW,22523.0,433.1346,5,2017,2024,eu_trend_wm_max_recent_v2
IBZ,PSA,22522.81,433.1309,5,2015,2024,eu_trend_wm_max_recent_v2
CFR,NCE,22516.88,433.017,2,2023,2024,eu_trend_wm_max_recent_v2
FKB,BRI,22509.22,432.8697,7,2015,2024,eu_trend_wm_max_recent_v2
IBZ,DUB,22507.65,432.8393,7,2015,2024,eu_trend_wm_max_recent_v2
TRD,ALC,22499.16,432.6762,7,2015,2024,eu_trend_wm_max_recent_v2
GRO,BRE,22497.0,432.6346,5,2015,2019,eu_trend_wm_max_recent_v2
SUF,DUS,22491.11,432.5213,6,2015,2024,eu_trend_wm_max_recent_v2
KTW,LPL,22486.0,432.4231,4,2016,2019,eu_trend_wm_max_recent_v2
PSA,IBZ,22480.24,432.3123,5,2015,2024,eu_trend_wm_max_recent_v2
BLL,MLA,22477.52,432.26,7,2015,2024,eu_trend_wm_max_recent_v2
NUE,PMO,22475.31,432.2175,5,2017,2024,eu_trend_wm_max_recent_v2
TSF,MRS,22475.31,432.2175,2,2023,2024,eu_trend_wm_max_recent_v2
BEG,MAD,22474.8,432.2078,1,2024,2024,eu_trend_wm_max_recent_v2
BCN,BGO,22465.88,432.0361,1,2015,2015,eu_trend_wm_max_recent_v2
BEG,PEK,22464.84,432.0162,1,2024,2024,eu_trend_wm_max_recent_v2
HEL,FNC,22463.28,431.9861,7,2015,2024,eu_trend_wm_max_recent_v2
NCE,BES,22456.83,431.8622,2,2023,2024,eu_trend_wm_max_recent_v2
HAM,DRS,22451.98,431.7688,2,2015,2016,eu_trend_wm_max_recent_v2
KRK,LYS,22445.59,431.646,6,2015,2023,eu_trend_wm_max_recent_v2
PUY,LGW,22438.98,431.5188,7,2015,2024,eu_trend_wm_max_recent_v2
DUB,IBZ,22434.66,431.4358,7,2015,2024,eu_trend_wm_max_recent_v2
ORY,VRN,22434.66,431.4358,4,2016,2024,eu_trend_wm_max_recent_v2
TLV,KEF,22429.8,431.3423,1,2018,2018,eu_trend_wm_max_recent_v2
MLA,NYO,22428.0,431.3077,5,2015,2019,eu_trend_wm_max_recent_v2
KTW,KEF,22421.0,431.1731,5,2017,2024,eu_trend_wm_max_recent_v2
PMI,VLL,22418.03,431.116,4,2015,2024,eu_trend_wm_max_recent_v2
INN,RTM,22418.0,431.1154,7,2015,2024,eu_trend_wm_max_recent_v2
BOD,SVQ,22408.69,430.9363,3,2015,2024,eu_trend_wm_max_recent_v2
AGP,BGO,22407.41,430.9117,6,2016,2024,eu_trend_wm_max_recent_v2
OSL,PSA,22407.0,430.9038,4,2015,2019,eu_trend_wm_max_recent_v2
SVQ,CGN,22402.33,430.814,2,2023,2024,eu_trend_wm_max_recent_v2
TFS,SDR,22402.0,430.8077,5,2015,2019,eu_trend_wm_max_recent_v2
PFO,KRK,22400.53,430.7795,7,2015,2024,eu_trend_wm_max_recent_v2
BSL,DUS,22400.22,430.7735,5,2015,2019,eu_trend_wm_max_recent_v2
PRG,NTE,22400.22,430.7735,4,2016,2024,eu_trend_wm_max_recent_v2
LBA,KTW,22392.17,430.6186,1,2023,2023,eu_trend_wm_max_recent_v2
BUD,FNC,22390.32,430.583,2,2023,2024,eu_trend_wm_max_recent_v2
SNN,SWF,22389.0,430.5577,1,2018,2018,eu_trend_wm_max_recent_v2
FAO,FMM,22373.0,430.25,7,2015,2024,eu_trend_wm_max_recent_v2
LGW,JSI,22372.68,430.2438,7,2015,2024,eu_trend_wm_max_recent_v2
BHX,INV,22351.16,429.8301,5,2015,2019,eu_trend_wm_max_recent_v2
ANR,AGP,22350.0,429.8077,7,2015,2024,eu_trend_wm_max_recent_v2
NYO,BEG,22350.0,429.8077,7,2015,2024,eu_trend_wm_max_recent_v2
FAO,NCE,22327.0,429.3654,2,2018,2019,eu_trend_wm_max_recent_v2
CFU,TLV,22319.18,429.215,6,2015,2024,eu_trend_wm_max_recent_v2
NAP,CGN,22318.62,429.2042,1,2018,2018,eu_trend_wm_max_recent_v2
CGN,CFU,22312.68,429.09,6,2016,2024,eu_trend_wm_max_recent_v2
LGW,PUY,22302.3,428.8904,7,2015,2024,eu_trend_wm_max_recent_v2
GRX,MLN,22293.31,428.7176,3,2019,2024,eu_trend_wm_max_recent_v2
ALC,BOD,22291.47,428.682,2,2023,2024,eu_trend_wm_max_recent_v2
PSA,CPH,22291.47,428.682,4,2015,2024,eu_trend_wm_max_recent_v2
RIX,TFS,22291.47,428.682,2,2023,2024,eu_trend_wm_max_recent_v2
NYO,MLA,22280.0,428.4615,5,2015,2019,eu_trend_wm_max_recent_v2
PMO,NUE,22279.46,428.4511,5,2017,2024,eu_trend_wm_max_recent_v2
EMA,TSF,22275.78,428.3804,7,2015,2024,eu_trend_wm_max_recent_v2
BLL,BER,22275.0,428.3654,3,2018,2023,eu_trend_wm_max_recent_v2
VCE,YUL,22274.76,428.3607,2,2015,2016,eu_trend_wm_max_recent_v2
ZAD,CRL,22273.74,428.3412,7,2015,2024,eu_trend_wm_max_recent_v2
BHX,KEF,22270.8,428.2847,3,2015,2017,eu_trend_wm_max_recent_v2
BIQ,DUB,22267.39,428.2191,7,2015,2024,eu_trend_wm_max_recent_v2
TFN,PMI,22265.6,428.1846,1,2023,2023,eu_trend_wm_max_recent_v2
ACE,NRN,22264.56,428.1646,4,2015,2018,eu_trend_wm_max_recent_v2
HAM,NAP,22255.65,427.9933,4,2015,2018,eu_trend_wm_max_recent_v2
LCJ,BGY,22254.51,427.9714,2,2023,2024,eu_trend_wm_max_recent_v2
RIX,LHR,22250.18,427.8881,1,2024,2024,eu_trend_wm_max_recent_v2
BLQ,SKG,22250.0,427.8846,2,2019,2023,eu_trend_wm_max_recent_v2
MLA,ARN,22247.22,427.8312,4,2015,2024,eu_trend_wm_max_recent_v2
CRV,PSA,22245.04,427.7893,2,2015,2016,eu_trend_wm_max_recent_v2
SVQ,BOD,22240.22,427.6965,3,2015,2024,eu_trend_wm_max_recent_v2
MXP,LMP,22239.73,427.6871,7,2015,2024,eu_trend_wm_max_recent_v2
RIX,DXB,22233.26,427.5628,2,2023,2024,eu_trend_wm_max_recent_v2
PEK,BEG,22228.45,427.4701,1,2024,2024,eu_trend_wm_max_recent_v2
GLA,BUD,22227.11,427.4443,2,2016,2017,eu_trend_wm_max_recent_v2
KRK,VCE,22226.07,427.4243,1,2017,2017,eu_trend_wm_max_recent_v2
BUD,SOF,22221.72,427.3408,4,2017,2024,eu_trend_wm_max_recent_v2
DEB,BVA,22221.0,427.3269,4,2016,2019,eu_trend_wm_max_recent_v2
TSR,CIA,22213.58,427.1842,6,2015,2024,eu_trend_wm_max_recent_v2
BGO,ABZ,22208.0,427.0769,7,2015,2024,eu_trend_wm_max_recent_v2
VIE,SVQ,22206.47,427.0475,2,2023,2024,eu_trend_wm_max_recent_v2
PMI,BGO,22202.34,426.9681,5,2016,2024,eu_trend_wm_max_recent_v2
STR,GRZ,22195.27,426.8321,5,2015,2019,eu_trend_wm_max_recent_v2
SEN,RNS,22193.04,426.7893,5,2015,2019,eu_trend_wm_max_recent_v2
TKU,RIX,22192.0,426.7692,7,2015,2024,eu_trend_wm_max_recent_v2
OTP,LYS,22188.92,426.71,1,2023,2023,eu_trend_wm_max_recent_v2
GRO,LBA,22178.76,426.5146,5,2017,2024,eu_trend_wm_max_recent_v2
CIA,NYO,22178.21,426.504,5,2015,2019,eu_trend_wm_max_recent_v2
FKB,FAO,22177.83,426.4968,2,2023,2024,eu_trend_wm_max_recent_v2
CHQ,ORY,22175.06,426.4435,4,2018,2024,eu_trend_wm_max_recent_v2
FKB,BEG,22175.06,426.4435,6,2016,2024,eu_trend_wm_max_recent_v2
BEG,NYO,22167.0,426.2885,7,2015,2024,eu_trend_wm_max_recent_v2
BEG,FKB,22160.28,426.1592,6,2016,2024,eu_trend_wm_max_recent_v2
KRK,PFO,22155.99,426.0767,7,2015,2024,eu_trend_wm_max_recent_v2
EIN,MRS,22155.0,426.0577,6,2015,2023,eu_trend_wm_max_recent_v2
BEG,PRG,22154.74,426.0526,5,2016,2024,eu_trend_wm_max_recent_v2
CGN,SVQ,22141.8,425.8039,2,2023,2024,eu_trend_wm_max_recent_v2
BRI,FRA,22141.0,425.7885,1,2019,2019,eu_trend_wm_max_recent_v2
NCL,ZTH,22140.88,425.7861,7,2015,2024,eu_trend_wm_max_recent_v2
BER,BLL,22137.0,425.7115,3,2018,2023,eu_trend_wm_max_recent_v2
NCL,MLA,22133.47,425.6436,5,2015,2019,eu_trend_wm_max_recent_v2
BIO,ZRH,22133.34,425.6412,3,2016,2024,eu_trend_wm_max_recent_v2
ATH,RIX,22127.95,425.5374,2,2023,2024,eu_trend_wm_max_recent_v2
CIA,CRA,22126.1,425.5019,5,2017,2024,eu_trend_wm_max_recent_v2
BGO,AGP,22125.13,425.4832,6,2016,2024,eu_trend_wm_max_recent_v2
GLA,DUS,22121.76,425.4185,2,2017,2018,eu_trend_wm_max_recent_v2
BGO,KRK,22118.7,425.3596,7,2015,2024,eu_trend_wm_max_recent_v2
SEN,VCE,22115.57,425.2995,3,2015,2019,eu_trend_wm_max_recent_v2
KGS,BGY,22108.68,425.1669,4,2015,2024,eu_trend_wm_max_recent_v2
POZ,ZAD,22105.77,425.111,3,2019,2024,eu_trend_wm_max_recent_v2
BSL,CMN,22104.0,425.0769,3,2015,2023,eu_trend_wm_max_recent_v2
HER,CPH,22095.61,424.9156,4,2017,2024,eu_trend_wm_max_recent_v2
LMP,MXP,22089.14,424.7912,7,2015,2024,eu_trend_wm_max_recent_v2
LCY,PMI,22087.0,424.75,5,2015,2019,eu_trend_wm_max_recent_v2
REU,LGW,22086.0,424.7308,7,2015,2024,eu_trend_wm_max_recent_v2
DFW,KEF,22084.0,424.6923,2,2018,2019,eu_trend_wm_max_recent_v2
WRO,SNN,22082.68,424.6669,7,2015,2024,eu_trend_wm_max_recent_v2
ZTH,BUD,22080.83,424.6313,6,2016,2024,eu_trend_wm_max_recent_v2
ZTH,NCL,22075.29,424.5247,7,2015,2024,eu_trend_wm_max_recent_v2
PFO,BOH,22075.0,424.5192,2,2018,2019,eu_trend_wm_max_recent_v2
FCO,LCA,22067.9,424.3826,2,2023,2024,eu_trend_wm_max_recent_v2
TFS,RIX,22067.9,424.3826,2,2023,2024,eu_trend_wm_max_recent_v2
MLA,VLC,22067.0,424.3654,3,2019,2024,eu_trend_wm_max_recent_v2
BUD,ZTH,22063.28,424.2938,6,2016,2024,eu_trend_wm_max_recent_v2
MUC,GLA,22060.0,424.2308,2,2018,2019,eu_trend_wm_max_recent_v2
TSR,FCO,22058.66,424.2049,2,2015,2023,eu_trend_wm_max_recent_v2
POZ,BUD,22053.11,424.0983,1,2023,2023,eu_trend_wm_max_recent_v2
LTN,TRN,22042.35,423.8914,3,2016,2018,eu_trend_wm_max_recent_v2
BRU,BOJ,22039.0,423.8269,5,2015,2019,eu_trend_wm_max_recent_v2
ZAD,PRG,22037.34,423.7949,3,2019,2024,eu_trend_wm_max_recent_v2
LGW,REU,22030.0,423.6538,7,2015,2024,eu_trend_wm_max_recent_v2
GVA,SKP,22026.32,423.5831,2,2023,2024,eu_trend_wm_max_recent_v2
NAP,KTW,22026.32,423.5831,5,2015,2023,eu_trend_wm_max_recent_v2
LPL,IAS,22021.7,423.4943,3,2019,2024,eu_trend_wm_max_recent_v2
BRS,GDN,22017.75,423.4183,4,2015,2018,eu_trend_wm_max_recent_v2
CPH,FLR,22013.39,423.3344,3,2019,2024,eu_trend_wm_max_recent_v2
VLC,LTN,22010.0,423.2692,2,2018,2019,eu_trend_wm_max_recent_v2
FCO,DTM,22009.69,423.2633,2,2023,2024,eu_trend_wm_max_recent_v2
SNN,WRO,22009.69,423.2633,7,2015,2024,eu_trend_wm_max_recent_v2
LBA,GRO,22007.85,423.2278,5,2017,2024,eu_trend_wm_max_recent_v2
CTA,CRL,22004.15,423.1567,2,2023,2024,eu_trend_wm_max_recent_v2
BGY,SEN,22004.0,423.1538,1,2019,2019,eu_trend_wm_max_recent_v2
MLA,NCL,22001.34,423.1027,5,2015,2019,eu_trend_wm_max_recent_v2
CLJ,MMX,22001.0,423.0962,7,2015,2024,eu_trend_wm_max_recent_v2
FMM,GRO,22000.45,423.0857,6,2015,2024,eu_trend_wm_max_recent_v2
PDX,KEF,22000.45,423.0857,4,2017,2024,eu_trend_wm_max_recent_v2
BOJ,LEJ,21997.0,423.0192,7,2015,2024,eu_trend_wm_max_recent_v2
VLC,MLA,21995.0,422.9808,3,2019,2024,eu_trend_wm_max_recent_v2
GLA,WAW,21994.6,422.973,2,2015,2016,eu_trend_wm_max_recent_v2
DUS,SUF,21989.33,422.8718,6,2015,2024,eu_trend_wm_max_recent_v2
TFS,ORK,21987.52,422.8369,7,2015,2024,eu_trend_wm_max_recent_v2
LIS,LIL,21974.0,422.5769,4,2016,2019,eu_trend_wm_max_recent_v2
BOH,PFO,21973.0,422.5577,2,2018,2019,eu_trend_wm_max_recent_v2
SNN,PHL,21973.0,422.5577,5,2015,2019,eu_trend_wm_max_recent_v2
LPA,NUE,21966.72,422.4369,7,2015,2024,eu_trend_wm_max_recent_v2
DTM,TSR,21966.27,422.4283,7,2015,2024,eu_trend_wm_max_recent_v2
EDI,RHO,21962.58,422.3573,2,2023,2024,eu_trend_wm_max_recent_v2
FNC,BUD,21959.81,422.304,2,2023,2024,eu_trend_wm_max_recent_v2
BRS,POZ,21957.96,422.2684,7,2015,2024,eu_trend_wm_max_recent_v2
LYS,KRK,21957.54,422.2604,6,2015,2023,eu_trend_wm_max_recent_v2
PMI,MMX,21956.52,422.2408,7,2015,2024,eu_trend_wm_max_recent_v2
NRN,STN,21947.34,422.0642,5,2015,2019,eu_trend_wm_max_recent_v2
VRN,ORY,21945.95,422.0375,4,2016,2024,eu_trend_wm_max_recent_v2
CGN,NAP,21945.3,422.025,1,2018,2018,eu_trend_wm_max_recent_v2
BHD,ABZ,21945.23,422.0236,5,2015,2019,eu_trend_wm_max_recent_v2
EMA,HER,21944.72,422.0139,7,2015,2024,eu_trend_wm_max_recent_v2
BES,NCE,21941.33,421.9486,2,2023,2024,eu_trend_wm_max_recent_v2
GRO,FMM,21938.56,421.8953,6,2015,2024,eu_trend_wm_max_recent_v2
NYO,CIA,21935.79,421.8422,5,2015,2019,eu_trend_wm_max_recent_v2
BVA,DEB,21933.0,421.7885,4,2016,2019,eu_trend_wm_max_recent_v2
VRN,VLC,21932.27,421.7745,1,2024,2024,eu_trend_wm_max_recent_v2
NCL,DUS,21921.0,421.5577,4,2015,2019,eu_trend_wm_max_recent_v2
RHO,HER,21919.25,421.5241,3,2015,2018,eu_trend_wm_max_recent_v2
CRA,BHX,21915.46,421.4512,2,2023,2024,eu_trend_wm_max_recent_v2
GLA,BCN,21910.76,421.3608,4,2016,2019,eu_trend_wm_max_recent_v2
CPH,PSA,21899.76,421.1492,4,2015,2024,eu_trend_wm_max_recent_v2
SXB,STN,21898.69,421.1286,1,2015,2015,eu_trend_wm_max_recent_v2
MMX,PMI,21891.24,420.9854,7,2015,2024,eu_trend_wm_max_recent_v2
CIA,TSR,21890.02,420.9618,6,2015,2024,eu_trend_wm_max_recent_v2
SCV,CIA,21879.0,420.75,3,2018,2023,eu_trend_wm_max_recent_v2
YUL,VCE,21870.44,420.5853,2,2015,2016,eu_trend_wm_max_recent_v2
HER,EMA,21868.31,420.5445,7,2015,2024,eu_trend_wm_max_recent_v2
NTE,IST,21867.42,420.5273,2,2023,2024,eu_trend_wm_max_recent_v2
SCQ,HHN,21867.25,420.5241,5,2015,2019,eu_trend_wm_max_recent_v2
TFS,GDN,21860.72,420.3984,1,2024,2024,eu_trend_wm_max_recent_v2
DXB,RIX,21848.02,420.1542,2,2023,2024,eu_trend_wm_max_recent_v2
RTM,VCE,21844.32,420.0831,2,2017,2018,eu_trend_wm_max_recent_v2
BOJ,POZ,21842.84,420.0547,7,2015,2024,eu_trend_wm_max_recent_v2
PMO,BUD,21838.78,419.9766,2,2023,2024,eu_trend_wm_max_recent_v2
BGO,PMI,21834.12,419.8869,5,2016,2024,eu_trend_wm_max_recent_v2
LCA,GDN,21826.77,419.7456,2,2023,2024,eu_trend_wm_max_recent_v2
BRS,KEF,21822.39,419.6613,3,2015,2017,eu_trend_wm_max_recent_v2
IST,NTE,21822.15,419.6568,2,2023,2024,eu_trend_wm_max_recent_v2
MRS,BER,21820.86,419.6319,2,2017,2018,eu_trend_wm_max_recent_v2
TPS,CAG,21817.38,419.5649,3,2015,2017,eu_trend_wm_max_recent_v2
TRD,EVE,21817.0,419.5577,5,2015,2019,eu_trend_wm_max_recent_v2
EDI,HER,21814.76,419.5147,2,2023,2024,eu_trend_wm_max_recent_v2
KEF,BRS,21805.74,419.3412,3,2015,2017,eu_trend_wm_max_recent_v2
SCV,FMM,21804.6,419.3192,3,2019,2024,eu_trend_wm_max_recent_v2
LEJ,BOJ,21803.0,419.2885,7,2015,2024,eu_trend_wm_max_recent_v2
POZ,CIA,21799.98,419.2304,5,2015,2024,eu_trend_wm_max_recent_v2
RIX,ATH,21799.06,419.2126,2,2023,2024,eu_trend_wm_max_recent_v2
RHO,EDI,21788.89,419.0172,2,2023,2024,eu_trend_wm_max_recent_v2
VLC,STR,21779.0,418.8269,3,2019,2024,eu_trend_wm_max_recent_v2
BHX,CRA,21778.73,418.8218,2,2023,2024,eu_trend_wm_max_recent_v2
KTW,CHQ,21775.96,418.7685,7,2015,2024,eu_trend_wm_max_recent_v2
CHQ,FRA,21772.27,418.6974,5,2016,2024,eu_trend_wm_max_recent_v2
CIA,POZ,21768.57,418.6263,5,2015,2024,eu_trend_wm_max_recent_v2
NCE,FAO,21768.0,418.6154,2,2018,2019,eu_trend_wm_max_recent_v2
BER,CHQ,21763.95,418.5375,2,2023,2024,eu_trend_wm_max_recent_v2
ATH,BOD,21760.26,418.4664,2,2023,2024,eu_trend_wm_max_recent_v2
POZ,BOJ,21743.09,418.1364,7,2015,2024,eu_trend_wm_max_recent_v2
CHQ,KTW,21734.39,417.969,7,2015,2024,eu_trend_wm_max_recent_v2
LUX,OTP,21734.39,417.969,1,2023,2023,eu_trend_wm_max_recent_v2
VLC,VRN,21730.29,417.8903,1,2024,2024,eu_trend_wm_max_recent_v2
LIL,LIS,21728.0,417.8462,4,2016,2019,eu_trend_wm_max_recent_v2
BEG,CIA,21726.07,417.8091,2,2023,2024,eu_trend_wm_max_recent_v2
GLA,PHL,21722.94,417.7488,2,2015,2018,eu_trend_wm_max_recent_v2
LTN,TLL,21720.53,417.7025,3,2019,2024,eu_trend_wm_max_recent_v2
LBA,LCA,21715.0,417.5962,5,2015,2019,eu_trend_wm_max_recent_v2
MAD,BEG,21714.9,417.5942,1,2024,2024,eu_trend_wm_max_recent_v2
TGD,CDG,21708.0,417.4615,4,2016,2019,eu_trend_wm_max_recent_v2
FCO,TGD,21705.0,417.4038,5,2016,2023,eu_trend_wm_max_recent_v2
EIN,ARN,21699.48,417.2977,1,2018,2018,eu_trend_wm_max_recent_v2
KRK,POZ,21695.59,417.2228,1,2023,2023,eu_trend_wm_max_recent_v2
CFU,OTP,21688.2,417.0807,2,2023,2024,eu_trend_wm_max_recent_v2
LPA,KTW,21687.72,417.0716,5,2015,2024,eu_trend_wm_max_recent_v2
BUD,BLQ,21682.0,416.9615,1,2019,2019,eu_trend_wm_max_recent_v2
BEG,LED,21679.88,416.9208,2,2023,2024,eu_trend_wm_max_recent_v2
OTP,SOF,21679.86,416.9203,6,2015,2023,eu_trend_wm_max_recent_v2
DEB,EIN,21679.08,416.9054,7,2015,2024,eu_trend_wm_max_recent_v2
EDI,BOD,21669.87,416.7282,1,2016,2016,eu_trend_wm_max_recent_v2
ORY,CHQ,21669.72,416.7254,4,2018,2024,eu_trend_wm_max_recent_v2
POZ,BRS,21660.48,416.5477,7,2015,2024,eu_trend_wm_max_recent_v2
SVQ,OTP,21658.63,416.5122,1,2023,2023,eu_trend_wm_max_recent_v2
BOH,GRO,21645.42,416.2581,7,2015,2024,eu_trend_wm_max_recent_v2
SOF,BEG,21645.15,416.253,4,2015,2024,eu_trend_wm_max_recent_v2
FNI,LTN,21643.44,416.22,5,2015,2019,eu_trend_wm_max_recent_v2
FUE,BFS,21643.0,416.2115,1,2019,2019,eu_trend_wm_max_recent_v2
ZRH,LEJ,21640.32,416.16,5,2015,2019,eu_trend_wm_max_recent_v2
IST,TRS,21640.16,416.1568,2,2023,2024,eu_trend_wm_max_recent_v2
IAS,BLL,21634.0,416.0385,3,2019,2024,eu_trend_wm_max_recent_v2
RIX,EDI,21626.3,415.8903,2,2023,2024,eu_trend_wm_max_recent_v2
VIE,JMK,21626.3,415.8903,5,2015,2024,eu_trend_wm_max_recent_v2
KRK,IST,21621.68,415.8015,2,2023,2024,eu_trend_wm_max_recent_v2
CAG,TPS,21621.05,415.7895,3,2015,2017,eu_trend_wm_max_recent_v2
TUF,MRS,21619.79,415.7653,7,2015,2024,eu_trend_wm_max_recent_v2
NRN,RIX,21618.34,415.7372,1,2015,2015,eu_trend_wm_max_recent_v2
CMN,BSL,21616.0,415.6923,3,2015,2023,eu_trend_wm_max_recent_v2
BLQ,NRN,21605.13,415.4833,3,2015,2017,eu_trend_wm_max_recent_v2
VCE,RTM,21586.26,415.1204,2,2017,2018,eu_trend_wm_max_recent_v2
VNO,LCA,21583.0,415.0577,7,2015,2024,eu_trend_wm_max_recent_v2
BFS,FUE,21575.0,414.9038,1,2019,2019,eu_trend_wm_max_recent_v2
SVQ,VIE,21565.32,414.7178,2,2023,2024,eu_trend_wm_max_recent_v2
ALC,BLQ,21559.0,414.5962,1,2019,2019,eu_trend_wm_max_recent_v2
BUD,PMO,21552.39,414.469,2,2023,2024,eu_trend_wm_max_recent_v2
SDR,DUB,21542.81,414.2848,7,2015,2024,eu_trend_wm_max_recent_v2
TSF,HAM,21533.0,414.0962,3,2017,2019,eu_trend_wm_max_recent_v2
SOF,OTP,21530.0,414.0385,6,2015,2023,eu_trend_wm_max_recent_v2
BUD,POZ,21529.29,414.0249,1,2023,2023,eu_trend_wm_max_recent_v2
VXO,AMS,21525.0,413.9423,2,2018,2019,eu_trend_wm_max_recent_v2
KRK,HAM,21523.42,413.9119,2,2015,2016,eu_trend_wm_max_recent_v2
FAO,FKB,21516.36,413.7762,2,2023,2024,eu_trend_wm_max_recent_v2
BRU,CFU,21511.8,413.6885,7,2015,2024,eu_trend_wm_max_recent_v2
HAJ,SKP,21506.0,413.5769,3,2017,2019,eu_trend_wm_max_recent_v2
FNC,ZRH,21500.65,413.4741,7,2015,2024,eu_trend_wm_max_recent_v2
LED,BEG,21498.81,413.4386,2,2023,2024,eu_trend_wm_max_recent_v2
EIN,SKG,21493.0,413.3269,2,2018,2019,eu_trend_wm_max_recent_v2
GLA,MXP,21489.46,413.2589,1,2017,2017,eu_trend_wm_max_recent_v2
NOC,BHX,21486.65,413.2048,6,2016,2024,eu_trend_wm_max_recent_v2
TSF,PMI,21483.1,413.1366,2,2023,2024,eu_trend_wm_max_recent_v2
WRO,CIA,21478.48,413.0477,7,2015,2024,eu_trend_wm_max_recent_v2
NRN,BLQ,21472.48,412.9324,3,2015,2017,eu_trend_wm_max_recent_v2
GLA,CUN,21472.0,412.9231,2,2018,2019,eu_trend_wm_max_recent_v2
FMM,SCV,21469.24,412.8701,3,2019,2024,eu_trend_wm_max_recent_v2
NTE,YUL,21465.55,412.799,5,2015,2024,eu_trend_wm_max_recent_v2
SVG,LPA,21463.55,412.7605,7,2015,2024,eu_trend_wm_max_recent_v2
BER,MRS,21460.8,412.7077,2,2017,2018,eu_trend_wm_max_recent_v2
HER,EDI,21452.61,412.5503,2,2023,2024,eu_trend_wm_max_recent_v2
IAS,IST,21444.3,412.3904,2,2023,2024,eu_trend_wm_max_recent_v2
CUN,GLA,21442.0,412.3462,2,2018,2019,eu_trend_wm_max_recent_v2
TLS,MAH,21440.6,412.3193,2,2023,2024,eu_trend_wm_max_recent_v2
RIX,BGO,21440.4,412.3154,2,2017,2018,eu_trend_wm_max_recent_v2
SPU,PRG,21436.4,412.2385,7,2015,2024,eu_trend_wm_max_recent_v2
SPU,HAM,21433.26,412.1781,7,2015,2024,eu_trend_wm_max_recent_v2
LCA,LBA,21430.0,412.1154,5,2015,2019,eu_trend_wm_max_recent_v2
STR,VLC,21427.0,412.0577,3,2019,2024,eu_trend_wm_max_recent_v2
GRO,BOH,21425.1,412.0212,7,2015,2024,eu_trend_wm_max_recent_v2
DUB,NUE,21424.9,412.0173,1,2023,2023,eu_trend_wm_max_recent_v2
LBA,MAH,21420.25,411.9279,7,2015,2024,eu_trend_wm_max_recent_v2
NCE,CGN,21418.43,411.8929,2,2023,2024,eu_trend_wm_max_recent_v2
EXT,NCL,21414.12,411.8099,5,2015,2019,eu_trend_wm_max_recent_v2
VIE,FUE,21412.89,411.7863,2,2023,2024,eu_trend_wm_max_recent_v2
LIL,FAO,21412.0,411.7692,3,2017,2019,eu_trend_wm_max_recent_v2
TSR,FRA,21398.11,411.5021,3,2018,2023,eu_trend_wm_max_recent_v2
IAS,LPL,21396.26,411.4665,3,2019,2024,eu_trend_wm_max_recent_v2
SCQ,FRA,21389.4,411.3346,5,2017,2024,eu_trend_wm_max_recent_v2
BCM,MXP,21387.95,411.3066,2,2023,2024,eu_trend_wm_max_recent_v2
ABZ,BHD,21380.2,411.1577,5,2015,2019,eu_trend_wm_max_recent_v2
DUS,KTW,21375.91,411.0752,2,2015,2016,eu_trend_wm_max_recent_v2
LPL,LCA,21375.01,411.0579,4,2015,2023,eu_trend_wm_max_recent_v2
GOT,BER,21374.34,411.045,1,2024,2024,eu_trend_wm_max_recent_v2
ORY,GOA,21362.08,410.8092,2,2023,2024,eu_trend_wm_max_recent_v2
LUZ,EIN,21361.0,410.7885,4,2016,2019,eu_trend_wm_max_recent_v2
MAH,LBA,21360.72,410.783,7,2015,2024,eu_trend_wm_max_recent_v2
PRG,SPU,21360.45,410.7779,7,2015,2024,eu_trend_wm_max_recent_v2
OTP,SVQ,21360.23,410.7737,1,2023,2023,eu_trend_wm_max_recent_v2
FSC,CRL,21359.82,410.7658,7,2015,2024,eu_trend_wm_max_recent_v2
DUB,CFU,21357.13,410.7141,6,2015,2024,eu_trend_wm_max_recent_v2
PMO,MLA,21355.0,410.6731,2,2018,2019,eu_trend_wm_max_recent_v2
GOA,ORY,21353.76,410.6493,2,2023,2024,eu_trend_wm_max_recent_v2
BZG,FRA,21350.0,410.5769,5,2015,2019,eu_trend_wm_max_recent_v2
NRN,ACE,21347.97,410.5378,4,2015,2018,eu_trend_wm_max_recent_v2
YUL,NTE,21342.68,410.4361,5,2015,2024,eu_trend_wm_max_recent_v2
MLA,PMO,21341.0,410.4038,2,2018,2019,eu_trend_wm_max_recent_v2
STN,NRN,21337.38,410.3342,5,2015,2019,eu_trend_wm_max_recent_v2
TPS,LIN,21331.0,410.2115,2,2018,2019,eu_trend_wm_max_recent_v2
LCA,VNO,21329.0,410.1731,7,2015,2024,eu_trend_wm_max_recent_v2
NAP,NTE,21327.0,410.1346,2,2019,2024,eu_trend_wm_max_recent_v2
GLA,PFO,21324.12,410.0792,7,2015,2024,eu_trend_wm_max_recent_v2
HAM,TSF,21317.0,409.9423,3,2017,2019,eu_trend_wm_max_recent_v2
EIN,INN,21315.89,409.9209,7,2015,2024,eu_trend_wm_max_recent_v2
GRO,KRK,21313.11,409.8676,7,2015,2024,eu_trend_wm_max_recent_v2
ACE,CPH,21312.59,409.8576,2,2015,2017,eu_trend_wm_max_recent_v2
BLL,IAS,21312.0,409.8462,3,2019,2024,eu_trend_wm_max_recent_v2
GRQ,SEN,21311.0,409.8269,5,2015,2019,eu_trend_wm_max_recent_v2
STN,ZAD,21311.0,409.8269,7,2015,2024,eu_trend_wm_max_recent_v2
KEF,BHX,21310.51,409.8176,3,2015,2017,eu_trend_wm_max_recent_v2
PRG,KEF,21306.65,409.7432,2,2023,2024,eu_trend_wm_max_recent_v2
BCN,GLA,21305.87,409.7283,4,2016,2019,eu_trend_wm_max_recent_v2
CPH,ACE,21291.79,409.4574,2,2015,2017,eu_trend_wm_max_recent_v2
MAH,NCL,21290.46,409.4319,7,2015,2024,eu_trend_wm_max_recent_v2
ZAD,CGN,21288.17,409.3879,3,2019,2024,eu_trend_wm_max_recent_v2
PHL,GLA,21287.4,409.3731,2,2015,2018,eu_trend_wm_max_recent_v2
EXT,JER,21285.36,409.3338,5,2015,2019,eu_trend_wm_max_recent_v2
BOD,YUL,21283.0,409.2885,3,2019,2024,eu_trend_wm_max_recent_v2
NCL,MAH,21280.26,409.2358,7,2015,2024,eu_trend_wm_max_recent_v2
FCO,TSR,21276.16,409.1569,2,2015,2023,eu_trend_wm_max_recent_v2
BLQ,ALC,21276.0,409.1538,1,2019,2019,eu_trend_wm_max_recent_v2
BCN,ZAG,21275.14,409.1373,6,2015,2023,eu_trend_wm_max_recent_v2
CRL,FSC,21273.12,409.0985,7,2015,2024,eu_trend_wm_max_recent_v2
WAW,LUX,21272.9,409.0942,6,2016,2024,eu_trend_wm_max_recent_v2
KRK,GRO,21260.45,408.8549,7,2015,2024,eu_trend_wm_max_recent_v2
FRA,TSR,21259.0,408.8269,3,2018,2023,eu_trend_wm_max_recent_v2
CIA,WRO,21253.99,408.7305,7,2015,2024,eu_trend_wm_max_recent_v2
ATH,PMO,21252.0,408.6923,1,2019,2019,eu_trend_wm_max_recent_v2
SCV,CRL,21251.22,408.6772,1,2023,2023,eu_trend_wm_max_recent_v2
BGO,RIX,21240.48,408.4708,2,2017,2018,eu_trend_wm_max_recent_v2
BGY,KGS,21239.48,408.4516,4,2015,2024,eu_trend_wm_max_recent_v2
PEG,PMO,21238.28,408.4285,2,2023,2024,eu_trend_wm_max_recent_v2
STN,TSR,21235.83,408.3814,3,2016,2018,eu_trend_wm_max_recent_v2
CFU,DUB,21235.76,408.3801,6,2015,2024,eu_trend_wm_max_recent_v2
KTW,NAP,21227.2,408.2153,5,2015,2023,eu_trend_wm_max_recent_v2
KTW,LPA,21224.9,408.1711,5,2015,2024,eu_trend_wm_max_recent_v2
VCE,KRK,21224.16,408.1569,1,2017,2017,eu_trend_wm_max_recent_v2
PMO,PEG,21220.73,408.091,2,2023,2024,eu_trend_wm_max_recent_v2
LPA,SVG,21220.0,408.0769,7,2015,2024,eu_trend_wm_max_recent_v2
PMI,TFN,21217.96,408.0377,1,2023,2023,eu_trend_wm_max_recent_v2
BDS,EIN,21208.72,407.86,7,2015,2024,eu_trend_wm_max_recent_v2
DRS,AMS,21197.11,407.6367,5,2016,2023,eu_trend_wm_max_recent_v2
CDG,TGD,21186.0,407.4231,4,2016,2019,eu_trend_wm_max_recent_v2
LPL,KTW,21175.0,407.2115,4,2016,2019,eu_trend_wm_max_recent_v2
BEG,BUD,21174.54,407.2026,2,2023,2024,eu_trend_wm_max_recent_v2
IBZ,BFS,21173.0,407.1731,5,2015,2023,eu_trend_wm_max_recent_v2
EIN,BDS,21170.55,407.126,7,2015,2024,eu_trend_wm_max_recent_v2
SKG,BLQ,21170.0,407.1154,2,2019,2023,eu_trend_wm_max_recent_v2
PMI,GRO,21169.13,407.0986,1,2015,2015,eu_trend_wm_max_recent_v2
DUS,NCL,21157.22,406.8696,4,2015,2019,eu_trend_wm_max_recent_v2
BSL,MPL,21151.0,406.75,7,2015,2024,eu_trend_wm_max_recent_v2
BHX,TLS,21148.21,406.6964,1,2017,2017,eu_trend_wm_max_recent_v2
BGY,BLL,21145.19,406.6383,7,2015,2024,eu_trend_wm_max_recent_v2
LTN,FNI,21145.09,406.6363,5,2015,2019,eu_trend_wm_max_recent_v2
BRU,LEI,21144.6,406.6269,7,2015,2024,eu_trend_wm_max_recent_v2
CDG,VNO,21144.05,406.6164,4,2017,2024,eu_trend_wm_max_recent_v2
BER,ACE,21140.52,406.5485,3,2018,2024,eu_trend_wm_max_recent_v2
MUC,KTW,21132.0,406.3846,2,2018,2019,eu_trend_wm_max_recent_v2
FCO,OVD,21126.5,406.2788,2,2023,2024,eu_trend_wm_max_recent_v2
GDN,HER,21126.5,406.2788,4,2017,2024,eu_trend_wm_max_recent_v2
STR,BIO,21122.0,406.1923,3,2016,2019,eu_trend_wm_max_recent_v2
KUN,SVG,21117.0,406.0962,4,2017,2023,eu_trend_wm_max_recent_v2
LTN,MRS,21114.0,406.0385,1,2018,2018,eu_trend_wm_max_recent_v2
OVD,FCO,21109.87,405.959,2,2023,2024,eu_trend_wm_max_recent_v2
LGW,BHD,21109.55,405.9529,2,2015,2016,eu_trend_wm_max_recent_v2
UME,GOT,21106.34,405.8912,3,2015,2017,eu_trend_wm_max_recent_v2
EVE,TRD,21106.0,405.8846,5,2015,2019,eu_trend_wm_max_recent_v2
LTN,VLC,21099.0,405.75,2,2018,2019,eu_trend_wm_max_recent_v2
CIA,BEG,21096.93,405.7103,2,2023,2024,eu_trend_wm_max_recent_v2
TLL,LTN,21096.93,405.7103,3,2019,2024,eu_trend_wm_max_recent_v2
KTW,AMS,21093.0,405.6346,3,2017,2019,eu_trend_wm_max_recent_v2
BOD,EDI,21087.26,405.5243,1,2016,2016,eu_trend_wm_max_recent_v2
CFU,HAM,21084.0,405.4615,7,2015,2024,eu_trend_wm_max_recent_v2
RTM,SPU,21084.0,405.4615,7,2015,2024,eu_trend_wm_max_recent_v2
LIS,KRK,21083.08,405.4438,1,2023,2023,eu_trend_wm_max_recent_v2
NTE,NAP,21078.0,405.3462,2,2019,2024,eu_trend_wm_max_recent_v2
LPA,VGO,21077.53,405.3372,2,2023,2024,eu_trend_wm_max_recent_v2
NUE,DUB,21070.14,405.1951,1,2023,2023,eu_trend_wm_max_recent_v2
LYS,TFS,21068.29,405.1595,1,2023,2023,eu_trend_wm_max_recent_v2
GDN,TLV,21068.1,405.1558,1,2018,2018,eu_trend_wm_max_recent_v2
ORK,BRS,21059.94,404.9988,7,2015,2024,eu_trend_wm_max_recent_v2
AMS,VXO,21059.0,404.9808,2,2018,2019,eu_trend_wm_max_recent_v2
SVO,DRS,21058.61,404.9733,5,2015,2019,eu_trend_wm_max_recent_v2
HAM,SPU,21057.9,404.9596,7,2015,2024,eu_trend_wm_max_recent_v2
CRL,SCV,21053.51,404.8753,1,2023,2023,eu_trend_wm_max_recent_v2
BFS,IBZ,21052.0,404.8462,5,2015,2023,eu_trend_wm_max_recent_v2
DBV,WAW,21050.74,404.822,4,2018,2024,eu_trend_wm_max_recent_v2
BVA,FCO,21049.82,404.8042,2,2023,2024,eu_trend_wm_max_recent_v2
ATH,BTS,21040.56,404.6262,5,2015,2019,eu_trend_wm_max_recent_v2
PMO,ATH,21036.0,404.5385,1,2019,2019,eu_trend_wm_max_recent_v2
LBA,HER,21033.79,404.4959,7,2015,2024,eu_trend_wm_max_recent_v2
CAG,TLV,21027.0,404.3654,1,2019,2019,eu_trend_wm_max_recent_v2
EIN,LUZ,21026.0,404.3462,4,2016,2019,eu_trend_wm_max_recent_v2
DUS,MRS,21023.36,404.2954,1,2017,2017,eu_trend_wm_max_recent_v2
MAD,IAS,21023.03,404.289,2,2023,2024,eu_trend_wm_max_recent_v2
IAS,MAD,21022.1,404.2712,2,2023,2024,eu_trend_wm_max_recent_v2
LUX,WAW,21021.11,404.252,6,2016,2024,eu_trend_wm_max_recent_v2
TSF,IAS,21021.0,404.25,6,2015,2023,eu_trend_wm_max_recent_v2
MXP,GLA,21020.24,404.2354,1,2017,2017,eu_trend_wm_max_recent_v2
HER,LBA,21017.48,404.1824,7,2015,2024,eu_trend_wm_max_recent_v2
FAO,HAJ,21014.77,404.1301,3,2017,2024,eu_trend_wm_max_recent_v2
CGN,ZAD,21013.79,404.1113,3,2019,2024,eu_trend_wm_max_recent_v2
KEF,TLV,21013.02,404.0965,1,2018,2018,eu_trend_wm_max_recent_v2
BLQ,BUD,21013.0,404.0962,1,2019,2019,eu_trend_wm_max_recent_v2
LIS,SOF,21010.09,404.0402,2,2023,2024,eu_trend_wm_max_recent_v2
MAH,TLS,21010.09,404.0402,2,2023,2024,eu_trend_wm_max_recent_v2
FKB,ZAG,21003.63,403.9159,2,2023,2024,eu_trend_wm_max_recent_v2
PSA,EDI,20999.01,403.827,4,2015,2024,eu_trend_wm_max_recent_v2
BOO,EVE,20997.0,403.7885,5,2015,2019,eu_trend_wm_max_recent_v2
TLS,ATH,20992.62,403.7042,1,2018,2018,eu_trend_wm_max_recent_v2
NTE,ACE,20988.84,403.6316,4,2015,2024,eu_trend_wm_max_recent_v2
TRN,IAS,20987.92,403.6139,5,2015,2024,eu_trend_wm_max_recent_v2
EVE,BOO,20986.0,403.5769,5,2015,2019,eu_trend_wm_max_recent_v2
TSR,HHN,20985.48,403.5669,6,2015,2023,eu_trend_wm_max_recent_v2
MMX,CLJ,20982.38,403.5073,7,2015,2024,eu_trend_wm_max_recent_v2
NTE,HAM,20981.0,403.4808,1,2019,2019,eu_trend_wm_max_recent_v2
SCV,DTM,20979.61,403.454,2,2023,2024,eu_trend_wm_max_recent_v2
PMI,TSF,20975.91,403.3829,2,2023,2024,eu_trend_wm_max_recent_v2
HHN,TSR,20975.28,403.3708,6,2015,2023,eu_trend_wm_max_recent_v2
BTS,ATH,20972.22,403.3119,5,2015,2019,eu_trend_wm_max_recent_v2
PTP,MIA,20964.95,403.1721,7,2015,2024,eu_trend_wm_max_recent_v2
SEN,BIO,20964.0,403.1538,1,2019,2019,eu_trend_wm_max_recent_v2
AMS,DRS,20949.49,402.8749,5,2016,2023,eu_trend_wm_max_recent_v2
GDN,BRS,20949.31,402.8713,4,2015,2018,eu_trend_wm_max_recent_v2
PSA,CRV,20946.12,402.8101,2,2015,2016,eu_trend_wm_max_recent_v2
TRN,LTN,20945.7,402.8019,3,2016,2018,eu_trend_wm_max_recent_v2
BHD,LGW,20941.88,402.7284,2,2015,2016,eu_trend_wm_max_recent_v2
PFO,GLA,20934.48,402.5862,7,2015,2024,eu_trend_wm_max_recent_v2
FRA,PUY,20927.0,402.4423,5,2017,2024,eu_trend_wm_max_recent_v2
SKP,NUE,20927.0,402.4423,6,2016,2024,eu_trend_wm_max_recent_v2
SNN,EDI,20920.57,402.3187,6,2016,2024,eu_trend_wm_max_recent_v2
HER,GDN,20903.85,401.9971,4,2017,2024,eu_trend_wm_max_recent_v2
BLL,BGY,20902.93,401.9794,7,2015,2024,eu_trend_wm_max_recent_v2
FCO,BVA,20902.93,401.9794,2,2023,2024,eu_trend_wm_max_recent_v2
JTR,VIE,20898.0,401.8846,7,2015,2024,eu_trend_wm_max_recent_v2
BER,GRZ,20893.69,401.8017,2,2023,2024,eu_trend_wm_max_recent_v2
TFS,LYS,20888.15,401.6951,1,2023,2023,eu_trend_wm_max_recent_v2
RTM,EGC,20887.07,401.6744,6,2015,2024,eu_trend_wm_max_recent_v2
BUD,BEG,20885.37,401.6418,2,2023,2024,eu_trend_wm_max_recent_v2
ATH,TLS,20884.5,401.625,1,2018,2018,eu_trend_wm_max_recent_v2
EDI,PSA,20883.53,401.6063,4,2015,2024,eu_trend_wm_max_recent_v2
LPA,BRE,20881.87,401.5744,4,2015,2018,eu_trend_wm_max_recent_v2
NCE,LCY,20876.67,401.4744,4,2015,2018,eu_trend_wm_max_recent_v2
KRK,LIS,20875.21,401.4464,1,2023,2023,eu_trend_wm_max_recent_v2
BOD,ATH,20870.59,401.3575,2,2023,2024,eu_trend_wm_max_recent_v2
CHQ,BER,20858.58,401.1266,2,2023,2024,eu_trend_wm_max_recent_v2
JER,EXT,20852.88,401.0169,5,2015,2019,eu_trend_wm_max_recent_v2
RIX,TRD,20852.0,401.0,7,2015,2024,eu_trend_wm_max_recent_v2
VIE,BLL,20846.3,400.8904,3,2019,2024,eu_trend_wm_max_recent_v2
GDN,VIE,20845.74,400.8796,1,2018,2018,eu_trend_wm_max_recent_v2
CRV,TSF,20840.11,400.7713,2,2023,2024,eu_trend_wm_max_recent_v2
LCA,LPL,20840.11,400.7713,4,2015,2023,eu_trend_wm_max_recent_v2
DUB,SDR,20837.24,400.7162,7,2015,2024,eu_trend_wm_max_recent_v2
LUX,MRS,20826.25,400.5048,2,2023,2024,eu_trend_wm_max_recent_v2
SPU,RTM,20826.25,400.5048,7,2015,2024,eu_trend_wm_max_recent_v2
LIN,TPS,20822.0,400.4231,2,2018,2019,eu_trend_wm_max_recent_v2
DUS,SPC,20821.26,400.4088,7,2015,2024,eu_trend_wm_max_recent_v2
ZAG,FKB,20816.09,400.3093,2,2023,2024,eu_trend_wm_max_recent_v2
LPA,BFS,20816.0,400.3077,4,2015,2019,eu_trend_wm_max_recent_v2
YUL,BOD,20816.0,400.3077,3,2019,2024,eu_trend_wm_max_recent_v2
RIX,NRN,20814.09,400.2709,1,2015,2015,eu_trend_wm_max_recent_v2
TLV,CAG,20814.0,400.2692,1,2019,2019,eu_trend_wm_max_recent_v2
HAJ,FAO,20812.79,400.2459,3,2017,2024,eu_trend_wm_max_recent_v2
FMM,ZAG,20810.54,400.2027,2,2023,2024,eu_trend_wm_max_recent_v2
JMK,VIE,20802.23,400.0428,5,2015,2024,eu_trend_wm_max_recent_v2
HAM,NTE,20802.0,400.0385,1,2019,2019,eu_trend_wm_max_recent_v2
SNN,REU,20798.53,399.9718,4,2018,2024,eu_trend_wm_max_recent_v2
FLR,GVA,20796.49,399.9326,2,2015,2016,eu_trend_wm_max_recent_v2
FAO,LIL,20795.0,399.9038,3,2017,2019,eu_trend_wm_max_recent_v2
EMA,VLC,20792.0,399.8462,5,2015,2019,eu_trend_wm_max_recent_v2
LTN,HER,20788.37,399.7763,1,2023,2023,eu_trend_wm_max_recent_v2
IST,KRK,20787.45,399.7586,2,2023,2024,eu_trend_wm_max_recent_v2
FRA,BZG,20780.0,399.6154,5,2015,2019,eu_trend_wm_max_recent_v2
BRE,LPA,20778.87,399.5936,4,2015,2018,eu_trend_wm_max_recent_v2
SKP,CPH,20778.0,399.5769,6,2016,2024,eu_trend_wm_max_recent_v2
VIE,GDN,20777.4,399.5654,1,2018,2018,eu_trend_wm_max_recent_v2
LCY,FCO,20768.46,399.3936,5,2015,2024,eu_trend_wm_max_recent_v2
BIO,SEN,20755.0,399.1346,1,2019,2019,eu_trend_wm_max_recent_v2
SUF,ZRH,20754.19,399.119,7,2015,2024,eu_trend_wm_max_recent_v2
BZR,LTN,20750.88,399.0554,7,2015,2024,eu_trend_wm_max_recent_v2
ORK,BVA,20749.39,399.0267,1,2024,2024,eu_trend_wm_max_recent_v2
CIA,NRN,20748.74,399.0142,5,2015,2019,eu_trend_wm_max_recent_v2
BTS,GRO,20744.54,398.9334,5,2015,2019,eu_trend_wm_max_recent_v2
ZAD,STN,20743.0,398.9038,7,2015,2024,eu_trend_wm_max_recent_v2
WAW,DBV,20742.18,398.888,4,2018,2024,eu_trend_wm_max_recent_v2
KRK,KEF,20737.56,398.7992,1,2023,2023,eu_trend_wm_max_recent_v2
CPH,LYS,20734.79,398.7459,1,2023,2023,eu_trend_wm_max_recent_v2
ZRH,SUF,20733.0,398.7115,7,2015,2024,eu_trend_wm_max_recent_v2
NCL,EXT,20729.64,398.6469,5,2015,2019,eu_trend_wm_max_recent_v2
FLR,CPH,20725.55,398.5682,3,2019,2024,eu_trend_wm_max_recent_v2
CDG,TLL,20724.62,398.5505,7,2015,2024,eu_trend_wm_max_recent_v2
TRD,RIX,20724.0,398.5385,7,2015,2024,eu_trend_wm_max_recent_v2
IAS,TSF,20720.0,398.4615,6,2015,2023,eu_trend_wm_max_recent_v2
KUN,EIN,20719.0,398.4423,3,2017,2019,eu_trend_wm_max_recent_v2
TSF,CRV,20716.31,398.3906,2,2023,2024,eu_trend_wm_max_recent_v2
FUE,VIE,20713.54,398.3373,2,2023,2024,eu_trend_wm_max_recent_v2
OTP,CFU,20708.0,398.2307,2,2023,2024,eu_trend_wm_max_recent_v2
SCV,OTP,20706.82,398.208,3,2019,2024,eu_trend_wm_max_recent_v2
EXT,LCY,20701.92,398.1138,5,2015,2019,eu_trend_wm_max_recent_v2
HAM,CFU,20701.53,398.1063,7,2015,2024,eu_trend_wm_max_recent_v2
OTP,PMO,20692.0,397.9231,2,2019,2023,eu_trend_wm_max_recent_v2
SDR,SVQ,20689.61,397.8771,6,2015,2024,eu_trend_wm_max_recent_v2
SUF,FRA,20689.0,397.8654,2,2018,2019,eu_trend_wm_max_recent_v2
FRA,CHQ,20687.67,397.8398,5,2016,2024,eu_trend_wm_max_recent_v2
ARN,HER,20678.0,397.6538,3,2018,2024,eu_trend_wm_max_recent_v2
CAG,GVA,20677.44,397.6431,6,2015,2023,eu_trend_wm_max_recent_v2
ABZ,BGO,20677.0,397.6346,7,2015,2024,eu_trend_wm_max_recent_v2
SPU,BRS,20673.0,397.5577,5,2017,2024,eu_trend_wm_max_recent_v2
PMO,OTP,20672.0,397.5385,2,2019,2023,eu_trend_wm_max_recent_v2
MIA,PTP,20670.59,397.5113,7,2015,2024,eu_trend_wm_max_recent_v2
BFS,LPA,20670.0,397.5,4,2015,2019,eu_trend_wm_max_recent_v2
GRZ,BER,20662.73,397.3601,2,2023,2024,eu_trend_wm_max_recent_v2
MRS,LUX,20660.88,397.3246,2,2023,2024,eu_trend_wm_max_recent_v2
ZAG,NRN,20655.34,397.218,2,2023,2024,eu_trend_wm_max_recent_v2
TLS,BHX,20650.9,397.1327,1,2017,2017,eu_trend_wm_max_recent_v2
EIN,DEB,20645.8,397.0346,7,2015,2024,eu_trend_wm_max_recent_v2
VCE,SEN,20632.01,396.7693,3,2015,2019,eu_trend_wm_max_recent_v2
EGC,RTM,20627.91,396.6906,6,2015,2024,eu_trend_wm_max_recent_v2
VIT,BGY,20621.68,396.5708,3,2019,2024,eu_trend_wm_max_recent_v2
IBZ,NRN,20608.08,396.3092,6,2015,2023,eu_trend_wm_max_recent_v2
VNO,DTM,20597.88,396.1131,7,2015,2024,eu_trend_wm_max_recent_v2
ARN,EIN,20595.84,396.0738,1,2018,2018,eu_trend_wm_max_recent_v2
IST,IAS,20592.51,396.0099,2,2023,2024,eu_trend_wm_max_recent_v2
SPC,DUS,20586.66,395.8973,7,2015,2024,eu_trend_wm_max_recent_v2
NRN,IBZ,20577.48,395.7208,6,2015,2023,eu_trend_wm_max_recent_v2
MAN,GOT,20574.96,395.6723,2,2023,2024,eu_trend_wm_max_recent_v2
ACE,BER,20569.32,395.5638,3,2018,2024,eu_trend_wm_max_recent_v2
BRI,STR,20558.63,395.3583,3,2015,2017,eu_trend_wm_max_recent_v2
BGY,LDE,20548.92,395.1715,7,2015,2024,eu_trend_wm_max_recent_v2
CRL,VAR,20547.41,395.1425,3,2018,2024,eu_trend_wm_max_recent_v2
VLC,EMA,20536.0,394.9231,5,2015,2019,eu_trend_wm_max_recent_v2
MPL,BSL,20535.0,394.9038,7,2015,2024,eu_trend_wm_max_recent_v2
HER,LTN,20534.31,394.8906,1,2023,2023,eu_trend_wm_max_recent_v2
NCL,BER,20533.62,394.8773,2,2017,2018,eu_trend_wm_max_recent_v2
NRN,CIA,20524.82,394.7082,5,2015,2019,eu_trend_wm_max_recent_v2
SEN,GRQ,20523.0,394.6731,5,2015,2019,eu_trend_wm_max_recent_v2
HAM,KRK,20515.27,394.5245,2,2015,2016,eu_trend_wm_max_recent_v2
REU,EMA,20513.0,394.4808,6,2016,2024,eu_trend_wm_max_recent_v2
BHX,DBV,20507.56,394.3761,7,2015,2024,eu_trend_wm_max_recent_v2
JTR,STN,20506.6,394.3576,2,2023,2024,eu_trend_wm_max_recent_v2
HER,ARN,20488.0,394.0,3,2018,2024,eu_trend_wm_max_recent_v2
FRA,SUF,20485.0,393.9423,2,2018,2019,eu_trend_wm_max_recent_v2
WMI,GLA,20484.66,393.9358,6,2015,2023,eu_trend_wm_max_recent_v2
FRA,SCQ,20478.54,393.8181,5,2017,2024,eu_trend_wm_max_recent_v2
MAN,INN,20475.19,393.7536,7,2015,2024,eu_trend_wm_max_recent_v2
SOF,GVA,20467.8,393.6115,2,2016,2023,eu_trend_wm_max_recent_v2
LPL,POZ,20465.02,393.5582,7,2015,2024,eu_trend_wm_max_recent_v2
AMS,POZ,20464.1,393.5404,2,2023,2024,eu_trend_wm_max_recent_v2
HAM,MLA,20460.13,393.4641,1,2015,2015,eu_trend_wm_max_recent_v2
BLL,VIE,20459.55,393.4529,3,2019,2024,eu_trend_wm_max_recent_v2
SVQ,SDR,20458.65,393.4355,6,2015,2024,eu_trend_wm_max_recent_v2
BIO,FUE,20453.21,393.331,4,2015,2024,eu_trend_wm_max_recent_v2
GOT,MAN,20451.17,393.2917,2,2023,2024,eu_trend_wm_max_recent_v2
TSR,FKB,20447.47,393.2206,2,2023,2024,eu_trend_wm_max_recent_v2
LHR,LJU,20440.08,393.0785,2,2023,2024,eu_trend_wm_max_recent_v2
GLA,WMI,20433.66,392.955,6,2015,2023,eu_trend_wm_max_recent_v2
BER,NCL,20424.48,392.7785,2,2017,2018,eu_trend_wm_max_recent_v2
TOS,ARN,20421.0,392.7115,5,2017,2024,eu_trend_wm_max_recent_v2
GVA,FLR,20416.58,392.6266,2,2015,2016,eu_trend_wm_max_recent_v2
FMM,CIA,20413.59,392.569,1,2015,2015,eu_trend_wm_max_recent_v2
GRO,PMI,20412.51,392.5482,1,2015,2015,eu_trend_wm_max_recent_v2
MXP,TLL,20410.52,392.5099,6,2016,2024,eu_trend_wm_max_recent_v2
SVG,KUN,20408.0,392.4615,4,2017,2023,eu_trend_wm_max_recent_v2
BRS,SPU,20402.0,392.3462,5,2017,2024,eu_trend_wm_max_recent_v2
DUB,BZG,20401.2,392.3308,7,2015,2024,eu_trend_wm_max_recent_v2
AMS,MJT,20400.0,392.3077,7,2015,2024,eu_trend_wm_max_recent_v2
ACE,NTE,20396.66,392.2434,4,2015,2024,eu_trend_wm_max_recent_v2
OSL,BOJ,20396.0,392.2308,7,2015,2024,eu_trend_wm_max_recent_v2
BVA,ORK,20395.25,392.2163,1,2024,2024,eu_trend_wm_max_recent_v2
PEG,CAG,20392.04,392.1546,3,2015,2024,eu_trend_wm_max_recent_v2
BGY,VIT,20390.19,392.1191,3,2019,2024,eu_trend_wm_max_recent_v2
INN,MAN,20379.6,391.9154,7,2015,2024,eu_trend_wm_max_recent_v2
HHN,SKG,20379.44,391.9123,7,2015,2024,eu_trend_wm_max_recent_v2
CRL,BIQ,20375.19,391.8306,7,2015,2024,eu_trend_wm_max_recent_v2
EMA,REU,20368.0,391.6923,6,2016,2024,eu_trend_wm_max_recent_v2
BUD,CHQ,20360.63,391.5506,2,2023,2024,eu_trend_wm_max_recent_v2
VGO,LPA,20346.77,391.2841,2,2023,2024,eu_trend_wm_max_recent_v2
GDN,BOJ,20345.85,391.2663,4,2018,2024,eu_trend_wm_max_recent_v2
IAS,FCO,20338.9,391.1327,7,2015,2024,eu_trend_wm_max_recent_v2
SOF,LIS,20337.53,391.1064,2,2023,2024,eu_trend_wm_max_recent_v2
NRN,OPO,20333.7,391.0327,7,2015,2024,eu_trend_wm_max_recent_v2
RMU,BOH,20328.0,390.9231,3,2019,2024,eu_trend_wm_max_recent_v2
BOJ,GDN,20327.37,390.911,4,2018,2024,eu_trend_wm_max_recent_v2
ZAD,STR,20315.0,390.6731,5,2015,2019,eu_trend_wm_max_recent_v2
NAP,TLS,20313.0,390.6346,1,2019,2019,eu_trend_wm_max_recent_v2
GVA,SOF,20309.82,390.5734,2,2016,2023,eu_trend_wm_max_recent_v2
SVQ,NCE,20306.0,390.5,1,2019,2019,eu_trend_wm_max_recent_v2
FKB,VLC,20303.35,390.4491,2,2023,2024,eu_trend_wm_max_recent_v2
BRS,ORK,20296.98,390.3265,7,2015,2024,eu_trend_wm_max_recent_v2
FNC,CPH,20288.82,390.1696,7,2015,2024,eu_trend_wm_max_recent_v2
CAG,PEG,20288.57,390.1648,3,2015,2024,eu_trend_wm_max_recent_v2
BFS,GDN,20287.46,390.1435,3,2017,2024,eu_trend_wm_max_recent_v2
FUE,BIO,20283.84,390.0739,4,2015,2024,eu_trend_wm_max_recent_v2
GVA,LBA,20281.56,390.03,5,2015,2019,eu_trend_wm_max_recent_v2
GDN,BFS,20272.97,389.8649,3,2017,2024,eu_trend_wm_max_recent_v2
LIS,WMI,20271.02,389.8272,7,2015,2024,eu_trend_wm_max_recent_v2
SEN,JER,20271.0,389.8269,5,2015,2019,eu_trend_wm_max_recent_v2
DBV,BHX,20267.0,389.75,7,2015,2024,eu_trend_wm_max_recent_v2
BOJ,OSL,20258.0,389.5769,7,2015,2024,eu_trend_wm_max_recent_v2
VLC,FKB,20256.23,389.543,2,2023,2024,eu_trend_wm_max_recent_v2
FMM,ZAD,20255.31,389.5252,4,2018,2024,eu_trend_wm_max_recent_v2
SOF,AUH,20255.31,389.5252,1,2023,2023,eu_trend_wm_max_recent_v2
TLV,GDN,20252.1,389.4635,1,2018,2018,eu_trend_wm_max_recent_v2
SKP,CIA,20252.0,389.4615,3,2018,2024,eu_trend_wm_max_recent_v2
TLS,NAP,20243.0,389.2885,1,2019,2019,eu_trend_wm_max_recent_v2
AMS,EGC,20241.48,389.2593,1,2016,2016,eu_trend_wm_max_recent_v2
CCF,LPL,20240.4,389.2384,1,2015,2015,eu_trend_wm_max_recent_v2
TRS,TPS,20240.4,389.2384,3,2015,2017,eu_trend_wm_max_recent_v2
REU,SNN,20238.68,389.2054,4,2018,2024,eu_trend_wm_max_recent_v2
LPL,MLA,20236.18,389.1572,3,2015,2017,eu_trend_wm_max_recent_v2
CGN,NCE,20232.21,389.0811,2,2023,2024,eu_trend_wm_max_recent_v2
TLL,MXP,20228.52,389.01,6,2016,2024,eu_trend_wm_max_recent_v2
INN,EIN,20209.01,388.6348,7,2015,2024,eu_trend_wm_max_recent_v2
MAD,CRA,20208.0,388.6154,3,2018,2023,eu_trend_wm_max_recent_v2
KTW,SVG,20201.0,388.4808,5,2015,2019,eu_trend_wm_max_recent_v2
CFU,EDI,20200.8,388.477,6,2015,2024,eu_trend_wm_max_recent_v2
TGD,FMM,20186.93,388.2102,5,2017,2024,eu_trend_wm_max_recent_v2
LBA,GVA,20185.84,388.1892,5,2015,2019,eu_trend_wm_max_recent_v2
ARN,MLA,20184.78,388.1688,4,2015,2024,eu_trend_wm_max_recent_v2
MLA,HAM,20173.29,387.9478,1,2015,2015,eu_trend_wm_max_recent_v2
BOH,RMU,20168.0,387.8462,3,2019,2024,eu_trend_wm_max_recent_v2
AMS,CHQ,20166.1,387.8095,7,2015,2024,eu_trend_wm_max_recent_v2
IAS,MUC,20165.0,387.7885,4,2016,2019,eu_trend_wm_max_recent_v2
BFS,VNO,20160.0,387.6923,5,2015,2019,eu_trend_wm_max_recent_v2
MAH,LYS,20152.76,387.5532,2,2023,2024,eu_trend_wm_max_recent_v2
BZG,DUB,20150.47,387.509,7,2015,2024,eu_trend_wm_max_recent_v2
VIE,BIO,20132.58,387.1651,1,2024,2024,eu_trend_wm_max_recent_v2
KEF,PRG,20127.82,387.0735,2,2023,2024,eu_trend_wm_max_recent_v2
TSF,TFS,20127.82,387.0735,6,2016,2024,eu_trend_wm_max_recent_v2
WMI,LIS,20118.58,386.8958,7,2015,2024,eu_trend_wm_max_recent_v2
ZAD,FMM,20118.58,386.8958,4,2018,2024,eu_trend_wm_max_recent_v2
PHL,SNN,20113.0,386.7885,5,2015,2019,eu_trend_wm_max_recent_v2
BVA,WAW,20109.89,386.7287,3,2015,2017,eu_trend_wm_max_recent_v2
BHX,SNN,20097.26,386.4858,6,2016,2024,eu_trend_wm_max_recent_v2
KRK,LPA,20092.91,386.4022,1,2016,2016,eu_trend_wm_max_recent_v2
VNO,BFS,20087.0,386.2885,5,2015,2019,eu_trend_wm_max_recent_v2
KRK,TFS,20085.48,386.2593,1,2016,2016,eu_trend_wm_max_recent_v2
POZ,AMS,20084.4,386.2385,2,2023,2024,eu_trend_wm_max_recent_v2
ZAG,FMM,20083.48,386.2207,2,2023,2024,eu_trend_wm_max_recent_v2
FKB,TSR,20075.16,386.0608,2,2023,2024,eu_trend_wm_max_recent_v2
NCE,SVQ,20075.0,386.0577,1,2019,2019,eu_trend_wm_max_recent_v2
TSF,WMI,20074.62,386.0503,4,2018,2024,eu_trend_wm_max_recent_v2
DUS,GLA,20073.6,386.0308,2,2017,2018,eu_trend_wm_max_recent_v2
VAR,CRL,20063.15,385.8298,3,2018,2024,eu_trend_wm_max_recent_v2
POZ,LPL,20062.23,385.8121,7,2015,2024,eu_trend_wm_max_recent_v2
ZRH,FNC,20059.46,385.7588,7,2015,2024,eu_trend_wm_max_recent_v2
NRN,ZAG,20057.61,385.7232,2,2023,2024,eu_trend_wm_max_recent_v2
BUD,RHO,20052.06,385.6166,4,2015,2024,eu_trend_wm_max_recent_v2
VNO,ZRH,20042.83,385.439,2,2023,2024,eu_trend_wm_max_recent_v2
LPL,CCF,20032.57,385.2418,1,2015,2015,eu_trend_wm_max_recent_v2
BTS,AHO,20029.89,385.1902,7,2015,2024,eu_trend_wm_max_recent_v2
TRN,DUB,20029.89,385.1902,2,2023,2024,eu_trend_wm_max_recent_v2
WAW,BVA,20027.12,385.1369,3,2015,2017,eu_trend_wm_max_recent_v2
LCY,PRG,20023.0,385.0577,2,2018,2019,eu_trend_wm_max_recent_v2
ORY,SKG,20015.75,384.9182,1,2024,2024,eu_trend_wm_max_recent_v2
TGD,MXP,20015.11,384.906,5,2017,2024,eu_trend_wm_max_recent_v2
GRO,BTS,20013.09,384.8671,5,2015,2019,eu_trend_wm_max_recent_v2
INI,FMM,20009.57,384.7994,5,2017,2024,eu_trend_wm_max_recent_v2
DTM,SCV,20004.03,384.6928,2,2023,2024,eu_trend_wm_max_recent_v2
IAS,TRN,20001.25,384.6395,5,2015,2024,eu_trend_wm_max_recent_v2
PFO,ZAG,19996.63,384.5507,2,2023,2024,eu_trend_wm_max_recent_v2
VNO,CDG,19994.79,384.5151,4,2017,2024,eu_trend_wm_max_recent_v2
GVA,CAG,19990.98,384.4419,6,2015,2023,eu_trend_wm_max_recent_v2
CAG,MUC,19984.67,384.3206,6,2015,2024,eu_trend_wm_max_recent_v2
RHO,BUD,19984.62,384.3197,4,2015,2024,eu_trend_wm_max_recent_v2
PUY,FRA,19983.0,384.2885,5,2017,2024,eu_trend_wm_max_recent_v2
CHQ,BUD,19982.78,384.2842,2,2023,2024,eu_trend_wm_max_recent_v2
SKG,BRU,19982.78,384.2842,2,2023,2024,eu_trend_wm_max_recent_v2
NUE,SKP,19976.0,384.1538,6,2016,2024,eu_trend_wm_max_recent_v2
SNN,BHX,19966.5,383.9712,6,2016,2024,eu_trend_wm_max_recent_v2
POZ,CHQ,19962.45,383.8933,4,2018,2024,eu_trend_wm_max_recent_v2
MUC,CAG,19959.2,383.8308,6,2015,2024,eu_trend_wm_max_recent_v2
DRS,SVO,19954.96,383.7491,5,2015,2019,eu_trend_wm_max_recent_v2
LYS,CPH,19940.28,383.4669,1,2023,2023,eu_trend_wm_max_recent_v2
CRA,MAD,19939.36,383.4492,3,2018,2023,eu_trend_wm_max_recent_v2
CRL,REU,19936.58,383.3959,7,2015,2024,eu_trend_wm_max_recent_v2
JER,SEN,19933.0,383.3269,5,2015,2019,eu_trend_wm_max_recent_v2
SZG,CPH,19932.0,383.3077,7,2015,2024,eu_trend_wm_max_recent_v2
MLA,LPL,19930.82,383.2851,3,2015,2017,eu_trend_wm_max_recent_v2
CIA,FMM,19928.66,383.2434,1,2015,2015,eu_trend_wm_max_recent_v2
FCO,CLJ,19915.21,382.9848,1,2024,2024,eu_trend_wm_max_recent_v2
BIO,FCO,19913.4,382.95,4,2015,2024,eu_trend_wm_max_recent_v2
EXT,TFS,19902.96,382.7492,5,2015,2019,eu_trend_wm_max_recent_v2
WRO,PMI,19897.65,382.6471,5,2017,2024,eu_trend_wm_max_recent_v2
ZAG,BCN,19892.45,382.5471,6,2015,2023,eu_trend_wm_max_recent_v2
AMS,KTW,19887.0,382.4423,3,2017,2019,eu_trend_wm_max_recent_v2
SKG,HHN,19885.98,382.4226,7,2015,2024,eu_trend_wm_max_recent_v2
KEF,KRK,19884.85,382.4009,1,2023,2023,eu_trend_wm_max_recent_v2
CIA,RIX,19870.83,382.1313,1,2024,2024,eu_trend_wm_max_recent_v2
EGC,AMS,19866.87,382.0553,1,2016,2016,eu_trend_wm_max_recent_v2
BOD,FSC,19863.58,381.992,7,2015,2024,eu_trend_wm_max_recent_v2
LPA,TRF,19860.2,381.9268,7,2015,2024,eu_trend_wm_max_recent_v2
BOD,HER,19853.62,381.8004,1,2024,2024,eu_trend_wm_max_recent_v2
CAG,NRN,19850.0,381.7308,7,2015,2024,eu_trend_wm_max_recent_v2
EDI,CFU,19841.43,381.5659,6,2015,2024,eu_trend_wm_max_recent_v2
AUH,SOF,19840.5,381.5482,1,2023,2023,eu_trend_wm_max_recent_v2
BIO,VIE,19832.79,381.3998,1,2024,2024,eu_trend_wm_max_recent_v2
BEG,SOF,19829.16,381.3301,4,2015,2024,eu_trend_wm_max_recent_v2
RIX,OTP,19826.45,381.2778,1,2024,2024,eu_trend_wm_max_recent_v2
SVO,CFU,19824.82,381.2466,3,2016,2018,eu_trend_wm_max_recent_v2
MXP,BCM,19821.1,381.1751,2,2023,2024,eu_trend_wm_max_recent_v2
VNO,MLA,19820.18,381.1573,4,2017,2024,eu_trend_wm_max_recent_v2
CPH,SZG,19820.0,381.1538,7,2015,2024,eu_trend_wm_max_recent_v2
BHX,GDN,19814.42,381.0465,4,2015,2018,eu_trend_wm_max_recent_v2
CAG,GRO,19808.0,380.9231,4,2015,2019,eu_trend_wm_max_recent_v2
SKP,BLQ,19803.55,380.8375,2,2023,2024,eu_trend_wm_max_recent_v2
JKH,SKG,19802.28,380.8131,7,2015,2024,eu_trend_wm_max_recent_v2
OPO,NRN,19801.99,380.8076,7,2015,2024,eu_trend_wm_max_recent_v2
PMO,DUB,19801.7,380.802,2,2023,2024,eu_trend_wm_max_recent_v2
ZAG,PFO,19801.7,380.802,2,2023,2024,eu_trend_wm_max_recent_v2
BLQ,SKP,19799.86,380.7664,2,2023,2024,eu_trend_wm_max_recent_v2
ZAD,BER,19798.93,380.7487,6,2016,2024,eu_trend_wm_max_recent_v2
CHQ,POZ,19796.16,380.6954,4,2018,2024,eu_trend_wm_max_recent_v2
STR,ZAD,19793.0,380.6346,5,2015,2019,eu_trend_wm_max_recent_v2
MAD,BTS,19790.49,380.5863,5,2015,2019,eu_trend_wm_max_recent_v2
BRU,FNC,19786.98,380.5188,7,2015,2024,eu_trend_wm_max_recent_v2
FSC,BOD,19783.88,380.4592,7,2015,2024,eu_trend_wm_max_recent_v2
STN,JTR,19774.91,380.2868,2,2023,2024,eu_trend_wm_max_recent_v2
ORK,LCY,19769.24,380.1778,1,2016,2016,eu_trend_wm_max_recent_v2
CRL,ACE,19768.48,380.1631,1,2024,2024,eu_trend_wm_max_recent_v2
SOF,BRS,19765.76,380.1108,2,2016,2024,eu_trend_wm_max_recent_v2
TLL,CDG,19759.21,379.9847,7,2015,2024,eu_trend_wm_max_recent_v2
DUB,LCJ,19759.0,379.9808,7,2015,2024,eu_trend_wm_max_recent_v2
BIQ,CRL,19757.57,379.9533,7,2015,2024,eu_trend_wm_max_recent_v2
BSL,PMO,19753.66,379.8781,2,2023,2024,eu_trend_wm_max_recent_v2
SPU,STN,19751.99,379.846,6,2016,2024,eu_trend_wm_max_recent_v2
SVG,KTW,19750.0,379.8077,5,2015,2019,eu_trend_wm_max_recent_v2
DEB,DTM,19738.0,379.5769,1,2019,2019,eu_trend_wm_max_recent_v2
PRG,GOT,19733.94,379.4988,3,2018,2023,eu_trend_wm_max_recent_v2
STR,BRI,19732.74,379.4757,3,2015,2017,eu_trend_wm_max_recent_v2
NRN,CAG,19730.0,379.4231,7,2015,2024,eu_trend_wm_max_recent_v2
CLJ,LBA,19727.8,379.3807,2,2023,2024,eu_trend_wm_max_recent_v2
FRA,PMO,19727.8,379.3807,2,2023,2024,eu_trend_wm_max_recent_v2
GRO,NCL,19727.0,379.3654,3,2017,2019,eu_trend_wm_max_recent_v2
TSR,CRL,19726.0,379.3462,7,2015,2024,eu_trend_wm_max_recent_v2
TLV,GPA,19718.67,379.2051,1,2015,2015,eu_trend_wm_max_recent_v2
EDI,WRO,19696.0,378.7692,4,2018,2024,eu_trend_wm_max_recent_v2
CPH,FNC,19689.06,378.6358,7,2015,2024,eu_trend_wm_max_recent_v2
DUB,TRN,19688.07,378.6167,2,2023,2024,eu_trend_wm_max_recent_v2
VIT,SVQ,19681.6,378.4924,3,2019,2024,eu_trend_wm_max_recent_v2
HHN,SCQ,19681.16,378.4839,5,2015,2019,eu_trend_wm_max_recent_v2
STN,SPU,19675.0,378.3655,6,2016,2024,eu_trend_wm_max_recent_v2
FNI,STN,19661.0,378.0962,5,2017,2024,eu_trend_wm_max_recent_v2
EIN,KUN,19658.0,378.0385,3,2017,2019,eu_trend_wm_max_recent_v2
LEI,MLN,19656.17,378.0033,3,2019,2024,eu_trend_wm_max_recent_v2
PMO,FRA,19652.96,377.9416,2,2023,2024,eu_trend_wm_max_recent_v2
TFS,KRK,19648.27,377.8513,1,2016,2016,eu_trend_wm_max_recent_v2
TSF,KRK,19645.57,377.7995,5,2017,2024,eu_trend_wm_max_recent_v2
LPA,KRK,19644.02,377.7696,1,2016,2016,eu_trend_wm_max_recent_v2
BTS,MAD,19642.75,377.7452,5,2015,2019,eu_trend_wm_max_recent_v2
WRO,ORK,19636.51,377.6252,5,2015,2019,eu_trend_wm_max_recent_v2
KRK,TSF,19627.1,377.4442,5,2017,2024,eu_trend_wm_max_recent_v2
OTP,RIX,19623.56,377.3762,1,2024,2024,eu_trend_wm_max_recent_v2
TFS,EXT,19618.68,377.2823,5,2015,2019,eu_trend_wm_max_recent_v2
LUX,ATH,19613.6,377.1846,3,2019,2024,eu_trend_wm_max_recent_v2
IAS,BSL,19608.62,377.0888,2,2023,2024,eu_trend_wm_max_recent_v2
REU,CRL,19608.62,377.0888,7,2015,2024,eu_trend_wm_max_recent_v2
BVA,TFS,19606.34,377.045,5,2015,2019,eu_trend_wm_max_recent_v2
GLA,RHO,19605.85,377.0355,4,2015,2024,eu_trend_wm_max_recent_v2
KGS,EMA,19605.85,377.0355,6,2016,2024,eu_trend_wm_max_recent_v2
EDI,TLS,19595.69,376.8401,1,2023,2023,eu_trend_wm_max_recent_v2
VIE,JTR,19592.16,376.7723,7,2015,2024,eu_trend_wm_max_recent_v2
SKP,MLA,19592.0,376.7692,4,2018,2024,eu_trend_wm_max_recent_v2
DUB,PMO,19586.45,376.6624,2,2023,2024,eu_trend_wm_max_recent_v2
SVQ,VIT,19585.52,376.6447,3,2019,2024,eu_trend_wm_max_recent_v2
LJU,BER,19584.0,376.6154,1,2019,2019,eu_trend_wm_max_recent_v2
ZRH,BIO,19582.81,376.5924,3,2016,2024,eu_trend_wm_max_recent_v2
FRA,RZE,19582.41,376.5848,3,2015,2017,eu_trend_wm_max_recent_v2
EFL,BRS,19579.98,376.5381,6,2016,2024,eu_trend_wm_max_recent_v2
RIX,HHN,19573.05,376.4047,5,2015,2019,eu_trend_wm_max_recent_v2
ATH,LUX,19570.13,376.3486,3,2019,2024,eu_trend_wm_max_recent_v2
SNN,PVD,19561.56,376.1838,1,2018,2018,eu_trend_wm_max_recent_v2
ORK,WRO,19559.52,376.1446,5,2015,2019,eu_trend_wm_max_recent_v2
EMA,LCA,19554.0,376.0385,6,2015,2024,eu_trend_wm_max_recent_v2
PMO,LHR,19552.92,376.0176,1,2024,2024,eu_trend_wm_max_recent_v2
JTR,SKG,19546.26,375.8896,7,2015,2024,eu_trend_wm_max_recent_v2
TRS,VLC,19545.8,375.8807,7,2015,2024,eu_trend_wm_max_recent_v2
PMI,WRO,19540.79,375.7845,5,2017,2024,eu_trend_wm_max_recent_v2
BRS,EFL,19538.41,375.7386,6,2016,2024,eu_trend_wm_max_recent_v2
TGD,BUD,19533.0,375.6346,5,2017,2024,eu_trend_wm_max_recent_v2
TPS,TSF,19532.08,375.617,4,2015,2024,eu_trend_wm_max_recent_v2
SKP,MXP,19526.0,375.5,4,2018,2024,eu_trend_wm_max_recent_v2
ACE,CRL,19515.78,375.3035,1,2024,2024,eu_trend_wm_max_recent_v2
GDN,BHX,19508.54,375.1642,4,2015,2018,eu_trend_wm_max_recent_v2
TPS,TRS,19507.59,375.146,3,2015,2017,eu_trend_wm_max_recent_v2
LCJ,DUB,19507.5,375.1442,7,2015,2024,eu_trend_wm_max_recent_v2
SKG,JKH,19507.5,375.1442,7,2015,2024,eu_trend_wm_max_recent_v2
SOF,FKB,19507.5,375.1442,5,2017,2024,eu_trend_wm_max_recent_v2
AHO,BTS,19500.53,375.0102,7,2015,2024,eu_trend_wm_max_recent_v2
DTM,VNO,19495.26,374.9088,7,2015,2024,eu_trend_wm_max_recent_v2
NCL,GRO,19495.0,374.9038,3,2017,2019,eu_trend_wm_max_recent_v2
BCN,SPU,19482.05,374.6549,7,2015,2024,eu_trend_wm_max_recent_v2
KUN,BRS,19471.87,374.4591,7,2015,2024,eu_trend_wm_max_recent_v2
BRU,SKG,19468.19,374.3884,2,2023,2024,eu_trend_wm_max_recent_v2
RIX,CIA,19465.06,374.3281,1,2024,2024,eu_trend_wm_max_recent_v2
LJU,LHR,19461.73,374.264,2,2023,2024,eu_trend_wm_max_recent_v2
RHO,GLA,19461.73,374.264,4,2015,2024,eu_trend_wm_max_recent_v2
KTW,DUS,19457.25,374.1779,2,2015,2016,eu_trend_wm_max_recent_v2
SZZ,DUB,19454.46,374.1242,7,2015,2024,eu_trend_wm_max_recent_v2
EMA,KGS,19452.49,374.0863,6,2016,2024,eu_trend_wm_max_recent_v2
TFS,TSF,19451.57,374.0686,6,2016,2024,eu_trend_wm_max_recent_v2
STN,FNI,19451.0,374.0577,5,2017,2024,eu_trend_wm_max_recent_v2
LRH,MRS,19439.56,373.8376,2,2023,2024,eu_trend_wm_max_recent_v2
NTE,MAN,19438.63,373.8198,1,2023,2023,eu_trend_wm_max_recent_v2
PRG,FUE,19437.71,373.8021,2,2023,2024,eu_trend_wm_max_recent_v2
FLR,LHR,19433.09,373.7132,2,2023,2024,eu_trend_wm_max_recent_v2
BHX,KTW,19431.0,373.6731,5,2015,2019,eu_trend_wm_max_recent_v2
DUB,SZZ,19425.9,373.575,7,2015,2024,eu_trend_wm_max_recent_v2
TLS,EDI,19422.93,373.5178,1,2023,2023,eu_trend_wm_max_recent_v2
NCL,HER,19419.23,373.4467,4,2015,2024,eu_trend_wm_max_recent_v2
LCJ,EMA,19418.0,373.4231,6,2015,2024,eu_trend_wm_max_recent_v2
RZE,MAN,19414.68,373.3592,7,2015,2024,eu_trend_wm_max_recent_v2
HER,BOD,19414.34,373.3527,1,2024,2024,eu_trend_wm_max_recent_v2
GRO,CAG,19413.0,373.3269,4,2015,2019,eu_trend_wm_max_recent_v2
TRF,LPA,19410.6,373.2808,7,2015,2024,eu_trend_wm_max_recent_v2
SPU,BCN,19406.3,373.198,7,2015,2024,eu_trend_wm_max_recent_v2
GPA,TLV,19405.84,373.1893,1,2015,2015,eu_trend_wm_max_recent_v2
LUX,MLA,19401.68,373.1092,3,2019,2024,eu_trend_wm_max_recent_v2
FAO,TLS,19399.83,373.0737,1,2023,2023,eu_trend_wm_max_recent_v2
MLA,SVQ,19397.13,373.0218,1,2024,2024,eu_trend_wm_max_recent_v2
MLA,VNO,19391.52,372.9138,4,2017,2024,eu_trend_wm_max_recent_v2
LYS,MAH,19390.59,372.896,2,2023,2024,eu_trend_wm_max_recent_v2
BER,ZAD,19389.67,372.8782,6,2016,2024,eu_trend_wm_max_recent_v2
FMM,INI,19384.12,372.7716,5,2017,2024,eu_trend_wm_max_recent_v2
MLA,LUX,19383.2,372.7539,3,2019,2024,eu_trend_wm_max_recent_v2
ZAG,HHN,19374.89,372.594,2,2023,2024,eu_trend_wm_max_recent_v2
CIY,HHN,19372.29,372.544,5,2015,2019,eu_trend_wm_max_recent_v2
NUE,KRK,19372.11,372.5407,3,2018,2023,eu_trend_wm_max_recent_v2
PMO,BSL,19369.34,372.4874,2,2023,2024,eu_trend_wm_max_recent_v2
CLJ,LCA,19362.88,372.363,5,2017,2024,eu_trend_wm_max_recent_v2
EDI,POZ,19360.0,372.3077,6,2016,2024,eu_trend_wm_max_recent_v2
KTW,BHX,19353.52,372.1831,5,2015,2019,eu_trend_wm_max_recent_v2
DBV,EDI,19349.4,372.1038,7,2015,2024,eu_trend_wm_max_recent_v2
CDG,PSA,19347.32,372.0638,1,2024,2024,eu_trend_wm_max_recent_v2
CFU,POZ,19346.88,372.0554,6,2016,2024,eu_trend_wm_max_recent_v2
NTE,FRA,19342.55,371.9721,2,2023,2024,eu_trend_wm_max_recent_v2
SKP,BVA,19340.0,371.9231,7,2015,2024,eu_trend_wm_max_recent_v2
BRS,SOF,19339.16,371.907,2,2016,2024,eu_trend_wm_max_recent_v2
JTR,MUC,19337.16,371.8685,4,2018,2024,eu_trend_wm_max_recent_v2
BRU,BEG,19327.51,371.6829,2,2016,2017,eu_trend_wm_max_recent_v2
SKG,ORY,19323.77,371.6109,1,2024,2024,eu_trend_wm_max_recent_v2
BEG,LIS,19320.38,371.5458,2,2023,2024,eu_trend_wm_max_recent_v2
RZE,FRA,19310.86,371.3628,3,2015,2017,eu_trend_wm_max_recent_v2
POZ,HER,19308.0,371.3077,7,2015,2024,eu_trend_wm_max_recent_v2
LTN,BZR,19306.56,371.28,7,2015,2024,eu_trend_wm_max_recent_v2
POZ,RHO,19301.9,371.1904,6,2016,2024,eu_trend_wm_max_recent_v2
CIA,SKP,19301.0,371.1731,3,2018,2024,eu_trend_wm_max_recent_v2
FUE,PRG,19299.13,371.1371,2,2023,2024,eu_trend_wm_max_recent_v2
HER,NCL,19298.21,371.1194,4,2015,2024,eu_trend_wm_max_recent_v2
VLC,TRS,19293.59,371.0305,7,2015,2024,eu_trend_wm_max_recent_v2
RTM,SZG,19287.98,370.9226,7,2015,2024,eu_trend_wm_max_recent_v2
LHR,PMO,19284.82,370.8619,1,2024,2024,eu_trend_wm_max_recent_v2
EMA,LCJ,19284.12,370.8485,6,2015,2024,eu_trend_wm_max_recent_v2
SVQ,MLA,19275.76,370.6878,1,2024,2024,eu_trend_wm_max_recent_v2
FRA,BRI,19275.0,370.6731,1,2019,2019,eu_trend_wm_max_recent_v2
LCA,EMA,19267.0,370.5192,6,2015,2024,eu_trend_wm_max_recent_v2
TSR,STN,19266.23,370.5044,3,2016,2018,eu_trend_wm_max_recent_v2
FMM,TGD,19264.89,370.4787,5,2017,2024,eu_trend_wm_max_recent_v2
FNC,FCO,19257.65,370.3394,1,2024,2024,eu_trend_wm_max_recent_v2
BRS,WRO,19250.46,370.2012,7,2015,2024,eu_trend_wm_max_recent_v2
ZAG,TRF,19250.17,370.1955,2,2023,2024,eu_trend_wm_max_recent_v2
SOU,EGC,19249.25,370.1779,5,2015,2019,eu_trend_wm_max_recent_v2
LCA,CLJ,19240.93,370.0179,5,2017,2024,eu_trend_wm_max_recent_v2
TSR,BVA,19236.0,369.9231,7,2015,2024,eu_trend_wm_max_recent_v2
TSF,TPS,19229.57,369.7994,4,2015,2024,eu_trend_wm_max_recent_v2
KRK,PMO,19226.15,369.7336,2,2023,2024,eu_trend_wm_max_recent_v2
FCO,BIO,19220.51,369.6253,4,2015,2024,eu_trend_wm_max_recent_v2
RHO,POZ,19217.83,369.5737,6,2016,2024,eu_trend_wm_max_recent_v2
VCE,POZ,19217.83,369.5737,1,2023,2023,eu_trend_wm_max_recent_v2
EGC,SOU,19210.68,369.4362,5,2015,2019,eu_trend_wm_max_recent_v2
MUC,IAS,19201.0,369.25,4,2016,2019,eu_trend_wm_max_recent_v2
VAR,MUC,19197.46,369.1819,5,2015,2019,eu_trend_wm_max_recent_v2
EDI,DBV,19192.32,369.0831,7,2015,2024,eu_trend_wm_max_recent_v2
POZ,CFU,19187.7,368.9943,6,2016,2024,eu_trend_wm_max_recent_v2
WRO,BRS,19184.16,368.9262,7,2015,2024,eu_trend_wm_max_recent_v2
BOJ,HEL,19183.94,368.9218,6,2015,2024,eu_trend_wm_max_recent_v2
POZ,VCE,19179.03,368.8275,1,2023,2023,eu_trend_wm_max_recent_v2
BSL,IAS,19176.26,368.7742,2,2023,2024,eu_trend_wm_max_recent_v2
SVQ,ZRH,19158.92,368.4408,1,2024,2024,eu_trend_wm_max_recent_v2
MRS,LRH,19158.71,368.4367,2,2023,2024,eu_trend_wm_max_recent_v2
TSF,POZ,19157.78,368.4189,2,2023,2024,eu_trend_wm_max_recent_v2
SOF,PRG,19153.49,368.3363,4,2015,2024,eu_trend_wm_max_recent_v2
KTW,MAN,19151.68,368.3015,1,2024,2024,eu_trend_wm_max_recent_v2
MAN,KTW,19150.77,368.2841,1,2024,2024,eu_trend_wm_max_recent_v2
TLS,FAO,19147.62,368.2235,1,2023,2023,eu_trend_wm_max_recent_v2
HEL,BOJ,19145.44,368.1816,6,2015,2024,eu_trend_wm_max_recent_v2
CLJ,FCO,19145.34,368.1796,1,2024,2024,eu_trend_wm_max_recent_v2
POZ,MLA,19137.46,368.028,6,2016,2024,eu_trend_wm_max_recent_v2
PSA,GOT,19128.22,367.8504,2,2016,2023,eu_trend_wm_max_recent_v2
HER,WRO,19126.0,367.8077,7,2015,2024,eu_trend_wm_max_recent_v2
KRK,NUE,19121.75,367.726,3,2018,2023,eu_trend_wm_max_recent_v2
OPO,DTM,19119.78,367.6882,7,2015,2024,eu_trend_wm_max_recent_v2
BVA,SKP,19118.0,367.6538,7,2015,2024,eu_trend_wm_max_recent_v2
POZ,TSF,19113.44,367.5661,2,2023,2024,eu_trend_wm_max_recent_v2
DUS,WRO,19113.0,367.5577,5,2015,2019,eu_trend_wm_max_recent_v2
MLA,POZ,19112.51,367.5483,6,2016,2024,eu_trend_wm_max_recent_v2
RTM,PSA,19108.0,367.4615,3,2017,2019,eu_trend_wm_max_recent_v2
PMO,KRK,19107.89,367.4595,2,2023,2024,eu_trend_wm_max_recent_v2
NTE,ALC,19105.49,367.4132,1,2024,2024,eu_trend_wm_max_recent_v2
BRS,KUN,19102.76,367.3608,7,2015,2024,eu_trend_wm_max_recent_v2
ACE,EXT,19100.0,367.3077,5,2015,2019,eu_trend_wm_max_recent_v2
LCY,NCE,19097.58,367.2612,4,2015,2018,eu_trend_wm_max_recent_v2
KUN,BHX,19094.1,367.1943,1,2015,2015,eu_trend_wm_max_recent_v2
BCM,BLQ,19089.0,367.0962,5,2015,2019,eu_trend_wm_max_recent_v2
HHN,CIY,19087.61,367.0694,5,2015,2019,eu_trend_wm_max_recent_v2
FRA,NTE,19086.65,367.0509,2,2023,2024,eu_trend_wm_max_recent_v2
WMI,SNN,19083.18,366.9842,6,2015,2023,eu_trend_wm_max_recent_v2
CDG,VGO,19082.2,366.9653,1,2015,2015,eu_trend_wm_max_recent_v2
TGD,CRL,19080.52,366.9331,6,2016,2024,eu_trend_wm_max_recent_v2
TPS,AOI,19077.81,366.8811,3,2015,2017,eu_trend_wm_max_recent_v2
BLQ,BCM,19077.0,366.8654,5,2015,2019,eu_trend_wm_max_recent_v2
SZG,CDG,19076.77,366.861,1,2017,2017,eu_trend_wm_max_recent_v2
PMI,LIL,19076.0,366.8462,6,2015,2024,eu_trend_wm_max_recent_v2
BOH,KRK,19074.0,366.8077,3,2017,2019,eu_trend_wm_max_recent_v2
POZ,EDI,19069.0,366.7115,6,2016,2024,eu_trend_wm_max_recent_v2
AAL,LPA,19060.0,366.5385,7,2015,2024,eu_trend_wm_max_recent_v2
WMI,TSF,19052.95,366.4029,4,2018,2024,eu_trend_wm_max_recent_v2
SVQ,PRG,19052.05,366.3855,1,2024,2024,eu_trend_wm_max_recent_v2
EDI,KTW,19050.0,366.3462,2,2018,2019,eu_trend_wm_max_recent_v2
BER,LJU,19047.0,366.2885,1,2019,2019,eu_trend_wm_max_recent_v2
BIO,HAM,19044.8,366.2462,1,2024,2024,eu_trend_wm_max_recent_v2
CPH,SKP,19042.0,366.1923,6,2016,2024,eu_trend_wm_max_recent_v2
POZ,BVA,19039.0,366.1346,7,2015,2024,eu_trend_wm_max_recent_v2
EIN,KGS,19037.56,366.1068,6,2016,2024,eu_trend_wm_max_recent_v2
BGY,CIY,19035.84,366.0738,2,2023,2024,eu_trend_wm_max_recent_v2
NUE,GRO,19030.29,365.9672,2,2023,2024,eu_trend_wm_max_recent_v2
NYO,PRG,19026.0,365.8846,1,2019,2019,eu_trend_wm_max_recent_v2
MLA,GDN,19025.78,365.8804,6,2015,2024,eu_trend_wm_max_recent_v2
MLA,BER,19023.06,365.8282,1,2024,2024,eu_trend_wm_max_recent_v2
LUX,LPA,19021.98,365.8073,7,2015,2024,eu_trend_wm_max_recent_v2
CPH,NYO,19016.85,365.7086,1,2016,2016,eu_trend_wm_max_recent_v2
LPA,LUX,19003.5,365.4519,7,2015,2024,eu_trend_wm_max_recent_v2
ZAG,AGP,19003.5,365.4519,2,2023,2024,eu_trend_wm_max_recent_v2
CIY,BGY,19002.58,365.4342,2,2023,2024,eu_trend_wm_max_recent_v2
WRO,EDI,19002.0,365.4231,4,2018,2024,eu_trend_wm_max_recent_v2
SKG,JTR,18996.48,365.3169,7,2015,2024,eu_trend_wm_max_recent_v2
CRL,POZ,18996.11,365.3098,2,2023,2024,eu_trend_wm_max_recent_v2
ALC,NTE,18990.46,365.2011,1,2024,2024,eu_trend_wm_max_recent_v2
CFU,SVO,18986.26,365.1204,3,2016,2018,eu_trend_wm_max_recent_v2
MUC,VAR,18986.07,365.1168,5,2015,2019,eu_trend_wm_max_recent_v2
OPO,KRK,18985.95,365.1144,1,2023,2023,eu_trend_wm_max_recent_v2
SKP,WAW,18984.1,365.0788,3,2019,2024,eu_trend_wm_max_recent_v2
SVQ,NAP,18982.31,365.0444,1,2024,2024,eu_trend_wm_max_recent_v2
IAS,TSR,18981.06,365.0203,1,2017,2017,eu_trend_wm_max_recent_v2
EXT,BHD,18978.28,364.967,5,2015,2019,eu_trend_wm_max_recent_v2
MLA,SKP,18977.0,364.9423,4,2018,2024,eu_trend_wm_max_recent_v2
AOI,TPS,18975.86,364.9203,3,2015,2017,eu_trend_wm_max_recent_v2
KRK,OPO,18974.86,364.9012,1,2023,2023,eu_trend_wm_max_recent_v2
TLL,NRN,18970.65,364.8203,5,2015,2019,eu_trend_wm_max_recent_v2
BTS,DXB,18968.94,364.7873,5,2015,2019,eu_trend_wm_max_recent_v2
ZRH,VNO,18964.7,364.7057,2,2023,2024,eu_trend_wm_max_recent_v2
PSA,AGP,18960.57,364.6263,1,2024,2024,eu_trend_wm_max_recent_v2
WMI,VLC,18957.72,364.5715,4,2017,2024,eu_trend_wm_max_recent_v2
SNN,WMI,18951.6,364.4538,6,2015,2023,eu_trend_wm_max_recent_v2
GDN,RIX,18946.98,364.3651,1,2024,2024,eu_trend_wm_max_recent_v2
CDG,SZG,18943.6,364.3001,1,2017,2017,eu_trend_wm_max_recent_v2
KUN,AGP,18942.53,364.2794,2,2023,2024,eu_trend_wm_max_recent_v2
BGO,CHQ,18941.4,364.2577,7,2015,2024,eu_trend_wm_max_recent_v2
MAN,RZE,18940.38,364.2381,7,2015,2024,eu_trend_wm_max_recent_v2
GLA,WRO,18937.0,364.1731,7,2015,2024,eu_trend_wm_max_recent_v2
KTW,EDI,18934.0,364.1154,2,2018,2019,eu_trend_wm_max_recent_v2
NAP,SVQ,18927.96,363.9993,1,2024,2024,eu_trend_wm_max_recent_v2
LPA,AAL,18925.92,363.9599,7,2015,2024,eu_trend_wm_max_recent_v2
AMS,BOJ,18924.06,363.9242,6,2015,2023,eu_trend_wm_max_recent_v2
LHR,OVD,18923.84,363.9199,2,2016,2017,eu_trend_wm_max_recent_v2
GDN,MLA,18915.28,363.7554,6,2015,2024,eu_trend_wm_max_recent_v2
EXT,ACE,18909.0,363.6346,5,2015,2019,eu_trend_wm_max_recent_v2
SOF,LPL,18906.22,363.5812,2,2017,2024,eu_trend_wm_max_recent_v2
FKB,SOF,18904.68,363.5515,5,2017,2024,eu_trend_wm_max_recent_v2
HER,POZ,18900.0,363.4615,7,2015,2024,eu_trend_wm_max_recent_v2
NTE,PMO,18897.26,363.4088,4,2015,2023,eu_trend_wm_max_recent_v2
VNO,LPL,18895.5,363.375,4,2015,2018,eu_trend_wm_max_recent_v2
ZRH,SVQ,18893.54,363.3374,1,2024,2024,eu_trend_wm_max_recent_v2
LPL,SOF,18887.2,363.2155,2,2017,2024,eu_trend_wm_max_recent_v2
DEL,BHX,18881.01,363.0964,2,2015,2016,eu_trend_wm_max_recent_v2
GDN,GLA,18879.1,363.0596,1,2017,2017,eu_trend_wm_max_recent_v2
TPS,BVA,18876.53,363.0103,1,2015,2015,eu_trend_wm_max_recent_v2
BHD,EXT,18870.0,362.8846,5,2015,2019,eu_trend_wm_max_recent_v2
SZG,RTM,18867.65,362.8395,7,2015,2024,eu_trend_wm_max_recent_v2
FRA,PAD,18860.0,362.6923,2,2018,2019,eu_trend_wm_max_recent_v2
AAL,PMI,18855.0,362.5962,7,2015,2024,eu_trend_wm_max_recent_v2
STR,ARN,18853.69,362.571,1,2024,2024,eu_trend_wm_max_recent_v2
LUZ,TRF,18853.0,362.5577,5,2015,2019,eu_trend_wm_max_recent_v2
PRG,GDN,18848.26,362.4665,1,2024,2024,eu_trend_wm_max_recent_v2
BVA,TPS,18847.31,362.4482,1,2015,2015,eu_trend_wm_max_recent_v2
FCO,IAS,18841.9,362.3442,7,2015,2024,eu_trend_wm_max_recent_v2
CRL,HEL,18839.98,362.3073,1,2023,2023,eu_trend_wm_max_recent_v2
BOD,ACE,18839.06,362.2895,1,2023,2023,eu_trend_wm_max_recent_v2
AGP,VIT,18831.67,362.1474,2,2023,2024,eu_trend_wm_max_recent_v2
WRO,HER,18829.0,362.0962,7,2015,2024,eu_trend_wm_max_recent_v2
LCJ,ALC,18828.89,362.0941,2,2023,2024,eu_trend_wm_max_recent_v2
OVD,ORY,18824.27,362.0053,2,2023,2024,eu_trend_wm_max_recent_v2
GRO,NUE,18821.5,361.952,2,2023,2024,eu_trend_wm_max_recent_v2
LBA,CLJ,18818.73,361.8987,2,2023,2024,eu_trend_wm_max_recent_v2
FMM,TFS,18810.84,361.7469,7,2015,2024,eu_trend_wm_max_recent_v2
KRK,SVQ,18809.49,361.721,2,2023,2024,eu_trend_wm_max_recent_v2
PRG,SVQ,18809.31,361.7175,1,2024,2024,eu_trend_wm_max_recent_v2
KGS,EIN,18794.82,361.4388,6,2016,2024,eu_trend_wm_max_recent_v2
RIX,LBA,18793.79,361.419,6,2015,2024,eu_trend_wm_max_recent_v2
DTM,OPO,18781.26,361.1781,7,2015,2024,eu_trend_wm_max_recent_v2
LPL,VNO,18781.26,361.1781,4,2015,2018,eu_trend_wm_max_recent_v2
NRN,TLL,18777.14,361.0988,5,2015,2019,eu_trend_wm_max_recent_v2
CLJ,NUE,18774.39,361.0459,7,2015,2024,eu_trend_wm_max_recent_v2
SVQ,KRK,18771.62,360.9926,2,2023,2024,eu_trend_wm_max_recent_v2
WRO,DUS,18767.0,360.9038,5,2015,2019,eu_trend_wm_max_recent_v2
AGP,KUN,18766.07,360.886,2,2023,2024,eu_trend_wm_max_recent_v2
SUF,HHN,18765.96,360.8838,6,2015,2024,eu_trend_wm_max_recent_v2
LUZ,WAW,18758.0,360.7308,2,2019,2024,eu_trend_wm_max_recent_v2
BVA,POZ,18757.0,360.7115,7,2015,2024,eu_trend_wm_max_recent_v2
LDE,BGY,18756.78,360.7073,7,2015,2024,eu_trend_wm_max_recent_v2
BOD,BIA,18740.73,360.3986,7,2015,2024,eu_trend_wm_max_recent_v2
LCY,HAM,18737.75,360.3413,1,2016,2016,eu_trend_wm_max_recent_v2
SCQ,ZRH,18735.0,360.2885,7,2015,2024,eu_trend_wm_max_recent_v2
HAM,LCY,18732.44,360.2393,1,2016,2016,eu_trend_wm_max_recent_v2
PMI,AAL,18726.0,360.1154,7,2015,2024,eu_trend_wm_max_recent_v2
BIA,BOD,18723.04,360.0584,7,2015,2024,eu_trend_wm_max_recent_v2
HHN,SUF,18719.64,359.9932,6,2015,2024,eu_trend_wm_max_recent_v2
GOT,PSA,18717.11,359.9444,2,2016,2023,eu_trend_wm_max_recent_v2
BGY,TLS,18710.64,359.82,2,2023,2024,eu_trend_wm_max_recent_v2
ACE,BOH,18706.0,359.7308,6,2015,2024,eu_trend_wm_max_recent_v2
EXT,ALC,18704.0,359.6923,5,2015,2019,eu_trend_wm_max_recent_v2
BOJ,NCL,18703.74,359.6873,7,2015,2024,eu_trend_wm_max_recent_v2
CIY,CRL,18691.83,359.4582,5,2015,2019,eu_trend_wm_max_recent_v2
SZZ,LPL,18691.0,359.4423,7,2015,2024,eu_trend_wm_max_recent_v2
LIL,PMI,18689.0,359.4038,6,2015,2024,eu_trend_wm_max_recent_v2
LBA,WMI,18686.62,359.3582,5,2017,2024,eu_trend_wm_max_recent_v2
NAP,TPS,18685.7,359.3403,2,2023,2024,eu_trend_wm_max_recent_v2
PSA,GDN,18684.77,359.3226,4,2016,2023,eu_trend_wm_max_recent_v2
MAH,CDG,18675.0,359.1346,5,2015,2019,eu_trend_wm_max_recent_v2
TFS,BVA,18674.14,359.1181,5,2015,2019,eu_trend_wm_max_recent_v2
SPU,HAJ,18664.0,358.9231,4,2015,2019,eu_trend_wm_max_recent_v2
LCY,JER,18662.94,358.9027,4,2015,2018,eu_trend_wm_max_recent_v2
PRG,SOF,18658.96,358.8262,4,2015,2024,eu_trend_wm_max_recent_v2
BER,MLA,18649.9,358.652,1,2024,2024,eu_trend_wm_max_recent_v2
RHO,BFS,18641.75,358.4952,1,2024,2024,eu_trend_wm_max_recent_v2
TGD,BER,18640.85,358.4778,5,2017,2024,eu_trend_wm_max_recent_v2
VLC,ORK,18640.43,358.4698,2,2023,2024,eu_trend_wm_max_recent_v2
WRO,KEF,18639.48,358.4515,3,2018,2023,eu_trend_wm_max_recent_v2
VIT,AGP,18635.81,358.381,2,2023,2024,eu_trend_wm_max_recent_v2
KRK,BOH,18633.0,358.3269,3,2017,2019,eu_trend_wm_max_recent_v2
SCN,HAM,18630.44,358.2777,5,2015,2019,eu_trend_wm_max_recent_v2
LIS,BEG,18629.34,358.2566,2,2023,2024,eu_trend_wm_max_recent_v2
TFS,FMM,18627.24,358.2162,7,2015,2024,eu_trend_wm_max_recent_v2
CHQ,WRO,18619.96,358.0761,7,2015,2024,eu_trend_wm_max_recent_v2
WRO,GLA,18619.0,358.0577,7,2015,2024,eu_trend_wm_max_recent_v2
WRO,LBA,18616.39,358.0075,4,2018,2024,eu_trend_wm_max_recent_v2
GDN,PRG,18612.77,357.9378,1,2024,2024,eu_trend_wm_max_recent_v2
WRO,CHQ,18612.53,357.9332,7,2015,2024,eu_trend_wm_max_recent_v2
CRL,CIY,18609.9,357.8827,5,2015,2019,eu_trend_wm_max_recent_v2
GOT,UME,18609.17,357.8687,3,2015,2017,eu_trend_wm_max_recent_v2
LPL,BHD,18607.55,357.8376,4,2015,2018,eu_trend_wm_max_recent_v2
TRF,ZAG,18603.48,357.7591,2,2023,2024,eu_trend_wm_max_recent_v2
BOJ,AMS,18597.66,357.6473,6,2015,2023,eu_trend_wm_max_recent_v2
GRO,WRO,18595.16,357.5992,7,2015,2024,eu_trend_wm_max_recent_v2
RHO,BTS,18594.6,357.5885,7,2015,2024,eu_trend_wm_max_recent_v2
EDI,KUN,18590.54,357.5104,7,2015,2024,eu_trend_wm_max_recent_v2
CFU,HAJ,18589.62,357.4926,6,2016,2024,eu_trend_wm_max_recent_v2
TFN,VGO,18579.26,357.2934,3,2019,2024,eu_trend_wm_max_recent_v2
LPL,SZZ,18576.0,357.2308,7,2015,2024,eu_trend_wm_max_recent_v2
VLC,WMI,18574.2,357.1962,4,2017,2024,eu_trend_wm_max_recent_v2
AGP,DTM,18568.39,357.0844,7,2015,2024,eu_trend_wm_max_recent_v2
PRG,NYO,18561.0,356.9423,1,2019,2019,eu_trend_wm_max_recent_v2
MAN,NTE,18559.13,356.9064,1,2023,2023,eu_trend_wm_max_recent_v2
EDI,SDR,18557.28,356.8708,7,2015,2024,eu_trend_wm_max_recent_v2
RIX,GDN,18553.9,356.8057,1,2024,2024,eu_trend_wm_max_recent_v2
KUN,EDI,18550.82,356.7465,7,2015,2024,eu_trend_wm_max_recent_v2
BSL,CAG,18549.29,356.7171,6,2015,2023,eu_trend_wm_max_recent_v2
DTM,AGP,18536.03,356.4622,7,2015,2024,eu_trend_wm_max_recent_v2
ORK,VLC,18536.03,356.4622,2,2023,2024,eu_trend_wm_max_recent_v2
ZAD,DUB,18529.32,356.3331,5,2015,2019,eu_trend_wm_max_recent_v2
FUE,BRE,18528.69,356.321,5,2015,2024,eu_trend_wm_max_recent_v2
BHX,KUN,18527.99,356.3075,1,2015,2015,eu_trend_wm_max_recent_v2
WMI,LBA,18524.22,356.235,5,2017,2024,eu_trend_wm_max_recent_v2
BFS,RHO,18524.01,356.2309,1,2024,2024,eu_trend_wm_max_recent_v2
ALC,EXT,18523.0,356.2115,5,2015,2019,eu_trend_wm_max_recent_v2
SDR,EDI,18519.41,356.1424,7,2015,2024,eu_trend_wm_max_recent_v2
LBA,ABZ,18511.75,355.9953,1,2015,2015,eu_trend_wm_max_recent_v2
LBA,RIX,18509.59,355.9537,6,2015,2024,eu_trend_wm_max_recent_v2
TSR,BLQ,18505.0,355.8654,7,2015,2024,eu_trend_wm_max_recent_v2
CRL,TGD,18502.16,355.8108,6,2016,2024,eu_trend_wm_max_recent_v2
PSA,RTM,18501.0,355.7885,3,2017,2019,eu_trend_wm_max_recent_v2
LBA,WRO,18498.65,355.7432,4,2018,2024,eu_trend_wm_max_recent_v2
DTM,DEB,18496.0,355.6923,1,2019,2019,eu_trend_wm_max_recent_v2
HHN,ZAG,18489.84,355.5739,2,2023,2024,eu_trend_wm_max_recent_v2
PMO,NTE,18488.92,355.5561,4,2015,2023,eu_trend_wm_max_recent_v2
MXP,TGD,18486.15,355.5028,5,2017,2024,eu_trend_wm_max_recent_v2
LGW,TIV,18486.0,355.5,6,2016,2024,eu_trend_wm_max_recent_v2
EIN,MLA,18485.18,355.4843,2,2015,2016,eu_trend_wm_max_recent_v2
KLX,LGW,18484.79,355.4767,7,2015,2024,eu_trend_wm_max_recent_v2
EXT,DUB,18482.0,355.423,5,2015,2019,eu_trend_wm_max_recent_v2
HHN,RIX,18476.46,355.3166,5,2015,2019,eu_trend_wm_max_recent_v2
ALC,LCJ,18475.98,355.3074,2,2023,2024,eu_trend_wm_max_recent_v2
WRO,GRO,18474.14,355.2719,7,2015,2024,eu_trend_wm_max_recent_v2
SZZ,TRF,18451.96,354.8455,7,2015,2024,eu_trend_wm_max_recent_v2
TLS,BGY,18451.04,354.8277,2,2023,2024,eu_trend_wm_max_recent_v2
ZAD,BGY,18450.12,354.8099,3,2019,2024,eu_trend_wm_max_recent_v2
DXB,BTS,18433.44,354.4892,5,2015,2019,eu_trend_wm_max_recent_v2
AMS,EFL,18433.43,354.4891,7,2015,2024,eu_trend_wm_max_recent_v2
CAG,BSL,18432.77,354.4763,6,2015,2023,eu_trend_wm_max_recent_v2
OPO,WMI,18430.72,354.4369,5,2017,2024,eu_trend_wm_max_recent_v2
WMI,OPO,18428.87,354.4013,5,2017,2024,eu_trend_wm_max_recent_v2
KRK,CAG,18423.0,354.2885,7,2015,2024,eu_trend_wm_max_recent_v2
BTS,EDI,18418.0,354.1923,7,2015,2024,eu_trend_wm_max_recent_v2
LBA,SOU,18407.8,353.9961,5,2015,2019,eu_trend_wm_max_recent_v2
BTS,RHO,18392.86,353.7088,7,2015,2024,eu_trend_wm_max_recent_v2
OVD,LHR,18388.03,353.616,2,2016,2017,eu_trend_wm_max_recent_v2
NRN,NYO,18385.95,353.5759,5,2015,2019,eu_trend_wm_max_recent_v2
ACE,BOD,18382.68,353.513,1,2023,2023,eu_trend_wm_max_recent_v2
LCY,EXT,18382.44,353.5085,5,2015,2019,eu_trend_wm_max_recent_v2
GDN,PSA,18381.75,353.4952,4,2016,2023,eu_trend_wm_max_recent_v2
ALC,NUE,18380.83,353.4775,7,2015,2024,eu_trend_wm_max_recent_v2
POZ,CRL,18378.06,353.4242,2,2023,2024,eu_trend_wm_max_recent_v2
STR,TSF,18376.0,353.3846,1,2019,2019,eu_trend_wm_max_recent_v2
FCO,SKG,18374.56,353.3569,1,2024,2024,eu_trend_wm_max_recent_v2
AGP,PSA,18372.75,353.3221,1,2024,2024,eu_trend_wm_max_recent_v2
KRK,ZAD,18368.82,353.2465,3,2019,2024,eu_trend_wm_max_recent_v2
GRQ,CPH,18367.14,353.2142,2,2017,2018,eu_trend_wm_max_recent_v2
KTW,GLA,18366.71,353.2059,4,2015,2018,eu_trend_wm_max_recent_v2
CHQ,BGO,18366.12,353.1946,7,2015,2024,eu_trend_wm_max_recent_v2
BLL,PRG,18366.0,353.1923,1,2019,2019,eu_trend_wm_max_recent_v2
SKG,FKB,18365.0,353.1731,5,2015,2019,eu_trend_wm_max_recent_v2
OVD,ACE,18363.69,353.1479,7,2015,2024,eu_trend_wm_max_recent_v2
HAJ,OLB,18361.0,353.0962,2,2018,2019,eu_trend_wm_max_recent_v2
SVQ,LEI,18359.94,353.0757,7,2015,2024,eu_trend_wm_max_recent_v2
HEL,CRL,18359.58,353.0688,1,2023,2023,eu_trend_wm_max_recent_v2
TRN,CMN,18358.98,353.0573,6,2016,2024,eu_trend_wm_max_recent_v2
NYO,NRN,18353.7,352.9557,5,2015,2019,eu_trend_wm_max_recent_v2
BOJ,WRO,18352.0,352.9231,6,2016,2024,eu_trend_wm_max_recent_v2
TRS,BDS,18351.92,352.9215,1,2024,2024,eu_trend_wm_max_recent_v2
NUE,OPO,18350.0,352.8846,5,2017,2024,eu_trend_wm_max_recent_v2
SDR,BUD,18350.0,352.8846,2,2018,2019,eu_trend_wm_max_recent_v2
KKN,TOS,18347.45,352.8357,5,2015,2019,eu_trend_wm_max_recent_v2
MXP,SKP,18343.0,352.75,4,2018,2024,eu_trend_wm_max_recent_v2
RTM,MUC,18340.86,352.7088,2,2015,2016,eu_trend_wm_max_recent_v2
PSA,CGN,18338.74,352.668,2,2015,2016,eu_trend_wm_max_recent_v2
OPO,NUE,18336.0,352.6154,5,2017,2024,eu_trend_wm_max_recent_v2
PVD,SNN,18326.34,352.4296,1,2018,2018,eu_trend_wm_max_recent_v2
KTW,TGD,18323.55,352.376,2,2023,2024,eu_trend_wm_max_recent_v2
CMN,TRN,18318.0,352.2692,6,2016,2024,eu_trend_wm_max_recent_v2
WRO,BOJ,18308.0,352.0769,6,2016,2024,eu_trend_wm_max_recent_v2
TLV,FKB,18307.0,352.0577,3,2018,2023,eu_trend_wm_max_recent_v2
CAG,SVQ,18303.0,351.9808,3,2019,2024,eu_trend_wm_max_recent_v2
OPO,WRO,18301.38,351.9496,2,2023,2024,eu_trend_wm_max_recent_v2
STR,VAR,18298.56,351.8953,6,2015,2023,eu_trend_wm_max_recent_v2
CHQ,OTP,18298.48,351.8938,3,2019,2024,eu_trend_wm_max_recent_v2
VAR,STR,18295.43,351.8353,6,2015,2023,eu_trend_wm_max_recent_v2
SKG,TSF,18291.22,351.7541,2,2023,2024,eu_trend_wm_max_recent_v2
ORK,BGY,18288.44,351.7008,2,2023,2024,eu_trend_wm_max_recent_v2
GOA,FRA,18287.0,351.6731,2,2018,2019,eu_trend_wm_max_recent_v2
HAJ,SPU,18282.0,351.5769,4,2015,2019,eu_trend_wm_max_recent_v2
KEF,WRO,18281.98,351.5765,3,2018,2023,eu_trend_wm_max_recent_v2
NOC,MAN,18281.05,351.5587,7,2015,2024,eu_trend_wm_max_recent_v2
OTP,MMX,18277.19,351.4843,6,2015,2023,eu_trend_wm_max_recent_v2
CAG,KRK,18277.0,351.4808,7,2015,2024,eu_trend_wm_max_recent_v2
BHX,EFL,18266.27,351.2745,7,2015,2024,eu_trend_wm_max_recent_v2
NUE,ALC,18262.58,351.2034,7,2015,2024,eu_trend_wm_max_recent_v2
CRL,TSR,18262.0,351.1923,7,2015,2024,eu_trend_wm_max_recent_v2
EFL,BHX,18260.73,351.1679,7,2015,2024,eu_trend_wm_max_recent_v2
HAM,SCN,18259.02,351.135,5,2015,2019,eu_trend_wm_max_recent_v2
KRK,SZZ,18259.0,351.1346,3,2019,2024,eu_trend_wm_max_recent_v2
TFN,LHR,18253.84,351.0354,2,2015,2016,eu_trend_wm_max_recent_v2
BIO,ORY,18251.72,350.9945,3,2015,2017,eu_trend_wm_max_recent_v2
CRL,VRN,18251.49,350.9902,6,2016,2024,eu_trend_wm_max_recent_v2
OLB,HAJ,18247.0,350.9038,2,2018,2019,eu_trend_wm_max_recent_v2
OLB,CGN,18245.0,350.8654,7,2015,2024,eu_trend_wm_max_recent_v2
BUD,TGD,18242.0,350.8077,5,2017,2024,eu_trend_wm_max_recent_v2
FCO,ORK,18238.56,350.7415,2,2023,2024,eu_trend_wm_max_recent_v2
VNO,NUE,18237.6,350.7231,3,2018,2024,eu_trend_wm_max_recent_v2
CTA,SVQ,18216.96,350.3262,1,2024,2024,eu_trend_wm_max_recent_v2
WRO,OPO,18214.54,350.2795,2,2023,2024,eu_trend_wm_max_recent_v2
BOH,GLA,18214.09,350.2709,1,2015,2015,eu_trend_wm_max_recent_v2
CRL,VNO,18205.98,350.115,4,2015,2018,eu_trend_wm_max_recent_v2
SVQ,CTA,18198.85,349.9779,1,2024,2024,eu_trend_wm_max_recent_v2
DTM,VAR,18190.0,349.8077,4,2018,2024,eu_trend_wm_max_recent_v2
LCY,ORK,18188.04,349.7701,1,2016,2016,eu_trend_wm_max_recent_v2
BRE,FUE,18184.86,349.7089,5,2015,2024,eu_trend_wm_max_recent_v2
AGP,ZAG,18183.13,349.6755,2,2023,2024,eu_trend_wm_max_recent_v2
RHO,CRL,18181.68,349.6476,2,2015,2016,eu_trend_wm_max_recent_v2
TGM,FMM,18172.13,349.464,5,2015,2024,eu_trend_wm_max_recent_v2
CDG,MAH,18170.0,349.4231,5,2015,2019,eu_trend_wm_max_recent_v2
VGO,CDG,18168.62,349.3966,1,2015,2015,eu_trend_wm_max_recent_v2
ACE,PIK,18168.0,349.3846,5,2015,2019,eu_trend_wm_max_recent_v2
OTP,CHQ,18164.43,349.316,3,2019,2024,eu_trend_wm_max_recent_v2
TRF,LUZ,18162.57,349.2803,5,2015,2019,eu_trend_wm_max_recent_v2
ABZ,ALC,18159.0,349.2115,3,2017,2019,eu_trend_wm_max_recent_v2
WAW,LUZ,18159.0,349.2115,2,2019,2024,eu_trend_wm_max_recent_v2
ACE,OVD,18157.19,349.1766,7,2015,2024,eu_trend_wm_max_recent_v2
DBV,BRU,18155.15,349.1374,6,2015,2023,eu_trend_wm_max_recent_v2
MMX,OTP,18154.09,349.117,6,2015,2023,eu_trend_wm_max_recent_v2
CHQ,AAL,18153.47,349.1052,7,2015,2024,eu_trend_wm_max_recent_v2
CPH,GRQ,18151.92,349.0754,2,2017,2018,eu_trend_wm_max_recent_v2
NCL,BOJ,18145.0,348.9423,7,2015,2024,eu_trend_wm_max_recent_v2
BER,SNN,18143.73,348.9178,3,2015,2017,eu_trend_wm_max_recent_v2
TGD,KTW,18140.63,348.8582,2,2023,2024,eu_trend_wm_max_recent_v2
BOH,ACE,18136.0,348.7692,6,2015,2024,eu_trend_wm_max_recent_v2
STN,PUY,18132.54,348.7027,7,2015,2024,eu_trend_wm_max_recent_v2
SZZ,KRK,18131.0,348.6731,3,2019,2024,eu_trend_wm_max_recent_v2
TLL,PFO,18130.01,348.6541,3,2018,2024,eu_trend_wm_max_recent_v2
ORY,BIO,18124.37,348.5456,3,2015,2017,eu_trend_wm_max_recent_v2
AGP,NUE,18121.23,348.4852,7,2015,2024,eu_trend_wm_max_recent_v2
GOT,LLA,18114.5,348.3558,5,2015,2019,eu_trend_wm_max_recent_v2
AAL,CHQ,18100.43,348.0852,7,2015,2024,eu_trend_wm_max_recent_v2
GLA,BOH,18100.43,348.0852,1,2015,2015,eu_trend_wm_max_recent_v2
HAJ,CFU,18099.98,348.0765,6,2016,2024,eu_trend_wm_max_recent_v2
CGN,PSA,18092.54,347.9334,2,2015,2016,eu_trend_wm_max_recent_v2
BUD,SDR,18092.0,347.9231,2,2018,2019,eu_trend_wm_max_recent_v2
VAR,DTM,18086.0,347.8077,4,2018,2024,eu_trend_wm_max_recent_v2
EDI,BTS,18082.56,347.7415,7,2015,2024,eu_trend_wm_max_recent_v2
ZAD,KRK,18081.5,347.7212,3,2019,2024,eu_trend_wm_max_recent_v2
SKG,FCO,18080.2,347.6961,1,2024,2024,eu_trend_wm_max_recent_v2
KUN,BGO,18078.0,347.6538,4,2017,2023,eu_trend_wm_max_recent_v2
POZ,TLV,18078.0,347.6538,2,2018,2019,eu_trend_wm_max_recent_v2
PAD,FUE,18074.49,347.5864,5,2015,2019,eu_trend_wm_max_recent_v2
VAR,WAW,18070.0,347.5,7,2015,2024,eu_trend_wm_max_recent_v2
ZAZ,CRL,18064.2,347.3885,7,2015,2024,eu_trend_wm_max_recent_v2
BER,TGD,18063.9,347.3826,5,2017,2024,eu_trend_wm_max_recent_v2
SVQ,CAG,18058.0,347.2692,3,2019,2024,eu_trend_wm_max_recent_v2
FKB,TLV,18056.0,347.2308,3,2018,2023,eu_trend_wm_max_recent_v2
LIS,RNS,18054.71,347.206,1,2023,2023,eu_trend_wm_max_recent_v2
CGN,VNO,18050.94,347.1335,1,2018,2018,eu_trend_wm_max_recent_v2
ORK,FCO,18049.17,347.0994,2,2023,2024,eu_trend_wm_max_recent_v2
HAM,BIO,18047.59,347.0691,1,2024,2024,eu_trend_wm_max_recent_v2
BTS,WAW,18044.82,347.0158,2,2017,2018,eu_trend_wm_max_recent_v2
LEI,SVQ,18039.5,346.9134,7,2015,2024,eu_trend_wm_max_recent_v2
TLV,POZ,18038.0,346.8846,2,2018,2019,eu_trend_wm_max_recent_v2
HER,PAD,18037.0,346.8654,5,2017,2024,eu_trend_wm_max_recent_v2
VGO,TFN,18033.46,346.7974,3,2019,2024,eu_trend_wm_max_recent_v2
LNZ,STN,18027.8,346.6885,4,2015,2018,eu_trend_wm_max_recent_v2
SOU,ALC,18022.85,346.5933,5,2015,2019,eu_trend_wm_max_recent_v2
JER,LCY,18019.73,346.5332,4,2015,2018,eu_trend_wm_max_recent_v2
BDS,TRS,18019.51,346.5291,1,2024,2024,eu_trend_wm_max_recent_v2
RNS,LIS,18018.68,346.5131,1,2023,2023,eu_trend_wm_max_recent_v2
WAW,VAR,18016.0,346.4615,7,2015,2024,eu_trend_wm_max_recent_v2
NUE,CLJ,18014.22,346.4273,7,2015,2024,eu_trend_wm_max_recent_v2
BCN,AHO,18012.21,346.3887,2,2023,2024,eu_trend_wm_max_recent_v2
WMI,NAP,18011.0,346.3654,5,2017,2024,eu_trend_wm_max_recent_v2
LIL,AJA,18006.2,346.2731,7,2015,2024,eu_trend_wm_max_recent_v2
SNN,KUN,18003.9,346.2288,7,2015,2024,eu_trend_wm_max_recent_v2
BHD,LPL,18001.0,346.1731,4,2015,2018,eu_trend_wm_max_recent_v2
BVA,TSR,17997.0,346.0962,7,2015,2024,eu_trend_wm_max_recent_v2
MUC,RTM,17995.97,346.0763,2,2015,2016,eu_trend_wm_max_recent_v2
NAP,WMI,17995.0,346.0577,5,2017,2024,eu_trend_wm_max_recent_v2
PFO,TLL,17994.15,346.0414,3,2018,2024,eu_trend_wm_max_recent_v2
BIO,GRX,17994.0,346.0385,4,2018,2024,eu_trend_wm_max_recent_v2
VNO,BRE,17987.0,345.9038,6,2015,2023,eu_trend_wm_max_recent_v2
ORY,OVD,17976.18,345.6959,2,2023,2024,eu_trend_wm_max_recent_v2
FKB,SKG,17973.0,345.6346,5,2015,2019,eu_trend_wm_max_recent_v2
LBA,REU,17963.25,345.4471,5,2016,2024,eu_trend_wm_max_recent_v2
BLL,FCO,17955.86,345.305,2,2023,2024,eu_trend_wm_max_recent_v2
ALC,SOU,17951.06,345.2127,5,2015,2019,eu_trend_wm_max_recent_v2
TSF,VNO,17949.0,345.1731,3,2019,2024,eu_trend_wm_max_recent_v2
SZG,MAN,17946.0,345.1154,7,2015,2024,eu_trend_wm_max_recent_v2
VLC,BVA,17945.88,345.1131,5,2015,2024,eu_trend_wm_max_recent_v2
GDN,ORK,17944.0,345.0769,7,2015,2024,eu_trend_wm_max_recent_v2
AHO,BCN,17942.93,345.0563,2,2023,2024,eu_trend_wm_max_recent_v2
AGP,MAH,17937.38,344.9497,2,2023,2024,eu_trend_wm_max_recent_v2
OSL,AAR,17932.62,344.8581,4,2018,2024,eu_trend_wm_max_recent_v2
REU,LBA,17929.99,344.8075,5,2016,2024,eu_trend_wm_max_recent_v2
CRA,BLQ,17928.14,344.772,4,2018,2024,eu_trend_wm_max_recent_v2
BRU,ZTH,17918.91,344.5943,5,2017,2024,eu_trend_wm_max_recent_v2
BGY,ZAD,17917.06,344.5588,3,2019,2024,eu_trend_wm_max_recent_v2
ZTH,BRU,17910.59,344.4344,5,2017,2024,eu_trend_wm_max_recent_v2
WRO,RHO,17908.11,344.3867,4,2018,2024,eu_trend_wm_max_recent_v2
JTR,AMS,17905.0,344.3269,5,2017,2024,eu_trend_wm_max_recent_v2
SNN,BER,17903.43,344.2967,3,2015,2017,eu_trend_wm_max_recent_v2
ARN,STR,17899.96,344.23,1,2024,2024,eu_trend_wm_max_recent_v2
AJA,LIL,17894.09,344.1171,7,2015,2024,eu_trend_wm_max_recent_v2
PIK,ACE,17892.0,344.0769,5,2015,2019,eu_trend_wm_max_recent_v2
LGW,SPC,17889.84,344.0355,5,2015,2019,eu_trend_wm_max_recent_v2
CIA,LPL,17889.34,344.0258,2,2023,2024,eu_trend_wm_max_recent_v2
WAW,SKP,17889.09,344.0209,3,2019,2024,eu_trend_wm_max_recent_v2
BLQ,TSR,17889.0,344.0192,7,2015,2024,eu_trend_wm_max_recent_v2
ORK,GDN,17880.0,343.8462,7,2015,2024,eu_trend_wm_max_recent_v2
FCO,FNC,17871.88,343.69,1,2024,2024,eu_trend_wm_max_recent_v2
BVA,MLA,17866.0,343.5769,3,2018,2024,eu_trend_wm_max_recent_v2
FDF,SFG,17860.0,343.4615,7,2015,2024,eu_trend_wm_max_recent_v2
FNC,NTE,17858.47,343.432,6,2015,2024,eu_trend_wm_max_recent_v2
VNO,TSF,17856.0,343.3846,3,2019,2024,eu_trend_wm_max_recent_v2
ZAG,TLV,17850.0,343.2692,6,2015,2023,eu_trend_wm_max_recent_v2
VNO,SVG,17849.52,343.26,2,2015,2016,eu_trend_wm_max_recent_v2
TLV,ZAG,17848.0,343.2308,6,2015,2023,eu_trend_wm_max_recent_v2
KUN,BER,17841.99,343.1152,1,2024,2024,eu_trend_wm_max_recent_v2
AAL,LGW,17841.73,343.1102,4,2015,2018,eu_trend_wm_max_recent_v2
MLA,EIN,17841.03,343.0967,2,2015,2016,eu_trend_wm_max_recent_v2
PSA,SOF,17836.78,343.0151,1,2016,2016,eu_trend_wm_max_recent_v2
LTN,GRO,17828.29,342.8518,5,2015,2019,eu_trend_wm_max_recent_v2
BVA,VLC,17827.56,342.8377,5,2015,2024,eu_trend_wm_max_recent_v2
KTW,HHN,17826.54,342.8181,4,2015,2018,eu_trend_wm_max_recent_v2
MAN,NOC,17821.16,342.7146,7,2015,2024,eu_trend_wm_max_recent_v2
TSF,STR,17810.0,342.5,1,2019,2019,eu_trend_wm_max_recent_v2
ALC,ABZ,17809.0,342.4808,3,2017,2019,eu_trend_wm_max_recent_v2
RHO,WRO,17807.57,342.4533,4,2018,2024,eu_trend_wm_max_recent_v2
BCN,TLL,17796.96,342.2492,2,2023,2024,eu_trend_wm_max_recent_v2
MAD,WRO,17794.92,342.21,3,2017,2019,eu_trend_wm_max_recent_v2
EXT,GLA,17790.09,342.1171,4,2016,2019,eu_trend_wm_max_recent_v2
DUB,EXT,17784.72,342.0138,5,2015,2019,eu_trend_wm_max_recent_v2
BFS,WMI,17784.6,342.0115,3,2017,2019,eu_trend_wm_max_recent_v2
BOJ,HAJ,17782.52,341.9715,5,2015,2019,eu_trend_wm_max_recent_v2
OPO,CFE,17782.21,341.9656,7,2015,2024,eu_trend_wm_max_recent_v2
BTS,LBA,17774.0,341.8077,5,2017,2024,eu_trend_wm_max_recent_v2
CHQ,BHX,17773.16,341.7915,5,2017,2024,eu_trend_wm_max_recent_v2
TRF,LGW,17765.96,341.6531,1,2015,2015,eu_trend_wm_max_recent_v2
NRN,FUE,17762.71,341.5906,6,2015,2024,eu_trend_wm_max_recent_v2
SOU,LBA,17751.3,341.3712,5,2015,2019,eu_trend_wm_max_recent_v2
CFE,OPO,17750.0,341.3462,7,2015,2024,eu_trend_wm_max_recent_v2
BGO,KUN,17749.0,341.3269,4,2017,2023,eu_trend_wm_max_recent_v2
PTP,PAP,17748.18,341.3112,5,2015,2019,eu_trend_wm_max_recent_v2
LGW,KLX,17744.02,341.2312,7,2015,2024,eu_trend_wm_max_recent_v2
IAS,BER,17741.53,341.1832,2,2023,2024,eu_trend_wm_max_recent_v2
PAD,FRA,17736.0,341.0769,2,2018,2019,eu_trend_wm_max_recent_v2
MLA,TRN,17732.58,341.0111,7,2015,2024,eu_trend_wm_max_recent_v2
LBA,BTS,17732.0,341.0,5,2017,2024,eu_trend_wm_max_recent_v2
HEL,LJU,17730.0,340.9615,7,2015,2024,eu_trend_wm_max_recent_v2
BER,TRD,17729.16,340.9453,3,2015,2023,eu_trend_wm_max_recent_v2
VNO,CRL,17726.58,340.8958,4,2015,2018,eu_trend_wm_max_recent_v2
BRE,VNO,17725.0,340.8654,6,2015,2023,eu_trend_wm_max_recent_v2
SKP,BGY,17720.09,340.771,3,2015,2017,eu_trend_wm_max_recent_v2
BCM,DUB,17718.01,340.731,6,2015,2024,eu_trend_wm_max_recent_v2
EMA,FNC,17708.0,340.5385,5,2015,2019,eu_trend_wm_max_recent_v2
DBV,BRI,17704.32,340.4677,1,2024,2024,eu_trend_wm_max_recent_v2
HAJ,BOJ,17697.2,340.3308,5,2015,2019,eu_trend_wm_max_recent_v2
MLA,BVA,17697.0,340.3269,3,2018,2024,eu_trend_wm_max_recent_v2
GLA,GDN,17695.12,340.2908,1,2017,2017,eu_trend_wm_max_recent_v2
HHN,NAP,17690.0,340.1923,3,2017,2019,eu_trend_wm_max_recent_v2
TLL,BCN,17689.79,340.1883,2,2023,2024,eu_trend_wm_max_recent_v2
TRD,BER,17688.02,340.1543,3,2015,2023,eu_trend_wm_max_recent_v2
LGW,XRY,17684.0,340.0769,1,2019,2019,eu_trend_wm_max_recent_v2
OPO,CAG,17684.0,340.0769,2,2019,2023,eu_trend_wm_max_recent_v2
PUY,STN,17680.68,340.0131,7,2015,2024,eu_trend_wm_max_recent_v2
BER,PFO,17679.63,339.9929,2,2023,2024,eu_trend_wm_max_recent_v2
FNC,EMA,17675.0,339.9038,5,2015,2019,eu_trend_wm_max_recent_v2
FAO,BRE,17673.0,339.8654,5,2015,2019,eu_trend_wm_max_recent_v2
GDN,PIK,17671.24,339.8315,2,2015,2016,eu_trend_wm_max_recent_v2
BVA,PFO,17670.39,339.8152,2,2023,2024,eu_trend_wm_max_recent_v2
GLA,KTW,17666.38,339.738,4,2015,2018,eu_trend_wm_max_recent_v2
TRN,MLA,17663.81,339.6886,7,2015,2024,eu_trend_wm_max_recent_v2
GLA,MAH,17663.34,339.6796,6,2015,2024,eu_trend_wm_max_recent_v2
DUB,ZAD,17658.5,339.5866,5,2015,2019,eu_trend_wm_max_recent_v2
SOF,MMX,17657.44,339.5662,2,2015,2016,eu_trend_wm_max_recent_v2
GRX,BIO,17654.0,339.5,4,2018,2024,eu_trend_wm_max_recent_v2
SOF,PSA,17653.2,339.4845,1,2016,2016,eu_trend_wm_max_recent_v2
TLL,EDI,17649.0,339.4038,1,2019,2019,eu_trend_wm_max_recent_v2
MAH,GLA,17646.0,339.3462,6,2015,2024,eu_trend_wm_max_recent_v2
ARN,TOS,17645.0,339.3269,5,2017,2024,eu_trend_wm_max_recent_v2
BHX,CHQ,17643.64,339.3007,5,2017,2024,eu_trend_wm_max_recent_v2
INI,DTM,17642.0,339.2692,4,2017,2023,eu_trend_wm_max_recent_v2
CAG,OPO,17611.0,338.6731,2,2019,2023,eu_trend_wm_max_recent_v2
FRA,GOA,17608.0,338.6154,2,2018,2019,eu_trend_wm_max_recent_v2
LHR,FLR,17605.72,338.5716,2,2023,2024,eu_trend_wm_max_recent_v2
CFU,LBA,17600.16,338.4646,7,2015,2024,eu_trend_wm_max_recent_v2
PAP,PTP,17586.84,338.2085,5,2015,2019,eu_trend_wm_max_recent_v2
BRI,DBV,17586.58,338.2034,1,2024,2024,eu_trend_wm_max_recent_v2
TSF,SKG,17580.78,338.0919,2,2023,2024,eu_trend_wm_max_recent_v2
EDI,LUX,17562.0,337.7308,1,2019,2019,eu_trend_wm_max_recent_v2
PFO,BVA,17551.22,337.5234,2,2023,2024,eu_trend_wm_max_recent_v2
NAP,HHN,17550.0,337.5,3,2017,2019,eu_trend_wm_max_recent_v2
IAS,EIN,17549.0,337.4808,3,2019,2024,eu_trend_wm_max_recent_v2
WRO,MAD,17544.0,337.3846,3,2017,2019,eu_trend_wm_max_recent_v2
TRF,SZZ,17541.05,337.3279,7,2015,2024,eu_trend_wm_max_recent_v2
TRD,TOS,17539.06,337.2897,4,2015,2018,eu_trend_wm_max_recent_v2
AOK,AMS,17533.24,337.1776,7,2015,2024,eu_trend_wm_max_recent_v2
CGN,OLB,17533.14,337.1757,7,2015,2024,eu_trend_wm_max_recent_v2
CPH,IAS,17531.81,337.1503,2,2023,2024,eu_trend_wm_max_recent_v2
OPO,LCY,17529.72,337.11,1,2018,2018,eu_trend_wm_max_recent_v2
NYO,PMI,17526.66,337.0512,6,2015,2024,eu_trend_wm_max_recent_v2
RZE,BRS,17526.0,337.0385,7,2015,2024,eu_trend_wm_max_recent_v2
CRA,CGN,17519.52,336.9138,3,2018,2023,eu_trend_wm_max_recent_v2
PFO,LPL,17519.0,336.9038,2,2019,2024,eu_trend_wm_max_recent_v2
BRE,LIS,17513.05,336.7895,4,2015,2018,eu_trend_wm_max_recent_v2
EDI,TLL,17511.0,336.75,1,2019,2019,eu_trend_wm_max_recent_v2
VNO,BLL,17507.81,336.6886,6,2016,2024,eu_trend_wm_max_recent_v2
XRY,LGW,17506.0,336.6538,1,2019,2019,eu_trend_wm_max_recent_v2
RIX,PFO,17504.15,336.6183,4,2018,2024,eu_trend_wm_max_recent_v2
WAW,ABZ,17499.53,336.5294,2,2016,2017,eu_trend_wm_max_recent_v2
HHN,CAG,17499.0,336.5192,7,2015,2024,eu_trend_wm_max_recent_v2
DEB,BCN,17495.0,336.4423,1,2019,2019,eu_trend_wm_max_recent_v2
SOU,MUC,17494.33,336.4293,2,2016,2017,eu_trend_wm_max_recent_v2
BTS,PMI,17494.02,336.4235,7,2015,2024,eu_trend_wm_max_recent_v2
GRO,LTN,17491.2,336.3693,5,2015,2019,eu_trend_wm_max_recent_v2
NUE,MLA,17481.78,336.1881,3,2017,2019,eu_trend_wm_max_recent_v2
BER,IAS,17480.08,336.1554,2,2023,2024,eu_trend_wm_max_recent_v2
KRK,CFU,17480.08,336.1554,2,2023,2024,eu_trend_wm_max_recent_v2
VNO,CGN,17474.64,336.0508,1,2018,2018,eu_trend_wm_max_recent_v2
DXB,SZG,17473.61,336.031,2,2023,2024,eu_trend_wm_max_recent_v2
PIK,RZE,17469.54,335.9527,1,2018,2018,eu_trend_wm_max_recent_v2
SNN,PMI,17468.99,335.9422,7,2015,2024,eu_trend_wm_max_recent_v2
CFU,CDG,17467.15,335.9066,7,2015,2024,eu_trend_wm_max_recent_v2
SKP,TSF,17456.38,335.6997,6,2015,2023,eu_trend_wm_max_recent_v2
MUC,SOU,17452.71,335.629,2,2016,2017,eu_trend_wm_max_recent_v2
BOJ,BUD,17452.53,335.6255,7,2015,2024,eu_trend_wm_max_recent_v2
CRL,ZAZ,17452.2,335.6192,7,2015,2024,eu_trend_wm_max_recent_v2
MLA,NUE,17452.2,335.6192,3,2017,2019,eu_trend_wm_max_recent_v2
MAN,SZG,17449.0,335.5577,7,2015,2024,eu_trend_wm_max_recent_v2
BRS,RZE,17446.0,335.5,7,2015,2024,eu_trend_wm_max_recent_v2
PFO,POZ,17443.13,335.4447,2,2023,2024,eu_trend_wm_max_recent_v2
PAD,HER,17437.0,335.3269,5,2017,2024,eu_trend_wm_max_recent_v2
RIX,DTM,17436.9,335.325,5,2015,2019,eu_trend_wm_max_recent_v2
TSF,BOD,17435.0,335.2885,1,2019,2019,eu_trend_wm_max_recent_v2
CFU,KRK,17434.81,335.2848,2,2023,2024,eu_trend_wm_max_recent_v2
FNC,BRU,17434.0,335.2692,7,2015,2024,eu_trend_wm_max_recent_v2
CLJ,BHX,17433.0,335.25,3,2017,2023,eu_trend_wm_max_recent_v2
KUN,SNN,17432.04,335.2315,7,2015,2024,eu_trend_wm_max_recent_v2
EDI,GRO,17424.66,335.0896,3,2017,2019,eu_trend_wm_max_recent_v2
LPL,KUN,17424.65,335.0894,2,2023,2024,eu_trend_wm_max_recent_v2
NRN,CPH,17420.03,335.0006,2,2023,2024,eu_trend_wm_max_recent_v2
SKP,BUD,17418.0,334.9615,5,2017,2024,eu_trend_wm_max_recent_v2
SUF,CRL,17417.52,334.9523,7,2015,2024,eu_trend_wm_max_recent_v2
ORK,POZ,17415.41,334.9117,3,2019,2024,eu_trend_wm_max_recent_v2
BGY,KUN,17415.39,334.9114,1,2024,2024,eu_trend_wm_max_recent_v2
FCO,BLL,17414.49,334.894,2,2023,2024,eu_trend_wm_max_recent_v2
KTW,CIA,17406.3,334.7365,5,2016,2023,eu_trend_wm_max_recent_v2
BLQ,CRA,17402.0,334.6538,4,2018,2024,eu_trend_wm_max_recent_v2
NUE,AGP,17398.78,334.5919,7,2015,2024,eu_trend_wm_max_recent_v2
GRO,EDI,17397.12,334.56,3,2017,2019,eu_trend_wm_max_recent_v2
TIV,LGW,17397.0,334.5577,6,2016,2024,eu_trend_wm_max_recent_v2
MAN,PUY,17392.0,334.4615,6,2015,2023,eu_trend_wm_max_recent_v2
RZE,PIK,17388.96,334.4031,1,2018,2018,eu_trend_wm_max_recent_v2
LPL,CIA,17386.77,334.361,2,2023,2024,eu_trend_wm_max_recent_v2
KUN,BLQ,17385.0,334.3269,1,2019,2019,eu_trend_wm_max_recent_v2
FUE,NRN,17378.45,334.2009,6,2015,2024,eu_trend_wm_max_recent_v2
MAD,TSR,17371.97,334.0764,7,2015,2024,eu_trend_wm_max_recent_v2
HHN,KTW,17362.44,333.8931,4,2015,2018,eu_trend_wm_max_recent_v2
CPH,NRN,17360.9,333.8635,2,2023,2024,eu_trend_wm_max_recent_v2
VNO,TRN,17359.06,333.828,2,2023,2024,eu_trend_wm_max_recent_v2
CAG,VLC,17356.0,333.7692,2,2019,2023,eu_trend_wm_max_recent_v2
KTW,BGO,17356.0,333.7692,5,2015,2019,eu_trend_wm_max_recent_v2
AGP,SVG,17353.0,333.7115,7,2015,2024,eu_trend_wm_max_recent_v2
TSR,VLC,17351.0,333.6731,7,2015,2024,eu_trend_wm_max_recent_v2
WMI,BFS,17343.47,333.5282,3,2017,2019,eu_trend_wm_max_recent_v2
JTR,DUB,17342.43,333.5082,2,2023,2024,eu_trend_wm_max_recent_v2
NAP,WRO,17342.0,333.5,4,2018,2024,eu_trend_wm_max_recent_v2
NCL,WMI,17341.02,333.4812,2,2017,2018,eu_trend_wm_max_recent_v2
NQY,ALC,17339.0,333.4423,4,2016,2019,eu_trend_wm_max_recent_v2
IAS,CPH,17335.96,333.3838,2,2023,2024,eu_trend_wm_max_recent_v2
KUN,LPL,17335.96,333.3838,2,2023,2024,eu_trend_wm_max_recent_v2
ZAG,GOT,17329.49,333.2595,2,2023,2024,eu_trend_wm_max_recent_v2
CLJ,BER,17329.0,333.25,4,2017,2023,eu_trend_wm_max_recent_v2
SPC,LGW,17326.34,333.1989,5,2015,2019,eu_trend_wm_max_recent_v2
STN,NCL,17325.41,333.1809,1,2015,2015,eu_trend_wm_max_recent_v2
OPO,PXO,17315.63,332.993,6,2016,2024,eu_trend_wm_max_recent_v2
PFO,BER,17315.63,332.993,2,2023,2024,eu_trend_wm_max_recent_v2
LBA,CFU,17313.04,332.9432,7,2015,2024,eu_trend_wm_max_recent_v2
LUX,EDI,17310.0,332.8846,1,2019,2019,eu_trend_wm_max_recent_v2
PFO,RIX,17304.89,332.7864,4,2018,2024,eu_trend_wm_max_recent_v2
NUE,ZAD,17296.23,332.6199,3,2019,2024,eu_trend_wm_max_recent_v2
BRE,AGP,17292.21,332.5426,7,2015,2024,eu_trend_wm_max_recent_v2
PIK,GDN,17291.32,332.5254,2,2015,2016,eu_trend_wm_max_recent_v2
LGW,TRF,17286.44,332.4316,1,2015,2015,eu_trend_wm_max_recent_v2
SFG,FDF,17281.0,332.3269,7,2015,2024,eu_trend_wm_max_recent_v2
BOD,MAH,17280.53,332.3179,2,2023,2024,eu_trend_wm_max_recent_v2
IST,FDH,17280.0,332.3077,1,2019,2019,eu_trend_wm_max_recent_v2
LIL,OPO,17278.68,332.2823,7,2015,2024,eu_trend_wm_max_recent_v2
CAG,HHN,17277.0,332.25,7,2015,2024,eu_trend_wm_max_recent_v2
WMI,NCL,17274.72,332.2062,2,2017,2018,eu_trend_wm_max_recent_v2
PFO,CGN,17272.21,332.158,2,2023,2024,eu_trend_wm_max_recent_v2
ACE,RTM,17270.0,332.1154,1,2019,2019,eu_trend_wm_max_recent_v2
POZ,BHX,17265.85,332.0357,5,2016,2024,eu_trend_wm_max_recent_v2
MAH,BOD,17256.51,331.8559,2,2023,2024,eu_trend_wm_max_recent_v2
PMI,SNN,17255.58,331.8382,7,2015,2024,eu_trend_wm_max_recent_v2
BUD,BOJ,17247.83,331.6891,7,2015,2024,eu_trend_wm_max_recent_v2
AGP,BRE,17246.93,331.6717,7,2015,2024,eu_trend_wm_max_recent_v2
OPO,LIL,17244.5,331.625,7,2015,2024,eu_trend_wm_max_recent_v2
CPH,BOJ,17243.1,331.5981,6,2015,2024,eu_trend_wm_max_recent_v2
ALC,NQY,17243.0,331.5962,4,2016,2019,eu_trend_wm_max_recent_v2
SBZ,HHN,17242.0,331.5769,2,2018,2019,eu_trend_wm_max_recent_v2
XRY,HAM,17242.0,331.5769,7,2015,2024,eu_trend_wm_max_recent_v2
LGW,AAL,17240.98,331.5573,4,2015,2018,eu_trend_wm_max_recent_v2
AAR,OSL,17235.96,331.4608,4,2018,2024,eu_trend_wm_max_recent_v2
POZ,PFO,17229.72,331.3407,2,2023,2024,eu_trend_wm_max_recent_v2
HAM,CHQ,17226.95,331.2874,2,2023,2024,eu_trend_wm_max_recent_v2
ZAD,WMI,17226.95,331.2874,2,2023,2024,eu_trend_wm_max_recent_v2
PUY,MAN,17224.0,331.2308,6,2015,2023,eu_trend_wm_max_recent_v2
BIA,SXB,17221.4,331.1808,6,2016,2024,eu_trend_wm_max_recent_v2
CPH,ABZ,17220.0,331.1538,5,2015,2019,eu_trend_wm_max_recent_v2
JTR,LYS,17219.55,331.1453,2,2023,2024,eu_trend_wm_max_recent_v2
AMS,JTR,17215.0,331.0577,5,2017,2024,eu_trend_wm_max_recent_v2
MAH,AGP,17214.94,331.0565,2,2023,2024,eu_trend_wm_max_recent_v2
WMI,ZAD,17214.01,331.0387,2,2023,2024,eu_trend_wm_max_recent_v2
WAW,BTS,17211.48,330.99,2,2017,2018,eu_trend_wm_max_recent_v2
CDG,CFU,17200.15,330.7722,7,2015,2024,eu_trend_wm_max_recent_v2
CLJ,AGP,17199.23,330.7544,5,2017,2024,eu_trend_wm_max_recent_v2
TGD,NYO,17197.0,330.7115,3,2017,2019,eu_trend_wm_max_recent_v2
SXB,BIA,17196.46,330.7011,6,2016,2024,eu_trend_wm_max_recent_v2
TLV,FMM,17196.0,330.6923,2,2019,2023,eu_trend_wm_max_recent_v2
POZ,ORK,17194.61,330.6656,3,2019,2024,eu_trend_wm_max_recent_v2
WRO,NAP,17191.0,330.5962,4,2018,2024,eu_trend_wm_max_recent_v2
BGY,LUZ,17187.22,330.5235,2,2023,2024,eu_trend_wm_max_recent_v2
AGP,CLJ,17185.37,330.4879,5,2017,2024,eu_trend_wm_max_recent_v2
LGW,RNS,17179.83,330.3813,3,2017,2024,eu_trend_wm_max_recent_v2
GRQ,LPA,17174.0,330.2692,5,2015,2019,eu_trend_wm_max_recent_v2
STR,PUY,17169.0,330.1731,1,2019,2019,eu_trend_wm_max_recent_v2
CRL,SUF,17168.0,330.1538,7,2015,2024,eu_trend_wm_max_recent_v2
VLC,TSR,17166.0,330.1154,7,2015,2024,eu_trend_wm_max_recent_v2
SVG,AGP,17165.0,330.0962,7,2015,2024,eu_trend_wm_max_recent_v2
RHO,NUE,17162.28,330.0438,6,2015,2024,eu_trend_wm_max_recent_v2
LGG,TFS,17156.0,329.9231,7,2015,2024,eu_trend_wm_max_recent_v2
CLJ,CGN,17154.36,329.8915,5,2015,2019,eu_trend_wm_max_recent_v2
JMK,MUC,17149.26,329.7935,5,2017,2024,eu_trend_wm_max_recent_v2
NCL,STN,17143.56,329.6839,1,2015,2015,eu_trend_wm_max_recent_v2
GLA,EXT,17134.0,329.5,4,2016,2019,eu_trend_wm_max_recent_v2
ABZ,WAW,17127.06,329.3666,2,2016,2017,eu_trend_wm_max_recent_v2
FUE,PAD,17126.84,329.3622,5,2015,2019,eu_trend_wm_max_recent_v2
LLA,GOT,17126.24,329.3508,5,2015,2019,eu_trend_wm_max_recent_v2
TRN,BRU,17125.0,329.3269,5,2015,2019,eu_trend_wm_max_recent_v2
VRN,CRL,17121.63,329.2621,6,2016,2024,eu_trend_wm_max_recent_v2
BLL,TSF,17119.78,329.2265,1,2023,2023,eu_trend_wm_max_recent_v2
TSF,OPO,17119.78,329.2265,3,2019,2024,eu_trend_wm_max_recent_v2
BRE,FAO,17118.0,329.1923,5,2015,2019,eu_trend_wm_max_recent_v2
BHX,BOJ,17117.7,329.1866,7,2015,2024,eu_trend_wm_max_recent_v2
TOS,TRD,17113.54,329.1065,4,2015,2018,eu_trend_wm_max_recent_v2
FLR,BRI,17110.54,329.0489,2,2015,2023,eu_trend_wm_max_recent_v2
SNN,BUD,17095.76,328.7646,2,2023,2024,eu_trend_wm_max_recent_v2
WAW,SPU,17093.0,328.7115,5,2017,2024,eu_trend_wm_max_recent_v2
TPS,CIA,17092.88,328.7092,2,2015,2016,eu_trend_wm_max_recent_v2
VLC,CAG,17090.0,328.6538,2,2019,2023,eu_trend_wm_max_recent_v2
ZAG,ICN,17085.0,328.5577,2,2019,2024,eu_trend_wm_max_recent_v2
SVG,VNO,17082.27,328.5051,2,2015,2016,eu_trend_wm_max_recent_v2
PSA,CDG,17079.37,328.4493,1,2024,2024,eu_trend_wm_max_recent_v2
BGY,ORK,17078.21,328.427,2,2023,2024,eu_trend_wm_max_recent_v2
VCE,REG,17072.12,328.31,1,2024,2024,eu_trend_wm_max_recent_v2
CLJ,BLL,17072.0,328.3077,3,2017,2019,eu_trend_wm_max_recent_v2
INI,NYO,17069.0,328.25,2,2018,2019,eu_trend_wm_max_recent_v2
TLL,LED,17068.68,328.2438,2,2017,2018,eu_trend_wm_max_recent_v2
POZ,LIS,17063.97,328.1532,1,2024,2024,eu_trend_wm_max_recent_v2
GRX,ORY,17063.43,328.1428,2,2023,2024,eu_trend_wm_max_recent_v2
ZAG,MMX,17063.43,328.1428,2,2023,2024,eu_trend_wm_max_recent_v2
CTA,PSR,17061.58,328.1073,3,2019,2024,eu_trend_wm_max_recent_v2
BOJ,BHX,17058.4,328.0461,7,2015,2024,eu_trend_wm_max_recent_v2
LYS,OLB,17054.0,327.9615,7,2015,2024,eu_trend_wm_max_recent_v2
BLQ,KUN,17050.0,327.8846,1,2019,2019,eu_trend_wm_max_recent_v2
LHR,CHQ,17049.57,327.8763,3,2019,2024,eu_trend_wm_max_recent_v2
PMI,BTS,17049.3,327.8712,7,2015,2024,eu_trend_wm_max_recent_v2
DUB,BCM,17041.75,327.726,6,2015,2024,eu_trend_wm_max_recent_v2
EMA,GRO,17037.59,327.646,5,2017,2024,eu_trend_wm_max_recent_v2
TRN,VNO,17033.86,327.5743,2,2023,2024,eu_trend_wm_max_recent_v2
BGY,SKP,17027.19,327.4459,3,2015,2017,eu_trend_wm_max_recent_v2
PSA,TFS,17021.78,327.3419,2,2015,2016,eu_trend_wm_max_recent_v2
BLL,CRL,17020.0,327.3078,2,2023,2024,eu_trend_wm_max_recent_v2
FKB,SVQ,17012.0,327.1538,4,2018,2024,eu_trend_wm_max_recent_v2
BUD,SNN,17009.84,327.1123,2,2023,2024,eu_trend_wm_max_recent_v2
ARN,WRO,17007.07,327.059,2,2023,2024,eu_trend_wm_max_recent_v2
NCL,WRO,17005.44,327.0277,5,2017,2024,eu_trend_wm_max_recent_v2
LIS,BRE,17005.34,327.0257,4,2015,2018,eu_trend_wm_max_recent_v2
CRA,BVA,16999.32,326.91,4,2017,2023,eu_trend_wm_max_recent_v2
KTW,BVA,16995.25,326.8317,3,2015,2017,eu_trend_wm_max_recent_v2
PFO,KUN,16994.14,326.8103,2,2023,2024,eu_trend_wm_max_recent_v2
EIN,IAS,16987.0,326.6731,3,2019,2024,eu_trend_wm_max_recent_v2
FCO,FMM,16983.97,326.6149,2,2023,2024,eu_trend_wm_max_recent_v2
TPS,NAP,16981.2,326.5616,2,2023,2024,eu_trend_wm_max_recent_v2
DTM,INI,16979.0,326.5192,4,2017,2023,eu_trend_wm_max_recent_v2
CWL,IBZ,16976.87,326.4782,5,2015,2019,eu_trend_wm_max_recent_v2
TSR,BCN,16975.0,326.4423,7,2015,2024,eu_trend_wm_max_recent_v2
DUB,LDE,16974.74,326.4372,6,2015,2024,eu_trend_wm_max_recent_v2
CLJ,VIE,16968.0,326.3077,3,2019,2024,eu_trend_wm_max_recent_v2
LIS,POZ,16962.53,326.2024,1,2024,2024,eu_trend_wm_max_recent_v2
DTM,RIX,16962.0,326.1923,5,2015,2019,eu_trend_wm_max_recent_v2
CHQ,LHR,16958.11,326.1174,3,2019,2024,eu_trend_wm_max_recent_v2
MAN,BOH,16955.22,326.0619,1,2015,2015,eu_trend_wm_max_recent_v2
GRO,EMA,16955.0,326.0577,5,2017,2024,eu_trend_wm_max_recent_v2
OPO,TSF,16954.41,326.0464,3,2019,2024,eu_trend_wm_max_recent_v2
BLL,GRO,16950.89,325.9786,5,2015,2019,eu_trend_wm_max_recent_v2
DUB,JTR,16950.72,325.9753,2,2023,2024,eu_trend_wm_max_recent_v2
LUX,ACE,16949.79,325.9575,7,2015,2024,eu_trend_wm_max_recent_v2
HER,BTS,16948.94,325.9412,7,2015,2024,eu_trend_wm_max_recent_v2
TSR,MAD,16934.65,325.6664,7,2015,2024,eu_trend_wm_max_recent_v2
PSR,CTA,16934.09,325.6555,3,2019,2024,eu_trend_wm_max_recent_v2
PRG,BLL,16926.0,325.5,1,2019,2019,eu_trend_wm_max_recent_v2
CGN,PFO,16925.77,325.4956,2,2023,2024,eu_trend_wm_max_recent_v2
CRA,CRL,16923.0,325.4423,3,2019,2024,eu_trend_wm_max_recent_v2
TSF,BLL,16923.0,325.4423,1,2023,2023,eu_trend_wm_max_recent_v2
KEF,VNO,16922.08,325.4246,3,2017,2023,eu_trend_wm_max_recent_v2
SVQ,FKB,16921.0,325.4038,4,2018,2024,eu_trend_wm_max_recent_v2
FMM,TLV,16918.0,325.3462,2,2019,2023,eu_trend_wm_max_recent_v2
OLB,LYS,16917.0,325.3269,7,2015,2024,eu_trend_wm_max_recent_v2
ZTH,NAP,16916.53,325.318,3,2019,2024,eu_trend_wm_max_recent_v2
WRO,BHX,16915.0,325.2885,5,2016,2023,eu_trend_wm_max_recent_v2
NAP,ZTH,16914.69,325.2824,3,2019,2024,eu_trend_wm_max_recent_v2
BHX,POZ,16913.53,325.2603,5,2016,2024,eu_trend_wm_max_recent_v2
BER,KIR,16913.0,325.25,2,2018,2019,eu_trend_wm_max_recent_v2
HAM,XRY,16913.0,325.25,7,2015,2024,eu_trend_wm_max_recent_v2
REG,VCE,16900.94,325.018,1,2024,2024,eu_trend_wm_max_recent_v2
TRN,SVQ,16891.88,324.8438,3,2018,2024,eu_trend_wm_max_recent_v2
ACE,LEJ,16890.27,324.8129,5,2015,2019,eu_trend_wm_max_recent_v2
BLL,VNO,16890.19,324.8113,6,2016,2024,eu_trend_wm_max_recent_v2
WRO,ARN,16888.82,324.785,2,2023,2024,eu_trend_wm_max_recent_v2
SCQ,AMS,16887.89,324.7672,6,2016,2024,eu_trend_wm_max_recent_v2
WMI,SKG,16887.35,324.7567,6,2016,2024,eu_trend_wm_max_recent_v2
WRO,ZAD,16886.97,324.7494,2,2023,2024,eu_trend_wm_max_recent_v2
BGO,KTW,16886.0,324.7308,5,2015,2019,eu_trend_wm_max_recent_v2
NRN,TSR,16878.41,324.5848,1,2017,2017,eu_trend_wm_max_recent_v2
JMK,GVA,16871.27,324.4474,7,2015,2024,eu_trend_wm_max_recent_v2
KUN,PFO,16868.49,324.3941,2,2023,2024,eu_trend_wm_max_recent_v2
CIA,KTW,16866.72,324.36,5,2016,2023,eu_trend_wm_max_recent_v2
LCJ,AGP,16864.71,324.3213,1,2024,2024,eu_trend_wm_max_recent_v2
IBZ,CWL,16863.84,324.3047,5,2015,2019,eu_trend_wm_max_recent_v2
LBA,RHO,16863.84,324.3047,4,2015,2019,eu_trend_wm_max_recent_v2
LEJ,ACE,16859.96,324.2301,5,2015,2019,eu_trend_wm_max_recent_v2
CLJ,TSF,16856.0,324.1538,7,2015,2024,eu_trend_wm_max_recent_v2
WMI,GOT,16855.0,324.1346,5,2016,2023,eu_trend_wm_max_recent_v2
TSR,NRN,16854.48,324.1246,1,2017,2017,eu_trend_wm_max_recent_v2
TSF,SKP,16853.04,324.097,6,2015,2023,eu_trend_wm_max_recent_v2
SKG,WMI,16851.12,324.06,6,2016,2024,eu_trend_wm_max_recent_v2
TLL,TSF,16850.94,324.0565,2,2023,2024,eu_trend_wm_max_recent_v2
ORY,GRX,16845.4,323.95,2,2023,2024,eu_trend_wm_max_recent_v2
GOA,CAG,16842.63,323.8967,6,2015,2024,eu_trend_wm_max_recent_v2
VAR,SVO,16838.87,323.8245,2,2016,2017,eu_trend_wm_max_recent_v2
KUN,BGY,16837.54,323.7988,1,2024,2024,eu_trend_wm_max_recent_v2
EDI,NWI,16834.0,323.7308,5,2015,2019,eu_trend_wm_max_recent_v2
SKP,BRE,16830.29,323.6594,3,2019,2024,eu_trend_wm_max_recent_v2
OTP,AHO,16830.0,323.6538,7,2015,2024,eu_trend_wm_max_recent_v2
VLC,NUE,16829.69,323.6479,2,2023,2024,eu_trend_wm_max_recent_v2
LPA,GRQ,16828.0,323.6154,5,2015,2019,eu_trend_wm_max_recent_v2
GRO,BLL,16827.49,323.6056,5,2015,2019,eu_trend_wm_max_recent_v2
KGS,NUE,16824.86,323.5549,5,2017,2024,eu_trend_wm_max_recent_v2
BOD,TSF,16824.0,323.5385,1,2019,2019,eu_trend_wm_max_recent_v2
BVA,KTW,16821.21,323.4848,3,2015,2017,eu_trend_wm_max_recent_v2
FKB,ARN,16815.83,323.3814,2,2023,2024,eu_trend_wm_max_recent_v2
KUN,AES,16814.94,323.3643,4,2017,2023,eu_trend_wm_max_recent_v2
NUE,KGS,16813.99,323.3459,5,2017,2024,eu_trend_wm_max_recent_v2
ZTH,POZ,16809.46,323.2588,6,2016,2024,eu_trend_wm_max_recent_v2
ZAG,BVA,16809.37,323.2571,2,2023,2024,eu_trend_wm_max_recent_v2
SOF,NUE,16806.6,323.2038,5,2017,2024,eu_trend_wm_max_recent_v2
BCN,TSR,16801.42,323.1042,7,2015,2024,eu_trend_wm_max_recent_v2
GOT,VBY,16800.42,323.085,7,2015,2024,eu_trend_wm_max_recent_v2
EIN,TSR,16800.38,323.0842,2,2016,2017,eu_trend_wm_max_recent_v2
AAR,AGP,16795.51,322.9906,2,2023,2024,eu_trend_wm_max_recent_v2
LUZ,TLV,16795.32,322.9869,2,2017,2018,eu_trend_wm_max_recent_v2
PXO,OPO,16794.59,322.9728,6,2016,2024,eu_trend_wm_max_recent_v2
TOS,HEL,16791.81,322.9195,2,2023,2024,eu_trend_wm_max_recent_v2
BVA,ZAG,16789.97,322.884,2,2023,2024,eu_trend_wm_max_recent_v2
RHO,LYS,16785.13,322.7909,2,2015,2016,eu_trend_wm_max_recent_v2
MMX,CHQ,16784.77,322.7841,4,2015,2018,eu_trend_wm_max_recent_v2
RIX,LPL,16784.07,322.7705,3,2015,2017,eu_trend_wm_max_recent_v2
BDS,ORY,16782.58,322.7418,3,2019,2024,eu_trend_wm_max_recent_v2
WRO,NCL,16782.06,322.7319,5,2017,2024,eu_trend_wm_max_recent_v2
CIA,EMA,16777.98,322.6535,7,2015,2024,eu_trend_wm_max_recent_v2
NTE,FNC,16775.41,322.604,6,2015,2024,eu_trend_wm_max_recent_v2
RHO,LBA,16766.05,322.424,4,2015,2019,eu_trend_wm_max_recent_v2
CRL,LJU,16763.0,322.3654,5,2015,2019,eu_trend_wm_max_recent_v2
LUX,SVQ,16759.0,322.2885,1,2019,2019,eu_trend_wm_max_recent_v2
TRN,OPO,16756.02,322.2312,1,2024,2024,eu_trend_wm_max_recent_v2
ZAD,NUE,16756.02,322.2312,3,2019,2024,eu_trend_wm_max_recent_v2
KRK,MMX,16753.0,322.1731,2,2018,2019,eu_trend_wm_max_recent_v2
CLJ,HHN,16750.59,322.1266,5,2017,2024,eu_trend_wm_max_recent_v2
NUE,VNO,16748.4,322.0846,3,2018,2024,eu_trend_wm_max_recent_v2
ACE,LUX,16747.47,322.0667,7,2015,2024,eu_trend_wm_max_recent_v2
AGP,LCJ,16743.34,321.9873,1,2024,2024,eu_trend_wm_max_recent_v2
SVQ,TRN,16743.34,321.9873,3,2018,2024,eu_trend_wm_max_recent_v2
ZTH,MXP,16742.85,321.9779,2,2023,2024,eu_trend_wm_max_recent_v2
SPU,WAW,16742.0,321.9615,5,2017,2024,eu_trend_wm_max_recent_v2
SUF,VIE,16741.93,321.9601,3,2019,2024,eu_trend_wm_max_recent_v2
KGS,MXP,16736.38,321.8535,7,2015,2024,eu_trend_wm_max_recent_v2
LMP,IST,16736.38,321.8535,2,2023,2024,eu_trend_wm_max_recent_v2
BER,KUN,16736.09,321.848,1,2024,2024,eu_trend_wm_max_recent_v2
BCN,ORK,16731.57,321.7609,5,2016,2024,eu_trend_wm_max_recent_v2
CGN,CRA,16731.06,321.7512,3,2018,2023,eu_trend_wm_max_recent_v2
SKP,NYO,16731.01,321.7501,7,2015,2024,eu_trend_wm_max_recent_v2
RNS,LGW,16721.6,321.5693,3,2017,2024,eu_trend_wm_max_recent_v2
INI,BTS,16711.95,321.3836,3,2017,2019,eu_trend_wm_max_recent_v2
BRU,DBV,16710.0,321.3462,6,2015,2023,eu_trend_wm_max_recent_v2
POZ,ZTH,16709.83,321.3428,6,2016,2024,eu_trend_wm_max_recent_v2
CHQ,MMX,16708.82,321.3235,4,2015,2018,eu_trend_wm_max_recent_v2
POZ,GLA,16708.72,321.3215,2,2015,2016,eu_trend_wm_max_recent_v2
MIA,FDF,16705.3,321.2558,3,2015,2024,eu_trend_wm_max_recent_v2
MMX,SOF,16702.35,321.1991,2,2015,2016,eu_trend_wm_max_recent_v2
NCE,BIQ,16702.2,321.1962,2,2023,2024,eu_trend_wm_max_recent_v2
STN,LNZ,16701.29,321.1787,4,2015,2018,eu_trend_wm_max_recent_v2
VNO,NYO,16695.3,321.0634,3,2016,2018,eu_trend_wm_max_recent_v2
AES,KUN,16694.26,321.0434,4,2017,2023,eu_trend_wm_max_recent_v2
TLV,CHQ,16692.96,321.0185,1,2023,2023,eu_trend_wm_max_recent_v2
BTS,INI,16686.18,320.8881,3,2017,2019,eu_trend_wm_max_recent_v2
VNO,GDN,16684.14,320.8488,1,2018,2018,eu_trend_wm_max_recent_v2
LJU,CRL,16681.13,320.7909,5,2015,2019,eu_trend_wm_max_recent_v2
LYS,JTR,16680.95,320.7876,2,2023,2024,eu_trend_wm_max_recent_v2
KGS,DUB,16676.33,320.6987,2,2023,2024,eu_trend_wm_max_recent_v2
LCA,VAR,16666.0,320.5,3,2018,2023,eu_trend_wm_max_recent_v2
DUB,KGS,16665.25,320.4855,2,2023,2024,eu_trend_wm_max_recent_v2
TSR,TLV,16665.0,320.4808,2,2018,2019,eu_trend_wm_max_recent_v2
KIR,BER,16664.0,320.4615,2,2018,2019,eu_trend_wm_max_recent_v2
MMX,KRK,16661.0,320.4038,2,2018,2019,eu_trend_wm_max_recent_v2
BOJ,CPH,16646.4,320.1231,6,2015,2024,eu_trend_wm_max_recent_v2
NUE,VLC,16644.0,320.0769,2,2023,2024,eu_trend_wm_max_recent_v2
LIL,HER,16637.22,319.9465,7,2015,2024,eu_trend_wm_max_recent_v2
NWI,EDI,16635.0,319.9038,5,2015,2019,eu_trend_wm_max_recent_v2
EMA,JER,16634.82,319.9003,5,2015,2019,eu_trend_wm_max_recent_v2
NOC,FAO,16634.16,319.8877,7,2015,2024,eu_trend_wm_max_recent_v2
RVN,LGW,16632.84,319.8623,6,2016,2024,eu_trend_wm_max_recent_v2
EMA,CIA,16632.12,319.8485,7,2015,2024,eu_trend_wm_max_recent_v2
LDE,DUB,16626.45,319.7393,6,2015,2024,eu_trend_wm_max_recent_v2
CRL,BLL,16621.83,319.6505,2,2023,2024,eu_trend_wm_max_recent_v2
SPC,FRA,16618.35,319.5836,6,2015,2024,eu_trend_wm_max_recent_v2
BFS,WRO,16617.27,319.5629,3,2017,2019,eu_trend_wm_max_recent_v2
GDN,VNO,16615.8,319.5346,1,2018,2018,eu_trend_wm_max_recent_v2
INV,BHD,16613.21,319.4848,5,2015,2019,eu_trend_wm_max_recent_v2
CLJ,LYS,16609.0,319.4038,2,2019,2023,eu_trend_wm_max_recent_v2
LPL,PFO,16609.0,319.4038,2,2019,2024,eu_trend_wm_max_recent_v2
FDF,MIA,16602.95,319.2875,3,2015,2024,eu_trend_wm_max_recent_v2
BTS,HER,16601.14,319.2527,7,2015,2024,eu_trend_wm_max_recent_v2
LEI,BHX,16600.0,319.2308,6,2016,2024,eu_trend_wm_max_recent_v2
ZRH,SCQ,16598.01,319.1926,7,2015,2024,eu_trend_wm_max_recent_v2
NUE,FNC,16592.26,319.082,1,2023,2023,eu_trend_wm_max_recent_v2
WRO,BFS,16591.26,319.0627,3,2017,2019,eu_trend_wm_max_recent_v2
SVQ,NRN,16585.74,318.9566,1,2024,2024,eu_trend_wm_max_recent_v2
BVA,PMI,16585.62,318.9542,6,2015,2024,eu_trend_wm_max_recent_v2
TRN,AHO,16583.94,318.922,5,2015,2019,eu_trend_wm_max_recent_v2
CAG,GOA,16579.33,318.8333,6,2015,2024,eu_trend_wm_max_recent_v2
GRX,MAN,16577.0,318.7885,2,2018,2019,eu_trend_wm_max_recent_v2
BOH,MLA,16572.0,318.6923,6,2015,2024,eu_trend_wm_max_recent_v2
MLA,BOH,16564.0,318.5385,6,2015,2024,eu_trend_wm_max_recent_v2
GRX,TFN,16559.93,318.4602,3,2019,2024,eu_trend_wm_max_recent_v2
NUE,SOF,16559.01,318.4424,5,2017,2024,eu_trend_wm_max_recent_v2
BRU,TRN,16557.0,318.4038,5,2015,2019,eu_trend_wm_max_recent_v2
BCN,HHN,16553.46,318.3358,2,2023,2024,eu_trend_wm_max_recent_v2
TSF,RIX,16550.69,318.2825,2,2023,2024,eu_trend_wm_max_recent_v2
DTM,WRO,16545.0,318.1731,6,2015,2023,eu_trend_wm_max_recent_v2
ARN,KGS,16543.38,318.1419,7,2015,2024,eu_trend_wm_max_recent_v2
SVQ,BSL,16543.17,318.1379,2,2015,2016,eu_trend_wm_max_recent_v2
TSF,CLJ,16536.0,318.0,7,2015,2024,eu_trend_wm_max_recent_v2
BHD,INV,16530.0,317.8846,5,2015,2019,eu_trend_wm_max_recent_v2
BTS,EIN,16528.52,317.8561,3,2019,2024,eu_trend_wm_max_recent_v2
SVO,VAR,16525.71,317.8022,2,2016,2017,eu_trend_wm_max_recent_v2
MXP,KTW,16520.94,317.7104,1,2018,2018,eu_trend_wm_max_recent_v2
DBV,PRG,16518.0,317.6538,4,2016,2019,eu_trend_wm_max_recent_v2
GDN,PFO,16512.81,317.5541,2,2023,2024,eu_trend_wm_max_recent_v2
TMP,BGY,16508.17,317.4649,1,2015,2015,eu_trend_wm_max_recent_v2
CHQ,HAM,16505.42,317.412,2,2023,2024,eu_trend_wm_max_recent_v2
CGN,SEN,16504.62,317.3965,1,2018,2018,eu_trend_wm_max_recent_v2
WRO,DTM,16498.5,317.2788,6,2015,2023,eu_trend_wm_max_recent_v2
FLR,DUS,16491.94,317.1526,4,2015,2019,eu_trend_wm_max_recent_v2
CFU,BTS,16490.64,317.1277,6,2016,2024,eu_trend_wm_max_recent_v2
SZG,DXB,16487.87,317.0744,2,2023,2024,eu_trend_wm_max_recent_v2
PFO,GDN,16484.17,317.0033,2,2023,2024,eu_trend_wm_max_recent_v2
FKB,WMI,16481.16,316.9454,1,2018,2018,eu_trend_wm_max_recent_v2
TFS,PSA,16480.56,316.9339,2,2015,2016,eu_trend_wm_max_recent_v2
BHX,LEI,16476.0,316.8462,6,2016,2024,eu_trend_wm_max_recent_v2
MAN,GRX,16465.0,316.6346,2,2018,2019,eu_trend_wm_max_recent_v2
VNO,FMM,16463.29,316.6017,2,2016,2017,eu_trend_wm_max_recent_v2
TSR,TSF,16458.0,316.5,6,2015,2024,eu_trend_wm_max_recent_v2
CRL,FNC,16457.38,316.4881,1,2023,2023,eu_trend_wm_max_recent_v2
RIX,TSF,16453.69,316.4171,2,2023,2024,eu_trend_wm_max_recent_v2
GRQ,GDN,16444.56,316.2416,3,2015,2017,eu_trend_wm_max_recent_v2
BTS,CFU,16444.45,316.2394,6,2016,2024,eu_trend_wm_max_recent_v2
ORK,BCN,16444.45,316.2394,5,2016,2024,eu_trend_wm_max_recent_v2
SKP,TRF,16444.0,316.2308,6,2016,2024,eu_trend_wm_max_recent_v2
TGM,DTM,16443.0,316.2115,4,2015,2023,eu_trend_wm_max_recent_v2
LIN,TRS,16441.38,316.1804,6,2015,2024,eu_trend_wm_max_recent_v2
FMM,RIX,16434.29,316.044,2,2023,2024,eu_trend_wm_max_recent_v2
VGO,STN,16434.29,316.044,2,2023,2024,eu_trend_wm_max_recent_v2
AMS,AOK,16431.51,315.9907,7,2015,2024,eu_trend_wm_max_recent_v2
NUE,RHO,16429.67,315.9551,6,2015,2024,eu_trend_wm_max_recent_v2
FMM,TGM,16421.13,315.791,5,2015,2024,eu_trend_wm_max_recent_v2
JER,EMA,16420.5,315.7788,5,2015,2019,eu_trend_wm_max_recent_v2
KSC,LPL,16418.58,315.7419,2,2023,2024,eu_trend_wm_max_recent_v2
CRL,BIA,16412.0,315.6154,5,2017,2024,eu_trend_wm_max_recent_v2
STN,GNB,16412.0,315.6154,7,2015,2024,eu_trend_wm_max_recent_v2
PFO,DUB,16410.94,315.5949,4,2018,2024,eu_trend_wm_max_recent_v2
CHQ,MUC,16408.0,315.5385,4,2018,2024,eu_trend_wm_max_recent_v2
CRL,FUE,16407.51,315.529,1,2015,2015,eu_trend_wm_max_recent_v2
LYS,FNC,16405.65,315.4932,7,2015,2024,eu_trend_wm_max_recent_v2
BSL,SVQ,16405.21,315.4849,2,2015,2016,eu_trend_wm_max_recent_v2
FRA,SPC,16402.78,315.4382,6,2015,2024,eu_trend_wm_max_recent_v2
HHN,SVQ,16385.32,315.1024,2,2023,2024,eu_trend_wm_max_recent_v2
NYO,TGD,16385.0,315.0962,3,2017,2019,eu_trend_wm_max_recent_v2
CGN,BOJ,16379.16,314.9838,3,2017,2019,eu_trend_wm_max_recent_v2
GVA,BIA,16378.0,314.9615,7,2015,2024,eu_trend_wm_max_recent_v2
DUS,DBV,16377.0,314.9423,3,2016,2019,eu_trend_wm_max_recent_v2
ORY,BDS,16372.39,314.8536,3,2019,2024,eu_trend_wm_max_recent_v2
SVQ,LUX,16372.0,314.8462,1,2019,2019,eu_trend_wm_max_recent_v2
MUC,CHQ,16365.0,314.7115,4,2018,2024,eu_trend_wm_max_recent_v2
WMI,FKB,16364.88,314.7092,1,2018,2018,eu_trend_wm_max_recent_v2
LHR,TFN,16358.52,314.5869,2,2015,2016,eu_trend_wm_max_recent_v2
VNO,BRI,16356.72,314.5523,2,2017,2018,eu_trend_wm_max_recent_v2
KGS,ARN,16351.62,314.4542,7,2015,2024,eu_trend_wm_max_recent_v2
FNC,NUE,16351.14,314.445,1,2023,2023,eu_trend_wm_max_recent_v2
BHX,WRO,16343.0,314.2885,5,2016,2023,eu_trend_wm_max_recent_v2
ZAD,WRO,16336.36,314.1607,2,2023,2024,eu_trend_wm_max_recent_v2
GOT,WMI,16330.93,314.0563,5,2016,2023,eu_trend_wm_max_recent_v2
WRO,CFU,16330.82,314.0541,6,2016,2024,eu_trend_wm_max_recent_v2
BHX,CLJ,16324.92,313.9407,3,2017,2023,eu_trend_wm_max_recent_v2
EIN,AHO,16323.06,313.905,4,2015,2018,eu_trend_wm_max_recent_v2
MAH,LIS,16322.5,313.8942,2,2023,2024,eu_trend_wm_max_recent_v2
HHN,SBZ,16322.0,313.8846,2,2018,2019,eu_trend_wm_max_recent_v2
DUB,BRE,16319.71,313.8407,4,2015,2018,eu_trend_wm_max_recent_v2
BCN,DEB,16306.0,313.5769,1,2019,2019,eu_trend_wm_max_recent_v2
FDH,IST,16305.0,313.5577,1,2019,2019,eu_trend_wm_max_recent_v2
MMX,ZAG,16294.79,313.3613,2,2023,2024,eu_trend_wm_max_recent_v2
SOF,NYO,16292.01,313.308,3,2017,2023,eu_trend_wm_max_recent_v2
SUF,WAW,16289.54,313.2604,3,2017,2019,eu_trend_wm_max_recent_v2
TRN,IBZ,16289.4,313.2577,5,2016,2023,eu_trend_wm_max_recent_v2
PMI,NYO,16282.26,313.1204,6,2015,2024,eu_trend_wm_max_recent_v2
VIE,SUF,16279.08,313.0592,3,2019,2024,eu_trend_wm_max_recent_v2
BOH,MAN,16278.7,313.0519,1,2015,2015,eu_trend_wm_max_recent_v2
VBY,GOT,16276.14,313.0027,7,2015,2024,eu_trend_wm_max_recent_v2
DUS,FLR,16275.45,312.9894,4,2015,2019,eu_trend_wm_max_recent_v2
BTS,BVA,16263.0,312.75,5,2015,2019,eu_trend_wm_max_recent_v2
TSF,TLL,16262.45,312.7394,2,2023,2024,eu_trend_wm_max_recent_v2
SVO,SPU,16262.0,312.7308,5,2015,2019,eu_trend_wm_max_recent_v2
EIN,TPS,16255.21,312.6002,3,2015,2017,eu_trend_wm_max_recent_v2
TLV,TSR,16249.0,312.4808,2,2018,2019,eu_trend_wm_max_recent_v2
EIN,BTS,16246.75,312.4374,3,2019,2024,eu_trend_wm_max_recent_v2
GOT,ZAG,16241.2,312.3308,2,2023,2024,eu_trend_wm_max_recent_v2
BSL,LCY,16239.73,312.3025,1,2015,2015,eu_trend_wm_max_recent_v2
LIL,KRK,16237.51,312.2598,2,2023,2024,eu_trend_wm_max_recent_v2
BCN,GOA,16235.66,312.2242,6,2015,2024,eu_trend_wm_max_recent_v2
GLA,CFU,16233.3,312.1788,7,2015,2024,eu_trend_wm_max_recent_v2
MXP,ZTH,16231.04,312.1354,2,2023,2024,eu_trend_wm_max_recent_v2
SZZ,SVG,16231.0,312.1346,5,2015,2019,eu_trend_wm_max_recent_v2
VNO,KEF,16230.12,312.1176,3,2017,2023,eu_trend_wm_max_recent_v2
BIQ,NCE,16227.34,312.0643,2,2023,2024,eu_trend_wm_max_recent_v2
VAR,LCA,16225.0,312.0192,3,2018,2023,eu_trend_wm_max_recent_v2
GVA,JMK,16224.57,312.011,7,2015,2024,eu_trend_wm_max_recent_v2
CRL,CRA,16224.0,312.0,3,2019,2024,eu_trend_wm_max_recent_v2
BUD,FKB,16219.84,311.9199,2,2016,2017,eu_trend_wm_max_recent_v2
ABZ,OSL,16218.8,311.8999,5,2015,2019,eu_trend_wm_max_recent_v2
PUY,STR,16217.0,311.8654,1,2019,2019,eu_trend_wm_max_recent_v2
CFU,WRO,16216.26,311.8511,6,2016,2024,eu_trend_wm_max_recent_v2
BIA,GVA,16215.0,311.8269,7,2015,2024,eu_trend_wm_max_recent_v2
AGP,AAR,16210.72,311.7445,2,2023,2024,eu_trend_wm_max_recent_v2
FMM,FCO,16207.94,311.6912,2,2023,2024,eu_trend_wm_max_recent_v2
TSF,SOF,16206.1,311.6557,5,2017,2024,eu_trend_wm_max_recent_v2
ARN,FKB,16195.93,311.4603,2,2023,2024,eu_trend_wm_max_recent_v2
HHN,CLJ,16191.0,311.3654,5,2017,2024,eu_trend_wm_max_recent_v2
HER,LIL,16188.42,311.3158,7,2015,2024,eu_trend_wm_max_recent_v2
LEJ,CFU,16188.13,311.3101,7,2015,2024,eu_trend_wm_max_recent_v2
LGW,RVN,16188.13,311.3101,6,2016,2024,eu_trend_wm_max_recent_v2
DUB,PFO,16187.22,311.2927,4,2018,2024,eu_trend_wm_max_recent_v2
SVQ,NUE,16179.3,311.1405,2,2023,2024,eu_trend_wm_max_recent_v2
MUC,JTR,16176.18,311.0804,4,2018,2024,eu_trend_wm_max_recent_v2
INI,NRN,16172.1,311.0019,2,2017,2018,eu_trend_wm_max_recent_v2
IBZ,TRN,16163.94,310.845,5,2016,2023,eu_trend_wm_max_recent_v2
KRS,SVG,16160.71,310.7829,1,2015,2015,eu_trend_wm_max_recent_v2
RIX,FMM,16158.98,310.7496,2,2023,2024,eu_trend_wm_max_recent_v2
VNO,GOT,16155.78,310.6881,2,2017,2018,eu_trend_wm_max_recent_v2
LHR,TLL,16151.7,310.6096,2,2017,2018,eu_trend_wm_max_recent_v2
GOA,BCN,16150.67,310.5897,6,2015,2024,eu_trend_wm_max_recent_v2
LPL,KSC,16146.05,310.5009,2,2023,2024,eu_trend_wm_max_recent_v2
POZ,VAR,16140.0,310.3846,3,2017,2019,eu_trend_wm_max_recent_v2
WAW,KUN,16137.0,310.3269,1,2019,2019,eu_trend_wm_max_recent_v2
CRL,RHO,16135.67,310.3013,2,2015,2016,eu_trend_wm_max_recent_v2
BER,CLJ,16135.0,310.2885,4,2017,2023,eu_trend_wm_max_recent_v2
OTP,ZTH,16134.04,310.2699,2,2023,2024,eu_trend_wm_max_recent_v2
POZ,AGP,16117.48,309.9515,1,2024,2024,eu_trend_wm_max_recent_v2
AHO,OTP,16117.0,309.9423,7,2015,2024,eu_trend_wm_max_recent_v2
MLA,TRS,16116.48,309.9324,2,2023,2024,eu_trend_wm_max_recent_v2
BLQ,SCV,16113.0,309.8654,2,2019,2023,eu_trend_wm_max_recent_v2
LYS,RHO,16104.89,309.7095,2,2015,2016,eu_trend_wm_max_recent_v2
LDE,CIA,16104.8,309.7077,5,2017,2024,eu_trend_wm_max_recent_v2
SVQ,HHN,16104.47,309.7014,2,2023,2024,eu_trend_wm_max_recent_v2
GDN,HHN,16095.34,309.5258,3,2015,2017,eu_trend_wm_max_recent_v2
BRE,SKP,16094.84,309.5161,3,2019,2024,eu_trend_wm_max_recent_v2
TRN,BER,16092.0,309.4615,1,2019,2019,eu_trend_wm_max_recent_v2
TRS,MLA,16091.54,309.4527,2,2023,2024,eu_trend_wm_max_recent_v2
OPO,TRN,16089.4,309.4116,1,2024,2024,eu_trend_wm_max_recent_v2
MAH,DUS,16085.0,309.3269,7,2015,2024,eu_trend_wm_max_recent_v2
AGP,POZ,16083.97,309.3071,1,2024,2024,eu_trend_wm_max_recent_v2
BGY,TMP,16079.53,309.2217,1,2015,2015,eu_trend_wm_max_recent_v2
SBZ,FKB,16076.76,309.1684,3,2019,2024,eu_trend_wm_max_recent_v2
SKP,SZG,16075.82,309.1503,1,2024,2024,eu_trend_wm_max_recent_v2
CLJ,WAW,16065.0,308.9423,5,2017,2024,eu_trend_wm_max_recent_v2
BUD,SKP,16064.0,308.9231,5,2017,2024,eu_trend_wm_max_recent_v2
SXB,ORY,16059.26,308.8319,2,2015,2016,eu_trend_wm_max_recent_v2
NOC,BRS,16055.51,308.7598,7,2015,2024,eu_trend_wm_max_recent_v2
LUZ,BGY,16054.59,308.742,2,2023,2024,eu_trend_wm_max_recent_v2
HHN,BCN,16052.74,308.7065,2,2023,2024,eu_trend_wm_max_recent_v2
KRK,LIL,16049.97,308.6532,2,2023,2024,eu_trend_wm_max_recent_v2
NYO,INI,16048.0,308.6154,2,2018,2019,eu_trend_wm_max_recent_v2
SVG,KRS,16047.06,308.5972,1,2015,2015,eu_trend_wm_max_recent_v2
MAN,OLB,16047.0,308.5962,3,2017,2019,eu_trend_wm_max_recent_v2
SOU,DUS,16046.64,308.5892,4,2016,2019,eu_trend_wm_max_recent_v2
CLJ,IAS,16039.85,308.4586,1,2017,2017,eu_trend_wm_max_recent_v2
FNC,CRL,16037.96,308.4222,1,2023,2023,eu_trend_wm_max_recent_v2
FAO,NOC,16037.46,308.4127,7,2015,2024,eu_trend_wm_max_recent_v2
VNO,ATH,16035.96,308.3839,3,2018,2024,eu_trend_wm_max_recent_v2
FKB,SBZ,16035.19,308.3689,3,2019,2024,eu_trend_wm_max_recent_v2
TLV,DEB,16027.26,308.2165,4,2017,2023,eu_trend_wm_max_recent_v2
CFU,LEJ,16024.19,308.1575,7,2015,2024,eu_trend_wm_max_recent_v2
SEN,LYS,16022.16,308.1185,1,2018,2018,eu_trend_wm_max_recent_v2
ORK,SVQ,16019.66,308.0704,1,2024,2024,eu_trend_wm_max_recent_v2
NOC,EDI,16017.85,308.0356,6,2016,2024,eu_trend_wm_max_recent_v2
LRH,OPO,16016.71,308.0136,7,2015,2024,eu_trend_wm_max_recent_v2
CIA,LDE,16011.51,307.9136,5,2017,2024,eu_trend_wm_max_recent_v2
CHQ,TLV,16007.47,307.836,1,2023,2023,eu_trend_wm_max_recent_v2
JTR,BGY,16004.26,307.7743,1,2024,2024,eu_trend_wm_max_recent_v2
LIL,BIA,16002.45,307.7395,7,2015,2024,eu_trend_wm_max_recent_v2
WAW,SUF,15995.11,307.5983,3,2017,2019,eu_trend_wm_max_recent_v2
LCG,BIO,15994.0,307.5769,4,2015,2023,eu_trend_wm_max_recent_v2
DBV,ZRH,15992.0,307.5385,4,2018,2024,eu_trend_wm_max_recent_v2
LIS,MAH,15991.76,307.5339,2,2023,2024,eu_trend_wm_max_recent_v2
BCM,BRU,15991.56,307.53,6,2015,2024,eu_trend_wm_max_recent_v2
BLQ,BTS,15991.0,307.5192,2,2018,2019,eu_trend_wm_max_recent_v2
SOF,TSF,15988.07,307.4629,5,2017,2024,eu_trend_wm_max_recent_v2
LPL,RIX,15987.1,307.4442,3,2015,2017,eu_trend_wm_max_recent_v2
LGW,BIQ,15978.0,307.2692,7,2015,2024,eu_trend_wm_max_recent_v2
NUE,SVQ,15977.91,307.2674,2,2023,2024,eu_trend_wm_max_recent_v2
BGY,FNC,15973.29,307.1786,1,2023,2023,eu_trend_wm_max_recent_v2
KTW,MXP,15973.2,307.1769,1,2018,2018,eu_trend_wm_max_recent_v2
NYO,VNO,15971.18,307.1381,3,2016,2018,eu_trend_wm_max_recent_v2
BEG,BRU,15968.06,307.0781,2,2016,2017,eu_trend_wm_max_recent_v2
NYO,SKP,15963.0,306.9808,7,2015,2024,eu_trend_wm_max_recent_v2
HEL,TOS,15958.51,306.8943,2,2023,2024,eu_trend_wm_max_recent_v2
VNO,AGP,15956.66,306.8588,2,2023,2024,eu_trend_wm_max_recent_v2
ATH,VNO,15951.73,306.7641,3,2018,2024,eu_trend_wm_max_recent_v2
BTS,KUN,15950.19,306.7344,2,2023,2024,eu_trend_wm_max_recent_v2
BOJ,CGN,15947.7,306.6865,3,2017,2019,eu_trend_wm_max_recent_v2
HHN,XRY,15944.64,306.6277,4,2015,2018,eu_trend_wm_max_recent_v2
EDI,BRE,15944.23,306.6197,3,2015,2017,eu_trend_wm_max_recent_v2
CAG,ZRH,15943.0,306.5962,5,2016,2023,eu_trend_wm_max_recent_v2
INI,MLA,15938.18,306.5035,2,2023,2024,eu_trend_wm_max_recent_v2
AHO,EIN,15934.44,306.4315,4,2015,2018,eu_trend_wm_max_recent_v2
VNO,CFU,15923.0,306.2115,4,2018,2024,eu_trend_wm_max_recent_v2
HHN,EDI,15922.28,306.1977,4,2015,2018,eu_trend_wm_max_recent_v2
VRN,IBZ,15922.28,306.1977,5,2015,2019,eu_trend_wm_max_recent_v2
VIE,SDR,15920.63,306.1659,2,2023,2024,eu_trend_wm_max_recent_v2
ZAG,EIN,15919.7,306.1482,2,2023,2024,eu_trend_wm_max_recent_v2
PMI,BHD,15917.06,306.0973,1,2016,2016,eu_trend_wm_max_recent_v2
GLA,POZ,15914.94,306.0565,2,2015,2016,eu_trend_wm_max_recent_v2
BLL,KEF,15912.0,306.0,7,2015,2024,eu_trend_wm_max_recent_v2
AOI,PMO,15910.47,305.9705,3,2019,2024,eu_trend_wm_max_recent_v2
GNB,STN,15909.0,305.9423,7,2015,2024,eu_trend_wm_max_recent_v2
SZZ,BGO,15909.0,305.9423,5,2015,2019,eu_trend_wm_max_recent_v2
BRS,NOC,15904.92,305.8639,7,2015,2024,eu_trend_wm_max_recent_v2
KEF,BLL,15904.18,305.8495,7,2015,2024,eu_trend_wm_max_recent_v2
STN,RVN,15902.15,305.8106,2,2023,2024,eu_trend_wm_max_recent_v2
BCN,SVG,15898.76,305.7455,3,2015,2017,eu_trend_wm_max_recent_v2
LYS,SEN,15897.72,305.7254,1,2018,2018,eu_trend_wm_max_recent_v2
EDI,HHN,15897.31,305.7175,4,2015,2018,eu_trend_wm_max_recent_v2
BTS,BLQ,15895.0,305.6731,2,2018,2019,eu_trend_wm_max_recent_v2
OSL,SZZ,15894.43,305.6622,6,2015,2024,eu_trend_wm_max_recent_v2
ZTH,OTP,15891.07,305.5974,2,2023,2024,eu_trend_wm_max_recent_v2
SDR,VIE,15886.45,305.5086,2,2023,2024,eu_trend_wm_max_recent_v2
FNC,DUB,15883.67,305.4553,1,2023,2023,eu_trend_wm_max_recent_v2
LED,TLL,15883.44,305.4508,2,2017,2018,eu_trend_wm_max_recent_v2
BGY,JTR,15878.37,305.3532,1,2024,2024,eu_trend_wm_max_recent_v2
TSF,TSR,15876.0,305.3077,6,2015,2024,eu_trend_wm_max_recent_v2
RTM,ACE,15875.0,305.2885,1,2019,2019,eu_trend_wm_max_recent_v2
LPL,IBZ,15871.43,305.2197,3,2015,2017,eu_trend_wm_max_recent_v2
BRE,DUB,15871.3,305.2173,4,2015,2018,eu_trend_wm_max_recent_v2
TLV,LUZ,15869.16,305.1762,2,2017,2018,eu_trend_wm_max_recent_v2
LGG,ALC,15866.59,305.1268,7,2015,2024,eu_trend_wm_max_recent_v2
WRO,BOH,15863.35,305.0644,2,2023,2024,eu_trend_wm_max_recent_v2
WRO,CPH,15860.9,305.0173,5,2015,2019,eu_trend_wm_max_recent_v2
MXP,KGS,15860.0,305.0,7,2015,2024,eu_trend_wm_max_recent_v2
OLB,MAN,15858.0,304.9615,3,2017,2019,eu_trend_wm_max_recent_v2
VRN,OTP,15857.63,304.9544,2,2015,2016,eu_trend_wm_max_recent_v2
LIL,FSC,15857.0,304.9423,6,2016,2024,eu_trend_wm_max_recent_v2
FNC,LYS,15856.88,304.9401,7,2015,2024,eu_trend_wm_max_recent_v2
KLX,MUC,15854.66,304.8972,7,2015,2024,eu_trend_wm_max_recent_v2
LPA,LGG,15854.0,304.8846,7,2015,2024,eu_trend_wm_max_recent_v2
CGN,VRN,15853.0,304.8654,7,2015,2024,eu_trend_wm_max_recent_v2
FLR,BIO,15851.34,304.8335,2,2023,2024,eu_trend_wm_max_recent_v2
BRI,FLR,15846.72,304.7446,2,2015,2023,eu_trend_wm_max_recent_v2
TLV,JMK,15846.67,304.7436,6,2015,2024,eu_trend_wm_max_recent_v2
KTW,MST,15845.72,304.7255,3,2015,2017,eu_trend_wm_max_recent_v2
POZ,MAN,15843.95,304.6913,2,2023,2024,eu_trend_wm_max_recent_v2
BIO,FLR,15842.1,304.6558,2,2023,2024,eu_trend_wm_max_recent_v2
BVA,ZAZ,15842.1,304.6558,7,2015,2024,eu_trend_wm_max_recent_v2
NCE,CLY,15841.18,304.638,7,2015,2024,eu_trend_wm_max_recent_v2
BES,TLN,15840.31,304.6214,7,2015,2024,eu_trend_wm_max_recent_v2
GOT,VNO,15839.58,304.6073,2,2017,2018,eu_trend_wm_max_recent_v2
OPO,RNS,15839.33,304.6025,1,2023,2023,eu_trend_wm_max_recent_v2
FUE,BRU,15835.98,304.5381,1,2015,2015,eu_trend_wm_max_recent_v2
LIN,LUX,15834.0,304.5,2,2018,2019,eu_trend_wm_max_recent_v2
POZ,BCN,15826.86,304.3626,3,2016,2018,eu_trend_wm_max_recent_v2
BIA,LIL,15821.31,304.2559,7,2015,2024,eu_trend_wm_max_recent_v2
WAW,CLJ,15820.85,304.2472,5,2017,2024,eu_trend_wm_max_recent_v2
CFU,GLA,15817.14,304.1758,7,2015,2024,eu_trend_wm_max_recent_v2
CLY,NCE,15815.31,304.1406,7,2015,2024,eu_trend_wm_max_recent_v2
EDI,NOC,15814.97,304.134,6,2016,2024,eu_trend_wm_max_recent_v2
TLL,LHR,15813.06,304.0973,2,2017,2018,eu_trend_wm_max_recent_v2
KRK,CHQ,15806.07,303.9629,2,2023,2024,eu_trend_wm_max_recent_v2
ORD,SNN,15802.29,303.8901,5,2015,2024,eu_trend_wm_max_recent_v2
ZAZ,BVA,15798.68,303.8208,7,2015,2024,eu_trend_wm_max_recent_v2
ATH,ZAG,15794.99,303.7497,3,2019,2024,eu_trend_wm_max_recent_v2
DBV,CPH,15794.13,303.7333,5,2017,2024,eu_trend_wm_max_recent_v2
IBZ,VRN,15793.27,303.7168,5,2015,2019,eu_trend_wm_max_recent_v2
IBZ,LPL,15790.78,303.6688,3,2015,2017,eu_trend_wm_max_recent_v2
BVA,BTS,15790.0,303.6538,5,2015,2019,eu_trend_wm_max_recent_v2
TRF,SKP,15788.0,303.6154,6,2016,2024,eu_trend_wm_max_recent_v2
NYO,SOF,15787.59,303.6076,3,2017,2023,eu_trend_wm_max_recent_v2
INI,MMX,15787.03,303.5967,5,2016,2023,eu_trend_wm_max_recent_v2
VCE,JTR,15785.75,303.5721,6,2016,2024,eu_trend_wm_max_recent_v2
BLL,OPO,15778.36,303.4299,2,2023,2024,eu_trend_wm_max_recent_v2
BOH,WRO,15778.36,303.4299,2,2023,2024,eu_trend_wm_max_recent_v2
BRI,VNO,15777.36,303.4108,2,2017,2018,eu_trend_wm_max_recent_v2
STN,AHO,15776.34,303.3912,7,2015,2024,eu_trend_wm_max_recent_v2
SNN,ORD,15776.02,303.385,5,2015,2024,eu_trend_wm_max_recent_v2
AJA,CRL,15773.0,303.3269,5,2017,2024,eu_trend_wm_max_recent_v2
LHR,OLB,15770.38,303.2766,6,2016,2024,eu_trend_wm_max_recent_v2
AGP,VNO,15770.04,303.27,2,2023,2024,eu_trend_wm_max_recent_v2
JMK,TLV,15768.77,303.2456,6,2015,2024,eu_trend_wm_max_recent_v2
OLB,LHR,15761.02,303.0965,6,2016,2024,eu_trend_wm_max_recent_v2
SPU,SVO,15757.0,303.0192,5,2015,2019,eu_trend_wm_max_recent_v2
VRN,CGN,15752.0,302.9231,7,2015,2024,eu_trend_wm_max_recent_v2
POZ,NYO,15749.82,302.8812,5,2015,2019,eu_trend_wm_max_recent_v2
TPS,EIN,15749.58,302.8764,3,2015,2017,eu_trend_wm_max_recent_v2
MST,KTW,15749.39,302.8728,3,2015,2017,eu_trend_wm_max_recent_v2
NRN,SVQ,15740.7,302.7057,1,2024,2024,eu_trend_wm_max_recent_v2
DUS,MAH,15736.0,302.6154,7,2015,2024,eu_trend_wm_max_recent_v2
VCE,JMK,15729.0,302.4808,5,2015,2019,eu_trend_wm_max_recent_v2
WRO,ZRH,15727.11,302.4444,4,2018,2024,eu_trend_wm_max_recent_v2
FNC,BGY,15726.62,302.435,1,2023,2023,eu_trend_wm_max_recent_v2
CDG,CAY,15725.7,302.4172,2,2023,2024,eu_trend_wm_max_recent_v2
TLN,BES,15723.41,302.3733,7,2015,2024,eu_trend_wm_max_recent_v2
BIO,LCG,15721.24,302.3316,4,2015,2023,eu_trend_wm_max_recent_v2
DXB,POZ,15717.15,302.2528,1,2024,2024,eu_trend_wm_max_recent_v2
DEB,MXP,15711.0,302.1346,1,2019,2019,eu_trend_wm_max_recent_v2
BRE,EDI,15708.26,302.0818,3,2015,2017,eu_trend_wm_max_recent_v2
CHQ,KRK,15697.06,301.8665,2,2023,2024,eu_trend_wm_max_recent_v2
KUN,BTS,15695.21,301.831,2,2023,2024,eu_trend_wm_max_recent_v2
SVQ,BLL,15694.29,301.8132,2,2023,2024,eu_trend_wm_max_recent_v2
WRO,TLV,15690.0,301.7308,3,2017,2019,eu_trend_wm_max_recent_v2
DEB,TLV,15688.74,301.7066,4,2017,2023,eu_trend_wm_max_recent_v2
LMP,CTA,15685.05,301.6355,7,2015,2024,eu_trend_wm_max_recent_v2
BFS,CFU,15684.12,301.6178,2,2023,2024,eu_trend_wm_max_recent_v2
FSC,LIL,15679.0,301.5192,6,2016,2024,eu_trend_wm_max_recent_v2
RNS,OPO,15675.81,301.4579,1,2023,2023,eu_trend_wm_max_recent_v2
TLV,TGD,15675.81,301.4579,1,2023,2023,eu_trend_wm_max_recent_v2
GDN,KRS,15673.63,301.4159,5,2015,2019,eu_trend_wm_max_recent_v2
LPA,PNA,15663.8,301.2269,2,2023,2024,eu_trend_wm_max_recent_v2
STN,VGO,15661.95,301.1914,2,2023,2024,eu_trend_wm_max_recent_v2
BRE,BGY,15660.1,301.1558,5,2015,2019,eu_trend_wm_max_recent_v2
KGS,NCL,15660.09,301.1555,3,2018,2024,eu_trend_wm_max_recent_v2
CWL,ZTH,15659.0,301.1346,5,2015,2019,eu_trend_wm_max_recent_v2
EIN,ZAG,15658.26,301.1203,2,2023,2024,eu_trend_wm_max_recent_v2
HHN,MPL,15656.0,301.077,3,2015,2017,eu_trend_wm_max_recent_v2
BIA,CRL,15651.9,300.9981,5,2017,2024,eu_trend_wm_max_recent_v2
BVA,CRA,15651.9,300.9981,4,2017,2023,eu_trend_wm_max_recent_v2
GDN,GRQ,15649.63,300.9545,3,2015,2017,eu_trend_wm_max_recent_v2
PFO,FMM,15642.55,300.8183,2,2023,2024,eu_trend_wm_max_recent_v2
KRS,GDN,15641.37,300.7956,5,2015,2019,eu_trend_wm_max_recent_v2
FKB,BUD,15640.33,300.7756,2,2016,2017,eu_trend_wm_max_recent_v2
FCO,LMP,15636.17,300.6956,7,2015,2024,eu_trend_wm_max_recent_v2
MLA,INI,15636.08,300.6939,2,2023,2024,eu_trend_wm_max_recent_v2
NCL,KGS,15635.63,300.6852,3,2018,2024,eu_trend_wm_max_recent_v2
BRU,BCM,15634.56,300.6646,6,2015,2024,eu_trend_wm_max_recent_v2
BGY,BRE,15633.05,300.6356,5,2015,2019,eu_trend_wm_max_recent_v2
TFN,GRX,15631.46,300.6051,3,2019,2024,eu_trend_wm_max_recent_v2
VNO,BHX,15621.61,300.4155,3,2016,2018,eu_trend_wm_max_recent_v2
TFS,BRE,15619.26,300.3704,4,2015,2018,eu_trend_wm_max_recent_v2
VNO,NCE,15617.44,300.3355,3,2017,2023,eu_trend_wm_max_recent_v2
BFS,GRO,15614.0,300.2692,5,2017,2024,eu_trend_wm_max_recent_v2
OTP,VRN,15609.31,300.179,2,2015,2016,eu_trend_wm_max_recent_v2
SZG,SKP,15601.21,300.0233,1,2024,2024,eu_trend_wm_max_recent_v2
HHN,GDN,15594.45,299.8933,3,2015,2017,eu_trend_wm_max_recent_v2
STR,BDS,15586.0,299.7308,3,2016,2019,eu_trend_wm_max_recent_v2
RIX,BVA,15585.94,299.7296,1,2015,2015,eu_trend_wm_max_recent_v2
ALC,BHD,15583.84,299.6892,1,2016,2016,eu_trend_wm_max_recent_v2
CWL,GLA,15578.95,299.5952,4,2016,2019,eu_trend_wm_max_recent_v2
BRE,TFS,15575.4,299.5269,4,2015,2018,eu_trend_wm_max_recent_v2
TRD,CHQ,15569.59,299.4151,7,2015,2024,eu_trend_wm_max_recent_v2
FMM,PFO,15564.95,299.3259,2,2023,2024,eu_trend_wm_max_recent_v2
SEN,GVA,15556.25,299.1586,5,2015,2019,eu_trend_wm_max_recent_v2
CFU,BFS,15554.79,299.1305,2,2023,2024,eu_trend_wm_max_recent_v2
GOA,SUF,15550.17,299.0417,2,2023,2024,eu_trend_wm_max_recent_v2
BOH,LPA,15548.0,299.0,5,2015,2019,eu_trend_wm_max_recent_v2
XRY,HHN,15547.86,298.9973,4,2015,2018,eu_trend_wm_max_recent_v2
NAP,SPU,15541.85,298.8818,3,2019,2024,eu_trend_wm_max_recent_v2
BHX,VNO,15541.5,298.8749,3,2016,2018,eu_trend_wm_max_recent_v2
SZZ,OSL,15538.31,298.8137,6,2015,2024,eu_trend_wm_max_recent_v2
CIA,TPS,15538.21,298.8117,2,2015,2016,eu_trend_wm_max_recent_v2
SVG,SZZ,15530.78,298.6688,5,2015,2019,eu_trend_wm_max_recent_v2
SVQ,ORK,15530.57,298.6647,1,2024,2024,eu_trend_wm_max_recent_v2
MMX,INI,15529.72,298.6484,5,2016,2023,eu_trend_wm_max_recent_v2
GRO,BFS,15521.0,298.4808,5,2017,2024,eu_trend_wm_max_recent_v2
BDS,STR,15520.0,298.4615,3,2016,2019,eu_trend_wm_max_recent_v2
VAR,POZ,15520.0,298.4615,3,2017,2019,eu_trend_wm_max_recent_v2
BRU,FUE,15519.91,298.4599,1,2015,2015,eu_trend_wm_max_recent_v2
FNC,EDI,15518.61,298.4347,4,2015,2024,eu_trend_wm_max_recent_v2
UME,HEL,15515.0,298.3654,2,2018,2019,eu_trend_wm_max_recent_v2
EXT,GCI,15508.0,298.2308,5,2015,2019,eu_trend_wm_max_recent_v2
FUE,VRN,15506.92,298.2101,4,2015,2018,eu_trend_wm_max_recent_v2
CRA,VLC,15505.02,298.1735,1,2018,2018,eu_trend_wm_max_recent_v2
BCN,VRN,15503.97,298.1533,4,2015,2024,eu_trend_wm_max_recent_v2
BCN,POZ,15496.82,298.0158,3,2016,2018,eu_trend_wm_max_recent_v2
KSC,BRS,15495.76,297.9954,1,2016,2016,eu_trend_wm_max_recent_v2
LEJ,KGS,15488.0,297.8461,7,2015,2024,eu_trend_wm_max_recent_v2
TGD,DTM,15487.34,297.8336,2,2023,2024,eu_trend_wm_max_recent_v2
SPU,LYS,15486.19,297.8113,3,2019,2024,eu_trend_wm_max_recent_v2
ORY,SXB,15485.15,297.7913,2,2015,2016,eu_trend_wm_max_recent_v2
CLJ,LPL,15484.62,297.7812,4,2017,2023,eu_trend_wm_max_recent_v2
LPL,OPO,15480.9,297.7097,3,2015,2017,eu_trend_wm_max_recent_v2
FUE,CRL,15471.2,297.5231,1,2015,2015,eu_trend_wm_max_recent_v2
SDR,BGY,15469.79,297.496,7,2015,2024,eu_trend_wm_max_recent_v2
KTW,BRI,15467.28,297.4477,2,2017,2018,eu_trend_wm_max_recent_v2
CFU,VNO,15467.0,297.4423,4,2018,2024,eu_trend_wm_max_recent_v2
OPO,LPL,15464.98,297.4035,3,2015,2017,eu_trend_wm_max_recent_v2
VIE,CAG,15463.32,297.3716,2,2023,2024,eu_trend_wm_max_recent_v2
KIR,MAN,15459.63,297.3006,2,2023,2024,eu_trend_wm_max_recent_v2
LGW,TGD,15459.63,297.3006,2,2023,2024,eu_trend_wm_max_recent_v2
EDI,FNC,15459.3,297.2943,4,2015,2024,eu_trend_wm_max_recent_v2
LNZ,VIE,15458.62,297.2811,3,2015,2017,eu_trend_wm_max_recent_v2
MAN,POZ,15455.93,297.2295,2,2023,2024,eu_trend_wm_max_recent_v2
BRI,TSR,15451.98,297.1535,7,2015,2024,eu_trend_wm_max_recent_v2
VRN,FUE,15451.19,297.1382,4,2015,2018,eu_trend_wm_max_recent_v2
GLA,ZTH,15445.0,297.0192,7,2015,2024,eu_trend_wm_max_recent_v2
SUF,GOA,15441.15,296.9452,2,2023,2024,eu_trend_wm_max_recent_v2
DUB,NQY,15441.0,296.9423,4,2016,2019,eu_trend_wm_max_recent_v2
KGS,LEJ,15437.28,296.8707,7,2015,2024,eu_trend_wm_max_recent_v2
LBA,VNO,15435.0,296.8269,3,2017,2019,eu_trend_wm_max_recent_v2
AHO,STN,15431.58,296.7612,7,2015,2024,eu_trend_wm_max_recent_v2
CHQ,TRD,15428.52,296.7023,7,2015,2024,eu_trend_wm_max_recent_v2
KIR,ALC,15425.45,296.6432,7,2015,2024,eu_trend_wm_max_recent_v2
BVA,FNC,15424.52,296.6254,2,2023,2024,eu_trend_wm_max_recent_v2
BUD,SVG,15419.0,296.5192,2,2018,2019,eu_trend_wm_max_recent_v2
OPO,SXB,15417.13,296.4833,7,2015,2024,eu_trend_wm_max_recent_v2
OVD,CDG,15413.22,296.4081,4,2015,2018,eu_trend_wm_max_recent_v2
LYS,CLJ,15413.0,296.4038,2,2019,2023,eu_trend_wm_max_recent_v2
BLL,CIA,15411.67,296.3783,5,2015,2019,eu_trend_wm_max_recent_v2
OPO,LRH,15405.12,296.2524,7,2015,2024,eu_trend_wm_max_recent_v2
OVD,CRL,15403.27,296.2168,2,2023,2024,eu_trend_wm_max_recent_v2
NYO,POZ,15402.08,296.1939,5,2015,2019,eu_trend_wm_max_recent_v2
LUZ,GLA,15398.13,296.1178,1,2016,2016,eu_trend_wm_max_recent_v2
AJA,SXB,15396.81,296.0925,6,2016,2024,eu_trend_wm_max_recent_v2
CTA,LMP,15395.88,296.0747,7,2015,2024,eu_trend_wm_max_recent_v2
CRL,AJA,15391.99,295.9998,5,2017,2024,eu_trend_wm_max_recent_v2
VNO,LBA,15391.0,295.9808,3,2017,2019,eu_trend_wm_max_recent_v2
NRN,INI,15389.76,295.9569,2,2017,2018,eu_trend_wm_max_recent_v2
OPO,BLL,15389.42,295.9503,2,2023,2024,eu_trend_wm_max_recent_v2
SXB,AJA,15388.37,295.9301,6,2016,2024,eu_trend_wm_max_recent_v2
DTM,TGD,15377.41,295.7194,2,2023,2024,eu_trend_wm_max_recent_v2
PSA,LBA,15371.6,295.6077,4,2016,2019,eu_trend_wm_max_recent_v2
FMM,VNO,15369.83,295.5736,2,2016,2017,eu_trend_wm_max_recent_v2
SKP,BCN,15369.0,295.5577,4,2016,2019,eu_trend_wm_max_recent_v2
CIA,BLL,15368.0,295.5385,5,2015,2019,eu_trend_wm_max_recent_v2
BLL,CLJ,15367.0,295.5192,3,2017,2019,eu_trend_wm_max_recent_v2
DBV,DUS,15365.0,295.4808,3,2016,2019,eu_trend_wm_max_recent_v2
PNA,LPA,15356.16,295.3107,2,2023,2024,eu_trend_wm_max_recent_v2
CRL,OVD,15355.23,295.293,2,2023,2024,eu_trend_wm_max_recent_v2
TRN,CPH,15348.51,295.1637,3,2017,2024,eu_trend_wm_max_recent_v2
BES,BOD,15346.0,295.1154,3,2015,2019,eu_trend_wm_max_recent_v2
STN,OLB,15343.08,295.0592,1,2024,2024,eu_trend_wm_max_recent_v2
LUX,LIN,15336.0,294.9231,2,2018,2019,eu_trend_wm_max_recent_v2
DUB,FNC,15333.06,294.8666,1,2023,2023,eu_trend_wm_max_recent_v2
LIS,OVD,15330.6,294.8192,4,2017,2024,eu_trend_wm_max_recent_v2
CAG,VIE,15330.29,294.8133,2,2023,2024,eu_trend_wm_max_recent_v2
ABZ,SOU,15329.15,294.7913,3,2015,2017,eu_trend_wm_max_recent_v2
LBA,PSA,15328.09,294.7709,4,2016,2019,eu_trend_wm_max_recent_v2
TSF,LTN,15324.06,294.6935,1,2024,2024,eu_trend_wm_max_recent_v2
CLJ,GVA,15323.99,294.6922,1,2015,2015,eu_trend_wm_max_recent_v2
NYO,CPH,15322.78,294.6689,1,2016,2016,eu_trend_wm_max_recent_v2
MAH,VRN,15320.0,294.6154,5,2015,2019,eu_trend_wm_max_recent_v2
MPL,HHN,15319.6,294.6077,3,2015,2017,eu_trend_wm_max_recent_v2
LPA,BOH,15305.0,294.3269,5,2015,2019,eu_trend_wm_max_recent_v2
TGD,TLV,15302.58,294.2803,1,2023,2023,eu_trend_wm_max_recent_v2
DEB,BSL,15298.0,294.1923,1,2019,2019,eu_trend_wm_max_recent_v2
TSR,IAS,15297.0,294.1731,1,2017,2017,eu_trend_wm_max_recent_v2
FNC,BVA,15290.57,294.0493,2,2023,2024,eu_trend_wm_max_recent_v2
DUS,NYO,15289.0,294.0192,1,2019,2019,eu_trend_wm_max_recent_v2
VRN,BCN,15286.87,293.9783,4,2015,2024,eu_trend_wm_max_recent_v2
BIQ,LGW,15286.02,293.9619,7,2015,2024,eu_trend_wm_max_recent_v2
ALC,KIR,15285.02,293.9427,7,2015,2024,eu_trend_wm_max_recent_v2
WRO,NYO,15285.0,293.9423,4,2016,2019,eu_trend_wm_max_recent_v2
GLA,LSI,15282.86,293.9011,5,2015,2019,eu_trend_wm_max_recent_v2
WRO,LIS,15281.0,293.8654,3,2017,2019,eu_trend_wm_max_recent_v2
BEG,SPU,15276.0,293.7692,7,2015,2024,eu_trend_wm_max_recent_v2
NYO,DUS,15267.0,293.5962,1,2019,2019,eu_trend_wm_max_recent_v2
WMI,PMI,15266.0,293.5769,7,2015,2024,eu_trend_wm_max_recent_v2
JMK,VCE,15254.0,293.3462,5,2015,2019,eu_trend_wm_max_recent_v2
TLS,BES,15250.02,293.2696,4,2017,2024,eu_trend_wm_max_recent_v2
BCM,LPL,15248.0,293.2308,4,2016,2019,eu_trend_wm_max_recent_v2
PEG,OTP,15243.94,293.1527,5,2015,2024,eu_trend_wm_max_recent_v2
PMO,AOI,15241.6,293.1077,3,2019,2024,eu_trend_wm_max_recent_v2
SVG,BCN,15239.56,293.0685,3,2015,2017,eu_trend_wm_max_recent_v2
ZRH,DBV,15236.0,293.0,4,2018,2024,eu_trend_wm_max_recent_v2
TSR,BRI,15235.74,292.995,7,2015,2024,eu_trend_wm_max_recent_v2
TLV,SBZ,15231.0,292.9038,1,2019,2019,eu_trend_wm_max_recent_v2
FKB,LPA,15227.66,292.8395,1,2015,2015,eu_trend_wm_max_recent_v2
PSR,MLA,15225.0,292.7885,4,2018,2024,eu_trend_wm_max_recent_v2
WAW,DTM,15224.09,292.771,2,2015,2016,eu_trend_wm_max_recent_v2
RVN,STN,15220.35,292.6991,2,2023,2024,eu_trend_wm_max_recent_v2
GCI,EXT,15219.42,292.6812,5,2015,2019,eu_trend_wm_max_recent_v2
SCV,TSF,15218.51,292.6636,2,2017,2023,eu_trend_wm_max_recent_v2
LJU,HEL,15209.0,292.4808,7,2015,2024,eu_trend_wm_max_recent_v2
BVA,AHO,15193.02,292.1734,1,2015,2015,eu_trend_wm_max_recent_v2
DUS,SOU,15191.19,292.1383,4,2016,2019,eu_trend_wm_max_recent_v2
BZG,BRS,15181.55,291.9529,2,2023,2024,eu_trend_wm_max_recent_v2
KUN,WAW,15171.0,291.75,1,2019,2019,eu_trend_wm_max_recent_v2
BRI,KTW,15166.38,291.6612,2,2017,2018,eu_trend_wm_max_recent_v2
SXB,OPO,15166.0,291.6538,7,2015,2024,eu_trend_wm_max_recent_v2
PMI,TRD,15165.96,291.653,5,2015,2019,eu_trend_wm_max_recent_v2
LSI,GLA,15165.72,291.6485,5,2015,2019,eu_trend_wm_max_recent_v2
TFS,HHN,15153.0,291.4038,5,2015,2019,eu_trend_wm_max_recent_v2
SKG,POZ,15144.72,291.2447,1,2024,2024,eu_trend_wm_max_recent_v2
BLL,SVQ,15141.83,291.189,2,2023,2024,eu_trend_wm_max_recent_v2
AAR,GDN,15140.0,291.1538,4,2018,2024,eu_trend_wm_max_recent_v2
SBZ,MXP,15135.74,291.0719,1,2017,2017,eu_trend_wm_max_recent_v2
GVA,SEN,15135.0,291.0577,5,2015,2019,eu_trend_wm_max_recent_v2
LIS,WRO,15125.0,290.8654,3,2017,2019,eu_trend_wm_max_recent_v2
MUC,KLX,15120.48,290.7785,7,2015,2024,eu_trend_wm_max_recent_v2
TSR,EIN,15120.13,290.7718,2,2016,2017,eu_trend_wm_max_recent_v2
ZAG,ATH,15115.04,290.6738,3,2019,2024,eu_trend_wm_max_recent_v2
AGP,LGG,15113.93,290.6525,7,2015,2024,eu_trend_wm_max_recent_v2
LEI,STN,15108.57,290.5494,7,2015,2024,eu_trend_wm_max_recent_v2
EMA,CHQ,15107.36,290.5261,1,2016,2016,eu_trend_wm_max_recent_v2
NCL,LGW,15104.26,290.4665,1,2015,2015,eu_trend_wm_max_recent_v2
BES,TLS,15104.16,290.4646,4,2017,2024,eu_trend_wm_max_recent_v2
TRD,PMI,15103.18,290.4457,5,2015,2019,eu_trend_wm_max_recent_v2
AHO,TRN,15101.0,290.4038,5,2015,2019,eu_trend_wm_max_recent_v2
ZRH,CAG,15098.0,290.3462,5,2016,2023,eu_trend_wm_max_recent_v2
STN,LEI,15094.71,290.2829,7,2015,2024,eu_trend_wm_max_recent_v2
MLA,PSR,15094.0,290.2692,4,2018,2024,eu_trend_wm_max_recent_v2
NQY,DUB,15093.0,290.25,4,2016,2019,eu_trend_wm_max_recent_v2
PUY,BRS,15089.88,290.19,4,2017,2024,eu_trend_wm_max_recent_v2
POZ,LBA,15082.7,290.0519,2,2023,2024,eu_trend_wm_max_recent_v2
LPL,PSA,15082.68,290.0515,3,2015,2017,eu_trend_wm_max_recent_v2
OLB,STN,15081.32,290.0255,1,2024,2024,eu_trend_wm_max_recent_v2
ABZ,TFS,15079.0,289.9808,5,2015,2019,eu_trend_wm_max_recent_v2
ZAG,ZAD,15079.0,289.9808,7,2015,2024,eu_trend_wm_max_recent_v2
TFS,ABZ,15076.0,289.9231,5,2015,2019,eu_trend_wm_max_recent_v2
CPH,TRN,15075.89,289.9209,3,2017,2024,eu_trend_wm_max_recent_v2
CGN,CLJ,15072.27,289.8514,5,2015,2019,eu_trend_wm_max_recent_v2
TRN,ACE,15070.69,289.821,1,2023,2023,eu_trend_wm_max_recent_v2
AJA,CFR,15068.84,289.7854,6,2016,2024,eu_trend_wm_max_recent_v2
ZTH,CWL,15066.0,289.7308,5,2015,2019,eu_trend_wm_max_recent_v2
DTM,TGM,15065.0,289.7115,4,2015,2023,eu_trend_wm_max_recent_v2
VLC,CRA,15061.32,289.6408,1,2018,2018,eu_trend_wm_max_recent_v2
MAN,SDR,15057.76,289.5722,2,2023,2024,eu_trend_wm_max_recent_v2
LPA,FKB,15053.38,289.4882,1,2015,2015,eu_trend_wm_max_recent_v2
DTM,WAW,15047.93,289.3833,2,2015,2016,eu_trend_wm_max_recent_v2
FMM,BDS,15043.9,289.3057,3,2019,2024,eu_trend_wm_max_recent_v2
BDS,FMM,15041.13,289.2524,3,2019,2024,eu_trend_wm_max_recent_v2
LCJ,LTN,15041.13,289.2524,1,2023,2023,eu_trend_wm_max_recent_v2
JTR,VCE,15039.28,289.2169,6,2016,2024,eu_trend_wm_max_recent_v2
BRS,KSC,15036.26,289.1588,1,2016,2016,eu_trend_wm_max_recent_v2
KTW,BFS,15033.07,289.0975,2,2015,2016,eu_trend_wm_max_recent_v2
MAH,AMS,15030.66,289.0511,7,2015,2024,eu_trend_wm_max_recent_v2
HAM,KTW,15027.66,288.9935,2,2017,2018,eu_trend_wm_max_recent_v2
PMI,BVA,15026.71,288.9751,6,2015,2024,eu_trend_wm_max_recent_v2
ABZ,AGP,15024.6,288.9346,3,2017,2019,eu_trend_wm_max_recent_v2
TLV,WRO,15016.0,288.7692,3,2017,2019,eu_trend_wm_max_recent_v2
ZTH,GLA,15013.0,288.7115,7,2015,2024,eu_trend_wm_max_recent_v2
GLA,LUZ,15004.42,288.5465,1,2016,2016,eu_trend_wm_max_recent_v2
BGY,PFO,15002.53,288.5101,4,2018,2024,eu_trend_wm_max_recent_v2
BHD,PMI,15001.24,288.4853,1,2016,2016,eu_trend_wm_max_recent_v2
PVD,ORK,14997.06,288.405,1,2018,2018,eu_trend_wm_max_recent_v2
LBA,POZ,14994.94,288.3641,2,2023,2024,eu_trend_wm_max_recent_v2
AMS,MAH,14989.04,288.2508,7,2015,2024,eu_trend_wm_max_recent_v2
NCE,VNO,14986.96,288.2108,3,2017,2023,eu_trend_wm_max_recent_v2
CAY,CDG,14984.77,288.1687,2,2023,2024,eu_trend_wm_max_recent_v2
LPA,RMU,14982.93,288.1332,2,2023,2024,eu_trend_wm_max_recent_v2
BVA,RIX,14978.7,288.0519,1,2015,2015,eu_trend_wm_max_recent_v2
TGM,MAD,14972.58,287.9343,2,2015,2016,eu_trend_wm_max_recent_v2
PMI,WMI,14969.0,287.8654,7,2015,2024,eu_trend_wm_max_recent_v2
OSL,PUY,14967.0,287.8269,4,2015,2019,eu_trend_wm_max_recent_v2
BOJ,GLA,14948.0,287.4615,4,2015,2019,eu_trend_wm_max_recent_v2
MAD,KUN,14945.97,287.4225,2,2023,2024,eu_trend_wm_max_recent_v2
VRN,MAH,14944.0,287.3846,5,2015,2019,eu_trend_wm_max_recent_v2
CAG,FLR,14942.28,287.3515,2,2023,2024,eu_trend_wm_max_recent_v2
LUX,HAM,14939.73,287.3025,6,2015,2023,eu_trend_wm_max_recent_v2
OSL,ABZ,14938.06,287.2704,5,2015,2019,eu_trend_wm_max_recent_v2
WRO,ZTH,14937.9,287.2673,5,2017,2024,eu_trend_wm_max_recent_v2
SBZ,TLV,14933.0,287.1731,1,2019,2019,eu_trend_wm_max_recent_v2
KUN,MAD,14932.11,287.156,2,2023,2024,eu_trend_wm_max_recent_v2
NAP,ZAG,14932.11,287.156,2,2023,2024,eu_trend_wm_max_recent_v2
EMA,BOJ,14929.0,287.0962,4,2016,2019,eu_trend_wm_max_recent_v2
BRS,PUY,14928.72,287.0908,4,2017,2024,eu_trend_wm_max_recent_v2
GDN,AAR,14924.0,287.0,4,2018,2024,eu_trend_wm_max_recent_v2
SPU,NAP,14921.95,286.9606,3,2019,2024,eu_trend_wm_max_recent_v2
AHO,KTW,14916.41,286.854,2,2023,2024,eu_trend_wm_max_recent_v2
BLL,POZ,14915.48,286.8362,3,2018,2024,eu_trend_wm_max_recent_v2
PFO,DUS,14911.01,286.7502,3,2016,2018,eu_trend_wm_max_recent_v2
INV,SYY,14903.0,286.5962,5,2015,2019,eu_trend_wm_max_recent_v2
POZ,ARN,14901.63,286.5697,2,2023,2024,eu_trend_wm_max_recent_v2
KTW,AHO,14898.86,286.5164,2,2023,2024,eu_trend_wm_max_recent_v2
ZAD,ZAG,14895.41,286.4501,7,2015,2024,eu_trend_wm_max_recent_v2
TIV,VNO,14895.16,286.4454,2,2023,2024,eu_trend_wm_max_recent_v2
LBA,BUD,14892.0,286.3846,5,2015,2019,eu_trend_wm_max_recent_v2
JMK,FRA,14891.0,286.3654,2,2018,2019,eu_trend_wm_max_recent_v2
NYO,WRO,14889.0,286.3269,4,2016,2019,eu_trend_wm_max_recent_v2
SDR,BER,14888.0,286.3077,4,2016,2019,eu_trend_wm_max_recent_v2
BER,SDR,14887.0,286.2885,4,2016,2019,eu_trend_wm_max_recent_v2
TGM,BVA,14881.32,286.1792,2,2015,2016,eu_trend_wm_max_recent_v2
TGM,BGY,14879.11,286.1368,1,2015,2015,eu_trend_wm_max_recent_v2
ZTH,WRO,14875.0,286.0577,5,2017,2024,eu_trend_wm_max_recent_v2
TOS,CDG,14873.91,286.0368,1,2024,2024,eu_trend_wm_max_recent_v2
DBV,NAP,14872.99,286.019,2,2023,2024,eu_trend_wm_max_recent_v2
TGD,LGW,14871.14,285.9835,2,2023,2024,eu_trend_wm_max_recent_v2
BHX,NOC,14865.0,285.8654,6,2016,2024,eu_trend_wm_max_recent_v2
CMF,MAN,14864.0,285.8462,6,2015,2023,eu_trend_wm_max_recent_v2
SYY,INV,14860.0,285.7692,5,2015,2019,eu_trend_wm_max_recent_v2
TGD,ZRH,14860.0,285.7692,4,2016,2019,eu_trend_wm_max_recent_v2
MXP,DEB,14851.0,285.5962,1,2019,2019,eu_trend_wm_max_recent_v2
GDN,RHO,14842.02,285.4235,2,2017,2018,eu_trend_wm_max_recent_v2
KTW,SKG,14839.98,285.3842,3,2016,2018,eu_trend_wm_max_recent_v2
BHD,ALC,14839.93,285.3833,1,2016,2016,eu_trend_wm_max_recent_v2
MAN,RTM,14834.63,285.2813,1,2016,2016,eu_trend_wm_max_recent_v2
SVQ,EMA,14831.0,285.2115,2,2018,2019,eu_trend_wm_max_recent_v2
BIO,XRY,14830.0,285.1923,3,2018,2023,eu_trend_wm_max_recent_v2
ZAG,NAP,14825.87,285.1129,2,2023,2024,eu_trend_wm_max_recent_v2
VRN,SVQ,14825.0,285.0962,2,2018,2019,eu_trend_wm_max_recent_v2
VIE,CLJ,14824.0,285.0769,3,2019,2024,eu_trend_wm_max_recent_v2
SZZ,WMI,14822.18,285.0418,1,2023,2023,eu_trend_wm_max_recent_v2
BER,TRN,14818.0,284.9615,1,2019,2019,eu_trend_wm_max_recent_v2
BIO,BRS,14814.26,284.8895,1,2017,2017,eu_trend_wm_max_recent_v2
BVA,PSR,14813.4,284.8731,2,2015,2016,eu_trend_wm_max_recent_v2
CFR,AJA,14812.94,284.8642,6,2016,2024,eu_trend_wm_max_recent_v2
KUN,NAP,14809.0,284.7885,4,2017,2023,eu_trend_wm_max_recent_v2
AGP,ABZ,14807.34,284.7565,3,2017,2019,eu_trend_wm_max_recent_v2
MXP,SBZ,14805.93,284.7295,1,2017,2017,eu_trend_wm_max_recent_v2
SKG,KTW,14805.3,284.7173,3,2016,2018,eu_trend_wm_max_recent_v2
AHO,LTN,14803.0,284.6731,2,2018,2019,eu_trend_wm_max_recent_v2
SZG,BRU,14802.81,284.6694,1,2017,2017,eu_trend_wm_max_recent_v2
FLR,CAG,14800.0,284.6155,2,2023,2024,eu_trend_wm_max_recent_v2
MAN,KIR,14796.31,284.5444,2,2023,2024,eu_trend_wm_max_recent_v2
PFO,BGY,14791.49,284.4517,4,2018,2024,eu_trend_wm_max_recent_v2
VNO,TIV,14786.15,284.349,2,2023,2024,eu_trend_wm_max_recent_v2
PFO,CIA,14785.15,284.3298,7,2015,2024,eu_trend_wm_max_recent_v2
BTS,AGP,14783.69,284.3017,5,2015,2019,eu_trend_wm_max_recent_v2
CHQ,EMA,14782.63,284.2813,1,2016,2016,eu_trend_wm_max_recent_v2
RHO,LPL,14778.88,284.2093,3,2015,2017,eu_trend_wm_max_recent_v2
FAO,ACE,14778.0,284.1923,1,2019,2019,eu_trend_wm_max_recent_v2
PSA,LPL,14775.76,284.1492,3,2015,2017,eu_trend_wm_max_recent_v2
CIA,PFO,14770.66,284.0511,7,2015,2024,eu_trend_wm_max_recent_v2
MRS,BIQ,14769.79,284.0344,3,2015,2023,eu_trend_wm_max_recent_v2
ORK,CRL,14768.85,284.0163,1,2024,2024,eu_trend_wm_max_recent_v2
GRO,RIX,14768.0,284.0,2,2018,2019,eu_trend_wm_max_recent_v2
SVG,BUD,14760.0,283.8462,2,2018,2019,eu_trend_wm_max_recent_v2
MAD,POZ,14759.4,283.8346,1,2018,2018,eu_trend_wm_max_recent_v2
PRG,DBV,14755.0,283.75,4,2016,2019,eu_trend_wm_max_recent_v2
BGY,OVD,14744.57,283.5495,2,2023,2024,eu_trend_wm_max_recent_v2
OVD,BGY,14742.73,283.5139,2,2023,2024,eu_trend_wm_max_recent_v2
TSF,SCV,14739.03,283.4429,2,2017,2023,eu_trend_wm_max_recent_v2
POZ,MMX,14738.06,283.4242,3,2016,2018,eu_trend_wm_max_recent_v2
BRS,BIO,14737.27,283.409,1,2017,2017,eu_trend_wm_max_recent_v2
LCJ,CRL,14736.26,283.3896,2,2023,2024,eu_trend_wm_max_recent_v2
FRA,KUN,14726.86,283.2089,1,2017,2017,eu_trend_wm_max_recent_v2
OLB,HAM,14720.84,283.0931,4,2018,2024,eu_trend_wm_max_recent_v2
BZR,BRS,14716.86,283.0165,7,2015,2024,eu_trend_wm_max_recent_v2
OTP,AAR,14715.93,282.9987,1,2023,2023,eu_trend_wm_max_recent_v2
TRS,LIN,14714.5,282.9712,6,2015,2024,eu_trend_wm_max_recent_v2
LGW,NCL,14713.5,282.9519,1,2015,2015,eu_trend_wm_max_recent_v2
JTR,NTE,14706.0,282.8077,2,2019,2023,eu_trend_wm_max_recent_v2
ARN,POZ,14703.0,282.75,2,2023,2024,eu_trend_wm_max_recent_v2
SVQ,VRN,14703.0,282.75,2,2018,2019,eu_trend_wm_max_recent_v2
VCE,AHO,14700.23,282.6967,4,2018,2024,eu_trend_wm_max_recent_v2
VIT,CRL,14698.38,282.6612,2,2023,2024,eu_trend_wm_max_recent_v2
GVA,BOH,14698.2,282.6577,5,2015,2019,eu_trend_wm_max_recent_v2
IAS,CGN,14697.0,282.6346,4,2016,2019,eu_trend_wm_max_recent_v2
GOA,CRL,14696.53,282.6256,2,2023,2024,eu_trend_wm_max_recent_v2
LCG,VLC,14691.91,282.5368,5,2017,2024,eu_trend_wm_max_recent_v2
JMK,BCN,14690.0,282.5,2,2018,2019,eu_trend_wm_max_recent_v2
BRU,NCL,14685.36,282.4107,1,2015,2015,eu_trend_wm_max_recent_v2
VLL,SVQ,14680.0,282.3077,2,2018,2019,eu_trend_wm_max_recent_v2
FAO,NUE,14678.06,282.2703,2,2023,2024,eu_trend_wm_max_recent_v2
PSR,BVA,14677.57,282.2609,2,2015,2016,eu_trend_wm_max_recent_v2
BGY,SDR,14677.37,282.2571,7,2015,2024,eu_trend_wm_max_recent_v2
LIS,FKB,14676.0,282.2308,2,2018,2019,eu_trend_wm_max_recent_v2
BGO,SZZ,14671.0,282.1346,5,2015,2019,eu_trend_wm_max_recent_v2
NYO,BRE,14666.0,282.0385,5,2015,2019,eu_trend_wm_max_recent_v2
FKB,LIS,14662.0,281.9615,2,2018,2019,eu_trend_wm_max_recent_v2
OTP,PEG,14661.65,281.9548,5,2015,2024,eu_trend_wm_max_recent_v2
BRE,MAN,14660.59,281.9344,1,2016,2016,eu_trend_wm_max_recent_v2
KTW,BLQ,14656.38,281.8535,4,2016,2019,eu_trend_wm_max_recent_v2
MAD,TGM,14655.28,281.8324,2,2015,2016,eu_trend_wm_max_recent_v2
LPL,RHO,14655.07,281.8284,3,2015,2017,eu_trend_wm_max_recent_v2
BRS,BZG,14649.42,281.7196,2,2023,2024,eu_trend_wm_max_recent_v2
POZ,BLL,14646.65,281.6663,3,2018,2024,eu_trend_wm_max_recent_v2
NAP,DBV,14642.95,281.5952,2,2023,2024,eu_trend_wm_max_recent_v2
AHO,BVA,14626.91,281.2866,1,2015,2015,eu_trend_wm_max_recent_v2
SEN,CGN,14623.74,281.2258,1,2018,2018,eu_trend_wm_max_recent_v2
BGY,LPL,14616.58,281.0881,1,2017,2017,eu_trend_wm_max_recent_v2
BSL,PSA,14610.71,280.9752,1,2016,2016,eu_trend_wm_max_recent_v2
BER,TSR,14610.34,280.968,1,2017,2017,eu_trend_wm_max_recent_v2
RMU,LPA,14606.92,280.9023,2,2023,2024,eu_trend_wm_max_recent_v2
ACE,TRN,14606.0,280.8845,1,2023,2023,eu_trend_wm_max_recent_v2
SAL,MAD,14605.82,280.8811,3,2019,2024,eu_trend_wm_max_recent_v2
RIX,GRO,14605.0,280.8654,2,2018,2019,eu_trend_wm_max_recent_v2
MAD,FNC,14601.38,280.7957,2,2023,2024,eu_trend_wm_max_recent_v2
SDR,MAN,14600.45,280.7779,2,2023,2024,eu_trend_wm_max_recent_v2
BFS,KTW,14600.1,280.7711,2,2015,2016,eu_trend_wm_max_recent_v2
BCN,SKP,14595.0,280.6731,4,2016,2019,eu_trend_wm_max_recent_v2
CRL,LCJ,14586.6,280.5115,2,2023,2024,eu_trend_wm_max_recent_v2
VIE,MMX,14585.0,280.4808,1,2019,2019,eu_trend_wm_max_recent_v2
RMI,PMO,14581.05,280.4049,2,2023,2024,eu_trend_wm_max_recent_v2
GLA,BOJ,14580.0,280.3846,4,2015,2019,eu_trend_wm_max_recent_v2
BOD,BES,14577.0,280.3269,3,2015,2019,eu_trend_wm_max_recent_v2
BRS,BZR,14569.68,280.1862,7,2015,2024,eu_trend_wm_max_recent_v2
INN,PMI,14568.26,280.1589,2,2015,2016,eu_trend_wm_max_recent_v2
DUB,PLQ,14567.19,280.1384,2,2023,2024,eu_trend_wm_max_recent_v2
OVD,LIS,14562.58,280.0495,4,2017,2024,eu_trend_wm_max_recent_v2
ANR,LCY,14562.54,280.0488,6,2015,2023,eu_trend_wm_max_recent_v2
MLA,FKB,14562.0,280.0385,4,2016,2019,eu_trend_wm_max_recent_v2
BGY,TGM,14553.3,279.8712,1,2015,2015,eu_trend_wm_max_recent_v2
NAP,KUN,14546.0,279.7308,4,2017,2023,eu_trend_wm_max_recent_v2
IAS,CLJ,14543.75,279.6875,1,2017,2017,eu_trend_wm_max_recent_v2
VGO,VLC,14541.0,279.6346,1,2019,2019,eu_trend_wm_max_recent_v2
PMI,INN,14535.37,279.5263,2,2015,2016,eu_trend_wm_max_recent_v2
BOH,GVA,14530.92,279.4408,5,2015,2019,eu_trend_wm_max_recent_v2
RHO,GDN,14530.92,279.4408,2,2017,2018,eu_trend_wm_max_recent_v2
MMX,POZ,14529.19,279.4074,3,2016,2018,eu_trend_wm_max_recent_v2
BVA,TGM,14526.88,279.363,2,2015,2016,eu_trend_wm_max_recent_v2
KTW,LIS,14521.74,279.2642,2,2017,2018,eu_trend_wm_max_recent_v2
SEN,RMU,14514.0,279.1154,1,2019,2019,eu_trend_wm_max_recent_v2
NUE,FAO,14513.61,279.1079,2,2023,2024,eu_trend_wm_max_recent_v2
TOS,EVE,14513.25,279.101,5,2015,2019,eu_trend_wm_max_recent_v2
DUS,ZAD,14513.0,279.0962,4,2016,2019,eu_trend_wm_max_recent_v2
TLV,KUN,14513.0,279.0962,1,2019,2019,eu_trend_wm_max_recent_v2
LCG,LIS,14510.52,279.0485,2,2017,2018,eu_trend_wm_max_recent_v2
NTE,LCY,14502.47,278.8936,2,2015,2016,eu_trend_wm_max_recent_v2
PSA,FUE,14497.16,278.7916,2,2015,2016,eu_trend_wm_max_recent_v2
CRL,AHO,14497.01,278.7887,7,2015,2024,eu_trend_wm_max_recent_v2
CPH,DBV,14494.2,278.7346,5,2017,2024,eu_trend_wm_max_recent_v2
TGD,FRA,14491.0,278.6731,4,2016,2019,eu_trend_wm_max_recent_v2
KSC,DUB,14489.59,278.646,2,2023,2024,eu_trend_wm_max_recent_v2
ATH,POZ,14483.0,278.5192,2,2018,2019,eu_trend_wm_max_recent_v2
CDG,TOS,14479.01,278.4426,1,2024,2024,eu_trend_wm_max_recent_v2
MUC,BOJ,14478.9,278.4404,2,2016,2018,eu_trend_wm_max_recent_v2
KUN,CRL,14475.73,278.3795,2,2023,2024,eu_trend_wm_max_recent_v2
XRY,BIO,14472.78,278.3227,3,2018,2023,eu_trend_wm_max_recent_v2
VLC,LCG,14471.11,278.2907,5,2017,2024,eu_trend_wm_max_recent_v2
DUS,PFO,14470.92,278.287,3,2016,2018,eu_trend_wm_max_recent_v2
CPH,LJU,14458.44,278.0469,4,2015,2019,eu_trend_wm_max_recent_v2
DRS,HER,14455.88,277.9977,6,2015,2024,eu_trend_wm_max_recent_v2
HER,DRS,14451.55,277.9145,6,2015,2024,eu_trend_wm_max_recent_v2
GVA,CLJ,14449.39,277.8728,1,2015,2015,eu_trend_wm_max_recent_v2
BGY,CHQ,14447.22,277.8312,7,2015,2024,eu_trend_wm_max_recent_v2
MAN,LUX,14446.99,277.8268,3,2017,2019,eu_trend_wm_max_recent_v2
LUX,VCE,14444.22,277.7735,3,2018,2023,eu_trend_wm_max_recent_v2
PMO,RMI,14441.55,277.7221,2,2023,2024,eu_trend_wm_max_recent_v2
BOJ,MUC,14440.14,277.695,2,2016,2018,eu_trend_wm_max_recent_v2
CRA,BCN,14440.14,277.695,3,2018,2023,eu_trend_wm_max_recent_v2
TSF,KTW,14434.16,277.58,2,2023,2024,eu_trend_wm_max_recent_v2
IST,SXB,14432.0,277.5385,3,2019,2024,eu_trend_wm_max_recent_v2
LTN,LCJ,14427.69,277.4557,1,2023,2023,eu_trend_wm_max_recent_v2
KGS,POZ,14421.05,277.3278,4,2018,2024,eu_trend_wm_max_recent_v2
PLQ,DUB,14419.38,277.2958,2,2023,2024,eu_trend_wm_max_recent_v2
MAN,CMF,14415.0,277.2115,6,2015,2023,eu_trend_wm_max_recent_v2
AGP,BTS,14411.2,277.1386,5,2015,2019,eu_trend_wm_max_recent_v2
IAS,BRU,14408.0,277.0769,4,2016,2019,eu_trend_wm_max_recent_v2
TRN,MAN,14403.0,276.9808,5,2015,2019,eu_trend_wm_max_recent_v2
CHQ,BGY,14401.38,276.9496,7,2015,2024,eu_trend_wm_max_recent_v2
KGS,BSL,14399.0,276.9038,5,2015,2019,eu_trend_wm_max_recent_v2
TLL,HER,14397.5,276.8749,7,2015,2024,eu_trend_wm_max_recent_v2
HAM,OLB,14394.78,276.8227,4,2018,2024,eu_trend_wm_max_recent_v2
MLA,GRO,14392.89,276.7864,3,2015,2017,eu_trend_wm_max_recent_v2
AAL,OSL,14382.0,276.5769,5,2017,2024,eu_trend_wm_max_recent_v2
WRO,VAR,14380.0,276.5385,2,2018,2019,eu_trend_wm_max_recent_v2
OST,PMI,14375.76,276.4569,7,2015,2024,eu_trend_wm_max_recent_v2
MAN,BRE,14374.06,276.4243,1,2016,2016,eu_trend_wm_max_recent_v2
CDG,PDL,14373.19,276.4074,2,2023,2024,eu_trend_wm_max_recent_v2
LTN,CHQ,14373.19,276.4074,2,2023,2024,eu_trend_wm_max_recent_v2
TGM,HHN,14371.94,276.3835,2,2015,2016,eu_trend_wm_max_recent_v2
TSF,IBZ,14363.0,276.2115,6,2016,2024,eu_trend_wm_max_recent_v2
VRN,PMI,14362.1,276.1942,6,2016,2024,eu_trend_wm_max_recent_v2
LIS,ZAG,14362.0,276.1923,4,2015,2019,eu_trend_wm_max_recent_v2
HHN,TFS,14361.33,276.1794,5,2015,2019,eu_trend_wm_max_recent_v2
DTM,POZ,14358.54,276.1258,1,2018,2018,eu_trend_wm_max_recent_v2
GLA,CWL,14353.36,276.0261,4,2016,2019,eu_trend_wm_max_recent_v2
LPL,REU,14352.86,276.0166,5,2017,2024,eu_trend_wm_max_recent_v2
GRZ,HAM,14351.94,275.9988,2,2023,2024,eu_trend_wm_max_recent_v2
MUC,JMK,14351.0,275.9808,5,2017,2024,eu_trend_wm_max_recent_v2
TIV,MAN,14346.4,275.8922,4,2016,2024,eu_trend_wm_max_recent_v2
OSL,AAL,14344.06,275.8473,5,2017,2024,eu_trend_wm_max_recent_v2
WAW,KSC,14339.83,275.766,6,2016,2024,eu_trend_wm_max_recent_v2
MMX,VIE,14336.0,275.6923,1,2019,2019,eu_trend_wm_max_recent_v2
KSC,WAW,14333.19,275.6383,6,2016,2024,eu_trend_wm_max_recent_v2
FKB,MLA,14330.0,275.5769,4,2016,2019,eu_trend_wm_max_recent_v2
LYS,SPU,14322.32,275.4293,3,2019,2024,eu_trend_wm_max_recent_v2
RMU,SEN,14319.0,275.3654,1,2019,2019,eu_trend_wm_max_recent_v2
POZ,MAD,14315.7,275.3019,1,2018,2018,eu_trend_wm_max_recent_v2
ZRH,JMK,14309.64,275.1854,5,2015,2024,eu_trend_wm_max_recent_v2
CIA,TLL,14309.44,275.1816,2,2023,2024,eu_trend_wm_max_recent_v2
SUF,BSL,14306.67,275.1283,3,2019,2024,eu_trend_wm_max_recent_v2
MUC,DEB,14305.75,275.1105,4,2018,2024,eu_trend_wm_max_recent_v2
LIL,FUE,14298.72,274.9753,2,2015,2016,eu_trend_wm_max_recent_v2
PFO,BTS,14296.32,274.9292,3,2018,2023,eu_trend_wm_max_recent_v2
BFS,KEF,14294.6,274.8961,1,2015,2015,eu_trend_wm_max_recent_v2
IBZ,TSF,14294.06,274.8857,6,2016,2024,eu_trend_wm_max_recent_v2
TLN,CRL,14291.97,274.8457,5,2015,2019,eu_trend_wm_max_recent_v2
CRL,TLN,14291.29,274.8325,5,2015,2019,eu_trend_wm_max_recent_v2
CIA,OLB,14289.12,274.7907,2,2023,2024,eu_trend_wm_max_recent_v2
HAM,FNC,14288.81,274.7848,7,2015,2024,eu_trend_wm_max_recent_v2
BUD,LBA,14287.0,274.75,5,2015,2019,eu_trend_wm_max_recent_v2
AHO,CRL,14282.69,274.6672,7,2015,2024,eu_trend_wm_max_recent_v2
PUY,OSL,14282.0,274.6538,4,2015,2019,eu_trend_wm_max_recent_v2
AMS,SCQ,14274.34,274.5065,6,2016,2024,eu_trend_wm_max_recent_v2
KTW,HAM,14273.88,274.4977,2,2017,2018,eu_trend_wm_max_recent_v2
EMA,GCI,14273.25,274.4855,3,2015,2017,eu_trend_wm_max_recent_v2
CTA,IAS,14273.0,274.4808,5,2017,2024,eu_trend_wm_max_recent_v2
AHO,VCE,14272.49,274.4709,4,2018,2024,eu_trend_wm_max_recent_v2
CHQ,LTN,14270.64,274.4354,2,2023,2024,eu_trend_wm_max_recent_v2
PSA,BSL,14261.57,274.261,1,2016,2016,eu_trend_wm_max_recent_v2
SCQ,FCO,14259.6,274.2231,5,2015,2019,eu_trend_wm_max_recent_v2
BRU,VAR,14258.39,274.1998,5,2015,2019,eu_trend_wm_max_recent_v2
TMP,BUD,14254.0,274.1154,5,2015,2019,eu_trend_wm_max_recent_v2
HER,TLL,14248.96,274.0184,7,2015,2024,eu_trend_wm_max_recent_v2
BSL,SUF,14247.54,273.9912,3,2019,2024,eu_trend_wm_max_recent_v2
TLL,CIA,14246.62,273.9735,2,2023,2024,eu_trend_wm_max_recent_v2
VNO,AES,14239.29,273.8325,2,2015,2016,eu_trend_wm_max_recent_v2
AAL,RHO,14226.43,273.5852,4,2016,2024,eu_trend_wm_max_recent_v2
JMK,ZRH,14225.41,273.5655,5,2015,2024,eu_trend_wm_max_recent_v2
FNC,CGN,14224.0,273.5385,5,2015,2019,eu_trend_wm_max_recent_v2
LTN,TSF,14222.69,273.5133,1,2024,2024,eu_trend_wm_max_recent_v2
STN,DRS,14221.68,273.4938,1,2023,2023,eu_trend_wm_max_recent_v2
TFS,OVD,14218.0,273.4231,3,2015,2019,eu_trend_wm_max_recent_v2
CAG,BER,14213.0,273.3269,5,2015,2019,eu_trend_wm_max_recent_v2
GRO,ORK,14209.67,273.2628,2,2023,2024,eu_trend_wm_max_recent_v2
TGD,BCN,14209.67,273.2628,1,2023,2023,eu_trend_wm_max_recent_v2
VNO,MMX,14205.33,273.1794,1,2016,2016,eu_trend_wm_max_recent_v2
LTN,AHO,14201.0,273.0962,2,2018,2019,eu_trend_wm_max_recent_v2
EMA,SVQ,14197.0,273.0192,2,2018,2019,eu_trend_wm_max_recent_v2
MAN,TIV,14194.88,272.9786,4,2016,2024,eu_trend_wm_max_recent_v2
POZ,ATH,14193.0,272.9423,2,2018,2019,eu_trend_wm_max_recent_v2
GDN,LIS,14192.28,272.9285,1,2018,2018,eu_trend_wm_max_recent_v2
BSL,KGS,14187.0,272.8269,5,2015,2019,eu_trend_wm_max_recent_v2
IAS,CTA,14185.85,272.8049,5,2017,2024,eu_trend_wm_max_recent_v2
EMA,PSA,14184.81,272.7849,5,2015,2019,eu_trend_wm_max_recent_v2
LMP,FCO,14182.73,272.7449,7,2015,2024,eu_trend_wm_max_recent_v2
BTS,PFO,14181.06,272.7127,3,2018,2023,eu_trend_wm_max_recent_v2
VCE,LUX,14179.02,272.6735,3,2018,2023,eu_trend_wm_max_recent_v2
TRF,LPL,14176.68,272.6284,2,2015,2016,eu_trend_wm_max_recent_v2
BLQ,KTW,14175.96,272.6146,4,2016,2019,eu_trend_wm_max_recent_v2
POZ,DTM,14175.96,272.6146,1,2018,2018,eu_trend_wm_max_recent_v2
AMS,JMK,14174.56,272.5877,3,2019,2024,eu_trend_wm_max_recent_v2
NRN,OVD,14172.71,272.5522,2,2023,2024,eu_trend_wm_max_recent_v2
MAN,TRN,14170.0,272.5,5,2015,2019,eu_trend_wm_max_recent_v2
CRL,GOA,14149.62,272.108,2,2023,2024,eu_trend_wm_max_recent_v2
BUD,SEN,14149.44,272.1046,1,2018,2018,eu_trend_wm_max_recent_v2
DEB,MUC,14145.92,272.0369,4,2018,2024,eu_trend_wm_max_recent_v2
SPU,BEG,14140.0,271.9231,7,2015,2024,eu_trend_wm_max_recent_v2
HAM,GRZ,14139.45,271.9126,2,2023,2024,eu_trend_wm_max_recent_v2
BVA,GOT,14135.48,271.8362,1,2015,2015,eu_trend_wm_max_recent_v2
PVK,ARN,14134.84,271.8238,7,2015,2024,eu_trend_wm_max_recent_v2
VNO,BGO,14134.23,271.8121,2,2015,2016,eu_trend_wm_max_recent_v2
HAM,ZAD,14131.0,271.75,2,2019,2024,eu_trend_wm_max_recent_v2
VAR,WRO,14129.0,271.7115,2,2018,2019,eu_trend_wm_max_recent_v2
SCQ,MXP,14125.98,271.6535,2,2017,2018,eu_trend_wm_max_recent_v2
GRO,MLA,14125.51,271.6444,3,2015,2017,eu_trend_wm_max_recent_v2
SNN,MLA,14123.75,271.6106,2,2023,2024,eu_trend_wm_max_recent_v2
SVQ,VLL,14123.0,271.5962,2,2018,2019,eu_trend_wm_max_recent_v2
CPH,WRO,14122.39,271.5844,5,2015,2019,eu_trend_wm_max_recent_v2
DEB,BGY,14118.31,271.506,3,2016,2018,eu_trend_wm_max_recent_v2
LPL,NAP,14115.13,271.4448,3,2015,2017,eu_trend_wm_max_recent_v2
KTW,TSF,14113.59,271.4151,2,2023,2024,eu_trend_wm_max_recent_v2
BOJ,EMA,14113.0,271.4038,4,2016,2019,eu_trend_wm_max_recent_v2
SOU,ABZ,14111.94,271.3835,3,2015,2017,eu_trend_wm_max_recent_v2
SUF,OTP,14111.7,271.3788,3,2017,2019,eu_trend_wm_max_recent_v2
CRL,ORK,14107.66,271.3012,1,2024,2024,eu_trend_wm_max_recent_v2
WMI,CAG,14106.6,271.2808,4,2017,2023,eu_trend_wm_max_recent_v2
BVA,FSC,14106.2,271.273,7,2015,2024,eu_trend_wm_max_recent_v2
BRE,NYO,14105.0,271.25,5,2015,2019,eu_trend_wm_max_recent_v2
KLU,PMI,14102.5,271.2019,1,2023,2023,eu_trend_wm_max_recent_v2
BTS,TLV,14098.46,271.1242,1,2017,2017,eu_trend_wm_max_recent_v2
POZ,SKG,14094.98,271.0574,1,2024,2024,eu_trend_wm_max_recent_v2
CAG,WMI,14093.34,271.0258,4,2017,2023,eu_trend_wm_max_recent_v2
REU,LPL,14093.26,271.0243,5,2017,2024,eu_trend_wm_max_recent_v2
DUB,KSC,14086.8,270.8999,2,2023,2024,eu_trend_wm_max_recent_v2
BER,SPC,14079.0,270.75,1,2019,2019,eu_trend_wm_max_recent_v2
LIS,ORK,14079.0,270.75,1,2019,2019,eu_trend_wm_max_recent_v2
RHO,AAL,14078.69,270.7441,4,2016,2024,eu_trend_wm_max_recent_v2
NAP,LPL,14077.99,270.7305,3,2015,2017,eu_trend_wm_max_recent_v2
LNZ,HER,14076.87,270.709,5,2016,2024,eu_trend_wm_max_recent_v2
VGO,LIS,14076.0,270.6923,2,2017,2018,eu_trend_wm_max_recent_v2
BTS,TPS,14075.06,270.6742,4,2016,2024,eu_trend_wm_max_recent_v2
MAD,OLB,14073.86,270.6512,2,2023,2024,eu_trend_wm_max_recent_v2
LUX,MAN,14071.41,270.604,3,2017,2019,eu_trend_wm_max_recent_v2
HER,LNZ,14069.62,270.5697,5,2016,2024,eu_trend_wm_max_recent_v2
NCL,PRG,14069.5,270.5672,2,2015,2016,eu_trend_wm_max_recent_v2
SCQ,CRL,14066.47,270.509,2,2023,2024,eu_trend_wm_max_recent_v2
EVE,TOS,14059.0,270.3654,5,2015,2019,eu_trend_wm_max_recent_v2
RHO,BRE,14058.66,270.3588,3,2016,2018,eu_trend_wm_max_recent_v2
GCI,EMA,14054.64,270.2815,3,2015,2017,eu_trend_wm_max_recent_v2
POZ,KGS,14053.32,270.2561,4,2018,2024,eu_trend_wm_max_recent_v2
OLB,MAD,14051.69,270.2248,2,2023,2024,eu_trend_wm_max_recent_v2
TKU,FCO,14048.92,270.1715,2,2023,2024,eu_trend_wm_max_recent_v2
ORY,DZA,14047.21,270.1387,3,2015,2017,eu_trend_wm_max_recent_v2
DRS,STN,14047.07,270.136,1,2023,2023,eu_trend_wm_max_recent_v2
LIL,AGP,14047.0,270.1346,2,2016,2019,eu_trend_wm_max_recent_v2
FNC,HAM,14045.17,270.0994,7,2015,2024,eu_trend_wm_max_recent_v2
SNN,FUE,14041.53,270.0294,2,2023,2024,eu_trend_wm_max_recent_v2
LCG,AGP,14039.68,269.9938,2,2023,2024,eu_trend_wm_max_recent_v2
NTE,CFU,14038.72,269.9754,4,2015,2024,eu_trend_wm_max_recent_v2
VAR,NUE,14036.22,269.9273,4,2016,2023,eu_trend_wm_max_recent_v2
KSC,BOJ,14031.0,269.8269,7,2015,2024,eu_trend_wm_max_recent_v2
CLJ,NAP,14029.52,269.7984,1,2023,2023,eu_trend_wm_max_recent_v2
BUD,TMP,14029.0,269.7885,5,2015,2019,eu_trend_wm_max_recent_v2
CGN,FNC,14026.16,269.7338,5,2015,2019,eu_trend_wm_max_recent_v2
NUE,VAR,14026.02,269.7312,4,2016,2023,eu_trend_wm_max_recent_v2
BFS,GVA,14020.74,269.6297,1,2015,2015,eu_trend_wm_max_recent_v2
NWI,PMI,14020.43,269.6237,5,2015,2019,eu_trend_wm_max_recent_v2
NTE,OLB,14020.0,269.6154,6,2015,2024,eu_trend_wm_max_recent_v2
KEF,BFS,14018.58,269.5881,1,2015,2015,eu_trend_wm_max_recent_v2
LPL,TRF,14016.44,269.5468,2,2015,2016,eu_trend_wm_max_recent_v2
ZAG,LIS,14015.0,269.5192,4,2015,2019,eu_trend_wm_max_recent_v2
CRL,KUN,14014.74,269.5141,2,2023,2024,eu_trend_wm_max_recent_v2
KLU,STN,14014.74,269.5141,1,2023,2023,eu_trend_wm_max_recent_v2
GVA,PSA,14014.31,269.506,1,2016,2016,eu_trend_wm_max_recent_v2
BGY,DEB,14009.01,269.404,3,2016,2018,eu_trend_wm_max_recent_v2
GOT,BVA,14005.59,269.3383,1,2015,2015,eu_trend_wm_max_recent_v2
NRN,LPA,14000.52,269.2407,3,2015,2017,eu_trend_wm_max_recent_v2
FUE,PSA,13999.46,269.2203,2,2015,2016,eu_trend_wm_max_recent_v2
KSC,BTS,13995.42,269.1427,4,2015,2018,eu_trend_wm_max_recent_v2
BOD,ORK,13994.41,269.1233,2,2023,2024,eu_trend_wm_max_recent_v2
LPA,NRN,13993.68,269.1093,3,2015,2017,eu_trend_wm_max_recent_v2
BOJ,KSC,13992.0,269.0769,7,2015,2024,eu_trend_wm_max_recent_v2
KUN,TLV,13988.0,269.0,1,2019,2019,eu_trend_wm_max_recent_v2
LIL,SXB,13987.14,268.9834,4,2015,2018,eu_trend_wm_max_recent_v2
FCO,RZE,13984.25,268.9279,2,2023,2024,eu_trend_wm_max_recent_v2
ORK,BOD,13976.86,268.7857,2,2023,2024,eu_trend_wm_max_recent_v2
OVD,NRN,13975.01,268.7502,2,2023,2024,eu_trend_wm_max_recent_v2
KSC,SEN,13973.0,268.7115,1,2019,2019,eu_trend_wm_max_recent_v2
LCG,PMI,13973.0,268.7115,1,2019,2019,eu_trend_wm_max_recent_v2
BRU,IAS,13965.0,268.5577,4,2016,2019,eu_trend_wm_max_recent_v2
BRU,SZG,13962.17,268.5032,1,2017,2017,eu_trend_wm_max_recent_v2
CPH,KGS,13960.13,268.464,7,2015,2024,eu_trend_wm_max_recent_v2
OLB,NTE,13959.72,268.4562,6,2015,2024,eu_trend_wm_max_recent_v2
BLL,ACE,13947.48,268.2208,6,2015,2023,eu_trend_wm_max_recent_v2
TLV,BTS,13938.24,268.0431,1,2017,2017,eu_trend_wm_max_recent_v2
BUD,ORK,13932.0,267.9231,1,2019,2019,eu_trend_wm_max_recent_v2
FUE,LIL,13926.23,267.8122,2,2015,2016,eu_trend_wm_max_recent_v2
AGP,LCG,13926.05,267.8086,2,2023,2024,eu_trend_wm_max_recent_v2
MLA,SNN,13923.27,267.7553,2,2023,2024,eu_trend_wm_max_recent_v2
ARN,LUX,13913.82,267.5735,5,2015,2023,eu_trend_wm_max_recent_v2
GRO,BRU,13908.4,267.4693,4,2017,2024,eu_trend_wm_max_recent_v2
SVG,ARN,13897.0,267.25,6,2015,2023,eu_trend_wm_max_recent_v2
NCL,BRU,13894.1,267.1942,1,2015,2015,eu_trend_wm_max_recent_v2
VAR,FKB,13892.79,267.169,1,2023,2023,eu_trend_wm_max_recent_v2
ARN,SZG,13890.15,267.1183,6,2015,2024,eu_trend_wm_max_recent_v2
ARN,PVK,13888.17,267.0802,7,2015,2024,eu_trend_wm_max_recent_v2
STN,KLU,13885.4,267.0269,1,2023,2023,eu_trend_wm_max_recent_v2
BCN,CRA,13885.26,267.0242,3,2018,2023,eu_trend_wm_max_recent_v2
FKB,VAR,13882.63,266.9736,1,2023,2023,eu_trend_wm_max_recent_v2
FNC,MAD,13879.85,266.9203,2,2023,2024,eu_trend_wm_max_recent_v2
MAN,GNB,13874.04,266.8085,7,2015,2024,eu_trend_wm_max_recent_v2
TPS,BTS,13873.98,266.8074,4,2016,2024,eu_trend_wm_max_recent_v2
BOJ,NUE,13873.02,266.7888,1,2018,2018,eu_trend_wm_max_recent_v2
FKB,ZAD,13870.36,266.7377,7,2015,2024,eu_trend_wm_max_recent_v2
TRN,KRK,13869.69,266.7248,2,2023,2024,eu_trend_wm_max_recent_v2
VLC,VGO,13869.0,266.7115,1,2019,2019,eu_trend_wm_max_recent_v2
BER,CAG,13863.0,266.5962,5,2015,2019,eu_trend_wm_max_recent_v2
GNB,MAN,13861.8,266.5731,7,2015,2024,eu_trend_wm_max_recent_v2
CCF,OPO,13856.05,266.4624,7,2015,2024,eu_trend_wm_max_recent_v2
SVG,BER,13853.97,266.4224,4,2015,2018,eu_trend_wm_max_recent_v2
PMI,KLU,13853.06,266.405,1,2023,2023,eu_trend_wm_max_recent_v2
OVD,TFS,13852.0,266.3846,3,2015,2019,eu_trend_wm_max_recent_v2
ZAD,HAM,13846.0,266.2692,2,2019,2024,eu_trend_wm_max_recent_v2
MXP,CWL,13841.34,266.1795,3,2016,2018,eu_trend_wm_max_recent_v2
BOJ,STR,13839.0,266.1346,4,2016,2019,eu_trend_wm_max_recent_v2
ARN,ZAG,13836.3,266.0827,1,2018,2018,eu_trend_wm_max_recent_v2
TSR,BER,13830.04,265.9623,1,2017,2017,eu_trend_wm_max_recent_v2
MRS,JTR,13829.97,265.9609,2,2023,2024,eu_trend_wm_max_recent_v2
PSA,EMA,13826.92,265.9022,5,2015,2019,eu_trend_wm_max_recent_v2
ORK,GRO,13826.27,265.8898,2,2023,2024,eu_trend_wm_max_recent_v2
BSL,BIA,13825.08,265.8669,5,2017,2024,eu_trend_wm_max_recent_v2
PMI,VRN,13824.17,265.8494,6,2016,2024,eu_trend_wm_max_recent_v2
KTW,SPU,13823.5,265.8365,2,2023,2024,eu_trend_wm_max_recent_v2
SVQ,FMM,13813.0,265.6346,2,2018,2019,eu_trend_wm_max_recent_v2
RTM,MAN,13806.32,265.5061,1,2016,2016,eu_trend_wm_max_recent_v2
KRK,TRN,13805.95,265.499,2,2023,2024,eu_trend_wm_max_recent_v2
OTP,GOA,13804.1,265.4634,2,2023,2024,eu_trend_wm_max_recent_v2
BRE,RHO,13801.62,265.4158,3,2016,2018,eu_trend_wm_max_recent_v2
OVD,GRX,13797.9,265.3443,1,2024,2024,eu_trend_wm_max_recent_v2
CRL,VIT,13795.78,265.3035,2,2023,2024,eu_trend_wm_max_recent_v2
PMI,NWI,13793.62,265.262,5,2015,2019,eu_trend_wm_max_recent_v2
BCN,RMU,13790.66,265.2049,1,2024,2024,eu_trend_wm_max_recent_v2
BER,SVG,13790.5,265.202,4,2015,2018,eu_trend_wm_max_recent_v2
BSL,KEF,13784.77,265.0918,1,2015,2015,eu_trend_wm_max_recent_v2
BGY,MAH,13784.7,265.0903,5,2015,2024,eu_trend_wm_max_recent_v2
WMI,TLS,13784.28,265.0823,2,2017,2018,eu_trend_wm_max_recent_v2
CMN,SXB,13780.44,265.0085,4,2015,2018,eu_trend_wm_max_recent_v2
LIS,VGO,13778.16,264.9646,2,2017,2018,eu_trend_wm_max_recent_v2
STR,BOJ,13766.0,264.7308,4,2016,2019,eu_trend_wm_max_recent_v2
ZAD,DUS,13766.0,264.7308,4,2016,2019,eu_trend_wm_max_recent_v2
LPL,BGY,13764.49,264.7018,1,2017,2017,eu_trend_wm_max_recent_v2
JMK,AMS,13764.39,264.6998,3,2019,2024,eu_trend_wm_max_recent_v2
FSC,BVA,13763.45,264.6817,7,2015,2024,eu_trend_wm_max_recent_v2
SNN,BVA,13761.75,264.6489,2,2015,2016,eu_trend_wm_max_recent_v2
ORK,LIS,13761.0,264.6346,1,2019,2019,eu_trend_wm_max_recent_v2
DUS,PDL,13758.56,264.5877,1,2016,2016,eu_trend_wm_max_recent_v2
ORK,BUD,13757.0,264.5577,1,2019,2019,eu_trend_wm_max_recent_v2
PFO,JMK,13751.0,264.4423,2,2019,2023,eu_trend_wm_max_recent_v2
SKP,DXB,13750.97,264.4417,5,2015,2019,eu_trend_wm_max_recent_v2
RVN,DUB,13747.74,264.3797,2,2023,2024,eu_trend_wm_max_recent_v2
TKU,KRK,13744.0,264.3077,1,2019,2019,eu_trend_wm_max_recent_v2
GDN,CRL,13743.68,264.3016,2,2016,2017,eu_trend_wm_max_recent_v2
NTE,JTR,13743.0,264.2885,2,2019,2023,eu_trend_wm_max_recent_v2
MLA,CHQ,13732.96,264.0954,1,2023,2023,eu_trend_wm_max_recent_v2
PRG,NCL,13727.79,263.9959,2,2015,2016,eu_trend_wm_max_recent_v2
LBA,FCO,13721.0,263.8654,5,2015,2019,eu_trend_wm_max_recent_v2
SZG,ARN,13721.0,263.8654,6,2015,2024,eu_trend_wm_max_recent_v2
RZE,FCO,13715.41,263.7579,2,2023,2024,eu_trend_wm_max_recent_v2
TFS,MMX,13712.47,263.7014,5,2015,2019,eu_trend_wm_max_recent_v2
KVA,DUS,13710.0,263.6538,7,2015,2024,eu_trend_wm_max_recent_v2
JTR,BHX,13709.87,263.6513,2,2023,2024,eu_trend_wm_max_recent_v2
FRA,CAG,13704.72,263.5523,3,2018,2023,eu_trend_wm_max_recent_v2
LUX,HER,13700.0,263.4615,6,2015,2023,eu_trend_wm_max_recent_v2
LPL,BCM,13699.0,263.4423,4,2016,2019,eu_trend_wm_max_recent_v2
SEN,KSC,13696.0,263.3846,1,2019,2019,eu_trend_wm_max_recent_v2
LCY,ANR,13692.48,263.3169,6,2015,2023,eu_trend_wm_max_recent_v2
GRO,POZ,13692.0,263.3077,6,2016,2024,eu_trend_wm_max_recent_v2
SKG,JMK,13687.38,263.2188,7,2015,2024,eu_trend_wm_max_recent_v2
SPC,BER,13681.0,263.0962,1,2019,2019,eu_trend_wm_max_recent_v2
ORY,LJU,13676.54,263.0103,1,2024,2024,eu_trend_wm_max_recent_v2
ABZ,LBA,13676.53,263.0102,1,2015,2015,eu_trend_wm_max_recent_v2
LYS,DBV,13672.0,262.9231,3,2019,2024,eu_trend_wm_max_recent_v2
LBA,PRG,13669.82,262.8811,5,2015,2019,eu_trend_wm_max_recent_v2
KGS,CPH,13667.0,262.8269,7,2015,2024,eu_trend_wm_max_recent_v2
NUE,BOJ,13666.98,262.8265,1,2018,2018,eu_trend_wm_max_recent_v2
TLS,WMI,13665.96,262.8069,2,2017,2018,eu_trend_wm_max_recent_v2
RMI,BUD,13651.66,262.532,3,2019,2024,eu_trend_wm_max_recent_v2
GRQ,HER,13651.0,262.5192,4,2015,2019,eu_trend_wm_max_recent_v2
KUN,MLA,13649.26,262.4857,2,2015,2016,eu_trend_wm_max_recent_v2
IOM,BHD,13648.2,262.4653,2,2015,2016,eu_trend_wm_max_recent_v2
DUB,AHO,13645.14,262.4065,2,2015,2024,eu_trend_wm_max_recent_v2
SEN,CLJ,13644.0,262.3846,1,2019,2019,eu_trend_wm_max_recent_v2
SCQ,BLQ,13643.35,262.3721,2,2023,2024,eu_trend_wm_max_recent_v2
FCO,LBA,13638.0,262.2692,5,2015,2019,eu_trend_wm_max_recent_v2
BIQ,MRS,13637.56,262.2608,3,2015,2023,eu_trend_wm_max_recent_v2
GVA,BFS,13637.56,262.2608,1,2015,2015,eu_trend_wm_max_recent_v2
OTP,SDR,13637.0,262.25,3,2019,2024,eu_trend_wm_max_recent_v2
ORK,PVD,13634.34,262.1988,1,2018,2018,eu_trend_wm_max_recent_v2
HER,BRE,13620.06,261.9242,6,2016,2024,eu_trend_wm_max_recent_v2
DBV,VCE,13620.0,261.9231,2,2018,2019,eu_trend_wm_max_recent_v2
RHO,DRS,13619.04,261.9046,3,2017,2019,eu_trend_wm_max_recent_v2
ZAD,FKB,13615.85,261.8433,7,2015,2024,eu_trend_wm_max_recent_v2
NAP,CLJ,13615.63,261.8391,1,2023,2023,eu_trend_wm_max_recent_v2
AHO,AMS,13610.88,261.7477,1,2018,2018,eu_trend_wm_max_recent_v2
MST,OPO,13609.17,261.7147,3,2015,2024,eu_trend_wm_max_recent_v2
BIA,BSL,13609.0,261.7115,5,2017,2024,eu_trend_wm_max_recent_v2
BVA,SNN,13607.87,261.6898,2,2015,2016,eu_trend_wm_max_recent_v2
BUD,RMI,13607.32,261.6792,3,2019,2024,eu_trend_wm_max_recent_v2
NCL,BHD,13606.17,261.6572,1,2015,2015,eu_trend_wm_max_recent_v2
SOU,AGP,13605.78,261.6496,5,2015,2019,eu_trend_wm_max_recent_v2
HEL,UME,13605.0,261.6346,2,2018,2019,eu_trend_wm_max_recent_v2
CWL,RHO,13603.0,261.5962,1,2019,2019,eu_trend_wm_max_recent_v2
BCN,JMK,13601.0,261.5577,2,2018,2019,eu_trend_wm_max_recent_v2
CLJ,SEN,13600.0,261.5385,1,2019,2019,eu_trend_wm_max_recent_v2
CIA,CHQ,13598.6,261.5114,1,2015,2015,eu_trend_wm_max_recent_v2
OTP,SUF,13597.62,261.4927,3,2017,2019,eu_trend_wm_max_recent_v2
SKG,HAJ,13595.31,261.4483,1,2023,2023,eu_trend_wm_max_recent_v2
MAH,BGY,13591.61,261.3772,5,2015,2024,eu_trend_wm_max_recent_v2
BGO,VNO,13589.83,261.3429,2,2015,2016,eu_trend_wm_max_recent_v2
FCO,SCQ,13584.5,261.2404,5,2015,2019,eu_trend_wm_max_recent_v2
BRI,ZTH,13576.83,261.0929,2,2023,2024,eu_trend_wm_max_recent_v2
ORK,GLA,13576.0,261.0769,5,2015,2019,eu_trend_wm_max_recent_v2
JNB,RUN,13573.14,261.0219,6,2016,2024,eu_trend_wm_max_recent_v2
DXB,SKP,13572.02,261.0003,5,2015,2019,eu_trend_wm_max_recent_v2
JTR,MRS,13565.75,260.8797,2,2023,2024,eu_trend_wm_max_recent_v2
KEF,BSL,13558.55,260.7413,1,2015,2015,eu_trend_wm_max_recent_v2
ACE,BLL,13555.8,260.6885,6,2015,2023,eu_trend_wm_max_recent_v2
LPA,FNC,13553.76,260.6492,5,2017,2024,eu_trend_wm_max_recent_v2
FNC,ARN,13545.0,260.4808,5,2015,2019,eu_trend_wm_max_recent_v2
CRL,GDN,13543.93,260.4601,2,2016,2017,eu_trend_wm_max_recent_v2
DUB,PGF,13538.89,260.3633,7,2015,2024,eu_trend_wm_max_recent_v2
GRX,OVD,13537.96,260.3454,1,2024,2024,eu_trend_wm_max_recent_v2
BCN,TGD,13530.64,260.2046,1,2023,2023,eu_trend_wm_max_recent_v2
BHD,IOM,13528.28,260.1592,2,2015,2016,eu_trend_wm_max_recent_v2
DUB,RVN,13526.02,260.1158,2,2023,2024,eu_trend_wm_max_recent_v2
EDI,NYO,13522.0,260.0385,1,2019,2019,eu_trend_wm_max_recent_v2
FCO,TKU,13521.4,260.027,2,2023,2024,eu_trend_wm_max_recent_v2
BRE,HER,13519.08,259.9823,6,2016,2024,eu_trend_wm_max_recent_v2
FUE,SNN,13512.16,259.8493,2,2023,2024,eu_trend_wm_max_recent_v2
SPU,KTW,13512.16,259.8493,2,2023,2024,eu_trend_wm_max_recent_v2
BHX,JTR,13511.24,259.8315,2,2023,2024,eu_trend_wm_max_recent_v2
MAH,FCO,13509.0,259.7885,6,2015,2024,eu_trend_wm_max_recent_v2
TPS,GRO,13508.55,259.7799,3,2015,2017,eu_trend_wm_max_recent_v2
SKG,NYO,13508.0,259.7692,5,2015,2019,eu_trend_wm_max_recent_v2
DRS,RHO,13507.86,259.7665,3,2017,2019,eu_trend_wm_max_recent_v2
OPO,CCF,13504.39,259.6998,7,2015,2024,eu_trend_wm_max_recent_v2
WMI,SZZ,13503.85,259.6894,1,2023,2023,eu_trend_wm_max_recent_v2
HER,FMO,13503.0,259.6731,4,2017,2024,eu_trend_wm_max_recent_v2
HER,GRQ,13502.0,259.6538,4,2015,2019,eu_trend_wm_max_recent_v2
DBV,NTE,13501.74,259.6488,5,2016,2024,eu_trend_wm_max_recent_v2
LCY,OPO,13498.68,259.59,1,2018,2018,eu_trend_wm_max_recent_v2
LPA,PIK,13497.11,259.5598,5,2015,2019,eu_trend_wm_max_recent_v2
FMO,HER,13487.0,259.3654,4,2017,2024,eu_trend_wm_max_recent_v2
NYO,EDI,13481.0,259.25,1,2019,2019,eu_trend_wm_max_recent_v2
SXB,LIL,13480.46,259.2397,4,2015,2018,eu_trend_wm_max_recent_v2
NYO,SKG,13475.0,259.1346,5,2015,2019,eu_trend_wm_max_recent_v2
FNC,VNO,13474.29,259.1209,1,2023,2023,eu_trend_wm_max_recent_v2
POZ,FUE,13473.18,259.0996,2,2016,2018,eu_trend_wm_max_recent_v2
LUZ,DUB,13469.12,259.0216,6,2016,2024,eu_trend_wm_max_recent_v2
BHX,SDR,13462.28,258.8899,2,2023,2024,eu_trend_wm_max_recent_v2
BSL,DEB,13461.0,258.8654,1,2019,2019,eu_trend_wm_max_recent_v2
PGF,DUB,13458.24,258.8123,7,2015,2024,eu_trend_wm_max_recent_v2
TGM,CIA,13458.24,258.8123,2,2015,2016,eu_trend_wm_max_recent_v2
PMI,LCG,13458.0,258.8077,1,2019,2019,eu_trend_wm_max_recent_v2
BOJ,BRS,13457.0,258.7885,2,2018,2019,eu_trend_wm_max_recent_v2
LIS,KTW,13456.86,258.7858,2,2017,2018,eu_trend_wm_max_recent_v2
AGP,LIL,13456.0,258.7692,2,2016,2019,eu_trend_wm_max_recent_v2
LJU,CPH,13449.25,258.6394,4,2015,2019,eu_trend_wm_max_recent_v2
SEN,CPH,13444.0,258.5385,1,2019,2019,eu_trend_wm_max_recent_v2
GRO,TPS,13443.01,258.5194,3,2015,2017,eu_trend_wm_max_recent_v2
FUE,POZ,13440.54,258.4719,2,2016,2018,eu_trend_wm_max_recent_v2
MAN,JMK,13440.0,258.4615,4,2017,2023,eu_trend_wm_max_recent_v2
SDR,OTP,13439.0,258.4423,3,2019,2024,eu_trend_wm_max_recent_v2
VNO,FNC,13438.26,258.428,1,2023,2023,eu_trend_wm_max_recent_v2
SDR,BHX,13435.48,258.3747,2,2023,2024,eu_trend_wm_max_recent_v2
ZRH,TGD,13434.0,258.3462,4,2016,2019,eu_trend_wm_max_recent_v2
PDL,DUS,13433.83,258.3429,1,2016,2016,eu_trend_wm_max_recent_v2
CDG,OVD,13431.71,258.3021,4,2015,2018,eu_trend_wm_max_recent_v2
CRL,RMU,13430.0,258.2692,1,2019,2019,eu_trend_wm_max_recent_v2
BOH,PRG,13428.0,258.2308,1,2019,2019,eu_trend_wm_max_recent_v2
CAG,FRA,13425.24,258.1777,3,2018,2023,eu_trend_wm_max_recent_v2
TMP,STN,13424.4,258.1615,2,2015,2023,eu_trend_wm_max_recent_v2
RHO,NTE,13424.28,258.1593,2,2015,2016,eu_trend_wm_max_recent_v2
POZ,GRO,13424.0,258.1538,6,2016,2024,eu_trend_wm_max_recent_v2
BCN,MST,13419.78,258.0727,1,2023,2023,eu_trend_wm_max_recent_v2
CPH,BRE,13418.98,258.0572,2,2015,2016,eu_trend_wm_max_recent_v2
MMX,TFS,13418.04,258.0392,5,2015,2019,eu_trend_wm_max_recent_v2
AMS,AHO,13413.0,257.9423,1,2018,2018,eu_trend_wm_max_recent_v2
HHN,ACE,13407.0,257.827,1,2015,2015,eu_trend_wm_max_recent_v2
BSL,MAH,13405.0,257.7885,1,2019,2019,eu_trend_wm_max_recent_v2
CPH,NCL,13403.06,257.7511,2,2015,2016,eu_trend_wm_max_recent_v2
AGP,SOU,13401.78,257.7265,5,2015,2019,eu_trend_wm_max_recent_v2
RMU,CRL,13394.0,257.5769,1,2019,2019,eu_trend_wm_max_recent_v2
MPL,LIS,13392.06,257.5397,1,2023,2023,eu_trend_wm_max_recent_v2
ARN,ZTH,13387.14,257.445,6,2016,2024,eu_trend_wm_max_recent_v2
OPO,MST,13382.82,257.362,3,2015,2024,eu_trend_wm_max_recent_v2
FCO,SXB,13380.05,257.3087,2,2023,2024,eu_trend_wm_max_recent_v2
JTR,MAD,13379.13,257.291,2,2023,2024,eu_trend_wm_max_recent_v2
BRI,NUE,13378.5,257.2789,5,2017,2024,eu_trend_wm_max_recent_v2
BRU,PFO,13377.78,257.265,5,2015,2019,eu_trend_wm_max_recent_v2
LGW,GRO,13375.47,257.2205,2,2015,2016,eu_trend_wm_max_recent_v2
OTP,SZG,13374.93,257.2101,1,2024,2024,eu_trend_wm_max_recent_v2
VRN,CIY,13374.02,257.1927,1,2024,2024,eu_trend_wm_max_recent_v2
ZTH,FCO,13371.3,257.1405,5,2015,2024,eu_trend_wm_max_recent_v2
FKB,SUF,13369.49,257.1056,4,2017,2024,eu_trend_wm_max_recent_v2
TRF,PSA,13365.87,257.036,1,2024,2024,eu_trend_wm_max_recent_v2
FSC,GVA,13365.06,257.0204,5,2017,2024,eu_trend_wm_max_recent_v2
MST,BCN,13362.5,256.9712,1,2023,2023,eu_trend_wm_max_recent_v2
MAH,BSL,13357.0,256.8654,1,2019,2019,eu_trend_wm_max_recent_v2
PIK,LPA,13355.61,256.8387,5,2015,2019,eu_trend_wm_max_recent_v2
PMI,VIT,13352.28,256.7747,3,2019,2024,eu_trend_wm_max_recent_v2
KUN,CGN,13351.41,256.758,2,2023,2024,eu_trend_wm_max_recent_v2
FCO,ZTH,13351.38,256.7573,5,2015,2024,eu_trend_wm_max_recent_v2
MAN,ZAD,13351.0,256.75,5,2015,2019,eu_trend_wm_max_recent_v2
PRG,LBA,13350.41,256.7387,5,2015,2019,eu_trend_wm_max_recent_v2
ARN,CFU,13347.0,256.6731,5,2017,2024,eu_trend_wm_max_recent_v2
PFO,BRU,13346.0,256.6538,5,2015,2019,eu_trend_wm_max_recent_v2
MUC,KVA,13345.68,256.6477,6,2016,2024,eu_trend_wm_max_recent_v2
TSF,CHQ,13342.06,256.5781,1,2015,2015,eu_trend_wm_max_recent_v2
BRS,BOJ,13342.0,256.5769,2,2018,2019,eu_trend_wm_max_recent_v2
DUB,CHQ,13335.56,256.4532,7,2015,2024,eu_trend_wm_max_recent_v2
DUB,LUZ,13331.45,256.3741,6,2016,2024,eu_trend_wm_max_recent_v2
CWL,MXP,13328.77,256.3225,3,2016,2018,eu_trend_wm_max_recent_v2
BLL,FUE,13325.0,256.25,7,2015,2024,eu_trend_wm_max_recent_v2
OVD,AMS,13322.77,256.2072,2,2023,2024,eu_trend_wm_max_recent_v2
FMM,SVQ,13321.0,256.1731,2,2018,2019,eu_trend_wm_max_recent_v2
AHO,DUB,13319.33,256.1409,2,2015,2024,eu_trend_wm_max_recent_v2
BLL,HER,13311.53,255.9909,5,2017,2024,eu_trend_wm_max_recent_v2
GOA,DUB,13309.84,255.9585,1,2023,2023,eu_trend_wm_max_recent_v2
LIL,MPL,13307.94,255.9219,4,2018,2024,eu_trend_wm_max_recent_v2
RHO,CWL,13304.0,255.8462,1,2019,2019,eu_trend_wm_max_recent_v2
LCA,MLA,13300.93,255.787,1,2015,2015,eu_trend_wm_max_recent_v2
CIA,CFU,13300.66,255.7819,2,2015,2024,eu_trend_wm_max_recent_v2
PDL,CDG,13300.6,255.7808,2,2023,2024,eu_trend_wm_max_recent_v2
CFU,CIA,13299.75,255.7644,2,2015,2024,eu_trend_wm_max_recent_v2
RMU,BCN,13298.85,255.747,1,2024,2024,eu_trend_wm_max_recent_v2
CLJ,BRI,13298.0,255.7307,6,2015,2023,eu_trend_wm_max_recent_v2
CHQ,MLA,13297.83,255.7275,1,2023,2023,eu_trend_wm_max_recent_v2
DUB,GOA,13290.44,255.5854,1,2023,2023,eu_trend_wm_max_recent_v2
NUE,NAP,13290.0,255.5769,3,2019,2024,eu_trend_wm_max_recent_v2
NAP,NUE,13289.0,255.5577,3,2019,2024,eu_trend_wm_max_recent_v2
FMM,KRK,13283.05,255.4433,2,2023,2024,eu_trend_wm_max_recent_v2
CPH,ZTH,13279.35,255.3722,2,2023,2024,eu_trend_wm_max_recent_v2
MST,MLA,13279.0,255.3654,1,2019,2019,eu_trend_wm_max_recent_v2
HER,LUX,13273.0,255.25,6,2015,2023,eu_trend_wm_max_recent_v2
SNN,TFS,13262.72,255.0524,2,2023,2024,eu_trend_wm_max_recent_v2
LUZ,NYO,13261.02,255.0196,4,2015,2018,eu_trend_wm_max_recent_v2
PSA,GVA,13257.67,254.9552,1,2016,2016,eu_trend_wm_max_recent_v2
NTE,RHO,13254.49,254.894,2,2015,2016,eu_trend_wm_max_recent_v2
MLA,LCA,13252.22,254.8503,1,2015,2015,eu_trend_wm_max_recent_v2
PDL,EWR,13249.79,254.8037,2,2023,2024,eu_trend_wm_max_recent_v2
DUS,KVA,13249.0,254.7885,7,2015,2024,eu_trend_wm_max_recent_v2
MLA,KUN,13248.12,254.7716,2,2015,2016,eu_trend_wm_max_recent_v2
MMX,RHO,13247.41,254.7579,4,2015,2024,eu_trend_wm_max_recent_v2
LUX,ARN,13244.7,254.7058,5,2015,2023,eu_trend_wm_max_recent_v2
NUE,BLQ,13241.48,254.6438,1,2023,2023,eu_trend_wm_max_recent_v2
CDG,FNC,13239.97,254.6149,1,2024,2024,eu_trend_wm_max_recent_v2
CGN,IAS,13237.0,254.5577,4,2016,2019,eu_trend_wm_max_recent_v2
REU,LTN,13236.54,254.5488,1,2018,2018,eu_trend_wm_max_recent_v2
INI,BGY,13231.0,254.4423,2,2018,2019,eu_trend_wm_max_recent_v2
BTS,KSC,13227.36,254.3723,4,2015,2018,eu_trend_wm_max_recent_v2
AMS,LEI,13226.61,254.3578,2,2016,2017,eu_trend_wm_max_recent_v2
FCO,MAH,13223.0,254.2885,6,2015,2024,eu_trend_wm_max_recent_v2
TFS,SNN,13221.15,254.2529,2,2023,2024,eu_trend_wm_max_recent_v2
SPU,VCE,13220.0,254.2308,2,2018,2019,eu_trend_wm_max_recent_v2
ZTH,BRI,13219.3,254.2174,2,2023,2024,eu_trend_wm_max_recent_v2
STN,BZR,13217.0,254.1731,5,2017,2024,eu_trend_wm_max_recent_v2
NCE,OLB,13216.42,254.162,5,2017,2024,eu_trend_wm_max_recent_v2
CHQ,DUB,13214.12,254.1177,7,2015,2024,eu_trend_wm_max_recent_v2
ARN,FNC,13211.0,254.0577,5,2015,2019,eu_trend_wm_max_recent_v2
SDR,BVA,13210.07,254.0397,2,2023,2024,eu_trend_wm_max_recent_v2
AES,VNO,13207.79,253.9961,2,2015,2016,eu_trend_wm_max_recent_v2
JMK,PFO,13206.0,253.9615,2,2019,2023,eu_trend_wm_max_recent_v2
PMI,SVG,13201.0,253.8654,7,2015,2024,eu_trend_wm_max_recent_v2
GOA,OTP,13197.13,253.791,2,2023,2024,eu_trend_wm_max_recent_v2
FUE,BLL,13189.0,253.6346,7,2015,2024,eu_trend_wm_max_recent_v2
JTR,CDG,13187.89,253.6133,2,2023,2024,eu_trend_wm_max_recent_v2
MPL,LIL,13184.52,253.5485,4,2018,2024,eu_trend_wm_max_recent_v2
OLB,BRS,13184.52,253.5485,3,2018,2024,eu_trend_wm_max_recent_v2
SUF,MAD,13182.48,253.5092,2,2017,2018,eu_trend_wm_max_recent_v2
LCY,NTE,13182.33,253.5063,2,2015,2016,eu_trend_wm_max_recent_v2
TSF,VIE,13175.88,253.3824,2,2023,2024,eu_trend_wm_max_recent_v2
TRS,BCN,13174.04,253.3468,2,2023,2024,eu_trend_wm_max_recent_v2
SXB,IST,13174.0,253.3462,3,2019,2024,eu_trend_wm_max_recent_v2
LIL,MXP,13172.5,253.3174,2,2016,2017,eu_trend_wm_max_recent_v2
LIS,MPL,13172.19,253.3113,1,2023,2023,eu_trend_wm_max_recent_v2
HER,BLL,13169.33,253.2563,5,2017,2024,eu_trend_wm_max_recent_v2
TLS,LUX,13168.49,253.2402,1,2023,2023,eu_trend_wm_max_recent_v2
PSR,NRN,13168.42,253.2389,7,2015,2024,eu_trend_wm_max_recent_v2
SEN,BUD,13165.14,253.1758,1,2018,2018,eu_trend_wm_max_recent_v2
DRS,BCN,13164.54,253.1642,1,2015,2015,eu_trend_wm_max_recent_v2
HAJ,SKG,13162.95,253.1336,1,2023,2023,eu_trend_wm_max_recent_v2
RUN,JNB,13158.0,253.0385,6,2016,2024,eu_trend_wm_max_recent_v2
ARN,BOJ,13153.92,252.96,4,2017,2023,eu_trend_wm_max_recent_v2
MMX,VNO,13152.61,252.9348,1,2016,2016,eu_trend_wm_max_recent_v2
KGS,WRO,13151.86,252.9205,4,2018,2024,eu_trend_wm_max_recent_v2
SXB,FCO,13151.86,252.9205,2,2023,2024,eu_trend_wm_max_recent_v2
VCE,DBV,13141.0,252.7115,2,2018,2019,eu_trend_wm_max_recent_v2
PUY,KTW,13140.34,252.6989,1,2024,2024,eu_trend_wm_max_recent_v2
RHO,MMX,13140.25,252.6972,4,2015,2024,eu_trend_wm_max_recent_v2
BLQ,NUE,13138.01,252.654,1,2023,2023,eu_trend_wm_max_recent_v2
VXO,GDN,13134.0,252.5769,4,2017,2023,eu_trend_wm_max_recent_v2
DBV,LYS,13130.0,252.5,3,2019,2024,eu_trend_wm_max_recent_v2
PSA,NYO,13122.57,252.357,5,2015,2019,eu_trend_wm_max_recent_v2
MLA,MST,13118.0,252.2692,1,2019,2019,eu_trend_wm_max_recent_v2
FRA,TOS,13115.83,252.2276,2,2023,2024,eu_trend_wm_max_recent_v2
AHO,FMM,13113.17,252.1764,4,2015,2024,eu_trend_wm_max_recent_v2
AMS,OVD,13111.21,252.1387,2,2023,2024,eu_trend_wm_max_recent_v2
BOJ,ARN,13110.06,252.1165,4,2017,2023,eu_trend_wm_max_recent_v2
BRS,OLB,13101.9,251.9596,3,2018,2024,eu_trend_wm_max_recent_v2
ABZ,CPH,13097.0,251.8654,5,2015,2019,eu_trend_wm_max_recent_v2
EFL,BGY,13097.0,251.8654,6,2016,2024,eu_trend_wm_max_recent_v2
PRG,ZAG,13091.7,251.7635,3,2017,2019,eu_trend_wm_max_recent_v2
BUD,AHO,13089.97,251.7301,2,2023,2024,eu_trend_wm_max_recent_v2
NUE,CFU,13087.19,251.6768,2,2023,2024,eu_trend_wm_max_recent_v2
BRI,CLJ,13086.82,251.6696,6,2015,2023,eu_trend_wm_max_recent_v2
LEI,AMS,13086.15,251.6568,2,2016,2017,eu_trend_wm_max_recent_v2
BZG,WAW,13084.42,251.6235,2,2023,2024,eu_trend_wm_max_recent_v2
PDL,FRA,13084.07,251.6167,5,2017,2024,eu_trend_wm_max_recent_v2
TGD,MAN,13082.58,251.588,2,2023,2024,eu_trend_wm_max_recent_v2
DBV,EMA,13080.0,251.5385,3,2018,2024,eu_trend_wm_max_recent_v2
INI,ARN,13079.8,251.5347,2,2023,2024,eu_trend_wm_max_recent_v2
JMK,SKG,13079.46,251.5281,7,2015,2024,eu_trend_wm_max_recent_v2
WRO,BRI,13078.88,251.5169,2,2023,2024,eu_trend_wm_max_recent_v2
FRA,TGD,13078.0,251.5,4,2016,2019,eu_trend_wm_max_recent_v2
BCN,SXB,13077.96,251.4992,2,2023,2024,eu_trend_wm_max_recent_v2
TSF,LPA,13077.0,251.4808,1,2019,2019,eu_trend_wm_max_recent_v2
BDS,GOA,13076.11,251.4636,2,2023,2024,eu_trend_wm_max_recent_v2
GDN,VXO,13076.0,251.4615,4,2017,2023,eu_trend_wm_max_recent_v2
LIL,NAP,13066.0,251.2692,3,2017,2019,eu_trend_wm_max_recent_v2
VIT,PMI,13063.36,251.2184,3,2019,2024,eu_trend_wm_max_recent_v2
EMA,DBV,13062.0,251.1923,3,2018,2024,eu_trend_wm_max_recent_v2
SZG,OTP,13058.83,251.1313,1,2024,2024,eu_trend_wm_max_recent_v2
CGN,KUN,13058.56,251.1261,2,2023,2024,eu_trend_wm_max_recent_v2
LIS,GDN,13058.04,251.1162,1,2018,2018,eu_trend_wm_max_recent_v2
ZRH,WRO,13058.0,251.1154,4,2018,2024,eu_trend_wm_max_recent_v2
LTN,REU,13056.0,251.0769,1,2018,2018,eu_trend_wm_max_recent_v2
HHN,TGM,13054.98,251.0573,2,2015,2016,eu_trend_wm_max_recent_v2
KRK,TKU,13053.0,251.0192,1,2019,2019,eu_trend_wm_max_recent_v2
FUE,FMO,13050.9,250.9788,4,2017,2024,eu_trend_wm_max_recent_v2
LGG,MAD,13049.67,250.9553,1,2016,2016,eu_trend_wm_max_recent_v2
ZAD,MAN,13048.0,250.9231,5,2015,2019,eu_trend_wm_max_recent_v2
TGD,STR,13045.0,250.8654,1,2019,2019,eu_trend_wm_max_recent_v2
KVA,MUC,13044.78,250.8612,6,2016,2024,eu_trend_wm_max_recent_v2
CFU,FCO,13043.31,250.8328,5,2015,2024,eu_trend_wm_max_recent_v2
BRS,TSF,13042.25,250.8124,2,2015,2016,eu_trend_wm_max_recent_v2
SXB,BCN,13038.23,250.7352,2,2023,2024,eu_trend_wm_max_recent_v2
SUF,FKB,13032.56,250.6262,4,2017,2024,eu_trend_wm_max_recent_v2
DUB,LRH,13030.84,250.5931,7,2015,2024,eu_trend_wm_max_recent_v2
GLA,FNC,13028.15,250.5414,3,2015,2017,eu_trend_wm_max_recent_v2
CRL,SCQ,13028.07,250.5398,2,2023,2024,eu_trend_wm_max_recent_v2
NAP,LIL,13028.0,250.5385,3,2017,2019,eu_trend_wm_max_recent_v2
GLA,KGS,13024.38,250.4688,3,2015,2019,eu_trend_wm_max_recent_v2
OLB,CIA,13022.53,250.4332,2,2023,2024,eu_trend_wm_max_recent_v2
FMM,AHO,13014.45,250.2778,4,2015,2024,eu_trend_wm_max_recent_v2
TRD,SPU,13010.0,250.1923,3,2017,2019,eu_trend_wm_max_recent_v2
TKU,KUN,13003.0,250.0577,1,2019,2019,eu_trend_wm_max_recent_v2
WRO,KGS,12999.43,249.989,4,2018,2024,eu_trend_wm_max_recent_v2
PMI,SOU,12998.93,249.9794,5,2015,2019,eu_trend_wm_max_recent_v2
HAU,STN,12996.76,249.9377,1,2015,2015,eu_trend_wm_max_recent_v2
GVA,FSC,12995.82,249.9196,5,2017,2024,eu_trend_wm_max_recent_v2
NUE,BRI,12993.56,249.8761,5,2017,2024,eu_trend_wm_max_recent_v2
TLL,GRO,12988.12,249.7716,5,2015,2019,eu_trend_wm_max_recent_v2
LPL,LPA,12986.27,249.736,1,2017,2017,eu_trend_wm_max_recent_v2
KUN,TKU,12985.0,249.7115,1,2019,2019,eu_trend_wm_max_recent_v2
LEI,RTM,12985.0,249.7115,4,2018,2024,eu_trend_wm_max_recent_v2
ORK,MLA,12985.0,249.7115,1,2019,2019,eu_trend_wm_max_recent_v2
MXP,LIL,12984.19,249.696,2,2016,2017,eu_trend_wm_max_recent_v2
REG,BGY,12979.0,249.5962,1,2019,2019,eu_trend_wm_max_recent_v2
SVG,PMI,12975.42,249.5273,7,2015,2024,eu_trend_wm_max_recent_v2
KRK,FMM,12975.41,249.5271,2,2023,2024,eu_trend_wm_max_recent_v2
EMA,PRG,12972.0,249.4615,5,2015,2019,eu_trend_wm_max_recent_v2
PRG,TLL,12969.16,249.4069,1,2024,2024,eu_trend_wm_max_recent_v2
CFU,NTE,12967.55,249.3759,4,2015,2024,eu_trend_wm_max_recent_v2
LUX,TLS,12962.48,249.2784,1,2023,2023,eu_trend_wm_max_recent_v2
LPL,CLJ,12960.63,249.2428,4,2017,2023,eu_trend_wm_max_recent_v2
SMI,SKG,12950.22,249.0427,7,2015,2024,eu_trend_wm_max_recent_v2
CUN,NCL,12946.74,248.9757,1,2016,2016,eu_trend_wm_max_recent_v2
LGW,AES,12942.64,248.8969,1,2015,2015,eu_trend_wm_max_recent_v2
LPA,ZAZ,12942.15,248.8875,2,2023,2024,eu_trend_wm_max_recent_v2
BCN,TRS,12934.76,248.7454,2,2023,2024,eu_trend_wm_max_recent_v2
INI,BER,12930.0,248.6538,2,2018,2019,eu_trend_wm_max_recent_v2
MAN,NWI,12926.97,248.5956,5,2015,2019,eu_trend_wm_max_recent_v2
ZRH,JTR,12926.57,248.588,6,2016,2024,eu_trend_wm_max_recent_v2
FMM,MLA,12925.52,248.5677,2,2023,2024,eu_trend_wm_max_recent_v2
NUE,VCE,12923.67,248.5322,1,2023,2023,eu_trend_wm_max_recent_v2
EDI,TRN,12922.75,248.5144,1,2023,2023,eu_trend_wm_max_recent_v2
BRU,EMA,12920.99,248.4806,3,2015,2018,eu_trend_wm_max_recent_v2
GRZ,PMI,12919.69,248.4555,7,2015,2024,eu_trend_wm_max_recent_v2
DTM,VIE,12918.3,248.4288,3,2018,2023,eu_trend_wm_max_recent_v2
RTM,LEI,12917.0,248.4038,4,2018,2024,eu_trend_wm_max_recent_v2
BLL,MAD,12916.28,248.3901,1,2023,2023,eu_trend_wm_max_recent_v2
CFU,NUE,12916.28,248.3901,2,2023,2024,eu_trend_wm_max_recent_v2
MLA,ORK,12916.0,248.3846,1,2019,2019,eu_trend_wm_max_recent_v2
NYO,PSA,12915.53,248.3755,5,2015,2019,eu_trend_wm_max_recent_v2
GRO,TLL,12914.9,248.3635,5,2015,2019,eu_trend_wm_max_recent_v2
LPA,TSF,12912.0,248.3077,1,2019,2019,eu_trend_wm_max_recent_v2
SPC,BCN,12910.14,248.2719,6,2015,2024,eu_trend_wm_max_recent_v2
SUF,FMM,12907.97,248.2302,2,2023,2024,eu_trend_wm_max_recent_v2
MAN,TGD,12903.35,248.1413,2,2023,2024,eu_trend_wm_max_recent_v2
VIE,LNZ,12897.92,248.037,3,2015,2017,eu_trend_wm_max_recent_v2
BVA,SDR,12897.81,248.0347,2,2023,2024,eu_trend_wm_max_recent_v2
STN,HAU,12893.93,247.9602,1,2015,2015,eu_trend_wm_max_recent_v2
AGP,TLL,12888.57,247.8571,2,2023,2024,eu_trend_wm_max_recent_v2
SPU,KRK,12884.87,247.786,1,2023,2023,eu_trend_wm_max_recent_v2
BHD,NCL,12879.86,247.6896,1,2015,2015,eu_trend_wm_max_recent_v2
KRK,SPU,12878.41,247.6616,1,2023,2023,eu_trend_wm_max_recent_v2
TLL,BLL,12876.77,247.6303,1,2024,2024,eu_trend_wm_max_recent_v2
ABZ,PMI,12875.0,247.5962,5,2015,2019,eu_trend_wm_max_recent_v2
VAR,BRU,12871.83,247.5352,5,2015,2019,eu_trend_wm_max_recent_v2
GRO,LGW,12871.39,247.5268,2,2015,2016,eu_trend_wm_max_recent_v2
ZAD,HHN,12870.43,247.5084,4,2015,2024,eu_trend_wm_max_recent_v2
PAD,ALC,12870.09,247.5017,2,2023,2024,eu_trend_wm_max_recent_v2
NCL,CUN,12868.21,247.4655,1,2016,2016,eu_trend_wm_max_recent_v2
RHO,BLQ,12868.21,247.4655,2,2015,2016,eu_trend_wm_max_recent_v2
BGY,FKB,12867.32,247.4484,2,2023,2024,eu_trend_wm_max_recent_v2
MLA,FMM,12866.4,247.4307,2,2023,2024,eu_trend_wm_max_recent_v2
TRS,CAG,12866.4,247.4307,2,2023,2024,eu_trend_wm_max_recent_v2
MAD,SUF,12866.28,247.4285,2,2017,2018,eu_trend_wm_max_recent_v2
BRI,WRO,12859.93,247.3063,2,2023,2024,eu_trend_wm_max_recent_v2
SPC,STR,12857.0,247.25,3,2015,2019,eu_trend_wm_max_recent_v2
GLA,ORK,12856.0,247.2308,5,2015,2019,eu_trend_wm_max_recent_v2
FNC,CDG,12855.04,247.2123,1,2024,2024,eu_trend_wm_max_recent_v2
PRG,BOH,12855.0,247.2115,1,2019,2019,eu_trend_wm_max_recent_v2
MAD,BLL,12853.46,247.182,1,2023,2023,eu_trend_wm_max_recent_v2
KTW,PUY,12853.23,247.1774,1,2024,2024,eu_trend_wm_max_recent_v2
PMI,GRZ,12853.1,247.175,7,2015,2024,eu_trend_wm_max_recent_v2
BCN,SPC,12853.02,247.1735,6,2015,2024,eu_trend_wm_max_recent_v2
BIO,TFS,12851.02,247.135,1,2017,2017,eu_trend_wm_max_recent_v2
JMK,MAN,12851.0,247.1346,4,2017,2023,eu_trend_wm_max_recent_v2
PMI,AAR,12849.77,247.1109,3,2018,2024,eu_trend_wm_max_recent_v2
VCE,SPU,12849.0,247.0962,2,2018,2019,eu_trend_wm_max_recent_v2
NRN,PSR,12848.7,247.0903,7,2015,2024,eu_trend_wm_max_recent_v2
ACE,SDR,12848.47,247.086,1,2015,2015,eu_trend_wm_max_recent_v2
HAM,LUX,12848.47,247.086,6,2015,2023,eu_trend_wm_max_recent_v2
BRU,GRO,12845.98,247.0381,4,2017,2024,eu_trend_wm_max_recent_v2
BES,OPO,12844.0,247.0,3,2019,2024,eu_trend_wm_max_recent_v2
POZ,CPH,12842.82,246.9773,6,2015,2024,eu_trend_wm_max_recent_v2
TPS,MXP,12839.64,246.9162,3,2019,2024,eu_trend_wm_max_recent_v2
LPA,LPL,12838.54,246.8949,1,2017,2017,eu_trend_wm_max_recent_v2
BLQ,RHO,12834.25,246.8125,2,2015,2016,eu_trend_wm_max_recent_v2
BDS,DUB,12834.06,246.8089,2,2023,2024,eu_trend_wm_max_recent_v2
TSF,GDN,12834.06,246.8089,2,2023,2024,eu_trend_wm_max_recent_v2
FDH,LGW,12830.0,246.7308,5,2015,2019,eu_trend_wm_max_recent_v2
CHQ,BRS,12828.0,246.6923,6,2015,2024,eu_trend_wm_max_recent_v2
CWL,MLA,12828.0,246.6923,1,2019,2019,eu_trend_wm_max_recent_v2
OLB,TRS,12827.87,246.6897,1,2024,2024,eu_trend_wm_max_recent_v2
KGS,GLA,12821.4,246.5654,3,2015,2019,eu_trend_wm_max_recent_v2
PSA,TRF,12811.56,246.3762,1,2024,2024,eu_trend_wm_max_recent_v2
CRL,CHQ,12811.49,246.3747,5,2015,2019,eu_trend_wm_max_recent_v2
TRN,EDI,12808.19,246.3114,1,2023,2023,eu_trend_wm_max_recent_v2
CFR,TLS,12807.0,246.2885,4,2018,2024,eu_trend_wm_max_recent_v2
BGY,INI,12804.0,246.2308,2,2018,2019,eu_trend_wm_max_recent_v2
GOT,KGS,12798.68,246.1284,1,2015,2015,eu_trend_wm_max_recent_v2
DUB,SZG,12786.72,245.8985,7,2015,2024,eu_trend_wm_max_recent_v2
AHO,BUD,12784.17,245.8495,2,2023,2024,eu_trend_wm_max_recent_v2
BER,BOJ,12783.39,245.8345,5,2016,2024,eu_trend_wm_max_recent_v2
STN,TMP,12783.25,245.8317,2,2015,2023,eu_trend_wm_max_recent_v2
CIA,TGM,12782.25,245.8125,2,2015,2016,eu_trend_wm_max_recent_v2
NCL,JER,12781.19,245.7921,1,2016,2016,eu_trend_wm_max_recent_v2
VIE,DTM,12779.58,245.7612,3,2018,2023,eu_trend_wm_max_recent_v2
BCN,DRS,12777.03,245.7121,1,2015,2015,eu_trend_wm_max_recent_v2
CIY,CIA,12777.03,245.7121,3,2015,2019,eu_trend_wm_max_recent_v2
KUN,AAL,12775.86,245.6896,1,2023,2023,eu_trend_wm_max_recent_v2
FNC,GLA,12773.78,245.6497,3,2015,2017,eu_trend_wm_max_recent_v2
NWI,MAN,12771.95,245.6144,5,2015,2019,eu_trend_wm_max_recent_v2
CFE,LIS,12771.0,245.5962,1,2019,2019,eu_trend_wm_max_recent_v2
KGS,GOT,12767.29,245.5248,1,2015,2015,eu_trend_wm_max_recent_v2
FKB,BGY,12765.7,245.4942,2,2023,2024,eu_trend_wm_max_recent_v2
ANR,BCN,12764.28,245.4669,4,2015,2018,eu_trend_wm_max_recent_v2
RHO,TRD,12761.0,245.4038,7,2015,2024,eu_trend_wm_max_recent_v2
LGW,FDH,12754.0,245.2692,5,2015,2019,eu_trend_wm_max_recent_v2
YUL,PDL,12753.6,245.2615,1,2024,2024,eu_trend_wm_max_recent_v2
CAG,CDG,12753.0,245.25,2,2018,2019,eu_trend_wm_max_recent_v2
SOU,PMI,12751.05,245.2125,5,2015,2019,eu_trend_wm_max_recent_v2
ABZ,SEN,12750.0,245.1923,1,2019,2019,eu_trend_wm_max_recent_v2
OST,BCN,12750.0,245.1923,4,2015,2018,eu_trend_wm_max_recent_v2
TRS,OLB,12743.63,245.0699,1,2024,2024,eu_trend_wm_max_recent_v2
SPU,TRD,12743.0,245.0577,3,2017,2019,eu_trend_wm_max_recent_v2
ARN,SVG,12738.74,244.9758,6,2015,2023,eu_trend_wm_max_recent_v2
ZAG,ARN,12736.74,244.9373,1,2018,2018,eu_trend_wm_max_recent_v2
FMM,SUF,12734.29,244.8901,2,2023,2024,eu_trend_wm_max_recent_v2
CDG,CAG,12734.0,244.8846,2,2018,2019,eu_trend_wm_max_recent_v2
LPA,LCG,12733.36,244.8723,1,2023,2023,eu_trend_wm_max_recent_v2
MRS,PFO,12733.36,244.8723,2,2023,2024,eu_trend_wm_max_recent_v2
BRS,INN,12732.76,244.8608,5,2017,2024,eu_trend_wm_max_recent_v2
BLL,TLL,12731.86,244.8434,1,2024,2024,eu_trend_wm_max_recent_v2
JTR,GVA,12728.74,244.7835,2,2023,2024,eu_trend_wm_max_recent_v2
LCG,LPA,12726.89,244.748,1,2023,2023,eu_trend_wm_max_recent_v2
NTE,LPA,12723.88,244.6901,1,2016,2016,eu_trend_wm_max_recent_v2
SEN,ABZ,12722.0,244.6538,1,2019,2019,eu_trend_wm_max_recent_v2
ZAD,MXP,12717.66,244.5703,2,2023,2024,eu_trend_wm_max_recent_v2
BOJ,BER,12715.39,244.5268,5,2016,2024,eu_trend_wm_max_recent_v2
ORY,ZTH,12712.11,244.4637,1,2023,2023,eu_trend_wm_max_recent_v2
MLA,CWL,12708.0,244.3846,1,2019,2019,eu_trend_wm_max_recent_v2
HER,RZE,12707.4,244.3731,1,2024,2024,eu_trend_wm_max_recent_v2
DBV,EWR,12703.8,244.3038,2,2023,2024,eu_trend_wm_max_recent_v2
JER,NCL,12703.72,244.3023,1,2016,2016,eu_trend_wm_max_recent_v2
CFU,BLQ,12702.87,244.2861,3,2019,2024,eu_trend_wm_max_recent_v2
PEG,CRL,12701.95,244.2683,7,2015,2024,eu_trend_wm_max_recent_v2
ALC,PAD,12701.03,244.2505,2,2023,2024,eu_trend_wm_max_recent_v2
BLQ,LMP,12700.16,244.2339,6,2015,2024,eu_trend_wm_max_recent_v2
CHQ,TSF,12698.01,244.1925,1,2015,2015,eu_trend_wm_max_recent_v2
EMA,BRU,12698.01,244.1925,3,2015,2018,eu_trend_wm_max_recent_v2
TGD,ZAG,12697.33,244.1795,2,2023,2024,eu_trend_wm_max_recent_v2
RZE,HER,12696.53,244.1641,1,2024,2024,eu_trend_wm_max_recent_v2
BGO,RHO,12695.23,244.1391,2,2015,2016,eu_trend_wm_max_recent_v2
RHO,SVG,12691.86,244.0742,7,2015,2024,eu_trend_wm_max_recent_v2
RHO,VRN,12691.52,244.0676,5,2015,2019,eu_trend_wm_max_recent_v2
CRL,CFU,12689.02,244.0196,5,2017,2024,eu_trend_wm_max_recent_v2
FNI,OPO,12687.17,243.984,2,2023,2024,eu_trend_wm_max_recent_v2
WMI,SVQ,12686.0,243.9615,2,2018,2019,eu_trend_wm_max_recent_v2
WRO,HEL,12685.67,243.9551,1,2024,2024,eu_trend_wm_max_recent_v2
IBZ,SEN,12685.0,243.9423,5,2015,2019,eu_trend_wm_max_recent_v2
CFU,CRL,12683.47,243.913,5,2017,2024,eu_trend_wm_max_recent_v2
PMI,ABZ,12682.0,243.8846,5,2015,2019,eu_trend_wm_max_recent_v2
BRI,CGN,12680.37,243.8534,3,2015,2017,eu_trend_wm_max_recent_v2
FMM,NYO,12680.0,243.8462,2,2018,2019,eu_trend_wm_max_recent_v2
TRN,ARN,12676.56,243.78,3,2018,2024,eu_trend_wm_max_recent_v2
BRS,CHQ,12674.01,243.7309,6,2015,2024,eu_trend_wm_max_recent_v2
AAR,PMI,12673.31,243.7175,3,2018,2024,eu_trend_wm_max_recent_v2
FNC,LUX,12672.99,243.7113,3,2016,2024,eu_trend_wm_max_recent_v2
LJU,ORY,12671.17,243.6764,1,2024,2024,eu_trend_wm_max_recent_v2
SVQ,MAH,12670.44,243.6623,4,2017,2024,eu_trend_wm_max_recent_v2
PRG,TRN,12668.69,243.6287,2,2023,2024,eu_trend_wm_max_recent_v2
NRN,TPS,12667.77,243.6109,1,2023,2023,eu_trend_wm_max_recent_v2
TSF,BRS,12667.64,243.6085,2,2015,2016,eu_trend_wm_max_recent_v2
LUZ,GDN,12665.0,243.5576,2,2023,2024,eu_trend_wm_max_recent_v2
FCO,CFU,12663.3,243.525,5,2015,2024,eu_trend_wm_max_recent_v2
CFU,ARN,12662.0,243.5,5,2017,2024,eu_trend_wm_max_recent_v2
ALC,FMO,12661.21,243.4848,1,2024,2024,eu_trend_wm_max_recent_v2
BER,INI,12660.0,243.4615,2,2018,2019,eu_trend_wm_max_recent_v2
SCQ,FMM,12659.45,243.451,2,2023,2024,eu_trend_wm_max_recent_v2
GDN,LUZ,12658.53,243.4333,2,2023,2024,eu_trend_wm_max_recent_v2
SZG,DUB,12656.47,243.3936,7,2015,2024,eu_trend_wm_max_recent_v2
BLQ,CFU,12654.83,243.3622,3,2019,2024,eu_trend_wm_max_recent_v2
ATH,LIL,12653.91,243.3444,1,2023,2023,eu_trend_wm_max_recent_v2
LEJ,DUB,12652.99,243.3267,1,2023,2023,eu_trend_wm_max_recent_v2
PRG,EMA,12652.0,243.3077,5,2015,2019,eu_trend_wm_max_recent_v2
TRN,PRG,12646.52,243.2023,2,2023,2024,eu_trend_wm_max_recent_v2
BLQ,JMK,12645.96,243.1915,4,2018,2024,eu_trend_wm_max_recent_v2
ZTH,ARN,12643.23,243.1391,6,2016,2024,eu_trend_wm_max_recent_v2
TFS,GRX,12638.82,243.0542,1,2018,2018,eu_trend_wm_max_recent_v2
ACE,HHN,12638.48,243.0477,1,2015,2015,eu_trend_wm_max_recent_v2
OLB,NCE,12637.66,243.032,5,2017,2024,eu_trend_wm_max_recent_v2
TLL,AGP,12634.51,242.9713,2,2023,2024,eu_trend_wm_max_recent_v2
HEL,PVK,12634.15,242.9644,7,2015,2024,eu_trend_wm_max_recent_v2
RHO,BGO,12627.31,242.833,2,2015,2016,eu_trend_wm_max_recent_v2
ZAG,PRG,12625.0,242.7885,3,2017,2019,eu_trend_wm_max_recent_v2
NQY,BHX,12622.13,242.7333,5,2015,2019,eu_trend_wm_max_recent_v2
OLB,GOA,12622.13,242.7333,6,2016,2024,eu_trend_wm_max_recent_v2
DZA,ORY,12621.16,242.7146,3,2015,2017,eu_trend_wm_max_recent_v2
PVK,HEL,12619.0,242.6731,7,2015,2024,eu_trend_wm_max_recent_v2
CRA,LPL,12614.85,242.5933,1,2017,2017,eu_trend_wm_max_recent_v2
BLL,PSA,12613.21,242.5617,4,2015,2024,eu_trend_wm_max_recent_v2
STR,TGD,12613.0,242.5577,1,2019,2019,eu_trend_wm_max_recent_v2
BGY,EFL,12611.41,242.5272,6,2016,2024,eu_trend_wm_max_recent_v2
KRS,STN,12610.0,242.5,1,2019,2019,eu_trend_wm_max_recent_v2
LUX,FNC,12605.06,242.4049,3,2016,2024,eu_trend_wm_max_recent_v2
TLS,FSC,12605.0,242.4038,7,2015,2024,eu_trend_wm_max_recent_v2
LED,RMI,12604.0,242.3846,4,2016,2019,eu_trend_wm_max_recent_v2
KUN,GOT,12602.18,242.3495,1,2023,2023,eu_trend_wm_max_recent_v2
HEL,KGS,12601.08,242.3285,6,2015,2024,eu_trend_wm_max_recent_v2
WAW,SDR,12599.04,242.2892,2,2017,2018,eu_trend_wm_max_recent_v2
SCQ,EDI,12598.48,242.2785,1,2023,2023,eu_trend_wm_max_recent_v2
HHN,ZAD,12596.9,242.2482,4,2015,2024,eu_trend_wm_max_recent_v2
TRD,RHO,12594.0,242.1923,7,2015,2024,eu_trend_wm_max_recent_v2
BLQ,MAH,12593.86,242.1896,2,2023,2024,eu_trend_wm_max_recent_v2
ZTH,DUS,12592.94,242.1719,2,2023,2024,eu_trend_wm_max_recent_v2
FMO,ALC,12592.38,242.1611,1,2024,2024,eu_trend_wm_max_recent_v2
GCI,LCY,12589.77,242.1109,3,2015,2017,eu_trend_wm_max_recent_v2
AJA,AMS,12585.72,242.0331,1,2017,2017,eu_trend_wm_max_recent_v2
DEB,LCA,12582.41,241.9695,3,2019,2024,eu_trend_wm_max_recent_v2
JTR,ZRH,12581.68,241.9554,6,2016,2024,eu_trend_wm_max_recent_v2
CGN,BRI,12580.62,241.935,3,2015,2017,eu_trend_wm_max_recent_v2
ALC,AES,12578.5,241.8942,4,2016,2024,eu_trend_wm_max_recent_v2
ZAZ,SCQ,12576.31,241.8521,2,2023,2024,eu_trend_wm_max_recent_v2
NYO,FMM,12575.0,241.8269,2,2018,2019,eu_trend_wm_max_recent_v2
DUB,BDS,12572.61,241.781,2,2023,2024,eu_trend_wm_max_recent_v2
BER,TRS,12569.73,241.7256,1,2024,2024,eu_trend_wm_max_recent_v2
SVG,RHO,12568.44,241.7008,7,2015,2024,eu_trend_wm_max_recent_v2
PRG,POZ,12566.11,241.6559,1,2024,2024,eu_trend_wm_max_recent_v2
STR,SPC,12562.0,241.5769,3,2015,2019,eu_trend_wm_max_recent_v2
BFS,MLA,12560.54,241.5489,1,2015,2015,eu_trend_wm_max_recent_v2
FUE,LUX,12558.75,241.5145,1,2023,2023,eu_trend_wm_max_recent_v2
TRN,WRO,12554.14,241.4257,1,2023,2023,eu_trend_wm_max_recent_v2
TGD,BLQ,12551.0,241.3654,1,2019,2019,eu_trend_wm_max_recent_v2
CIY,VRN,12547.09,241.2902,1,2024,2024,eu_trend_wm_max_recent_v2
CLJ,CTA,12545.82,241.2658,1,2023,2023,eu_trend_wm_max_recent_v2
PTP,JFK,12542.42,241.2003,4,2016,2019,eu_trend_wm_max_recent_v2
ARN,SMI,12535.31,241.0637,7,2015,2024,eu_trend_wm_max_recent_v2
VCE,NUE,12533.81,241.0348,1,2023,2023,eu_trend_wm_max_recent_v2
JFK,PTP,12531.81,240.9963,4,2016,2019,eu_trend_wm_max_recent_v2
BVA,TRN,12530.12,240.9638,1,2023,2023,eu_trend_wm_max_recent_v2
CWL,MAH,12530.0,240.9615,3,2016,2019,eu_trend_wm_max_recent_v2
RHO,BEG,12529.54,240.9526,2,2016,2017,eu_trend_wm_max_recent_v2
FSC,TLS,12523.0,240.8269,7,2015,2024,eu_trend_wm_max_recent_v2
TFS,LIL,12523.0,240.8269,2,2017,2019,eu_trend_wm_max_recent_v2
AES,LGW,12521.58,240.7995,1,2015,2015,eu_trend_wm_max_recent_v2
SDR,ACE,12521.58,240.7995,1,2015,2015,eu_trend_wm_max_recent_v2
CAG,DUS,12520.5,240.7788,3,2018,2023,eu_trend_wm_max_recent_v2
KVA,LGW,12511.85,240.6125,6,2015,2024,eu_trend_wm_max_recent_v2
PFO,MRS,12510.71,240.5907,2,2023,2024,eu_trend_wm_max_recent_v2
STN,KRS,12509.0,240.5577,1,2019,2019,eu_trend_wm_max_recent_v2
GOA,BDS,12507.94,240.5374,2,2023,2024,eu_trend_wm_max_recent_v2
MAH,CWL,12507.0,240.5192,3,2016,2019,eu_trend_wm_max_recent_v2
ZAG,MAN,12504.25,240.4663,1,2023,2023,eu_trend_wm_max_recent_v2
RTM,EDI,12503.32,240.4485,2,2023,2024,eu_trend_wm_max_recent_v2
CWL,BCN,12502.14,240.4258,4,2016,2019,eu_trend_wm_max_recent_v2
ABZ,HUY,12496.79,240.3228,5,2015,2019,eu_trend_wm_max_recent_v2
FMM,EDI,12496.0,240.3077,1,2019,2019,eu_trend_wm_max_recent_v2
SDR,WAW,12485.82,240.1119,2,2017,2018,eu_trend_wm_max_recent_v2
SCQ,BVA,12485.77,240.111,1,2023,2023,eu_trend_wm_max_recent_v2
LGW,TOS,12482.76,240.0531,4,2017,2024,eu_trend_wm_max_recent_v2
SVQ,WMI,12475.0,239.9038,2,2018,2019,eu_trend_wm_max_recent_v2
PSA,BLL,12474.63,239.8967,4,2015,2024,eu_trend_wm_max_recent_v2
LHR,BDS,12472.84,239.8623,2,2023,2024,eu_trend_wm_max_recent_v2
MAN,BZR,12463.76,239.6877,7,2015,2024,eu_trend_wm_max_recent_v2
ZRH,ZTH,12462.86,239.6703,1,2024,2024,eu_trend_wm_max_recent_v2
MRS,WRO,12461.95,239.6529,1,2024,2024,eu_trend_wm_max_recent_v2
CHQ,CIA,12456.63,239.5506,1,2015,2015,eu_trend_wm_max_recent_v2
PVK,OSL,12454.36,239.5069,7,2015,2024,eu_trend_wm_max_recent_v2
LIS,CFE,12451.0,239.4423,1,2019,2019,eu_trend_wm_max_recent_v2
CAG,TRS,12450.66,239.4359,2,2023,2024,eu_trend_wm_max_recent_v2
EXT,NWI,12445.0,239.3269,4,2016,2019,eu_trend_wm_max_recent_v2
BUD,CAG,12444.0,239.3077,2,2019,2023,eu_trend_wm_max_recent_v2
MAH,SVQ,12444.0,239.3077,4,2017,2024,eu_trend_wm_max_recent_v2
DUB,LEJ,12442.35,239.276,1,2023,2023,eu_trend_wm_max_recent_v2
KSC,ZRH,12440.21,239.2349,1,2024,2024,eu_trend_wm_max_recent_v2
MAH,BLQ,12436.81,239.1694,2,2023,2024,eu_trend_wm_max_recent_v2
BLQ,SCQ,12435.88,239.1516,2,2023,2024,eu_trend_wm_max_recent_v2
ZTH,ORY,12434.96,239.1338,1,2023,2023,eu_trend_wm_max_recent_v2
BSL,FNC,12432.78,239.0919,3,2017,2024,eu_trend_wm_max_recent_v2
BZR,MAN,12426.63,238.9736,7,2015,2024,eu_trend_wm_max_recent_v2
NTE,MAH,12423.87,238.9206,3,2017,2024,eu_trend_wm_max_recent_v2
SXB,CMN,12423.07,238.9053,4,2015,2018,eu_trend_wm_max_recent_v2
LIL,BIQ,12414.42,238.7388,1,2018,2018,eu_trend_wm_max_recent_v2
ZAZ,LPA,12408.17,238.6186,2,2023,2024,eu_trend_wm_max_recent_v2
BRE,PRG,12407.92,238.6138,1,2015,2015,eu_trend_wm_max_recent_v2
BGY,REG,12403.0,238.5192,1,2019,2019,eu_trend_wm_max_recent_v2
BCN,ANR,12399.12,238.4446,4,2015,2018,eu_trend_wm_max_recent_v2
IST,GRZ,12399.0,238.4423,1,2019,2019,eu_trend_wm_max_recent_v2
MAH,GVA,12394.02,238.3465,1,2024,2024,eu_trend_wm_max_recent_v2
ORK,SOU,12389.94,238.2681,2,2017,2018,eu_trend_wm_max_recent_v2
BGO,SPU,12388.92,238.2485,3,2017,2019,eu_trend_wm_max_recent_v2
BSL,RHO,12388.54,238.2412,2,2015,2016,eu_trend_wm_max_recent_v2
BEG,RHO,12384.92,238.1716,2,2016,2017,eu_trend_wm_max_recent_v2
NWI,TFS,12384.84,238.17,4,2015,2019,eu_trend_wm_max_recent_v2
GDN,TSF,12382.3,238.1212,2,2023,2024,eu_trend_wm_max_recent_v2
LCA,DEB,12375.0,237.9808,3,2019,2024,eu_trend_wm_max_recent_v2
BCN,CWL,12370.56,237.8954,4,2016,2019,eu_trend_wm_max_recent_v2
FMO,FUE,12370.56,237.8954,4,2017,2024,eu_trend_wm_max_recent_v2
ZAG,PUY,12370.36,237.8915,7,2015,2024,eu_trend_wm_max_recent_v2
RTM,BGY,12370.29,237.8902,2,2023,2024,eu_trend_wm_max_recent_v2
RNS,SXB,12366.48,237.8169,1,2018,2018,eu_trend_wm_max_recent_v2
ZRH,TOS,12365.04,237.7892,1,2024,2024,eu_trend_wm_max_recent_v2
TLS,CFR,12365.0,237.7885,4,2018,2024,eu_trend_wm_max_recent_v2
JFK,LCY,12364.62,237.7812,1,2015,2015,eu_trend_wm_max_recent_v2
SUF,MLA,12358.7,237.6672,3,2019,2024,eu_trend_wm_max_recent_v2
INN,BRS,12356.89,237.6324,5,2017,2024,eu_trend_wm_max_recent_v2
GOA,OLB,12356.83,237.6314,6,2016,2024,eu_trend_wm_max_recent_v2
CHQ,CRL,12353.71,237.5713,5,2015,2019,eu_trend_wm_max_recent_v2
TPS,PSR,12353.66,237.5704,2,2023,2024,eu_trend_wm_max_recent_v2
ARN,TRN,12350.16,237.5031,3,2018,2024,eu_trend_wm_max_recent_v2
FMM,VLC,12349.97,237.4993,2,2023,2024,eu_trend_wm_max_recent_v2
GRZ,IST,12349.0,237.4808,1,2019,2019,eu_trend_wm_max_recent_v2
OSL,PVK,12346.02,237.4234,7,2015,2024,eu_trend_wm_max_recent_v2
BGY,RTM,12342.57,237.3572,2,2023,2024,eu_trend_wm_max_recent_v2
SMI,VIE,12338.64,237.2816,1,2015,2015,eu_trend_wm_max_recent_v2
NAP,JSI,12337.96,237.2684,2,2023,2024,eu_trend_wm_max_recent_v2
OVD,DUB,12337.96,237.2684,1,2023,2023,eu_trend_wm_max_recent_v2
MLA,SUF,12336.96,237.2492,3,2019,2024,eu_trend_wm_max_recent_v2
BRE,OPO,12334.98,237.2112,6,2015,2023,eu_trend_wm_max_recent_v2
BHX,NQY,12334.42,237.2004,5,2015,2019,eu_trend_wm_max_recent_v2
CDG,JTR,12333.34,237.1795,2,2023,2024,eu_trend_wm_max_recent_v2
EDI,SCQ,12331.49,237.144,1,2023,2023,eu_trend_wm_max_recent_v2
BGY,VAR,12331.0,237.1346,2,2018,2019,eu_trend_wm_max_recent_v2
TLL,PRG,12327.9,237.075,1,2024,2024,eu_trend_wm_max_recent_v2
BCN,OST,12326.7,237.0519,4,2015,2018,eu_trend_wm_max_recent_v2
TRS,KRK,12324.28,237.0054,1,2024,2024,eu_trend_wm_max_recent_v2
BDS,LHR,12318.55,236.8953,2,2023,2024,eu_trend_wm_max_recent_v2
SOF,WRO,12318.55,236.8953,2,2023,2024,eu_trend_wm_max_recent_v2
PSA,CHQ,12318.54,236.895,3,2016,2018,eu_trend_wm_max_recent_v2
BZR,STN,12318.0,236.8846,5,2017,2024,eu_trend_wm_max_recent_v2
CLJ,MLA,12317.52,236.8754,4,2017,2023,eu_trend_wm_max_recent_v2
MAD,LGG,12317.44,236.8739,1,2016,2016,eu_trend_wm_max_recent_v2
LIL,ATH,12316.71,236.8598,1,2023,2023,eu_trend_wm_max_recent_v2
TOS,FRA,12316.71,236.8598,2,2023,2024,eu_trend_wm_max_recent_v2
TFS,NWI,12316.5,236.8558,4,2015,2019,eu_trend_wm_max_recent_v2
BES,MPL,12314.86,236.8242,4,2018,2024,eu_trend_wm_max_recent_v2
EDI,FMM,12314.0,236.8077,1,2019,2019,eu_trend_wm_max_recent_v2
NTE,DBV,12312.42,236.7773,5,2016,2024,eu_trend_wm_max_recent_v2
NYO,LUZ,12311.4,236.7577,4,2015,2018,eu_trend_wm_max_recent_v2
PSR,TPS,12310.24,236.7354,2,2023,2024,eu_trend_wm_max_recent_v2
SCQ,ZAZ,12310.24,236.7354,2,2023,2024,eu_trend_wm_max_recent_v2
EWR,PDL,12309.32,236.7176,2,2023,2024,eu_trend_wm_max_recent_v2
CIA,GDN,12305.26,236.6396,1,2024,2024,eu_trend_wm_max_recent_v2
DUS,ZTH,12301.0,236.5577,2,2023,2024,eu_trend_wm_max_recent_v2
SXB,RNS,12300.18,236.5419,1,2018,2018,eu_trend_wm_max_recent_v2
ZAG,GRO,12296.2,236.4654,1,2024,2024,eu_trend_wm_max_recent_v2
MLA,BFS,12295.35,236.449,1,2015,2015,eu_trend_wm_max_recent_v2
OLB,CPH,12292.58,236.3957,2,2018,2024,eu_trend_wm_max_recent_v2
SOU,ORK,12287.94,236.3065,2,2017,2018,eu_trend_wm_max_recent_v2
ZRH,KSC,12283.52,236.2216,1,2024,2024,eu_trend_wm_max_recent_v2
POZ,KEF,12281.82,236.1888,1,2018,2018,eu_trend_wm_max_recent_v2
FRA,MAH,12280.8,236.1692,4,2018,2024,eu_trend_wm_max_recent_v2
LRH,DUB,12278.09,236.1171,7,2015,2024,eu_trend_wm_max_recent_v2
NTE,SPU,12275.86,236.0743,5,2015,2019,eu_trend_wm_max_recent_v2
TRN,BVA,12270.51,235.9714,1,2023,2023,eu_trend_wm_max_recent_v2
AAL,TFS,12265.04,235.8661,6,2015,2024,eu_trend_wm_max_recent_v2
BOJ,WMI,12263.6,235.8384,3,2018,2024,eu_trend_wm_max_recent_v2
SOF,BOJ,12258.0,235.7308,4,2015,2019,eu_trend_wm_max_recent_v2
MAD,TSF,12254.54,235.6642,1,2024,2024,eu_trend_wm_max_recent_v2
SEN,IBZ,12254.0,235.6538,5,2015,2019,eu_trend_wm_max_recent_v2
KGS,SKG,12251.82,235.6119,3,2019,2024,eu_trend_wm_max_recent_v2
JSI,NAP,12251.11,235.5983,2,2023,2024,eu_trend_wm_max_recent_v2
NOC,BGY,12250.19,235.5806,2,2023,2024,eu_trend_wm_max_recent_v2
LIG,BRS,12249.52,235.5678,7,2015,2024,eu_trend_wm_max_recent_v2
TRS,SVQ,12246.39,235.5074,1,2024,2024,eu_trend_wm_max_recent_v2
PMI,LNZ,12244.0,235.4615,7,2015,2024,eu_trend_wm_max_recent_v2
SVG,MAN,12240.0,235.3846,5,2015,2019,eu_trend_wm_max_recent_v2
VLC,FMM,12238.18,235.3496,2,2023,2024,eu_trend_wm_max_recent_v2
VAR,LGW,12236.0,235.3077,2,2019,2024,eu_trend_wm_max_recent_v2
LIL,VCE,12235.92,235.3062,1,2018,2018,eu_trend_wm_max_recent_v2
VNO,VAR,12234.9,235.2865,2,2016,2018,eu_trend_wm_max_recent_v2
VCE,LIL,12228.78,235.1688,1,2018,2018,eu_trend_wm_max_recent_v2
BRI,ZRH,12222.62,235.0504,2,2016,2017,eu_trend_wm_max_recent_v2
SZG,RHO,12221.93,235.0371,1,2024,2024,eu_trend_wm_max_recent_v2
TOS,ZRH,12221.03,235.0197,1,2024,2024,eu_trend_wm_max_recent_v2
SOU,ACI,12218.58,234.9727,4,2015,2019,eu_trend_wm_max_recent_v2
NQY,LBA,12217.56,234.9531,3,2017,2019,eu_trend_wm_max_recent_v2
MPL,BES,12216.93,234.941,4,2018,2024,eu_trend_wm_max_recent_v2
BGY,NOC,12215.08,234.9055,2,2023,2024,eu_trend_wm_max_recent_v2
LGW,LRH,12213.44,234.8739,7,2015,2024,eu_trend_wm_max_recent_v2
MAH,FRA,12212.46,234.855,4,2018,2024,eu_trend_wm_max_recent_v2
TSF,MAD,12209.25,234.7933,1,2024,2024,eu_trend_wm_max_recent_v2
EDI,RTM,12204.0,234.6923,2,2023,2024,eu_trend_wm_max_recent_v2
MXP,TPS,12203.82,234.6888,3,2019,2024,eu_trend_wm_max_recent_v2
VIE,TSF,12203.07,234.6745,2,2023,2024,eu_trend_wm_max_recent_v2
MAH,ALC,12201.24,234.6392,6,2015,2023,eu_trend_wm_max_recent_v2
GVA,MAH,12201.1,234.6365,1,2024,2024,eu_trend_wm_max_recent_v2
LUX,FUE,12197.53,234.5679,1,2023,2023,eu_trend_wm_max_recent_v2
TRS,BER,12194.76,234.5146,1,2024,2024,eu_trend_wm_max_recent_v2
LMP,BGY,12193.08,234.4823,7,2015,2024,eu_trend_wm_max_recent_v2
JMK,BLQ,12191.04,234.4431,4,2018,2024,eu_trend_wm_max_recent_v2
KUN,FRA,12187.25,234.3701,1,2017,2017,eu_trend_wm_max_recent_v2
OPO,BES,12187.0,234.3654,3,2019,2024,eu_trend_wm_max_recent_v2
VAR,VNO,12185.94,234.345,2,2016,2018,eu_trend_wm_max_recent_v2
AMS,AJA,12183.08,234.2901,1,2017,2017,eu_trend_wm_max_recent_v2
GVA,FNC,12182.99,234.2882,1,2024,2024,eu_trend_wm_max_recent_v2
NCL,DBV,12182.88,234.2862,1,2018,2018,eu_trend_wm_max_recent_v2
RTM,DBV,12181.83,234.2659,3,2018,2023,eu_trend_wm_max_recent_v2
TLV,LJU,12179.05,234.2126,4,2015,2023,eu_trend_wm_max_recent_v2
ACI,SOU,12170.64,234.0508,4,2015,2019,eu_trend_wm_max_recent_v2
GOA,MAN,12170.0,234.0385,3,2018,2023,eu_trend_wm_max_recent_v2
LIL,TFS,12168.0,234.0,2,2017,2019,eu_trend_wm_max_recent_v2
CHQ,SVG,12166.0,233.9615,7,2015,2024,eu_trend_wm_max_recent_v2
SPU,NTE,12157.07,233.7899,5,2015,2019,eu_trend_wm_max_recent_v2
RHO,SZG,12152.19,233.696,1,2024,2024,eu_trend_wm_max_recent_v2
SKG,SMI,12149.77,233.6494,7,2015,2024,eu_trend_wm_max_recent_v2
SDR,PMI,12146.76,233.5915,5,2015,2024,eu_trend_wm_max_recent_v2
MAH,CGN,12142.0,233.5,3,2017,2019,eu_trend_wm_max_recent_v2
BRS,LIG,12141.28,233.4862,7,2015,2024,eu_trend_wm_max_recent_v2
DBV,NCL,12140.04,233.4623,1,2018,2018,eu_trend_wm_max_recent_v2
SPU,MXP,12139.48,233.4515,6,2015,2024,eu_trend_wm_max_recent_v2
LGW,VAR,12139.0,233.4423,2,2019,2024,eu_trend_wm_max_recent_v2
FNC,GVA,12138.6,233.4347,1,2024,2024,eu_trend_wm_max_recent_v2
SPU,BGO,12136.98,233.4035,3,2017,2019,eu_trend_wm_max_recent_v2
CLJ,ALC,12133.0,233.3269,5,2017,2024,eu_trend_wm_max_recent_v2
WMI,BOJ,12131.36,233.2954,3,2018,2024,eu_trend_wm_max_recent_v2
CAG,BUD,12128.0,233.2308,2,2019,2023,eu_trend_wm_max_recent_v2
JTR,FRA,12123.62,233.1466,2,2023,2024,eu_trend_wm_max_recent_v2
MAD,RNS,12123.0,233.1346,4,2016,2019,eu_trend_wm_max_recent_v2
DBV,BFS,12120.0,233.0769,1,2019,2019,eu_trend_wm_max_recent_v2
SOU,NTE,12119.62,233.0696,3,2015,2017,eu_trend_wm_max_recent_v2
XRY,BRU,12118.62,233.0504,3,2016,2018,eu_trend_wm_max_recent_v2
CFE,LYS,12115.81,232.9964,2,2015,2016,eu_trend_wm_max_recent_v2
EXT,MLA,12115.0,232.9808,1,2019,2019,eu_trend_wm_max_recent_v2
GRX,NAP,12115.0,232.9808,1,2019,2019,eu_trend_wm_max_recent_v2
BLQ,TGD,12114.0,232.9615,1,2019,2019,eu_trend_wm_max_recent_v2
MUC,SPC,12109.22,232.8695,3,2015,2017,eu_trend_wm_max_recent_v2
MLA,CLJ,12106.38,232.815,4,2017,2023,eu_trend_wm_max_recent_v2
GVA,JTR,12106.07,232.809,2,2023,2024,eu_trend_wm_max_recent_v2
SKG,KGS,12106.07,232.809,3,2019,2024,eu_trend_wm_max_recent_v2
WRO,BLL,12106.07,232.809,1,2023,2023,eu_trend_wm_max_recent_v2
NWI,EXT,12105.0,232.7885,4,2016,2019,eu_trend_wm_max_recent_v2
ZAG,TGD,12104.22,232.7735,2,2023,2024,eu_trend_wm_max_recent_v2
DBV,LTN,12104.0,232.7692,4,2017,2023,eu_trend_wm_max_recent_v2
EFL,EMA,12103.3,232.7557,2,2023,2024,eu_trend_wm_max_recent_v2
ZTH,ZRH,12098.75,232.6683,1,2024,2024,eu_trend_wm_max_recent_v2
AAR,OTP,12096.83,232.6314,1,2023,2023,eu_trend_wm_max_recent_v2
CPH,OLB,12095.13,232.5986,2,2018,2024,eu_trend_wm_max_recent_v2
FKB,TFS,12093.53,232.5678,4,2015,2024,eu_trend_wm_max_recent_v2
CFU,RIX,12091.51,232.529,1,2024,2024,eu_trend_wm_max_recent_v2
ARN,INI,12091.29,232.5248,2,2023,2024,eu_trend_wm_max_recent_v2
DUB,TRS,12089.44,232.4893,2,2023,2024,eu_trend_wm_max_recent_v2
DUB,OVD,12087.59,232.4537,1,2023,2023,eu_trend_wm_max_recent_v2
BFS,DBV,12085.0,232.4038,1,2019,2019,eu_trend_wm_max_recent_v2
EMA,EFL,12082.97,232.3649,2,2023,2024,eu_trend_wm_max_recent_v2
SVQ,TRS,12079.73,232.3025,1,2024,2024,eu_trend_wm_max_recent_v2
GRO,ZAG,12078.83,232.2851,1,2024,2024,eu_trend_wm_max_recent_v2
AAL,KUN,12073.74,232.1872,1,2023,2023,eu_trend_wm_max_recent_v2
AMS,KTT,12066.35,232.0451,4,2018,2024,eu_trend_wm_max_recent_v2
ALC,CLJ,12061.0,231.9423,5,2017,2024,eu_trend_wm_max_recent_v2
HUY,ABZ,12058.24,231.8892,5,2015,2019,eu_trend_wm_max_recent_v2
VAR,BGY,12058.0,231.8846,2,2018,2019,eu_trend_wm_max_recent_v2
BOJ,SOF,12052.0,231.7692,4,2015,2019,eu_trend_wm_max_recent_v2
RTM,LHR,12049.63,231.7237,1,2015,2015,eu_trend_wm_max_recent_v2
POZ,PRG,12048.94,231.7103,1,2024,2024,eu_trend_wm_max_recent_v2
NAP,LBA,12046.79,231.6691,1,2017,2017,eu_trend_wm_max_recent_v2
GRX,TFS,12046.2,231.6577,1,2018,2018,eu_trend_wm_max_recent_v2
EIN,SZG,12044.0,231.6154,3,2019,2024,eu_trend_wm_max_recent_v2
KTW,FAO,12043.65,231.6086,4,2016,2019,eu_trend_wm_max_recent_v2
TFS,FKB,12042.59,231.5882,4,2015,2024,eu_trend_wm_max_recent_v2
CMN,ETZ,12037.0,231.4808,5,2015,2019,eu_trend_wm_max_recent_v2
BRI,DUB,12036.39,231.469,3,2015,2017,eu_trend_wm_max_recent_v2
RHO,BSL,12030.92,231.3638,2,2015,2016,eu_trend_wm_max_recent_v2
EXT,FAO,12030.15,231.3489,5,2015,2019,eu_trend_wm_max_recent_v2
OPO,FNI,12027.54,231.2989,2,2023,2024,eu_trend_wm_max_recent_v2
PFO,CWL,12026.0,231.2692,3,2019,2024,eu_trend_wm_max_recent_v2
DUB,BRI,12025.98,231.2689,3,2015,2017,eu_trend_wm_max_recent_v2
WRO,MRS,12021.77,231.1878,1,2024,2024,eu_trend_wm_max_recent_v2
PEG,MLA,12020.0,231.1538,3,2019,2024,eu_trend_wm_max_recent_v2
LPA,NTE,12013.94,231.0372,1,2016,2016,eu_trend_wm_max_recent_v2
FAO,KTW,12009.69,230.9556,4,2016,2019,eu_trend_wm_max_recent_v2
LYS,CFE,12009.69,230.9556,2,2015,2016,eu_trend_wm_max_recent_v2
HAM,SPC,12001.84,230.8046,1,2024,2024,eu_trend_wm_max_recent_v2
TPS,NRN,12000.75,230.7837,1,2023,2023,eu_trend_wm_max_recent_v2
FLR,LTN,11997.24,230.7162,1,2018,2018,eu_trend_wm_max_recent_v2
MAH,NTE,11994.29,230.6593,3,2017,2024,eu_trend_wm_max_recent_v2
HER,VRN,11993.0,230.6346,3,2017,2019,eu_trend_wm_max_recent_v2
SMI,ARN,11991.65,230.6087,7,2015,2024,eu_trend_wm_max_recent_v2
CWL,PFO,11989.0,230.5577,3,2019,2024,eu_trend_wm_max_recent_v2
CRL,PEG,11987.82,230.535,7,2015,2024,eu_trend_wm_max_recent_v2
TSF,ZAZ,11987.82,230.535,2,2023,2024,eu_trend_wm_max_recent_v2
DZA,NBO,11985.05,230.4817,7,2015,2024,eu_trend_wm_max_recent_v2
LPL,CRA,11983.33,230.4486,1,2017,2017,eu_trend_wm_max_recent_v2
FNC,BSL,11981.25,230.4086,3,2017,2024,eu_trend_wm_max_recent_v2
MUC,BDS,11981.04,230.4046,2,2015,2016,eu_trend_wm_max_recent_v2
RMI,LED,11980.0,230.3846,4,2016,2019,eu_trend_wm_max_recent_v2
EWR,DBV,11971.19,230.2152,2,2023,2024,eu_trend_wm_max_recent_v2
VXO,STN,11971.19,230.2152,1,2023,2023,eu_trend_wm_max_recent_v2
LBA,NAP,11969.8,230.1885,1,2017,2017,eu_trend_wm_max_recent_v2
TFS,AAL,11968.45,230.1625,6,2015,2024,eu_trend_wm_max_recent_v2
OPO,BRE,11967.72,230.1485,6,2015,2023,eu_trend_wm_max_recent_v2
MAN,ZAG,11965.65,230.1086,1,2023,2023,eu_trend_wm_max_recent_v2
FNC,MRS,11964.72,230.0908,1,2023,2023,eu_trend_wm_max_recent_v2
ARN,AAR,11962.0,230.0385,3,2016,2019,eu_trend_wm_max_recent_v2
NTE,SOU,11954.2,229.8884,3,2015,2017,eu_trend_wm_max_recent_v2
SUF,HAJ,11949.0,229.7885,1,2019,2019,eu_trend_wm_max_recent_v2
WAW,BZG,11945.32,229.7177,2,2023,2024,eu_trend_wm_max_recent_v2
TSF,LBA,11944.96,229.7107,3,2015,2018,eu_trend_wm_max_recent_v2
FAO,EXT,11930.27,229.4282,5,2015,2019,eu_trend_wm_max_recent_v2
LBA,NCE,11929.0,229.4038,3,2017,2019,eu_trend_wm_max_recent_v2
KGS,HEL,11924.82,229.3235,6,2015,2024,eu_trend_wm_max_recent_v2
ALC,MAH,11922.78,229.2842,6,2015,2023,eu_trend_wm_max_recent_v2
MPL,CPH,11921.23,229.2544,4,2018,2024,eu_trend_wm_max_recent_v2
AES,ALC,11915.24,229.1393,4,2016,2024,eu_trend_wm_max_recent_v2
MAN,SVG,11915.0,229.1346,5,2015,2019,eu_trend_wm_max_recent_v2
ZAZ,TSF,11910.22,229.0426,2,2023,2024,eu_trend_wm_max_recent_v2
FDF,JFK,11903.0,228.9038,4,2016,2019,eu_trend_wm_max_recent_v2
WAW,SVG,11900.39,228.8536,2,2015,2016,eu_trend_wm_max_recent_v2
CDG,JMK,11900.05,228.8472,2,2023,2024,eu_trend_wm_max_recent_v2
VCE,BIO,11898.26,228.8128,2,2015,2016,eu_trend_wm_max_recent_v2
MLA,EXT,11895.0,228.75,1,2019,2019,eu_trend_wm_max_recent_v2
HAJ,SUF,11890.0,228.6538,1,2019,2019,eu_trend_wm_max_recent_v2
MAD,AHO,11889.89,228.6517,3,2015,2024,eu_trend_wm_max_recent_v2
LHR,MAH,11884.49,228.5479,2,2016,2017,eu_trend_wm_max_recent_v2
ORK,ZRH,11879.0,228.4423,1,2019,2019,eu_trend_wm_max_recent_v2
PMI,SDR,11877.75,228.4183,5,2015,2024,eu_trend_wm_max_recent_v2
ZRH,BRI,11876.17,228.3878,2,2016,2017,eu_trend_wm_max_recent_v2
SVG,CHQ,11874.0,228.3462,7,2015,2024,eu_trend_wm_max_recent_v2
ALC,ZAG,11870.51,228.279,1,2024,2024,eu_trend_wm_max_recent_v2
NRN,AHO,11859.13,228.0601,1,2015,2015,eu_trend_wm_max_recent_v2
RIX,CFU,11858.73,228.0526,1,2024,2024,eu_trend_wm_max_recent_v2
TGD,GDN,11858.48,228.0477,2,2023,2024,eu_trend_wm_max_recent_v2
SUF,NRN,11851.2,227.9076,3,2015,2017,eu_trend_wm_max_recent_v2
LPA,PAD,11850.36,227.8915,5,2015,2019,eu_trend_wm_max_recent_v2
ZAG,ALC,11849.68,227.8784,1,2024,2024,eu_trend_wm_max_recent_v2
STN,PVK,11848.32,227.8523,2,2023,2024,eu_trend_wm_max_recent_v2
KSC,LCA,11847.39,227.8345,2,2023,2024,eu_trend_wm_max_recent_v2
RNS,MAD,11847.0,227.8269,4,2016,2019,eu_trend_wm_max_recent_v2
BRE,GDN,11845.0,227.7885,1,2019,2019,eu_trend_wm_max_recent_v2
NRN,BZG,11843.22,227.7542,4,2015,2018,eu_trend_wm_max_recent_v2
GDN,ZAD,11840.0,227.6924,2,2023,2024,eu_trend_wm_max_recent_v2
TRS,DUB,11838.16,227.6568,2,2023,2024,eu_trend_wm_max_recent_v2
GDN,BRE,11838.0,227.6538,1,2019,2019,eu_trend_wm_max_recent_v2
LCA,KSC,11837.23,227.6391,2,2023,2024,eu_trend_wm_max_recent_v2
CHQ,PRG,11831.69,227.5325,3,2019,2024,eu_trend_wm_max_recent_v2
BRS,REU,11831.56,227.53,4,2016,2024,eu_trend_wm_max_recent_v2
DBV,POZ,11828.84,227.4778,1,2024,2024,eu_trend_wm_max_recent_v2
POZ,DXB,11827.03,227.4429,1,2024,2024,eu_trend_wm_max_recent_v2
CHQ,PSA,11821.8,227.3423,3,2016,2018,eu_trend_wm_max_recent_v2
REU,BRS,11820.69,227.321,4,2016,2024,eu_trend_wm_max_recent_v2
MAH,OPO,11819.68,227.3015,2,2023,2024,eu_trend_wm_max_recent_v2
ABZ,MME,11818.74,227.2835,2,2015,2018,eu_trend_wm_max_recent_v2
CTA,CLJ,11817.83,227.266,1,2023,2023,eu_trend_wm_max_recent_v2
BIO,VCE,11815.49,227.221,2,2015,2016,eu_trend_wm_max_recent_v2
BRS,ABZ,11815.49,227.221,2,2015,2016,eu_trend_wm_max_recent_v2
GDN,TGD,11814.14,227.1949,2,2023,2024,eu_trend_wm_max_recent_v2
LHR,RTM,11813.66,227.1859,1,2015,2015,eu_trend_wm_max_recent_v2
LTN,DBV,11809.0,227.0962,4,2017,2023,eu_trend_wm_max_recent_v2
SEN,OTP,11809.0,227.0962,1,2019,2019,eu_trend_wm_max_recent_v2
LDE,MLA,11800.28,226.9284,2,2023,2024,eu_trend_wm_max_recent_v2
MAN,GOA,11799.0,226.9038,3,2018,2023,eu_trend_wm_max_recent_v2
SFT,STN,11796.35,226.8528,1,2015,2015,eu_trend_wm_max_recent_v2
AES,CPH,11795.66,226.8396,1,2023,2023,eu_trend_wm_max_recent_v2
PDL,YUL,11793.52,226.7985,1,2024,2024,eu_trend_wm_max_recent_v2
AHO,TRS,11792.02,226.7695,1,2015,2015,eu_trend_wm_max_recent_v2
LRH,LGW,11790.93,226.7487,7,2015,2024,eu_trend_wm_max_recent_v2
NRN,SUF,11787.69,226.6863,3,2015,2017,eu_trend_wm_max_recent_v2
TFS,BIO,11783.57,226.6071,1,2017,2017,eu_trend_wm_max_recent_v2
LNZ,PMI,11783.0,226.5962,7,2015,2024,eu_trend_wm_max_recent_v2
SFT,GDN,11779.03,226.5198,1,2024,2024,eu_trend_wm_max_recent_v2
BIQ,LIL,11778.96,226.5185,1,2018,2018,eu_trend_wm_max_recent_v2
ZAG,LGW,11776.29,226.4671,1,2017,2017,eu_trend_wm_max_recent_v2
SXB,BRU,11771.45,226.374,1,2015,2015,eu_trend_wm_max_recent_v2
RIX,BOJ,11769.0,226.3269,4,2015,2019,eu_trend_wm_max_recent_v2
SPC,MUC,11760.68,226.167,3,2015,2017,eu_trend_wm_max_recent_v2
MLA,PEG,11760.0,226.1538,3,2019,2024,eu_trend_wm_max_recent_v2
CRL,PUY,11759.58,226.1458,7,2015,2024,eu_trend_wm_max_recent_v2
LGW,ZAG,11751.32,225.9869,1,2017,2017,eu_trend_wm_max_recent_v2
PDL,MAD,11749.14,225.945,1,2024,2024,eu_trend_wm_max_recent_v2
ABZ,NCL,11748.0,225.9231,2,2015,2019,eu_trend_wm_max_recent_v2
SMI,DUS,11745.77,225.8802,4,2018,2024,eu_trend_wm_max_recent_v2
MAD,PDL,11741.89,225.8057,1,2024,2024,eu_trend_wm_max_recent_v2
MAD,JTR,11740.23,225.7736,2,2023,2024,eu_trend_wm_max_recent_v2
PVK,STN,11738.38,225.7381,2,2023,2024,eu_trend_wm_max_recent_v2
LUX,BRI,11737.46,225.7203,1,2023,2023,eu_trend_wm_max_recent_v2
SPC,HAM,11732.84,225.6315,1,2024,2024,eu_trend_wm_max_recent_v2
LBA,NQY,11728.98,225.5573,3,2017,2019,eu_trend_wm_max_recent_v2
TMP,ALC,11727.07,225.5206,1,2015,2015,eu_trend_wm_max_recent_v2
CPH,SEN,11726.0,225.5,1,2019,2019,eu_trend_wm_max_recent_v2
KRK,TPS,11724.23,225.4659,3,2015,2017,eu_trend_wm_max_recent_v2
BZG,NRN,11723.88,225.4592,4,2015,2018,eu_trend_wm_max_recent_v2
TRN,LIS,11721.84,225.42,1,2018,2018,eu_trend_wm_max_recent_v2
RHO,PFO,11718.98,225.365,2,2023,2024,eu_trend_wm_max_recent_v2
BRE,CPH,11714.68,225.2822,2,2015,2016,eu_trend_wm_max_recent_v2
LPA,DRS,11706.54,225.1258,2,2017,2018,eu_trend_wm_max_recent_v2
VIE,SMI,11705.42,225.1043,1,2015,2015,eu_trend_wm_max_recent_v2
MRS,FNC,11702.35,225.0452,1,2023,2023,eu_trend_wm_max_recent_v2
BCN,DTM,11702.17,225.0418,1,2015,2015,eu_trend_wm_max_recent_v2
GOT,KUN,11701.43,225.0274,1,2023,2023,eu_trend_wm_max_recent_v2
CLJ,BUD,11700.42,225.0081,2,2017,2018,eu_trend_wm_max_recent_v2
LTN,FLR,11699.4,224.9885,1,2018,2018,eu_trend_wm_max_recent_v2
TRS,AHO,11694.6,224.8961,1,2015,2015,eu_trend_wm_max_recent_v2
LBA,DBV,11690.34,224.8142,2,2023,2024,eu_trend_wm_max_recent_v2
AMS,PDL,11690.27,224.8128,1,2024,2024,eu_trend_wm_max_recent_v2
TMP,AGP,11686.64,224.7432,3,2015,2024,eu_trend_wm_max_recent_v2
PRG,BRE,11683.77,224.6879,1,2015,2015,eu_trend_wm_max_recent_v2
PFO,RHO,11681.1,224.6366,2,2023,2024,eu_trend_wm_max_recent_v2
STN,JSI,11680.18,224.6188,2,2023,2024,eu_trend_wm_max_recent_v2
ZAD,GDN,11675.56,224.53,2,2023,2024,eu_trend_wm_max_recent_v2
LGW,KTT,11673.0,224.4808,7,2015,2024,eu_trend_wm_max_recent_v2
DBV,LBA,11671.86,224.4589,2,2023,2024,eu_trend_wm_max_recent_v2
SVG,RIX,11668.62,224.3965,1,2015,2015,eu_trend_wm_max_recent_v2
DRS,LPA,11666.76,224.3608,2,2017,2018,eu_trend_wm_max_recent_v2
WAW,PFO,11665.4,224.3345,4,2018,2024,eu_trend_wm_max_recent_v2
SKP,VXO,11665.0,224.3269,3,2017,2019,eu_trend_wm_max_recent_v2
KEF,POZ,11658.6,224.2038,1,2018,2018,eu_trend_wm_max_recent_v2
BGY,LMP,11657.58,224.1842,7,2015,2024,eu_trend_wm_max_recent_v2
GOT,ZAD,11652.23,224.0813,7,2015,2024,eu_trend_wm_max_recent_v2
BRI,LUX,11646.92,223.9792,1,2023,2023,eu_trend_wm_max_recent_v2
ZRH,ORK,11646.0,223.9615,1,2019,2019,eu_trend_wm_max_recent_v2
ZRH,CFU,11642.3,223.8904,6,2015,2024,eu_trend_wm_max_recent_v2
PRG,CHQ,11642.26,223.8897,3,2019,2024,eu_trend_wm_max_recent_v2
KTT,AMS,11633.06,223.7127,4,2018,2024,eu_trend_wm_max_recent_v2
AOI,AHO,11631.82,223.6888,1,2015,2015,eu_trend_wm_max_recent_v2
BUD,SUF,11631.67,223.686,1,2017,2017,eu_trend_wm_max_recent_v2
AHO,AOI,11627.49,223.6055,1,2015,2015,eu_trend_wm_max_recent_v2
OPO,MAH,11623.82,223.5351,2,2023,2024,eu_trend_wm_max_recent_v2
NAP,GRX,11623.0,223.5192,1,2019,2019,eu_trend_wm_max_recent_v2
FAO,AAR,11621.98,223.4995,2,2023,2024,eu_trend_wm_max_recent_v2
BCN,CFU,11621.05,223.4818,2,2023,2024,eu_trend_wm_max_recent_v2
CAG,FKB,11620.99,223.4806,3,2015,2023,eu_trend_wm_max_recent_v2
HEL,WRO,11618.71,223.4368,1,2024,2024,eu_trend_wm_max_recent_v2
KRK,TRS,11618.71,223.4368,1,2024,2024,eu_trend_wm_max_recent_v2
SVG,PRG,11618.15,223.4259,1,2017,2017,eu_trend_wm_max_recent_v2
NCE,LBA,11617.0,223.4038,3,2017,2019,eu_trend_wm_max_recent_v2
POZ,DBV,11616.0,223.3846,1,2024,2024,eu_trend_wm_max_recent_v2
PAD,LPA,11615.76,223.38,5,2015,2019,eu_trend_wm_max_recent_v2
TMP,HHN,11615.58,223.3765,1,2015,2015,eu_trend_wm_max_recent_v2
BOJ,RIX,11610.0,223.2692,4,2015,2019,eu_trend_wm_max_recent_v2
VAR,HHN,11609.97,223.2686,1,2023,2023,eu_trend_wm_max_recent_v2
AGP,TMP,11607.19,223.2153,3,2015,2024,eu_trend_wm_max_recent_v2
LJU,TLV,11604.62,223.1658,4,2015,2023,eu_trend_wm_max_recent_v2
OLB,FLR,11604.42,223.162,2,2023,2024,eu_trend_wm_max_recent_v2
PFO,WAW,11604.42,223.162,4,2018,2024,eu_trend_wm_max_recent_v2
CFU,ZRH,11604.31,223.1598,6,2015,2024,eu_trend_wm_max_recent_v2
KLX,SKG,11603.58,223.1458,7,2015,2024,eu_trend_wm_max_recent_v2
TPS,KRK,11602.19,223.119,3,2015,2017,eu_trend_wm_max_recent_v2
IBZ,PIK,11597.34,223.0257,5,2015,2019,eu_trend_wm_max_recent_v2
BLL,WRO,11594.26,222.9665,1,2023,2023,eu_trend_wm_max_recent_v2
POZ,TFS,11593.18,222.9457,3,2017,2024,eu_trend_wm_max_recent_v2
WRO,SOF,11590.56,222.8955,2,2023,2024,eu_trend_wm_max_recent_v2
MST,HER,11582.1,222.7327,5,2017,2024,eu_trend_wm_max_recent_v2
MXP,SCQ,11582.1,222.7327,2,2017,2018,eu_trend_wm_max_recent_v2
AAR,ARN,11581.0,222.7115,3,2016,2019,eu_trend_wm_max_recent_v2
GLA,BZG,11579.65,222.6856,4,2015,2018,eu_trend_wm_max_recent_v2
MAN,TLL,11571.2,222.5231,1,2015,2015,eu_trend_wm_max_recent_v2
PRG,LEI,11570.0,222.5,3,2017,2019,eu_trend_wm_max_recent_v2
BEG,HER,11569.25,222.4855,1,2017,2017,eu_trend_wm_max_recent_v2
LCA,HAJ,11567.47,222.4513,1,2023,2023,eu_trend_wm_max_recent_v2
KGS,FCO,11567.17,222.4455,2,2016,2024,eu_trend_wm_max_recent_v2
SCV,LCA,11566.54,222.4336,1,2023,2023,eu_trend_wm_max_recent_v2
VAR,TLL,11563.98,222.3843,4,2016,2019,eu_trend_wm_max_recent_v2
ZAD,GOT,11561.65,222.3395,7,2015,2024,eu_trend_wm_max_recent_v2
LDE,LIS,11561.0,222.3269,1,2019,2019,eu_trend_wm_max_recent_v2
AHO,NRN,11559.29,222.2941,1,2015,2015,eu_trend_wm_max_recent_v2
MLA,LDE,11555.46,222.2204,2,2023,2024,eu_trend_wm_max_recent_v2
PUY,CRL,11551.5,222.1442,7,2015,2024,eu_trend_wm_max_recent_v2
AHO,MAD,11550.84,222.1315,3,2015,2024,eu_trend_wm_max_recent_v2
TRF,PMI,11550.52,222.1254,2,2017,2024,eu_trend_wm_max_recent_v2
FRA,AAL,11542.76,221.9761,2,2015,2016,eu_trend_wm_max_recent_v2
ARN,OLB,11540.28,221.9285,2,2017,2018,eu_trend_wm_max_recent_v2
LMP,BLQ,11539.08,221.9053,6,2015,2024,eu_trend_wm_max_recent_v2
MXP,PTP,11531.79,221.7653,4,2015,2019,eu_trend_wm_max_recent_v2
ETZ,CMN,11530.0,221.7308,5,2015,2019,eu_trend_wm_max_recent_v2
CPH,MPL,11520.9,221.5557,4,2018,2024,eu_trend_wm_max_recent_v2
TLL,VAR,11517.29,221.4864,4,2016,2019,eu_trend_wm_max_recent_v2
ZTH,CPH,11513.89,221.4209,2,2023,2024,eu_trend_wm_max_recent_v2
LPA,OST,11506.4,221.277,7,2015,2024,eu_trend_wm_max_recent_v2
VRN,RHO,11503.01,221.2117,5,2015,2019,eu_trend_wm_max_recent_v2
CDG,GRX,11498.0,221.1154,2,2018,2019,eu_trend_wm_max_recent_v2
CIA,CIY,11497.59,221.1076,3,2015,2019,eu_trend_wm_max_recent_v2
FCO,KGS,11497.13,221.0986,2,2016,2024,eu_trend_wm_max_recent_v2
MAN,SPC,11497.13,221.0986,5,2015,2019,eu_trend_wm_max_recent_v2
CWL,LCY,11496.42,221.085,1,2017,2017,eu_trend_wm_max_recent_v2
LCY,GCI,11492.18,221.0035,3,2015,2017,eu_trend_wm_max_recent_v2
KRK,PMI,11491.82,220.9966,2,2015,2016,eu_trend_wm_max_recent_v2
PMI,KRK,11491.82,220.9966,2,2015,2016,eu_trend_wm_max_recent_v2
TFS,WRO,11489.28,220.9477,3,2016,2018,eu_trend_wm_max_recent_v2
SUF,BUD,11489.14,220.9449,1,2017,2017,eu_trend_wm_max_recent_v2
MXP,ZAD,11488.94,220.9412,2,2023,2024,eu_trend_wm_max_recent_v2
FRA,JMK,11485.0,220.8654,2,2018,2019,eu_trend_wm_max_recent_v2
LBA,TSF,11484.39,220.8537,3,2015,2018,eu_trend_wm_max_recent_v2
DBV,RTM,11484.0,220.8462,3,2018,2023,eu_trend_wm_max_recent_v2
TMP,BRE,11482.27,220.8129,4,2015,2018,eu_trend_wm_max_recent_v2
TSF,ORK,11481.55,220.7991,1,2023,2023,eu_trend_wm_max_recent_v2
CLJ,TSR,11480.81,220.7849,1,2017,2017,eu_trend_wm_max_recent_v2
STN,SFT,11480.28,220.7745,1,2015,2015,eu_trend_wm_max_recent_v2
RIX,SVG,11472.7,220.6288,1,2015,2015,eu_trend_wm_max_recent_v2
PRG,SVG,11467.29,220.5248,1,2017,2017,eu_trend_wm_max_recent_v2
LBA,KGS,11466.0,220.5,3,2019,2024,eu_trend_wm_max_recent_v2
JMK,OTP,11463.07,220.4437,1,2023,2023,eu_trend_wm_max_recent_v2
MUC,MAH,11461.05,220.4047,4,2015,2024,eu_trend_wm_max_recent_v2
MLA,NRN,11457.93,220.3447,2,2016,2017,eu_trend_wm_max_recent_v2
SFB,KEF,11454.3,220.2749,1,2015,2015,eu_trend_wm_max_recent_v2
VLC,WRO,11453.84,220.2661,2,2023,2024,eu_trend_wm_max_recent_v2
KTW,ACE,11449.5,220.1827,3,2016,2018,eu_trend_wm_max_recent_v2
HER,BEG,11446.48,220.1246,1,2017,2017,eu_trend_wm_max_recent_v2
JTR,BCN,11446.0,220.1154,2,2018,2019,eu_trend_wm_max_recent_v2
PFO,CRL,11445.13,220.0986,4,2015,2024,eu_trend_wm_max_recent_v2
JSI,BHX,11439.05,219.9818,5,2017,2024,eu_trend_wm_max_recent_v2
PVK,PRG,11435.58,219.915,7,2015,2024,eu_trend_wm_max_recent_v2
BZG,GLA,11430.87,219.8245,4,2015,2018,eu_trend_wm_max_recent_v2
MXP,SPU,11429.42,219.7965,6,2015,2024,eu_trend_wm_max_recent_v2
MAH,LHR,11426.71,219.7445,2,2016,2017,eu_trend_wm_max_recent_v2
ORK,TSF,11420.58,219.6265,1,2023,2023,eu_trend_wm_max_recent_v2
FKB,CAG,11419.66,219.6088,3,2015,2023,eu_trend_wm_max_recent_v2
JFK,FDF,11418.6,219.5884,4,2016,2019,eu_trend_wm_max_recent_v2
SZG,EIN,11414.0,219.5,3,2019,2024,eu_trend_wm_max_recent_v2
FRA,KVA,11408.57,219.3955,2,2023,2024,eu_trend_wm_max_recent_v2
CFU,BCN,11407.64,219.3778,2,2023,2024,eu_trend_wm_max_recent_v2
SDR,TSF,11403.02,219.2889,2,2023,2024,eu_trend_wm_max_recent_v2
FMM,CHQ,11402.78,219.2843,4,2015,2023,eu_trend_wm_max_recent_v2
FMO,AGP,11402.34,219.2758,1,2015,2015,eu_trend_wm_max_recent_v2
VRN,TFS,11400.7,219.2443,1,2017,2017,eu_trend_wm_max_recent_v2
JMK,VRN,11399.0,219.2115,2,2015,2019,eu_trend_wm_max_recent_v2
WMI,TPS,11396.56,219.1646,4,2015,2023,eu_trend_wm_max_recent_v2
DUB,TLL,11395.44,219.1431,5,2016,2024,eu_trend_wm_max_recent_v2
MAH,MUC,11395.25,219.1395,4,2015,2024,eu_trend_wm_max_recent_v2
LHR,KLX,11391.36,219.0646,7,2015,2024,eu_trend_wm_max_recent_v2
CGN,KVA,11391.0,219.0577,6,2015,2024,eu_trend_wm_max_recent_v2
BCN,LIL,11390.47,219.0475,5,2015,2024,eu_trend_wm_max_recent_v2
SVQ,EAS,11384.55,218.9336,2,2023,2024,eu_trend_wm_max_recent_v2
WRO,TFS,11383.2,218.9077,3,2016,2018,eu_trend_wm_max_recent_v2
CFE,AMS,11379.0,218.8269,5,2015,2019,eu_trend_wm_max_recent_v2
GDN,CIA,11375.98,218.7688,1,2024,2024,eu_trend_wm_max_recent_v2
FLR,STR,11375.09,218.7517,2,2015,2016,eu_trend_wm_max_recent_v2
GDN,SFT,11371.45,218.6817,1,2024,2024,eu_trend_wm_max_recent_v2
CPH,PVK,11370.0,218.6538,6,2016,2024,eu_trend_wm_max_recent_v2
HEL,FUE,11369.87,218.6513,1,2015,2015,eu_trend_wm_max_recent_v2
TLV,CRA,11368.0,218.6154,2,2018,2019,eu_trend_wm_max_recent_v2
TFS,POZ,11363.25,218.524,3,2017,2024,eu_trend_wm_max_recent_v2
NCL,NCE,11360.23,218.466,2,2015,2016,eu_trend_wm_max_recent_v2
MPL,CFR,11359.6,218.4539,2,2023,2024,eu_trend_wm_max_recent_v2
KGS,RTM,11358.77,218.4379,3,2019,2024,eu_trend_wm_max_recent_v2
LIS,LDE,11356.0,218.3846,1,2019,2019,eu_trend_wm_max_recent_v2
ORK,LPA,11353.86,218.3435,6,2016,2024,eu_trend_wm_max_recent_v2
NRN,RHO,11350.36,218.2762,1,2023,2023,eu_trend_wm_max_recent_v2
GLA,SEN,11350.0,218.2692,2,2018,2019,eu_trend_wm_max_recent_v2
BOJ,VNO,11346.48,218.2015,2,2018,2024,eu_trend_wm_max_recent_v2
FRA,JTR,11344.82,218.1697,2,2023,2024,eu_trend_wm_max_recent_v2
AGP,TRD,11342.44,218.1239,3,2017,2024,eu_trend_wm_max_recent_v2
SNN,MRS,11341.13,218.0986,1,2023,2023,eu_trend_wm_max_recent_v2
HHN,VAR,11339.28,218.0631,1,2023,2023,eu_trend_wm_max_recent_v2
NCE,NCL,11335.82,217.9966,2,2015,2016,eu_trend_wm_max_recent_v2
JMK,CDG,11331.89,217.9209,2,2023,2024,eu_trend_wm_max_recent_v2
ABZ,FAO,11331.18,217.9073,3,2017,2019,eu_trend_wm_max_recent_v2
CRV,FCO,11330.69,217.8979,1,2024,2024,eu_trend_wm_max_recent_v2
RTM,KGS,11328.88,217.8631,3,2019,2024,eu_trend_wm_max_recent_v2
WMI,FAO,11324.04,217.77,3,2017,2023,eu_trend_wm_max_recent_v2
VXO,SKP,11324.0,217.7692,3,2017,2019,eu_trend_wm_max_recent_v2
BHX,JSI,11321.73,217.7255,5,2017,2024,eu_trend_wm_max_recent_v2
SVG,WAW,11315.66,217.6089,2,2015,2016,eu_trend_wm_max_recent_v2
NRN,CFU,11315.39,217.6037,2,2015,2017,eu_trend_wm_max_recent_v2
BLL,LCY,11315.0,217.5962,2,2015,2019,eu_trend_wm_max_recent_v2
AAR,FAO,11314.33,217.5834,2,2023,2024,eu_trend_wm_max_recent_v2
ACE,KTW,11309.29,217.4864,3,2016,2018,eu_trend_wm_max_recent_v2
LPA,ORK,11306.11,217.4252,6,2016,2024,eu_trend_wm_max_recent_v2
CHQ,NRN,11306.0,217.4232,6,2015,2024,eu_trend_wm_max_recent_v2
PTP,MXP,11306.0,217.4231,4,2015,2019,eu_trend_wm_max_recent_v2
HAU,ALC,11305.68,217.4169,7,2015,2024,eu_trend_wm_max_recent_v2
NQY,STN,11305.05,217.4048,3,2015,2017,eu_trend_wm_max_recent_v2
BLL,LCA,11303.25,217.3702,3,2017,2024,eu_trend_wm_max_recent_v2
CFR,MPL,11303.25,217.3702,2,2023,2024,eu_trend_wm_max_recent_v2
SDQ,PTP,11301.6,217.3385,6,2016,2024,eu_trend_wm_max_recent_v2
MAD,CFU,11300.8,217.3231,1,2024,2024,eu_trend_wm_max_recent_v2
BRS,JSI,11300.48,217.3169,2,2023,2024,eu_trend_wm_max_recent_v2
REU,HHN,11296.66,217.2435,4,2015,2018,eu_trend_wm_max_recent_v2
FAO,DTM,11291.93,217.1525,1,2015,2015,eu_trend_wm_max_recent_v2
KGS,LBA,11289.0,217.0962,3,2019,2024,eu_trend_wm_max_recent_v2
PVK,CPH,11286.62,217.0504,6,2016,2024,eu_trend_wm_max_recent_v2
WRO,TRN,11286.62,217.0504,1,2023,2023,eu_trend_wm_max_recent_v2
DTM,GRO,11286.52,217.0485,1,2015,2015,eu_trend_wm_max_recent_v2
OSL,FNC,11286.52,217.0485,1,2015,2015,eu_trend_wm_max_recent_v2
DUS,SMI,11283.85,216.9971,4,2018,2024,eu_trend_wm_max_recent_v2
FKB,TPS,11276.1,216.8481,7,2015,2024,eu_trend_wm_max_recent_v2
FAO,WMI,11275.08,216.8285,3,2017,2023,eu_trend_wm_max_recent_v2
PUY,ZAG,11272.02,216.7696,7,2015,2024,eu_trend_wm_max_recent_v2
TLN,RTM,11271.09,216.7517,7,2015,2024,eu_trend_wm_max_recent_v2
MPL,SXB,11269.99,216.7306,4,2018,2024,eu_trend_wm_max_recent_v2
RZE,BOJ,11269.98,216.7304,1,2018,2018,eu_trend_wm_max_recent_v2
BIO,EDI,11267.53,216.6833,1,2017,2017,eu_trend_wm_max_recent_v2
EAS,SVQ,11265.37,216.6418,2,2023,2024,eu_trend_wm_max_recent_v2
LEI,PRG,11265.0,216.6346,3,2017,2019,eu_trend_wm_max_recent_v2
JSI,BRS,11264.45,216.624,2,2023,2024,eu_trend_wm_max_recent_v2
LCA,BLL,11261.68,216.5707,3,2017,2024,eu_trend_wm_max_recent_v2
AMS,CFE,11260.0,216.5385,5,2015,2019,eu_trend_wm_max_recent_v2
IST,LMP,11259.83,216.5352,2,2023,2024,eu_trend_wm_max_recent_v2
VGO,DUB,11259.42,216.5272,3,2016,2018,eu_trend_wm_max_recent_v2
VLL,LPA,11258.9,216.5174,2,2023,2024,eu_trend_wm_max_recent_v2
VNO,BOJ,11258.76,216.5146,2,2018,2024,eu_trend_wm_max_recent_v2
PFO,GPA,11257.29,216.4864,1,2015,2015,eu_trend_wm_max_recent_v2
MRS,SNN,11255.21,216.4463,1,2023,2023,eu_trend_wm_max_recent_v2
SPC,MAN,11254.11,216.4252,5,2015,2019,eu_trend_wm_max_recent_v2
DTM,BCN,11251.88,216.3824,1,2015,2015,eu_trend_wm_max_recent_v2
STN,VXO,11250.59,216.3575,1,2023,2023,eu_trend_wm_max_recent_v2
PUY,BHX,11244.0,216.2308,4,2015,2019,eu_trend_wm_max_recent_v2
EIN,CHQ,11237.36,216.1031,3,2015,2018,eu_trend_wm_max_recent_v2
LPA,AES,11236.73,216.0909,1,2015,2015,eu_trend_wm_max_recent_v2
NRN,BZR,11235.65,216.0701,6,2015,2024,eu_trend_wm_max_recent_v2
CFU,NRN,11235.28,216.0631,2,2015,2017,eu_trend_wm_max_recent_v2
DTM,FAO,11233.48,216.0285,1,2015,2015,eu_trend_wm_max_recent_v2
TPS,WMI,11231.32,215.9868,4,2015,2023,eu_trend_wm_max_recent_v2
CFU,MAD,11229.25,215.9471,1,2024,2024,eu_trend_wm_max_recent_v2
ALC,TMP,11228.07,215.9244,1,2015,2015,eu_trend_wm_max_recent_v2
BVA,BDS,11228.07,215.9244,6,2015,2024,eu_trend_wm_max_recent_v2
HHN,CHQ,11226.99,215.9036,5,2015,2019,eu_trend_wm_max_recent_v2
FAO,ABZ,11226.12,215.8869,3,2017,2019,eu_trend_wm_max_recent_v2
SXB,MPL,11225.65,215.8778,4,2018,2024,eu_trend_wm_max_recent_v2
BZR,NRN,11223.74,215.8411,6,2015,2024,eu_trend_wm_max_recent_v2
BRU,XRY,11221.02,215.7888,3,2016,2018,eu_trend_wm_max_recent_v2
MPL,RTM,11221.0,215.7885,4,2015,2019,eu_trend_wm_max_recent_v2
SCN,BER,11220.1,215.7712,2,2023,2024,eu_trend_wm_max_recent_v2
DTM,SPU,11216.41,215.7001,2,2023,2024,eu_trend_wm_max_recent_v2
PEG,TPS,11214.47,215.6629,3,2015,2017,eu_trend_wm_max_recent_v2
KTW,TPS,11211.79,215.6113,2,2023,2024,eu_trend_wm_max_recent_v2
NRN,MLA,11208.23,215.5429,2,2016,2017,eu_trend_wm_max_recent_v2
PIK,CIA,11207.42,215.5273,5,2015,2019,eu_trend_wm_max_recent_v2
RHO,NRN,11199.78,215.3803,1,2023,2023,eu_trend_wm_max_recent_v2
CRL,LEI,11198.58,215.3573,7,2015,2024,eu_trend_wm_max_recent_v2
CLJ,ZRH,11196.64,215.3201,1,2024,2024,eu_trend_wm_max_recent_v2
BDS,BVA,11195.6,215.2999,6,2015,2024,eu_trend_wm_max_recent_v2
HAJ,LCA,11191.46,215.2205,1,2023,2023,eu_trend_wm_max_recent_v2
GRO,WAW,11186.34,215.1219,1,2018,2018,eu_trend_wm_max_recent_v2
TFS,VRN,11185.34,215.1027,1,2017,2017,eu_trend_wm_max_recent_v2
KLX,AMS,11182.23,215.0428,7,2015,2024,eu_trend_wm_max_recent_v2
CRA,TLV,11181.0,215.0192,2,2018,2019,eu_trend_wm_max_recent_v2
BES,BCN,11178.53,214.9717,3,2015,2024,eu_trend_wm_max_recent_v2
CRV,TRN,11177.62,214.9543,1,2024,2024,eu_trend_wm_max_recent_v2
HHN,REU,11174.94,214.9026,4,2015,2018,eu_trend_wm_max_recent_v2
TLV,ZTH,11172.86,214.8626,3,2015,2017,eu_trend_wm_max_recent_v2
HHN,AHO,11170.77,214.8226,4,2015,2018,eu_trend_wm_max_recent_v2
ZTH,HAM,11170.38,214.815,1,2024,2024,eu_trend_wm_max_recent_v2
SPU,ATH,11169.47,214.7975,1,2024,2024,eu_trend_wm_max_recent_v2
BHX,PUY,11167.0,214.75,4,2015,2019,eu_trend_wm_max_recent_v2
TPS,FMM,11166.37,214.7379,1,2015,2015,eu_trend_wm_max_recent_v2
TLL,BRE,11163.91,214.6905,4,2015,2018,eu_trend_wm_max_recent_v2
WRO,SPU,11162.82,214.6697,1,2023,2023,eu_trend_wm_max_recent_v2
PMO,SVQ,11159.88,214.613,1,2015,2015,eu_trend_wm_max_recent_v2
FNC,OSL,11155.55,214.5297,1,2015,2015,eu_trend_wm_max_recent_v2
TPS,FKB,11153.7,214.4942,7,2015,2024,eu_trend_wm_max_recent_v2
TPS,KTW,11150.81,214.4387,2,2023,2024,eu_trend_wm_max_recent_v2
BOD,FNC,11149.55,214.4144,1,2024,2024,eu_trend_wm_max_recent_v2
VRN,HER,11149.0,214.4038,3,2017,2019,eu_trend_wm_max_recent_v2
SPU,MAD,11147.58,214.3765,3,2018,2024,eu_trend_wm_max_recent_v2
BRI,JTR,11147.12,214.3677,2,2023,2024,eu_trend_wm_max_recent_v2
BOJ,RZE,11146.56,214.3569,1,2018,2018,eu_trend_wm_max_recent_v2
TLL,MAN,11145.8,214.3424,1,2015,2015,eu_trend_wm_max_recent_v2
ZTH,MUC,11140.49,214.2402,1,2024,2024,eu_trend_wm_max_recent_v2
RTM,PUY,11138.4,214.2,4,2018,2024,eu_trend_wm_max_recent_v2
CHQ,HHN,11135.4,214.1423,5,2015,2019,eu_trend_wm_max_recent_v2
RTM,MPL,11132.0,214.0769,4,2015,2019,eu_trend_wm_max_recent_v2
DBV,CRL,11127.81,213.9963,1,2024,2024,eu_trend_wm_max_recent_v2
MAN,BDS,11127.08,213.9823,6,2016,2024,eu_trend_wm_max_recent_v2
TPS,PRG,11127.0,213.9808,3,2017,2019,eu_trend_wm_max_recent_v2
STR,KVA,11126.79,213.9768,7,2015,2024,eu_trend_wm_max_recent_v2
PVK,LHR,11126.0,213.9615,6,2016,2024,eu_trend_wm_max_recent_v2
NRN,CHQ,11124.16,213.9261,6,2015,2024,eu_trend_wm_max_recent_v2
ATH,NUE,11123.1,213.9058,1,2018,2018,eu_trend_wm_max_recent_v2
TOS,LGW,11122.08,213.8862,4,2017,2024,eu_trend_wm_max_recent_v2
LPA,VLL,11118.48,213.8169,2,2023,2024,eu_trend_wm_max_recent_v2
PVK,DUS,11118.48,213.8169,4,2018,2024,eu_trend_wm_max_recent_v2
KUN,PMI,11117.22,213.7926,5,2015,2019,eu_trend_wm_max_recent_v2
WAW,GRO,11115.96,213.7685,1,2018,2018,eu_trend_wm_max_recent_v2
LPA,FMO,11114.41,213.7387,5,2015,2019,eu_trend_wm_max_recent_v2
TLL,TIV,11113.86,213.7281,1,2023,2023,eu_trend_wm_max_recent_v2
EIN,SCV,11112.01,213.6926,1,2023,2023,eu_trend_wm_max_recent_v2
CRL,PFO,11106.6,213.5885,4,2015,2024,eu_trend_wm_max_recent_v2
CHQ,FMM,11104.19,213.5421,4,2015,2023,eu_trend_wm_max_recent_v2
PVK,FRA,11103.7,213.5327,2,2023,2024,eu_trend_wm_max_recent_v2
BFS,NCE,11096.01,213.3848,1,2015,2015,eu_trend_wm_max_recent_v2
VGO,BGY,11095.87,213.382,1,2017,2017,eu_trend_wm_max_recent_v2
RTM,TLN,11093.52,213.3369,7,2015,2024,eu_trend_wm_max_recent_v2
FMM,LPA,11091.58,213.2996,1,2024,2024,eu_trend_wm_max_recent_v2
LUZ,MXP,11091.48,213.2977,1,2018,2018,eu_trend_wm_max_recent_v2
BCN,JTR,11091.0,213.2885,2,2018,2019,eu_trend_wm_max_recent_v2
GLA,GRO,11090.68,213.2824,1,2016,2016,eu_trend_wm_max_recent_v2
PRG,TPS,11089.44,213.2585,3,2017,2019,eu_trend_wm_max_recent_v2
HER,FKB,11089.0,213.25,4,2018,2024,eu_trend_wm_max_recent_v2
PMI,TRF,11087.54,213.222,2,2017,2024,eu_trend_wm_max_recent_v2
TRN,CRV,11086.15,213.1951,1,2024,2024,eu_trend_wm_max_recent_v2
PRG,BIO,11081.3,213.1019,1,2017,2017,eu_trend_wm_max_recent_v2
CHQ,LBA,11081.13,213.0987,6,2015,2024,eu_trend_wm_max_recent_v2
REG,MXP,11080.0,213.0769,2,2019,2024,eu_trend_wm_max_recent_v2
CLJ,ATH,11079.24,213.0623,1,2018,2018,eu_trend_wm_max_recent_v2
FMO,LPA,11077.61,213.031,5,2015,2019,eu_trend_wm_max_recent_v2
DUS,PVK,11076.91,213.0174,4,2018,2024,eu_trend_wm_max_recent_v2
BDS,MUC,11074.77,212.9763,2,2015,2016,eu_trend_wm_max_recent_v2
ABZ,BRS,11073.71,212.9559,2,2015,2016,eu_trend_wm_max_recent_v2
CPH,CFU,11073.0,212.9423,1,2019,2019,eu_trend_wm_max_recent_v2
CLJ,NYO,11071.94,212.9219,1,2017,2017,eu_trend_wm_max_recent_v2
LIL,PMO,11068.59,212.8575,2,2023,2024,eu_trend_wm_max_recent_v2
KOI,INV,11068.0,212.8462,5,2015,2019,eu_trend_wm_max_recent_v2
NCL,EWR,11066.28,212.813,1,2016,2016,eu_trend_wm_max_recent_v2
TLL,DUB,11062.92,212.7485,5,2016,2024,eu_trend_wm_max_recent_v2
DEB,MLA,11060.0,212.6923,1,2019,2019,eu_trend_wm_max_recent_v2
FUE,HEL,11059.21,212.6771,1,2015,2015,eu_trend_wm_max_recent_v2
VCE,LCY,11057.82,212.6504,2,2017,2018,eu_trend_wm_max_recent_v2
BDS,LGW,11053.0,212.5577,2,2019,2023,eu_trend_wm_max_recent_v2
SOF,CHQ,11051.73,212.5332,1,2024,2024,eu_trend_wm_max_recent_v2
BUD,CLJ,11048.64,212.4738,2,2017,2018,eu_trend_wm_max_recent_v2
VRN,LED,11048.64,212.4738,1,2018,2018,eu_trend_wm_max_recent_v2
LIL,BCN,11047.3,212.4481,5,2015,2024,eu_trend_wm_max_recent_v2
BCN,BES,11045.39,212.4113,3,2015,2024,eu_trend_wm_max_recent_v2
IST,INI,11044.57,212.3956,2,2023,2024,eu_trend_wm_max_recent_v2
RTM,RHO,11044.0,212.3846,1,2019,2019,eu_trend_wm_max_recent_v2
ZAG,DUS,11043.54,212.3758,4,2018,2024,eu_trend_wm_max_recent_v2
STR,FLR,11037.62,212.262,2,2015,2016,eu_trend_wm_max_recent_v2
HER,MST,11036.4,212.2385,5,2017,2024,eu_trend_wm_max_recent_v2
KVA,CGN,11036.0,212.2308,6,2015,2024,eu_trend_wm_max_recent_v2
BLQ,VGO,11035.52,212.2216,2,2016,2017,eu_trend_wm_max_recent_v2
VXO,ALC,11034.36,212.1992,6,2015,2023,eu_trend_wm_max_recent_v2
CHQ,BRE,11031.07,212.1359,1,2015,2015,eu_trend_wm_max_recent_v2
SUF,PRG,11030.28,212.1208,2,2018,2023,eu_trend_wm_max_recent_v2
LEI,CRL,11029.26,212.1012,7,2015,2024,eu_trend_wm_max_recent_v2
FMM,SCQ,11028.87,212.0936,2,2023,2024,eu_trend_wm_max_recent_v2
KGS,LHR,11026.74,212.0526,1,2015,2015,eu_trend_wm_max_recent_v2
TPS,PEG,11025.12,212.0215,3,2015,2017,eu_trend_wm_max_recent_v2
TRS,BVA,11020.03,211.9236,1,2024,2024,eu_trend_wm_max_recent_v2
EDI,BIO,11017.84,211.8815,1,2017,2017,eu_trend_wm_max_recent_v2
MUC,ZTH,11017.31,211.8713,1,2024,2024,eu_trend_wm_max_recent_v2
PIK,IBZ,11015.76,211.8414,5,2015,2019,eu_trend_wm_max_recent_v2
PSA,WMI,11013.96,211.8069,6,2015,2023,eu_trend_wm_max_recent_v2
DBV,LHR,11009.47,211.7205,2,2023,2024,eu_trend_wm_max_recent_v2
CIA,PIK,11008.97,211.711,5,2015,2019,eu_trend_wm_max_recent_v2
PDL,AMS,11008.25,211.6972,1,2024,2024,eu_trend_wm_max_recent_v2
PVK,BRS,11006.69,211.6672,1,2023,2023,eu_trend_wm_max_recent_v2
RHO,RTM,11004.0,211.6154,1,2019,2019,eu_trend_wm_max_recent_v2
VRN,ATH,11004.0,211.6154,1,2019,2019,eu_trend_wm_max_recent_v2
PRG,PVK,10997.51,211.4906,7,2015,2024,eu_trend_wm_max_recent_v2
DUS,CAG,10996.62,211.4735,3,2018,2023,eu_trend_wm_max_recent_v2
FNC,LPA,10996.62,211.4735,5,2017,2024,eu_trend_wm_max_recent_v2
GPA,PFO,10992.1,211.3865,1,2015,2015,eu_trend_wm_max_recent_v2
AHO,HHN,10991.83,211.3813,4,2015,2018,eu_trend_wm_max_recent_v2
GDN,ZTH,10990.79,211.3613,3,2017,2024,eu_trend_wm_max_recent_v2
KVA,MAN,10984.38,211.2381,3,2016,2018,eu_trend_wm_max_recent_v2
MAD,SPU,10984.38,211.2381,3,2018,2024,eu_trend_wm_max_recent_v2
AGP,FMO,10981.27,211.1784,1,2015,2015,eu_trend_wm_max_recent_v2
PRG,SUF,10980.3,211.1596,2,2018,2023,eu_trend_wm_max_recent_v2
GRO,GLA,10979.26,211.1396,1,2016,2016,eu_trend_wm_max_recent_v2
HER,SZG,10977.46,211.105,1,2024,2024,eu_trend_wm_max_recent_v2
BRE,CHQ,10976.94,211.0951,1,2015,2015,eu_trend_wm_max_recent_v2
DEB,FCO,10976.55,211.0875,1,2024,2024,eu_trend_wm_max_recent_v2
INN,HAM,10975.18,211.0611,2,2017,2024,eu_trend_wm_max_recent_v2
AES,LPA,10973.7,211.0326,1,2015,2015,eu_trend_wm_max_recent_v2
LBA,BER,10972.14,211.0027,1,2018,2018,eu_trend_wm_max_recent_v2
FRA,PVK,10969.74,210.9565,2,2023,2024,eu_trend_wm_max_recent_v2
ZTH,TLV,10969.37,210.9494,3,2015,2017,eu_trend_wm_max_recent_v2
KLX,LHR,10968.06,210.9242,7,2015,2024,eu_trend_wm_max_recent_v2
JSI,VIE,10964.2,210.85,2,2023,2024,eu_trend_wm_max_recent_v2
CHQ,FCO,10960.92,210.7869,2,2016,2018,eu_trend_wm_max_recent_v2
LCG,GVA,10959.58,210.7611,2,2023,2024,eu_trend_wm_max_recent_v2
VGO,BLQ,10959.57,210.761,2,2016,2017,eu_trend_wm_max_recent_v2
RMI,CAG,10958.65,210.7434,2,2023,2024,eu_trend_wm_max_recent_v2
OLB,ARN,10957.86,210.7281,2,2017,2018,eu_trend_wm_max_recent_v2
EDI,SZZ,10956.84,210.7085,1,2018,2018,eu_trend_wm_max_recent_v2
MAH,VCE,10953.0,210.6346,1,2019,2019,eu_trend_wm_max_recent_v2
TSF,SDR,10951.26,210.6012,2,2023,2024,eu_trend_wm_max_recent_v2
WMI,FMM,10950.0,210.5769,2,2018,2019,eu_trend_wm_max_recent_v2
DRS,FUE,10945.62,210.4927,2,2017,2018,eu_trend_wm_max_recent_v2
AMS,KLX,10944.8,210.4769,7,2015,2024,eu_trend_wm_max_recent_v2
TRD,AGP,10940.52,210.3946,3,2017,2024,eu_trend_wm_max_recent_v2
FKB,HER,10939.0,210.3654,4,2018,2024,eu_trend_wm_max_recent_v2
VAR,HEL,10937.0,210.3269,2,2018,2019,eu_trend_wm_max_recent_v2
SOU,FAO,10935.64,210.3009,2,2015,2017,eu_trend_wm_max_recent_v2
SDR,LPA,10935.0,210.2885,3,2019,2024,eu_trend_wm_max_recent_v2
CGN,MAH,10933.0,210.25,3,2017,2019,eu_trend_wm_max_recent_v2
OTP,JTR,10931.27,210.2166,1,2024,2024,eu_trend_wm_max_recent_v2
ZAG,SOF,10930.94,210.2104,1,2023,2023,eu_trend_wm_max_recent_v2
LHR,PVK,10929.45,210.1818,6,2016,2024,eu_trend_wm_max_recent_v2
BCN,PDL,10928.17,210.1571,2,2023,2024,eu_trend_wm_max_recent_v2
BVA,ZAD,10926.28,210.1208,4,2015,2018,eu_trend_wm_max_recent_v2
STN,NQY,10925.24,210.1008,3,2015,2017,eu_trend_wm_max_recent_v2
BER,SCN,10924.47,210.086,2,2023,2024,eu_trend_wm_max_recent_v2
TLL,TFS,10924.2,210.0808,3,2017,2024,eu_trend_wm_max_recent_v2
NRN,SDR,10921.08,210.0207,3,2015,2017,eu_trend_wm_max_recent_v2
PMI,CAG,10918.01,209.9616,1,2023,2023,eu_trend_wm_max_recent_v2
CAG,RMI,10916.16,209.9261,2,2023,2024,eu_trend_wm_max_recent_v2
NAP,LDE,10916.16,209.9261,2,2023,2024,eu_trend_wm_max_recent_v2
LGW,BDS,10916.0,209.9231,2,2019,2023,eu_trend_wm_max_recent_v2
DUB,VGO,10914.52,209.8947,3,2016,2018,eu_trend_wm_max_recent_v2
HHN,PMO,10909.69,209.8017,2,2023,2024,eu_trend_wm_max_recent_v2
EDI,REU,10904.0,209.6923,1,2019,2019,eu_trend_wm_max_recent_v2
LCA,MMX,10904.0,209.6923,5,2015,2024,eu_trend_wm_max_recent_v2
ALC,HAU,10901.76,209.6492,7,2015,2024,eu_trend_wm_max_recent_v2
KGS,GDN,10900.74,209.6296,1,2018,2018,eu_trend_wm_max_recent_v2
SUF,KRK,10900.74,209.6296,5,2017,2024,eu_trend_wm_max_recent_v2
SPU,DTM,10899.53,209.6063,2,2023,2024,eu_trend_wm_max_recent_v2
DUB,LEI,10898.7,209.5904,6,2015,2023,eu_trend_wm_max_recent_v2
TPS,KUN,10897.93,209.5755,3,2015,2017,eu_trend_wm_max_recent_v2
KTT,LGW,10895.0,209.5192,7,2015,2024,eu_trend_wm_max_recent_v2
KVA,FRA,10893.99,209.4997,2,2023,2024,eu_trend_wm_max_recent_v2
FLR,OLB,10892.14,209.4642,2,2023,2024,eu_trend_wm_max_recent_v2
FCO,CRV,10890.51,209.4328,1,2024,2024,eu_trend_wm_max_recent_v2
SVQ,PMO,10890.35,209.4298,1,2015,2015,eu_trend_wm_max_recent_v2
HEL,VAR,10890.0,209.4231,2,2018,2019,eu_trend_wm_max_recent_v2
KRK,PSR,10886.0,209.3462,5,2017,2024,eu_trend_wm_max_recent_v2
PMO,LIL,10885.67,209.3398,2,2023,2024,eu_trend_wm_max_recent_v2
LHR,KGS,10882.77,209.2841,1,2015,2015,eu_trend_wm_max_recent_v2
CHQ,SOF,10877.83,209.189,1,2024,2024,eu_trend_wm_max_recent_v2
WMI,PSA,10874.22,209.1196,6,2015,2023,eu_trend_wm_max_recent_v2
PMI,KUN,10874.2,209.1192,5,2015,2019,eu_trend_wm_max_recent_v2
DBV,GVA,10872.0,209.0769,3,2019,2024,eu_trend_wm_max_recent_v2
LCY,CWL,10868.02,209.0004,1,2017,2017,eu_trend_wm_max_recent_v2
LBA,CHQ,10861.46,208.8743,6,2015,2024,eu_trend_wm_max_recent_v2
KUN,TPS,10856.79,208.7845,3,2015,2017,eu_trend_wm_max_recent_v2
MMX,LCA,10851.0,208.6731,5,2015,2024,eu_trend_wm_max_recent_v2
SDR,NRN,10847.21,208.6002,3,2015,2017,eu_trend_wm_max_recent_v2
HHN,TPS,10842.6,208.5115,6,2015,2023,eu_trend_wm_max_recent_v2
FAO,NQY,10842.0,208.5,3,2017,2019,eu_trend_wm_max_recent_v2
MPL,FCO,10840.69,208.4748,3,2015,2024,eu_trend_wm_max_recent_v2
GVA,BIO,10838.89,208.4401,2,2016,2017,eu_trend_wm_max_recent_v2
VNO,TFS,10838.55,208.4337,2,2023,2024,eu_trend_wm_max_recent_v2
SPU,WRO,10834.86,208.3627,1,2023,2023,eu_trend_wm_max_recent_v2
EMA,CCF,10834.44,208.3546,6,2015,2023,eu_trend_wm_max_recent_v2
WRO,VLC,10833.01,208.3271,2,2023,2024,eu_trend_wm_max_recent_v2
OVD,MAH,10832.09,208.3094,2,2023,2024,eu_trend_wm_max_recent_v2
LEI,DUB,10830.0,208.2692,6,2015,2023,eu_trend_wm_max_recent_v2
ZAD,BVA,10829.52,208.2601,4,2015,2018,eu_trend_wm_max_recent_v2
PSR,KRK,10827.0,208.2115,5,2017,2024,eu_trend_wm_max_recent_v2
HHN,TMP,10826.49,208.2017,1,2015,2015,eu_trend_wm_max_recent_v2
CPH,POZ,10826.28,208.1977,6,2015,2024,eu_trend_wm_max_recent_v2
LHR,DBV,10825.62,208.185,2,2023,2024,eu_trend_wm_max_recent_v2
NCE,BFS,10824.32,208.16,1,2015,2015,eu_trend_wm_max_recent_v2
NYO,CLJ,10822.24,208.12,1,2017,2017,eu_trend_wm_max_recent_v2
FMM,TPS,10821.07,208.0976,1,2015,2015,eu_trend_wm_max_recent_v2
KRS,LPA,10819.02,208.058,6,2016,2024,eu_trend_wm_max_recent_v2
TFS,VNO,10815.46,207.9896,2,2023,2024,eu_trend_wm_max_recent_v2
SVO,RMI,10810.25,207.8894,1,2015,2015,eu_trend_wm_max_recent_v2
NUE,ATH,10809.96,207.8838,1,2018,2018,eu_trend_wm_max_recent_v2
JTR,BRI,10809.92,207.883,2,2023,2024,eu_trend_wm_max_recent_v2
GRO,LPL,10807.92,207.8446,3,2017,2019,eu_trend_wm_max_recent_v2
TIV,TLL,10806.22,207.8119,1,2023,2023,eu_trend_wm_max_recent_v2
VCE,MAH,10804.0,207.7692,1,2019,2019,eu_trend_wm_max_recent_v2
TGM,FKB,10800.98,207.7111,1,2016,2016,eu_trend_wm_max_recent_v2
BIO,GVA,10798.31,207.6598,2,2016,2017,eu_trend_wm_max_recent_v2
NRN,PSA,10796.73,207.6294,5,2015,2019,eu_trend_wm_max_recent_v2
FMM,WMI,10795.0,207.5962,2,2018,2019,eu_trend_wm_max_recent_v2
LPA,FMM,10794.5,207.5865,1,2024,2024,eu_trend_wm_max_recent_v2
JTR,OTP,10793.59,207.5691,1,2024,2024,eu_trend_wm_max_recent_v2
FNC,BOD,10791.78,207.5343,1,2024,2024,eu_trend_wm_max_recent_v2
BVA,SCQ,10788.67,207.4744,1,2023,2023,eu_trend_wm_max_recent_v2
PMO,HHN,10781.28,207.3322,2,2023,2024,eu_trend_wm_max_recent_v2
LIS,TRN,10776.3,207.2365,1,2018,2018,eu_trend_wm_max_recent_v2
LPL,EGC,10776.3,207.2365,7,2015,2024,eu_trend_wm_max_recent_v2
OLB,PRG,10775.42,207.2197,1,2017,2017,eu_trend_wm_max_recent_v2
KRK,SUF,10775.28,207.2169,5,2017,2024,eu_trend_wm_max_recent_v2
PUY,HHN,10773.34,207.1797,5,2015,2019,eu_trend_wm_max_recent_v2
PIK,BZG,10773.0,207.1731,1,2019,2019,eu_trend_wm_max_recent_v2
BCN,REG,10772.76,207.1685,1,2024,2024,eu_trend_wm_max_recent_v2
LIL,CMN,10768.34,207.0835,2,2023,2024,eu_trend_wm_max_recent_v2
KVA,STR,10765.0,207.0192,7,2015,2024,eu_trend_wm_max_recent_v2
BRI,LPL,10763.98,206.9996,1,2017,2017,eu_trend_wm_max_recent_v2
GRO,SKG,10762.02,206.9619,4,2016,2019,eu_trend_wm_max_recent_v2
VAR,MAN,10761.0,206.9423,2,2018,2019,eu_trend_wm_max_recent_v2
TPS,HHN,10757.94,206.8835,6,2015,2023,eu_trend_wm_max_recent_v2
VXO,NRN,10755.34,206.8335,3,2015,2017,eu_trend_wm_max_recent_v2
BRE,TMP,10752.16,206.7723,4,2015,2018,eu_trend_wm_max_recent_v2
SCV,EIN,10749.87,206.7282,1,2023,2023,eu_trend_wm_max_recent_v2
GRX,CDG,10749.0,206.7115,2,2018,2019,eu_trend_wm_max_recent_v2
BEG,HAJ,10748.37,206.6995,2,2017,2023,eu_trend_wm_max_recent_v2
HAM,INN,10748.37,206.6995,2,2017,2024,eu_trend_wm_max_recent_v2
TSF,NYO,10746.72,206.6677,4,2015,2019,eu_trend_wm_max_recent_v2
MAH,ZRH,10746.5,206.6634,1,2024,2024,eu_trend_wm_max_recent_v2
BRE,TLL,10743.67,206.609,4,2015,2018,eu_trend_wm_max_recent_v2
PUY,RTM,10743.4,206.6038,4,2018,2024,eu_trend_wm_max_recent_v2
GDN,KGS,10740.6,206.55,1,2018,2018,eu_trend_wm_max_recent_v2
MMX,VBY,10739.58,206.5304,5,2015,2019,eu_trend_wm_max_recent_v2
HHN,PUY,10739.42,206.5274,5,2015,2019,eu_trend_wm_max_recent_v2
SZG,HER,10737.44,206.4892,1,2024,2024,eu_trend_wm_max_recent_v2
MAH,OVD,10734.16,206.4262,2,2023,2024,eu_trend_wm_max_recent_v2
HAM,VRN,10733.81,206.4194,1,2017,2017,eu_trend_wm_max_recent_v2
LPA,EAS,10733.24,206.4084,2,2023,2024,eu_trend_wm_max_recent_v2
ZTH,GDN,10731.73,206.3793,3,2017,2024,eu_trend_wm_max_recent_v2
PDL,BCN,10729.54,206.3373,2,2023,2024,eu_trend_wm_max_recent_v2
RMI,SVO,10725.82,206.2658,1,2015,2015,eu_trend_wm_max_recent_v2
NCE,ETZ,10721.32,206.1793,4,2015,2019,eu_trend_wm_max_recent_v2
FCO,HHN,10721.23,206.1774,2,2023,2024,eu_trend_wm_max_recent_v2
ETZ,NCE,10720.28,206.1593,4,2015,2019,eu_trend_wm_max_recent_v2
EGC,LPL,10720.2,206.1577,7,2015,2024,eu_trend_wm_max_recent_v2
DUS,ZAG,10718.16,206.1185,4,2018,2024,eu_trend_wm_max_recent_v2
FUE,DRS,10715.1,206.0596,2,2017,2018,eu_trend_wm_max_recent_v2
LED,VRN,10712.04,206.0008,1,2018,2018,eu_trend_wm_max_recent_v2
SEN,GLA,10712.0,206.0,2,2018,2019,eu_trend_wm_max_recent_v2
STN,CIY,10708.98,205.9419,4,2015,2018,eu_trend_wm_max_recent_v2
ALC,VXO,10707.0,205.9038,6,2015,2023,eu_trend_wm_max_recent_v2
HAM,ZTH,10706.64,205.897,1,2024,2024,eu_trend_wm_max_recent_v2
TRD,BCN,10700.82,205.785,2,2016,2018,eu_trend_wm_max_recent_v2
GRO,DTM,10698.76,205.7454,1,2015,2015,eu_trend_wm_max_recent_v2
SKG,GRO,10697.0,205.7115,4,2016,2019,eu_trend_wm_max_recent_v2
TFS,TLL,10696.35,205.6991,3,2017,2024,eu_trend_wm_max_recent_v2
PLQ,DTM,10693.0,205.6346,1,2019,2019,eu_trend_wm_max_recent_v2
EWR,NCL,10685.3,205.4866,1,2016,2016,eu_trend_wm_max_recent_v2
HAJ,BEG,10682.83,205.439,2,2017,2023,eu_trend_wm_max_recent_v2
BER,LBA,10679.4,205.3731,1,2018,2018,eu_trend_wm_max_recent_v2
LDE,NAP,10678.73,205.3602,2,2023,2024,eu_trend_wm_max_recent_v2
AAL,FRA,10675.75,205.3029,2,2015,2016,eu_trend_wm_max_recent_v2
BER,VRN,10675.54,205.2989,1,2017,2017,eu_trend_wm_max_recent_v2
SPU,SVG,10675.0,205.2885,1,2019,2019,eu_trend_wm_max_recent_v2
BRS,PVK,10674.11,205.2713,1,2023,2023,eu_trend_wm_max_recent_v2
CLJ,NCE,10673.19,205.2536,2,2023,2024,eu_trend_wm_max_recent_v2
STN,BIA,10672.26,205.2358,1,2018,2018,eu_trend_wm_max_recent_v2
GRO,MST,10664.0,205.0769,6,2015,2024,eu_trend_wm_max_recent_v2
BER,REG,10660.45,205.0087,1,2024,2024,eu_trend_wm_max_recent_v2
BFS,BOJ,10660.0,205.0,2,2018,2019,eu_trend_wm_max_recent_v2
OTP,JMK,10659.33,204.9871,1,2023,2023,eu_trend_wm_max_recent_v2
NRN,VXO,10658.9,204.9788,3,2015,2017,eu_trend_wm_max_recent_v2
OSL,VAR,10657.98,204.9612,2,2017,2018,eu_trend_wm_max_recent_v2
BES,SEN,10657.0,204.9423,1,2019,2019,eu_trend_wm_max_recent_v2
FAO,SOU,10656.82,204.9388,2,2015,2017,eu_trend_wm_max_recent_v2
BVA,TRS,10654.11,204.8868,1,2024,2024,eu_trend_wm_max_recent_v2
ZAD,NYO,10651.13,204.8295,5,2015,2019,eu_trend_wm_max_recent_v2
CHQ,EIN,10650.57,204.8187,3,2015,2018,eu_trend_wm_max_recent_v2
NAP,GDN,10644.72,204.7062,2,2017,2018,eu_trend_wm_max_recent_v2
CRL,EGC,10643.29,204.6787,5,2015,2019,eu_trend_wm_max_recent_v2
DBV,BER,10639.0,204.5962,2,2019,2024,eu_trend_wm_max_recent_v2
PUY,AMS,10639.0,204.5962,3,2017,2019,eu_trend_wm_max_recent_v2
NUE,RZE,10636.23,204.5429,1,2023,2023,eu_trend_wm_max_recent_v2
LPA,KRS,10634.37,204.507,6,2016,2024,eu_trend_wm_max_recent_v2
VIE,JSI,10632.54,204.4719,2,2023,2024,eu_trend_wm_max_recent_v2
BRE,KGS,10631.46,204.4512,2,2017,2018,eu_trend_wm_max_recent_v2
INV,KOI,10630.57,204.434,5,2015,2019,eu_trend_wm_max_recent_v2
NQY,FAO,10624.32,204.3138,3,2017,2019,eu_trend_wm_max_recent_v2
LIL,PGF,10623.3,204.2942,2,2023,2024,eu_trend_wm_max_recent_v2
FLR,PRG,10621.51,204.2597,1,2024,2024,eu_trend_wm_max_recent_v2
JSI,STN,10620.53,204.2409,2,2023,2024,eu_trend_wm_max_recent_v2
LPA,SDR,10620.0,204.2308,3,2019,2024,eu_trend_wm_max_recent_v2
CRL,DBV,10618.79,204.2075,1,2024,2024,eu_trend_wm_max_recent_v2
ZRH,MAH,10618.79,204.2075,1,2024,2024,eu_trend_wm_max_recent_v2
PGF,LIL,10616.83,204.1698,2,2023,2024,eu_trend_wm_max_recent_v2
FCO,DEB,10610.64,204.0507,1,2024,2024,eu_trend_wm_max_recent_v2
GDN,NCL,10606.98,203.9804,2,2017,2018,eu_trend_wm_max_recent_v2
LGW,KVA,10602.53,203.8948,6,2015,2024,eu_trend_wm_max_recent_v2
VRN,BER,10599.6,203.8384,1,2017,2017,eu_trend_wm_max_recent_v2
VGO,EDI,10597.8,203.8038,2,2017,2018,eu_trend_wm_max_recent_v2
BDS,MAN,10597.51,203.7984,6,2016,2024,eu_trend_wm_max_recent_v2
CLJ,ZTH,10594.66,203.7434,2,2023,2024,eu_trend_wm_max_recent_v2
REG,BCN,10590.71,203.6675,1,2024,2024,eu_trend_wm_max_recent_v2
BRI,MST,10583.43,203.5274,7,2015,2024,eu_trend_wm_max_recent_v2
HHN,SDR,10582.94,203.5181,1,2015,2015,eu_trend_wm_max_recent_v2
BCN,TRD,10581.48,203.49,2,2016,2018,eu_trend_wm_max_recent_v2
GDN,NAP,10580.46,203.4704,2,2017,2018,eu_trend_wm_max_recent_v2
VBY,MMX,10579.69,203.4556,5,2015,2019,eu_trend_wm_max_recent_v2
PSA,NRN,10578.79,203.4382,5,2015,2019,eu_trend_wm_max_recent_v2
OVD,IBZ,10574.63,203.3582,3,2015,2018,eu_trend_wm_max_recent_v2
WAW,OLB,10571.28,203.2938,1,2018,2018,eu_trend_wm_max_recent_v2
CFR,BIA,10567.0,203.2115,3,2019,2024,eu_trend_wm_max_recent_v2
AMS,PUY,10565.0,203.1731,3,2017,2019,eu_trend_wm_max_recent_v2
OLB,DUB,10562.63,203.1276,1,2024,2024,eu_trend_wm_max_recent_v2
CIY,LIN,10561.14,203.0989,2,2015,2016,eu_trend_wm_max_recent_v2
TLV,GNB,10561.1,203.0981,5,2017,2024,eu_trend_wm_max_recent_v2
NYO,TSF,10561.08,203.0977,4,2015,2019,eu_trend_wm_max_recent_v2
PSA,CFU,10561.08,203.0977,1,2018,2018,eu_trend_wm_max_recent_v2
RZE,NUE,10560.48,203.0861,1,2023,2023,eu_trend_wm_max_recent_v2
IBZ,OVD,10556.94,203.0181,3,2015,2018,eu_trend_wm_max_recent_v2
CIY,NRN,10552.65,202.9356,3,2016,2018,eu_trend_wm_max_recent_v2
ZTH,CLJ,10551.24,202.9084,2,2023,2024,eu_trend_wm_max_recent_v2
BIA,STN,10547.82,202.8427,1,2018,2018,eu_trend_wm_max_recent_v2
CMN,LIL,10547.54,202.8374,2,2023,2024,eu_trend_wm_max_recent_v2
HEL,VRN,10547.54,202.8374,2,2023,2024,eu_trend_wm_max_recent_v2
LBA,FNC,10545.49,202.798,1,2017,2017,eu_trend_wm_max_recent_v2
BER,DBV,10541.0,202.7115,2,2019,2024,eu_trend_wm_max_recent_v2
BIA,CFR,10540.0,202.6923,3,2019,2024,eu_trend_wm_max_recent_v2
OLB,WAW,10537.62,202.6465,1,2018,2018,eu_trend_wm_max_recent_v2
VRN,HEL,10528.14,202.4643,2,2023,2024,eu_trend_wm_max_recent_v2
BZG,PIK,10528.0,202.4615,1,2019,2019,eu_trend_wm_max_recent_v2
TLL,BOJ,10525.0,202.4038,1,2019,2019,eu_trend_wm_max_recent_v2
PSR,FMM,10524.45,202.3932,2,2023,2024,eu_trend_wm_max_recent_v2
BOJ,BFS,10522.0,202.3462,2,2018,2019,eu_trend_wm_max_recent_v2
OUL,CHQ,10520.0,202.3077,1,2019,2019,eu_trend_wm_max_recent_v2
CWL,FCO,10519.48,202.2978,1,2017,2017,eu_trend_wm_max_recent_v2
FNC,LEJ,10519.48,202.2978,5,2015,2024,eu_trend_wm_max_recent_v2
TSF,CRA,10517.4,202.2578,1,2017,2017,eu_trend_wm_max_recent_v2
CDG,SNN,10517.35,202.2567,1,2024,2024,eu_trend_wm_max_recent_v2
CCF,EMA,10517.22,202.2542,6,2015,2023,eu_trend_wm_max_recent_v2
BOJ,TLL,10517.0,202.25,1,2019,2019,eu_trend_wm_max_recent_v2
LPL,VAR,10515.21,202.2156,1,2023,2023,eu_trend_wm_max_recent_v2
RHO,NYO,10509.06,202.0973,3,2015,2019,eu_trend_wm_max_recent_v2
LCY,JFK,10505.0,202.0193,1,2015,2015,eu_trend_wm_max_recent_v2
LIG,LBA,10503.84,201.9969,7,2015,2024,eu_trend_wm_max_recent_v2
PRG,OLB,10501.8,201.9576,1,2017,2017,eu_trend_wm_max_recent_v2
PSR,GRO,10500.65,201.9356,7,2015,2024,eu_trend_wm_max_recent_v2
RMU,PIK,10500.0,201.9231,3,2019,2024,eu_trend_wm_max_recent_v2
BRI,POZ,10497.66,201.878,2,2023,2024,eu_trend_wm_max_recent_v2
KUN,GRO,10497.0,201.8654,2,2018,2019,eu_trend_wm_max_recent_v2
LYS,LRH,10494.0,201.8077,7,2015,2024,eu_trend_wm_max_recent_v2
BIO,PRG,10493.47,201.7976,1,2017,2017,eu_trend_wm_max_recent_v2
PIK,RMU,10487.0,201.6731,3,2019,2024,eu_trend_wm_max_recent_v2
FCO,CHQ,10486.62,201.6658,2,2016,2018,eu_trend_wm_max_recent_v2
RMI,WMI,10486.62,201.6658,2,2018,2023,eu_trend_wm_max_recent_v2
EGC,CRL,10486.19,201.6575,5,2015,2019,eu_trend_wm_max_recent_v2
CHQ,OUL,10484.0,201.6154,1,2019,2019,eu_trend_wm_max_recent_v2
GRO,PSR,10482.03,201.5775,7,2015,2024,eu_trend_wm_max_recent_v2
KUN,RMI,10478.25,201.5049,2,2023,2024,eu_trend_wm_max_recent_v2
CFU,SEN,10478.0,201.5,1,2019,2019,eu_trend_wm_max_recent_v2
CAG,PMI,10477.33,201.4871,1,2023,2023,eu_trend_wm_max_recent_v2
IST,AHO,10476.41,201.4694,2,2023,2024,eu_trend_wm_max_recent_v2
TPS,SVQ,10476.41,201.4694,2,2023,2024,eu_trend_wm_max_recent_v2
HEL,CFU,10473.0,201.4038,2,2018,2019,eu_trend_wm_max_recent_v2
CFU,HEL,10472.0,201.3846,2,2018,2019,eu_trend_wm_max_recent_v2
GLA,CCF,10471.63,201.3774,4,2015,2018,eu_trend_wm_max_recent_v2
FCO,LDE,10469.94,201.345,3,2018,2024,eu_trend_wm_max_recent_v2
CIY,STN,10469.28,201.3323,4,2015,2018,eu_trend_wm_max_recent_v2
NRN,CIY,10469.28,201.3323,3,2016,2018,eu_trend_wm_max_recent_v2
KLU,HAM,10467.46,201.2974,4,2015,2018,eu_trend_wm_max_recent_v2
SCQ,IBZ,10467.17,201.2917,2,2023,2024,eu_trend_wm_max_recent_v2
NCL,ABZ,10467.0,201.2885,2,2015,2019,eu_trend_wm_max_recent_v2
POZ,BRI,10463.47,201.2206,2,2023,2024,eu_trend_wm_max_recent_v2
ATH,CLJ,10463.16,201.2146,1,2018,2018,eu_trend_wm_max_recent_v2
BUD,ZAD,10463.0,201.2116,1,2024,2024,eu_trend_wm_max_recent_v2
SEN,REU,10458.0,201.1154,1,2019,2019,eu_trend_wm_max_recent_v2
PIK,PSA,10457.04,201.0969,4,2016,2019,eu_trend_wm_max_recent_v2
EDI,FKB,10456.0,201.0769,2,2018,2019,eu_trend_wm_max_recent_v2
MAN,VAR,10456.0,201.0769,2,2018,2019,eu_trend_wm_max_recent_v2
STN,AJA,10451.94,200.9988,1,2018,2018,eu_trend_wm_max_recent_v2
NYO,BZR,10449.8,200.9577,5,2015,2019,eu_trend_wm_max_recent_v2
TRN,AGP,10449.42,200.9503,1,2024,2024,eu_trend_wm_max_recent_v2
GLA,PLQ,10447.7,200.9172,1,2017,2017,eu_trend_wm_max_recent_v2
RIX,TPS,10445.92,200.8831,2,2023,2024,eu_trend_wm_max_recent_v2
ALC,TRN,10442.17,200.811,1,2024,2024,eu_trend_wm_max_recent_v2
LSI,KOI,10442.0,200.8077,5,2015,2019,eu_trend_wm_max_recent_v2
VRN,HAM,10440.41,200.7772,1,2017,2017,eu_trend_wm_max_recent_v2
SNN,LPL,10436.74,200.7065,1,2024,2024,eu_trend_wm_max_recent_v2
HER,GRZ,10433.91,200.6521,3,2018,2024,eu_trend_wm_max_recent_v2
LCG,MXP,10432.06,200.6166,2,2023,2024,eu_trend_wm_max_recent_v2
SVG,SPU,10430.0,200.5769,1,2019,2019,eu_trend_wm_max_recent_v2
STN,RMI,10425.87,200.4974,4,2018,2024,eu_trend_wm_max_recent_v2
GDN,CHQ,10422.0,200.4231,4,2018,2024,eu_trend_wm_max_recent_v2
IBZ,HHN,10420.32,200.3908,7,2015,2024,eu_trend_wm_max_recent_v2
BLQ,CIY,10419.13,200.3679,2,2023,2024,eu_trend_wm_max_recent_v2
ATH,VRN,10417.0,200.3269,1,2019,2019,eu_trend_wm_max_recent_v2
HHN,IBZ,10416.24,200.3123,7,2015,2024,eu_trend_wm_max_recent_v2
NYO,RHO,10414.2,200.2731,3,2015,2019,eu_trend_wm_max_recent_v2
EDI,VGO,10411.14,200.2142,2,2017,2018,eu_trend_wm_max_recent_v2
CWL,BOJ,10406.04,200.1162,1,2018,2018,eu_trend_wm_max_recent_v2
FRA,GRO,10403.0,200.0577,2,2018,2019,eu_trend_wm_max_recent_v2
NYO,ZAD,10402.17,200.0418,5,2015,2019,eu_trend_wm_max_recent_v2
REU,EDI,10402.0,200.0385,1,2019,2019,eu_trend_wm_max_recent_v2
HAM,FLR,10400.51,200.0097,1,2024,2024,eu_trend_wm_max_recent_v2
REU,GDN,10398.0,199.9615,1,2019,2019,eu_trend_wm_max_recent_v2
AOI,NRN,10391.76,199.8415,6,2015,2023,eu_trend_wm_max_recent_v2
NCL,GDN,10391.76,199.8415,2,2017,2018,eu_trend_wm_max_recent_v2
PLQ,GLA,10391.52,199.8368,1,2017,2017,eu_trend_wm_max_recent_v2
KEF,SFB,10390.27,199.8128,1,2015,2015,eu_trend_wm_max_recent_v2
MST,GRO,10383.0,199.6731,6,2015,2024,eu_trend_wm_max_recent_v2
KGS,BRE,10380.54,199.6258,2,2017,2018,eu_trend_wm_max_recent_v2
GDN,REU,10380.0,199.6154,1,2019,2019,eu_trend_wm_max_recent_v2
MLA,DEB,10379.0,199.5962,1,2019,2019,eu_trend_wm_max_recent_v2
LEJ,FNC,10375.91,199.5367,5,2015,2024,eu_trend_wm_max_recent_v2
RMI,STN,10375.15,199.522,4,2018,2024,eu_trend_wm_max_recent_v2
FMM,PSR,10373.86,199.4973,2,2023,2024,eu_trend_wm_max_recent_v2
OST,LPA,10373.86,199.4973,7,2015,2024,eu_trend_wm_max_recent_v2
BHX,INN,10372.94,199.4795,2,2023,2024,eu_trend_wm_max_recent_v2
GRO,FRA,10370.0,199.4231,2,2018,2019,eu_trend_wm_max_recent_v2
ISC,NQY,10366.94,199.3642,5,2015,2019,eu_trend_wm_max_recent_v2
MRS,WMI,10366.0,199.3462,2,2015,2019,eu_trend_wm_max_recent_v2
AGP,PAD,10365.55,199.3374,2,2023,2024,eu_trend_wm_max_recent_v2
CAG,NUE,10362.77,199.2841,2,2023,2024,eu_trend_wm_max_recent_v2
HHN,FCO,10361.85,199.2664,2,2023,2024,eu_trend_wm_max_recent_v2
JMK,MAD,10361.85,199.2664,2,2023,2024,eu_trend_wm_max_recent_v2
CAG,KUN,10361.04,199.2508,1,2015,2015,eu_trend_wm_max_recent_v2
PRG,FLR,10352.5,199.0866,1,2024,2024,eu_trend_wm_max_recent_v2
FRA,PDL,10350.76,199.0532,5,2017,2024,eu_trend_wm_max_recent_v2
KUN,CAG,10350.22,199.0426,1,2015,2015,eu_trend_wm_max_recent_v2
STN,BOJ,10350.0,199.0385,1,2019,2019,eu_trend_wm_max_recent_v2
FCO,CWL,10347.82,198.9965,1,2017,2017,eu_trend_wm_max_recent_v2
REG,BER,10347.07,198.9821,1,2024,2024,eu_trend_wm_max_recent_v2
CFU,CPH,10347.0,198.9808,1,2019,2019,eu_trend_wm_max_recent_v2
FKB,EDI,10345.0,198.9423,2,2018,2019,eu_trend_wm_max_recent_v2
RHO,VNO,10344.84,198.9392,1,2018,2018,eu_trend_wm_max_recent_v2
SDR,HHN,10344.8,198.9385,1,2015,2015,eu_trend_wm_max_recent_v2
GDN,CFU,10344.3,198.9288,2,2023,2024,eu_trend_wm_max_recent_v2
BOJ,CWL,10341.78,198.8804,1,2018,2018,eu_trend_wm_max_recent_v2
VNO,RHO,10339.74,198.8412,1,2018,2018,eu_trend_wm_max_recent_v2
EDI,ZTH,10338.92,198.8253,1,2024,2024,eu_trend_wm_max_recent_v2
INI,HHN,10338.75,198.8222,2,2023,2024,eu_trend_wm_max_recent_v2
NCL,CPH,10337.23,198.7928,2,2015,2016,eu_trend_wm_max_recent_v2
FNC,LBA,10335.33,198.7564,1,2017,2017,eu_trend_wm_max_recent_v2
LPL,SNN,10335.29,198.7557,1,2024,2024,eu_trend_wm_max_recent_v2
BRI,AHO,10334.13,198.7334,1,2023,2023,eu_trend_wm_max_recent_v2
CHQ,GDN,10334.0,198.7308,4,2018,2024,eu_trend_wm_max_recent_v2
SNN,CDG,10332.58,198.7034,1,2024,2024,eu_trend_wm_max_recent_v2
FAO,PDL,10330.77,198.6686,1,2024,2024,eu_trend_wm_max_recent_v2
FMM,RHO,10330.77,198.6686,1,2024,2024,eu_trend_wm_max_recent_v2
KIR,FAO,10330.44,198.6623,2,2023,2024,eu_trend_wm_max_recent_v2
LBA,LIG,10327.68,198.6092,7,2015,2024,eu_trend_wm_max_recent_v2
GRZ,HER,10323.97,198.5379,3,2018,2024,eu_trend_wm_max_recent_v2
SVQ,TPS,10323.97,198.5379,2,2023,2024,eu_trend_wm_max_recent_v2
WMI,RMI,10322.4,198.5077,2,2018,2023,eu_trend_wm_max_recent_v2
BRU,SXB,10318.83,198.439,1,2015,2015,eu_trend_wm_max_recent_v2
BOJ,HHN,10318.32,198.4292,1,2018,2018,eu_trend_wm_max_recent_v2
TSR,CLJ,10316.61,198.3963,1,2017,2017,eu_trend_wm_max_recent_v2
SEN,CFU,10315.0,198.3654,1,2019,2019,eu_trend_wm_max_recent_v2
GNB,TLV,10314.24,198.3508,5,2017,2024,eu_trend_wm_max_recent_v2
BZR,NYO,10313.88,198.3439,5,2015,2019,eu_trend_wm_max_recent_v2
CRA,TSF,10311.4,198.2962,1,2017,2017,eu_trend_wm_max_recent_v2
MXP,LUZ,10308.12,198.2331,1,2018,2018,eu_trend_wm_max_recent_v2
POZ,CAG,10300.88,198.0938,2,2023,2024,eu_trend_wm_max_recent_v2
DEB,MMX,10291.8,197.9192,3,2016,2018,eu_trend_wm_max_recent_v2
CFU,GDN,10291.64,197.9161,2,2023,2024,eu_trend_wm_max_recent_v2
PAD,AGP,10286.09,197.8095,2,2023,2024,eu_trend_wm_max_recent_v2
FRA,OVD,10284.57,197.7803,1,2024,2024,eu_trend_wm_max_recent_v2
HAU,CPH,10284.17,197.7724,3,2015,2023,eu_trend_wm_max_recent_v2
SCV,BLQ,10279.0,197.6731,2,2019,2023,eu_trend_wm_max_recent_v2
FKB,TGM,10276.74,197.6296,1,2016,2016,eu_trend_wm_max_recent_v2
NOC,ALC,10275.01,197.5963,3,2015,2024,eu_trend_wm_max_recent_v2
TPS,RIX,10272.24,197.543,2,2023,2024,eu_trend_wm_max_recent_v2
SVQ,MPL,10270.39,197.5075,2,2023,2024,eu_trend_wm_max_recent_v2
JER,CWL,10269.36,197.4877,1,2018,2018,eu_trend_wm_max_recent_v2
LTN,OLB,10264.0,197.3846,3,2017,2023,eu_trend_wm_max_recent_v2
LCY,VCE,10257.12,197.2523,2,2017,2018,eu_trend_wm_max_recent_v2
BLL,PVK,10255.61,197.2232,5,2017,2024,eu_trend_wm_max_recent_v2
ZAD,BRS,10253.14,197.1758,1,2017,2017,eu_trend_wm_max_recent_v2
WMI,RHO,10250.99,197.1344,2,2023,2024,eu_trend_wm_max_recent_v2
LCA,SCV,10248.22,197.0811,1,2023,2023,eu_trend_wm_max_recent_v2
RMI,KRK,10246.0,197.0385,2,2019,2023,eu_trend_wm_max_recent_v2
LPL,GRO,10242.84,196.9777,3,2017,2019,eu_trend_wm_max_recent_v2
CCF,GLA,10240.89,196.9402,4,2015,2018,eu_trend_wm_max_recent_v2
CWL,JER,10240.8,196.9385,1,2018,2018,eu_trend_wm_max_recent_v2
VIE,PVK,10237.13,196.8679,4,2016,2024,eu_trend_wm_max_recent_v2
MST,BRI,10227.89,196.6902,7,2015,2024,eu_trend_wm_max_recent_v2
LPL,BRI,10225.05,196.6356,1,2017,2017,eu_trend_wm_max_recent_v2
PSR,WMI,10221.42,196.5658,2,2018,2023,eu_trend_wm_max_recent_v2
PVK,BLL,10216.0,196.4615,5,2017,2024,eu_trend_wm_max_recent_v2
VAR,OSL,10214.28,196.4285,2,2017,2018,eu_trend_wm_max_recent_v2
AGP,TRN,10210.3,196.352,1,2024,2024,eu_trend_wm_max_recent_v2
RTM,BDS,10210.0,196.3462,2,2019,2023,eu_trend_wm_max_recent_v2
ZTH,FRA,10209.42,196.3349,2,2023,2024,eu_trend_wm_max_recent_v2
RHO,WMI,10205.72,196.2639,2,2023,2024,eu_trend_wm_max_recent_v2
ZTH,EDI,10203.96,196.2301,1,2024,2024,eu_trend_wm_max_recent_v2
TUF,DUB,10200.0,196.1538,6,2015,2023,eu_trend_wm_max_recent_v2
EAS,LPA,10196.48,196.0862,2,2023,2024,eu_trend_wm_max_recent_v2
ALC,NOC,10194.63,196.0507,3,2015,2024,eu_trend_wm_max_recent_v2
NUE,CAG,10193.71,196.0329,2,2023,2024,eu_trend_wm_max_recent_v2
BDS,RTM,10189.0,195.9423,2,2019,2023,eu_trend_wm_max_recent_v2
FSC,SXB,10189.0,195.9423,5,2017,2024,eu_trend_wm_max_recent_v2
AJA,STN,10187.76,195.9185,1,2018,2018,eu_trend_wm_max_recent_v2
WMI,MRS,10186.0,195.8846,2,2015,2019,eu_trend_wm_max_recent_v2
LRH,LYS,10184.41,195.8541,7,2015,2024,eu_trend_wm_max_recent_v2
VAR,LPL,10183.55,195.8375,1,2023,2023,eu_trend_wm_max_recent_v2
BVA,SBZ,10179.6,195.7615,1,2018,2018,eu_trend_wm_max_recent_v2
REU,SEN,10179.0,195.75,1,2019,2019,eu_trend_wm_max_recent_v2
FAO,KIR,10178.93,195.7486,2,2023,2024,eu_trend_wm_max_recent_v2
NCE,TLL,10178.93,195.7486,1,2023,2023,eu_trend_wm_max_recent_v2
NYO,NAP,10178.0,195.7308,2,2018,2019,eu_trend_wm_max_recent_v2
FAO,GRQ,10171.62,195.608,5,2015,2019,eu_trend_wm_max_recent_v2
MXP,JSI,10171.54,195.6065,2,2023,2024,eu_trend_wm_max_recent_v2
FCO,MPL,10170.45,195.5856,3,2015,2024,eu_trend_wm_max_recent_v2
TRN,ALC,10170.45,195.5856,1,2024,2024,eu_trend_wm_max_recent_v2
RHO,FMM,10162.3,195.4288,1,2024,2024,eu_trend_wm_max_recent_v2
LCA,TRD,10160.49,195.394,1,2024,2024,eu_trend_wm_max_recent_v2
BDS,BCN,10160.45,195.3933,1,2023,2023,eu_trend_wm_max_recent_v2
BRU,KTT,10159.53,195.3755,2,2023,2024,eu_trend_wm_max_recent_v2
HHN,BOJ,10155.12,195.2908,1,2018,2018,eu_trend_wm_max_recent_v2
RHO,LUX,10153.0,195.25,3,2018,2023,eu_trend_wm_max_recent_v2
CFE,STN,10152.0,195.2308,2,2018,2019,eu_trend_wm_max_recent_v2
RMU,ANR,10152.0,195.2308,2,2019,2023,eu_trend_wm_max_recent_v2
IBZ,SCQ,10150.29,195.1979,2,2023,2024,eu_trend_wm_max_recent_v2
LRH,ORY,10148.0,195.1538,2,2018,2019,eu_trend_wm_max_recent_v2
GVA,LCG,10144.75,195.0913,2,2023,2024,eu_trend_wm_max_recent_v2
KUN,BRI,10142.9,195.0557,1,2023,2023,eu_trend_wm_max_recent_v2
GVA,DBV,10141.0,195.0192,3,2019,2024,eu_trend_wm_max_recent_v2
KRK,RMI,10139.0,194.9808,2,2019,2023,eu_trend_wm_max_recent_v2
CFU,PSA,10138.8,194.9769,1,2018,2018,eu_trend_wm_max_recent_v2
PRG,PSR,10134.0,194.8846,3,2019,2024,eu_trend_wm_max_recent_v2
AOI,KRK,10129.97,194.807,2,2023,2024,eu_trend_wm_max_recent_v2
PUY,LTN,10126.98,194.7495,1,2024,2024,eu_trend_wm_max_recent_v2
TLV,BCM,10124.26,194.6973,1,2024,2024,eu_trend_wm_max_recent_v2
LUX,RHO,10123.0,194.6731,3,2018,2023,eu_trend_wm_max_recent_v2
NBO,DZA,10122.0,194.6538,7,2015,2024,eu_trend_wm_max_recent_v2
PSR,CPH,10121.01,194.6348,1,2017,2017,eu_trend_wm_max_recent_v2
CAG,MAN,10121.0,194.6346,1,2019,2019,eu_trend_wm_max_recent_v2
MAD,BDS,10119.8,194.6116,2,2023,2024,eu_trend_wm_max_recent_v2
CHQ,CLJ,10118.82,194.5928,1,2024,2024,eu_trend_wm_max_recent_v2
JSI,MXP,10117.96,194.5761,2,2023,2024,eu_trend_wm_max_recent_v2
OUL,MUC,10117.01,194.5579,1,2024,2024,eu_trend_wm_max_recent_v2
LNZ,TFS,10114.25,194.5047,1,2015,2015,eu_trend_wm_max_recent_v2
PFO,NAP,10111.49,194.4517,2,2023,2024,eu_trend_wm_max_recent_v2
PTP,SDQ,10109.22,194.4081,6,2016,2024,eu_trend_wm_max_recent_v2
MME,ABZ,10107.18,194.3688,2,2015,2018,eu_trend_wm_max_recent_v2
PSR,PRG,10106.0,194.3462,3,2019,2024,eu_trend_wm_max_recent_v2
SOF,ZAG,10105.02,194.3273,1,2023,2023,eu_trend_wm_max_recent_v2
NAP,NYO,10103.0,194.2885,2,2018,2019,eu_trend_wm_max_recent_v2
NRN,AOI,10101.06,194.2512,6,2015,2023,eu_trend_wm_max_recent_v2
KOI,GLA,10101.0,194.25,4,2016,2019,eu_trend_wm_max_recent_v2
CAG,POZ,10100.4,194.2385,2,2023,2024,eu_trend_wm_max_recent_v2
MXP,LEI,10098.0,194.1923,1,2019,2019,eu_trend_wm_max_recent_v2
OLB,LTN,10097.0,194.1731,3,2017,2023,eu_trend_wm_max_recent_v2
CIY,BLQ,10092.09,194.0786,2,2023,2024,eu_trend_wm_max_recent_v2
GDN,SPU,10090.24,194.0431,1,2023,2023,eu_trend_wm_max_recent_v2
FKB,PMO,10086.54,193.972,2,2023,2024,eu_trend_wm_max_recent_v2
KOI,LSI,10080.0,193.8462,5,2015,2019,eu_trend_wm_max_recent_v2
GRO,KUN,10078.0,193.8077,2,2018,2019,eu_trend_wm_max_recent_v2
KTT,BRU,10072.69,193.7055,2,2023,2024,eu_trend_wm_max_recent_v2
MPL,SVQ,10072.69,193.7055,2,2023,2024,eu_trend_wm_max_recent_v2
BDS,MAD,10067.14,193.5989,2,2023,2024,eu_trend_wm_max_recent_v2
RMI,KUN,10066.22,193.5811,2,2023,2024,eu_trend_wm_max_recent_v2
PIK,GRO,10062.75,193.5144,3,2017,2019,eu_trend_wm_max_recent_v2
MAN,CAG,10061.0,193.4808,1,2019,2019,eu_trend_wm_max_recent_v2
CLJ,CHQ,10056.33,193.3909,1,2024,2024,eu_trend_wm_max_recent_v2
MLA,ABZ,10056.0,193.3846,2,2018,2019,eu_trend_wm_max_recent_v2
NQY,ISC,10051.76,193.3031,5,2015,2019,eu_trend_wm_max_recent_v2
TRD,LCA,10048.18,193.2342,1,2024,2024,eu_trend_wm_max_recent_v2
ORY,LRH,10044.0,193.1538,2,2018,2019,eu_trend_wm_max_recent_v2
SKG,KLX,10041.94,193.1142,7,2015,2024,eu_trend_wm_max_recent_v2
MAD,GUA,10041.9,193.1135,7,2015,2024,eu_trend_wm_max_recent_v2
MAH,BFS,10033.69,192.9555,1,2024,2024,eu_trend_wm_max_recent_v2
BOJ,STN,10033.0,192.9423,1,2019,2019,eu_trend_wm_max_recent_v2
GLA,KOI,10030.0,192.8846,4,2016,2019,eu_trend_wm_max_recent_v2
ZAZ,IBZ,10027.62,192.8388,1,2018,2018,eu_trend_wm_max_recent_v2
RZE,ALC,10023.72,192.7639,1,2024,2024,eu_trend_wm_max_recent_v2
LEI,MXP,10021.0,192.7115,1,2019,2019,eu_trend_wm_max_recent_v2
ABZ,MLA,10019.0,192.6731,2,2018,2019,eu_trend_wm_max_recent_v2
ZAD,CPH,10015.57,192.6071,1,2024,2024,eu_trend_wm_max_recent_v2
STN,CFE,10010.0,192.5,2,2018,2019,eu_trend_wm_max_recent_v2
LRH,CRL,10006.57,192.434,7,2015,2024,eu_trend_wm_max_recent_v2
NCE,CLJ,10006.17,192.4263,2,2023,2024,eu_trend_wm_max_recent_v2
WMI,CFU,10005.25,192.4086,2,2023,2024,eu_trend_wm_max_recent_v2
SXB,FSC,10004.0,192.3846,5,2017,2024,eu_trend_wm_max_recent_v2
ZAZ,BLQ,10001.55,192.3375,2,2023,2024,eu_trend_wm_max_recent_v2
RZE,BER,10001.37,192.3339,1,2017,2017,eu_trend_wm_max_recent_v2
SBZ,BVA,10001.1,192.3288,1,2018,2018,eu_trend_wm_max_recent_v2
CRL,LRH,9996.16,192.2339,7,2015,2024,eu_trend_wm_max_recent_v2
MRS,ZAD,9993.96,192.1915,7,2015,2024,eu_trend_wm_max_recent_v2
LIL,FCO,9990.46,192.1243,1,2023,2023,eu_trend_wm_max_recent_v2
KRK,LDE,9986.0,192.0385,5,2017,2024,eu_trend_wm_max_recent_v2
LIN,CIY,9985.97,192.0378,2,2015,2016,eu_trend_wm_max_recent_v2
DUB,TUF,9985.76,192.0338,6,2015,2023,eu_trend_wm_max_recent_v2
ANR,RMU,9985.0,192.0192,2,2019,2023,eu_trend_wm_max_recent_v2
ATH,SPU,9983.87,191.9975,1,2024,2024,eu_trend_wm_max_recent_v2
PFO,TLS,9979.38,191.9111,2,2023,2024,eu_trend_wm_max_recent_v2
BER,SXB,9979.34,191.9104,1,2024,2024,eu_trend_wm_max_recent_v2
CGN,VIT,9979.0,191.9038,2,2019,2023,eu_trend_wm_max_recent_v2
WMI,PSR,9976.62,191.8581,2,2018,2023,eu_trend_wm_max_recent_v2
PVK,VIE,9976.61,191.8578,4,2016,2024,eu_trend_wm_max_recent_v2
TLL,NCE,9974.76,191.8223,1,2023,2023,eu_trend_wm_max_recent_v2
GNB,LTN,9973.84,191.8045,3,2019,2024,eu_trend_wm_max_recent_v2
PSA,PIK,9972.54,191.7796,4,2016,2019,eu_trend_wm_max_recent_v2
GRQ,FAO,9972.45,191.7778,5,2015,2019,eu_trend_wm_max_recent_v2
AAR,RIX,9971.06,191.7512,2,2023,2024,eu_trend_wm_max_recent_v2
MXP,LCG,9971.06,191.7512,2,2023,2024,eu_trend_wm_max_recent_v2
DUB,OLB,9970.28,191.7362,1,2024,2024,eu_trend_wm_max_recent_v2
DTM,PLQ,9970.0,191.7308,1,2019,2019,eu_trend_wm_max_recent_v2
BCN,BDS,9968.29,191.6979,1,2023,2023,eu_trend_wm_max_recent_v2
KRK,AOI,9958.13,191.5025,2,2023,2024,eu_trend_wm_max_recent_v2
INN,BHX,9955.36,191.4492,2,2023,2024,eu_trend_wm_max_recent_v2
BOD,FLR,9953.08,191.4053,1,2024,2024,eu_trend_wm_max_recent_v2
SNN,OPO,9951.66,191.3781,2,2023,2024,eu_trend_wm_max_recent_v2
DBV,KRK,9950.36,191.3531,1,2024,2024,eu_trend_wm_max_recent_v2
KGS,BLQ,9946.12,191.2715,1,2023,2023,eu_trend_wm_max_recent_v2
LUZ,LPL,9945.18,191.2535,1,2017,2017,eu_trend_wm_max_recent_v2
TPS,MAN,9944.27,191.236,2,2023,2024,eu_trend_wm_max_recent_v2
CCF,EDI,9944.0,191.2308,2,2018,2019,eu_trend_wm_max_recent_v2
LDE,BRU,9941.4,191.1807,2,2015,2016,eu_trend_wm_max_recent_v2
CPH,PSR,9941.02,191.1735,1,2017,2017,eu_trend_wm_max_recent_v2
ALC,RZE,9937.68,191.1092,1,2024,2024,eu_trend_wm_max_recent_v2
BRU,LDE,9914.87,190.6705,2,2015,2016,eu_trend_wm_max_recent_v2
ZAD,BUD,9914.13,190.6563,1,2024,2024,eu_trend_wm_max_recent_v2
LTN,GNB,9911.01,190.5964,3,2019,2024,eu_trend_wm_max_recent_v2
LDE,FCO,9910.09,190.5787,3,2018,2024,eu_trend_wm_max_recent_v2
JTR,HEL,9909.6,190.5692,1,2024,2024,eu_trend_wm_max_recent_v2
TRN,BLL,9907.32,190.5254,1,2023,2023,eu_trend_wm_max_recent_v2
RNS,SOU,9902.09,190.4248,3,2015,2017,eu_trend_wm_max_recent_v2
BZR,EDI,9895.02,190.2888,7,2015,2024,eu_trend_wm_max_recent_v2
FMM,NAP,9893.46,190.2589,2,2023,2024,eu_trend_wm_max_recent_v2
EDI,CCF,9893.0,190.25,2,2018,2019,eu_trend_wm_max_recent_v2
KUN,BOJ,9889.77,190.1878,1,2023,2023,eu_trend_wm_max_recent_v2
OTP,SEN,9889.0,190.1731,1,2019,2019,eu_trend_wm_max_recent_v2
CAG,DUB,9888.84,190.17,1,2023,2023,eu_trend_wm_max_recent_v2
VIT,CGN,9887.0,190.1346,2,2019,2023,eu_trend_wm_max_recent_v2
IBZ,ZAZ,9884.82,190.0927,1,2018,2018,eu_trend_wm_max_recent_v2
GRO,PIK,9883.8,190.0731,3,2017,2019,eu_trend_wm_max_recent_v2
AGP,HAU,9882.61,190.0501,7,2015,2024,eu_trend_wm_max_recent_v2
FLR,BOD,9881.52,190.0293,1,2024,2024,eu_trend_wm_max_recent_v2
DUB,CAG,9878.68,189.9746,1,2023,2023,eu_trend_wm_max_recent_v2
BFS,MAH,9877.9,189.9596,1,2024,2024,eu_trend_wm_max_recent_v2
RHO,LNZ,9876.0,189.9231,4,2016,2024,eu_trend_wm_max_recent_v2
NAP,FMM,9874.06,189.8858,2,2023,2024,eu_trend_wm_max_recent_v2
WRO,TGD,9874.06,189.8858,2,2023,2024,eu_trend_wm_max_recent_v2
SBZ,CRL,9870.0,189.8077,2,2018,2019,eu_trend_wm_max_recent_v2
PEG,KRK,9869.44,189.7969,2,2023,2024,eu_trend_wm_max_recent_v2
LNZ,RHO,9859.0,189.5962,4,2016,2024,eu_trend_wm_max_recent_v2
PDL,FAO,9857.07,189.559,1,2024,2024,eu_trend_wm_max_recent_v2
PAD,TFS,9849.0,189.4038,3,2015,2019,eu_trend_wm_max_recent_v2
BOJ,KUN,9848.19,189.3883,1,2023,2023,eu_trend_wm_max_recent_v2
FCO,LIL,9845.42,189.335,1,2023,2023,eu_trend_wm_max_recent_v2
CFU,WMI,9843.57,189.2995,2,2023,2024,eu_trend_wm_max_recent_v2
MAN,KTT,9841.47,189.2591,7,2015,2024,eu_trend_wm_max_recent_v2
AHO,BRI,9838.95,189.2106,1,2023,2023,eu_trend_wm_max_recent_v2
BHX,PGF,9835.94,189.1527,3,2017,2019,eu_trend_wm_max_recent_v2
TFS,LNZ,9834.98,189.1342,1,2015,2015,eu_trend_wm_max_recent_v2
GRX,LCY,9831.03,189.0583,3,2015,2017,eu_trend_wm_max_recent_v2
BCM,TLV,9830.8,189.0539,1,2024,2024,eu_trend_wm_max_recent_v2
BGY,VGO,9830.74,189.0527,1,2017,2017,eu_trend_wm_max_recent_v2
EGC,EMA,9828.72,189.0138,7,2015,2024,eu_trend_wm_max_recent_v2
OVD,FRA,9828.09,189.0016,1,2024,2024,eu_trend_wm_max_recent_v2
BOH,JER,9825.24,188.9469,1,2015,2015,eu_trend_wm_max_recent_v2
ZAD,EIN,9824.0,188.9231,1,2019,2019,eu_trend_wm_max_recent_v2
NOC,GRO,9820.0,188.8462,2,2019,2024,eu_trend_wm_max_recent_v2
HAU,AGP,9819.54,188.8373,7,2015,2024,eu_trend_wm_max_recent_v2
PMI,OST,9819.3,188.8326,7,2015,2024,eu_trend_wm_max_recent_v2
REU,BRU,9816.17,188.7726,1,2016,2016,eu_trend_wm_max_recent_v2
NRN,REU,9814.93,188.7487,2,2023,2024,eu_trend_wm_max_recent_v2
PFO,MLA,9813.09,188.7132,2,2023,2024,eu_trend_wm_max_recent_v2
KTT,MAN,9812.16,188.6954,7,2015,2024,eu_trend_wm_max_recent_v2
BRI,KUN,9810.31,188.6599,1,2023,2023,eu_trend_wm_max_recent_v2
GRO,SNN,9806.35,188.5836,1,2024,2024,eu_trend_wm_max_recent_v2
PSR,TRN,9796.08,188.3862,4,2017,2024,eu_trend_wm_max_recent_v2
WMI,CHQ,9789.14,188.2527,1,2024,2024,eu_trend_wm_max_recent_v2
CMF,STN,9782.88,188.1323,6,2015,2023,eu_trend_wm_max_recent_v2
RMI,PRG,9782.6,188.1269,2,2023,2024,eu_trend_wm_max_recent_v2
PSA,WRO,9780.75,188.0914,2,2023,2024,eu_trend_wm_max_recent_v2
JER,BOH,9777.61,188.031,1,2015,2015,eu_trend_wm_max_recent_v2
TPS,STN,9773.36,187.9492,1,2023,2023,eu_trend_wm_max_recent_v2
EAS,AGP,9770.59,187.8959,2,2023,2024,eu_trend_wm_max_recent_v2
ZAD,MRS,9769.0,187.8654,7,2015,2024,eu_trend_wm_max_recent_v2
REU,NRN,9768.74,187.8604,2,2023,2024,eu_trend_wm_max_recent_v2
BLQ,ZAZ,9766.89,187.8249,2,2023,2024,eu_trend_wm_max_recent_v2
EIN,ZAD,9765.0,187.7885,1,2019,2019,eu_trend_wm_max_recent_v2
PFO,BOD,9764.12,187.7716,2,2023,2024,eu_trend_wm_max_recent_v2
ZAG,ACE,9761.06,187.7127,1,2024,2024,eu_trend_wm_max_recent_v2
BLQ,KGS,9758.58,187.665,1,2023,2023,eu_trend_wm_max_recent_v2
ALC,LGG,9758.0,187.6538,7,2015,2024,eu_trend_wm_max_recent_v2
SEN,BES,9756.0,187.6154,1,2019,2019,eu_trend_wm_max_recent_v2
PRG,RMI,9750.26,187.5051,2,2023,2024,eu_trend_wm_max_recent_v2
BER,RZE,9748.55,187.4721,1,2017,2017,eu_trend_wm_max_recent_v2
WRO,PSA,9746.57,187.434,2,2023,2024,eu_trend_wm_max_recent_v2
ORK,AHO,9744.72,187.3985,2,2023,2024,eu_trend_wm_max_recent_v2
TSF,MAH,9741.03,187.3274,1,2023,2023,eu_trend_wm_max_recent_v2
EDI,BZR,9739.98,187.3073,7,2015,2024,eu_trend_wm_max_recent_v2
LHR,SZG,9739.32,187.2947,3,2018,2024,eu_trend_wm_max_recent_v2
TFN,XRY,9737.33,187.2564,2,2023,2024,eu_trend_wm_max_recent_v2
WRO,BDS,9735.48,187.2208,2,2023,2024,eu_trend_wm_max_recent_v2
MUC,OUL,9732.98,187.1728,1,2024,2024,eu_trend_wm_max_recent_v2
LTN,TOS,9727.17,187.0609,2,2023,2024,eu_trend_wm_max_recent_v2
DUB,PUY,9727.0,187.0577,4,2016,2019,eu_trend_wm_max_recent_v2
PMO,FKB,9724.4,187.0076,2,2023,2024,eu_trend_wm_max_recent_v2
SPU,GDN,9722.55,186.9721,1,2023,2023,eu_trend_wm_max_recent_v2
PSA,ORK,9719.78,186.9188,2,2023,2024,eu_trend_wm_max_recent_v2
SZZ,JFK,9718.49,186.8941,1,2024,2024,eu_trend_wm_max_recent_v2
LPL,LUZ,9716.3,186.8518,1,2017,2017,eu_trend_wm_max_recent_v2
AGP,EAS,9714.23,186.8122,2,2023,2024,eu_trend_wm_max_recent_v2
BRU,REU,9711.11,186.7522,1,2016,2016,eu_trend_wm_max_recent_v2
MAN,TPS,9700.38,186.5457,2,2023,2024,eu_trend_wm_max_recent_v2
CPH,HAU,9699.44,186.5277,3,2015,2023,eu_trend_wm_max_recent_v2
NUE,CHQ,9696.68,186.4746,1,2023,2023,eu_trend_wm_max_recent_v2
KLU,ALC,9693.91,186.4213,1,2023,2023,eu_trend_wm_max_recent_v2
PEG,BCN,9693.91,186.4213,2,2023,2024,eu_trend_wm_max_recent_v2
KRK,DBV,9692.23,186.3889,1,2024,2024,eu_trend_wm_max_recent_v2
CFU,LYS,9686.52,186.2792,2,2023,2024,eu_trend_wm_max_recent_v2
VRN,LMP,9683.75,186.2259,5,2016,2023,eu_trend_wm_max_recent_v2
CPH,ZAD,9682.26,186.1974,1,2024,2024,eu_trend_wm_max_recent_v2
SVQ,MLN,9681.9,186.1904,2,2023,2024,eu_trend_wm_max_recent_v2
LIG,LYS,9681.4,186.1808,6,2015,2024,eu_trend_wm_max_recent_v2
VIE,BRE,9681.36,186.1799,1,2024,2024,eu_trend_wm_max_recent_v2
JSI,ARN,9680.45,186.1625,6,2015,2024,eu_trend_wm_max_recent_v2
SPU,LUZ,9679.13,186.1371,1,2023,2023,eu_trend_wm_max_recent_v2
LDE,KRK,9677.0,186.0962,5,2017,2024,eu_trend_wm_max_recent_v2
NAP,SNN,9672.66,186.0127,2,2023,2024,eu_trend_wm_max_recent_v2
HAM,KLU,9663.48,185.8362,4,2015,2018,eu_trend_wm_max_recent_v2
NTE,FLR,9660.65,185.7818,2,2023,2024,eu_trend_wm_max_recent_v2
BOS,TER,9649.71,185.5713,4,2016,2019,eu_trend_wm_max_recent_v2
PMO,POZ,9647.84,185.5355,1,2024,2024,eu_trend_wm_max_recent_v2
ARN,JSI,9646.94,185.5181,6,2015,2024,eu_trend_wm_max_recent_v2
KTW,GRO,9637.88,185.3439,1,2024,2024,eu_trend_wm_max_recent_v2
EXT,LPA,9636.96,185.3262,4,2015,2018,eu_trend_wm_max_recent_v2
ZAZ,TFS,9636.96,185.3262,2,2017,2018,eu_trend_wm_max_recent_v2
PSA,KUN,9633.35,185.2568,1,2024,2024,eu_trend_wm_max_recent_v2
BRS,ZAD,9629.94,185.1912,1,2017,2017,eu_trend_wm_max_recent_v2
GRO,NOC,9625.0,185.0962,2,2019,2024,eu_trend_wm_max_recent_v2
BEG,FDH,9624.74,185.0912,1,2017,2017,eu_trend_wm_max_recent_v2
SOU,RNS,9612.0,184.8461,3,2015,2017,eu_trend_wm_max_recent_v2
RIX,AAR,9611.69,184.8402,2,2023,2024,eu_trend_wm_max_recent_v2
DBV,WRO,9604.37,184.6994,1,2024,2024,eu_trend_wm_max_recent_v2
LUZ,SPU,9601.53,184.6447,1,2023,2023,eu_trend_wm_max_recent_v2
EMA,EGC,9596.16,184.5415,7,2015,2024,eu_trend_wm_max_recent_v2
LYS,CFU,9595.98,184.5381,2,2023,2024,eu_trend_wm_max_recent_v2
LCY,GRX,9591.2,184.4461,3,2015,2017,eu_trend_wm_max_recent_v2
FLR,HAM,9590.78,184.4381,1,2024,2024,eu_trend_wm_max_recent_v2
SNN,NAP,9588.59,184.396,2,2023,2024,eu_trend_wm_max_recent_v2
VLC,EAS,9584.9,184.3249,2,2023,2024,eu_trend_wm_max_recent_v2
LYS,LIG,9583.77,184.3033,6,2015,2024,eu_trend_wm_max_recent_v2
WRO,DBV,9581.73,184.264,1,2024,2024,eu_trend_wm_max_recent_v2
TGD,WRO,9581.2,184.2539,2,2023,2024,eu_trend_wm_max_recent_v2
CIA,RHO,9579.35,184.2183,2,2023,2024,eu_trend_wm_max_recent_v2
MST,RHO,9574.0,184.1154,2,2018,2019,eu_trend_wm_max_recent_v2
LTN,PUY,9573.57,184.1072,1,2024,2024,eu_trend_wm_max_recent_v2
RHO,MST,9573.0,184.0962,2,2018,2019,eu_trend_wm_max_recent_v2
PGF,BHX,9571.68,184.0708,3,2017,2019,eu_trend_wm_max_recent_v2
SZZ,EDI,9566.58,183.9727,1,2018,2018,eu_trend_wm_max_recent_v2
REG,TRN,9565.44,183.9507,6,2015,2024,eu_trend_wm_max_recent_v2
EAS,VLC,9563.65,183.9163,2,2023,2024,eu_trend_wm_max_recent_v2
LPA,EXT,9563.52,183.9138,4,2015,2018,eu_trend_wm_max_recent_v2
BUD,LUX,9560.88,183.863,1,2023,2023,eu_trend_wm_max_recent_v2
MUC,PVK,9559.95,183.8452,4,2018,2024,eu_trend_wm_max_recent_v2
BLL,TRN,9551.64,183.6853,1,2023,2023,eu_trend_wm_max_recent_v2
ORK,PSA,9548.87,183.632,2,2023,2024,eu_trend_wm_max_recent_v2
STR,SUF,9546.09,183.5787,1,2023,2023,eu_trend_wm_max_recent_v2
MRS,CHQ,9543.32,183.5254,1,2023,2023,eu_trend_wm_max_recent_v2
KUN,PSA,9540.06,183.4627,1,2024,2024,eu_trend_wm_max_recent_v2
CRL,SBZ,9533.0,183.3269,2,2018,2019,eu_trend_wm_max_recent_v2
AHO,ORK,9531.31,183.2945,2,2023,2024,eu_trend_wm_max_recent_v2
STN,TPS,9529.47,183.259,1,2023,2023,eu_trend_wm_max_recent_v2
FKB,CFU,9528.54,183.2412,2,2023,2024,eu_trend_wm_max_recent_v2
CHQ,WMI,9526.48,183.2015,1,2024,2024,eu_trend_wm_max_recent_v2
CFU,MRS,9522.07,183.1168,1,2023,2023,eu_trend_wm_max_recent_v2
SXB,BER,9514.7,182.975,1,2024,2024,eu_trend_wm_max_recent_v2
GRO,KTW,9512.89,182.9402,1,2024,2024,eu_trend_wm_max_recent_v2
STN,CMF,9511.61,182.9155,6,2015,2023,eu_trend_wm_max_recent_v2
POZ,PMO,9509.27,182.8705,1,2024,2024,eu_trend_wm_max_recent_v2
MRS,DBV,9490.66,182.5128,1,2023,2023,eu_trend_wm_max_recent_v2
CPH,AES,9486.04,182.4239,1,2023,2023,eu_trend_wm_max_recent_v2
PUY,DUB,9484.0,182.3846,4,2016,2019,eu_trend_wm_max_recent_v2
FLR,NTE,9480.5,182.3173,2,2023,2024,eu_trend_wm_max_recent_v2
CHQ,NCL,9478.65,182.2818,2,2023,2024,eu_trend_wm_max_recent_v2
TLS,PFO,9476.81,182.2463,2,2023,2024,eu_trend_wm_max_recent_v2
OPO,SNN,9470.34,182.1219,2,2023,2024,eu_trend_wm_max_recent_v2
MLN,SVQ,9454.63,181.8199,2,2023,2024,eu_trend_wm_max_recent_v2
PVK,MUC,9450.94,181.7488,4,2018,2024,eu_trend_wm_max_recent_v2
TFS,PAD,9444.0,181.6154,3,2015,2019,eu_trend_wm_max_recent_v2
CHQ,NUE,9437.08,181.4823,1,2023,2023,eu_trend_wm_max_recent_v2
LUX,BUD,9429.69,181.3402,1,2023,2023,eu_trend_wm_max_recent_v2
EFL,PRG,9427.0,181.2885,3,2019,2024,eu_trend_wm_max_recent_v2
TFS,ZAZ,9422.76,181.2069,2,2017,2018,eu_trend_wm_max_recent_v2
OTP,LEJ,9415.07,181.0591,1,2024,2024,eu_trend_wm_max_recent_v2
GNB,BHX,9413.58,181.0304,6,2015,2024,eu_trend_wm_max_recent_v2
NUE,SUF,9412.14,181.0026,1,2023,2023,eu_trend_wm_max_recent_v2
FCO,ANR,9405.49,180.8747,1,2016,2016,eu_trend_wm_max_recent_v2
MAD,BCM,9403.38,180.8342,4,2016,2019,eu_trend_wm_max_recent_v2
TSF,PFO,9401.49,180.7978,1,2024,2024,eu_trend_wm_max_recent_v2
LMP,VRN,9401.05,180.7894,5,2016,2023,eu_trend_wm_max_recent_v2
AHO,PMO,9399.2,180.7539,1,2023,2023,eu_trend_wm_max_recent_v2
SBZ,BSL,9391.0,180.5962,1,2019,2019,eu_trend_wm_max_recent_v2
BER,TOS,9390.62,180.5888,1,2024,2024,eu_trend_wm_max_recent_v2
MLA,PFO,9381.65,180.4164,2,2023,2024,eu_trend_wm_max_recent_v2
FMM,PSA,9380.65,180.3972,1,2024,2024,eu_trend_wm_max_recent_v2
GOT,CAG,9377.95,180.3453,1,2023,2023,eu_trend_wm_max_recent_v2
SZG,LHR,9377.94,180.3449,3,2018,2024,eu_trend_wm_max_recent_v2
MRS,CFU,9375.18,180.292,1,2023,2023,eu_trend_wm_max_recent_v2
TOS,BER,9374.31,180.2753,1,2024,2024,eu_trend_wm_max_recent_v2
PRG,EFL,9365.0,180.0962,3,2019,2024,eu_trend_wm_max_recent_v2
ALC,KLU,9364.1,180.0788,1,2023,2023,eu_trend_wm_max_recent_v2
EFL,VIE,9361.63,180.0314,1,2024,2024,eu_trend_wm_max_recent_v2
TIV,ORY,9357.63,179.9544,2,2023,2024,eu_trend_wm_max_recent_v2
ZTH,LBA,9347.47,179.759,2,2023,2024,eu_trend_wm_max_recent_v2
FDH,BEG,9346.95,179.7491,1,2017,2017,eu_trend_wm_max_recent_v2
KRK,PEG,9334.53,179.5103,2,2023,2024,eu_trend_wm_max_recent_v2
ZRH,CLJ,9331.74,179.4566,1,2024,2024,eu_trend_wm_max_recent_v2
SCV,BVA,9330.84,179.4392,1,2023,2023,eu_trend_wm_max_recent_v2
CFR,FSC,9329.0,179.4038,4,2018,2024,eu_trend_wm_max_recent_v2
ZAG,PMI,9328.12,179.387,1,2024,2024,eu_trend_wm_max_recent_v2
TFN,SDR,9326.31,179.3521,1,2024,2024,eu_trend_wm_max_recent_v2
AHO,BLL,9326.22,179.3504,1,2023,2023,eu_trend_wm_max_recent_v2
BCN,PEG,9326.22,179.3504,2,2023,2024,eu_trend_wm_max_recent_v2
BLL,AHO,9324.37,179.3148,1,2023,2023,eu_trend_wm_max_recent_v2
SNN,GRO,9322.69,179.2824,1,2024,2024,eu_trend_wm_max_recent_v2
BDS,WRO,9322.52,179.2793,2,2023,2024,eu_trend_wm_max_recent_v2
NWI,ALC,9320.76,179.2454,2,2017,2018,eu_trend_wm_max_recent_v2
INV,DUB,9318.86,179.2089,4,2015,2019,eu_trend_wm_max_recent_v2
CAG,GOT,9316.98,179.1727,1,2023,2023,eu_trend_wm_max_recent_v2
LBA,ZTH,9312.36,179.0839,2,2023,2024,eu_trend_wm_max_recent_v2
PAS,SKG,9310.54,179.0488,5,2017,2024,eu_trend_wm_max_recent_v2
LHR,LEI,9301.38,178.8727,1,2018,2018,eu_trend_wm_max_recent_v2
FRA,ZTH,9294.81,178.7463,2,2023,2024,eu_trend_wm_max_recent_v2
NCL,CHQ,9292.04,178.693,2,2023,2024,eu_trend_wm_max_recent_v2
ACE,ZAG,9291.89,178.6902,1,2024,2024,eu_trend_wm_max_recent_v2
ZAG,SKG,9291.11,178.6753,2,2023,2024,eu_trend_wm_max_recent_v2
SUF,NUE,9290.19,178.6575,1,2023,2023,eu_trend_wm_max_recent_v2
DBV,NRN,9286.46,178.5857,1,2024,2024,eu_trend_wm_max_recent_v2
CFU,FKB,9284.65,178.5509,2,2023,2024,eu_trend_wm_max_recent_v2
NAP,MAH,9284.65,178.5509,1,2024,2024,eu_trend_wm_max_recent_v2
PFO,TSF,9281.02,178.4812,1,2024,2024,eu_trend_wm_max_recent_v2
FSC,CFR,9280.0,178.4615,4,2018,2024,eu_trend_wm_max_recent_v2
EVE,LPA,9279.0,178.4423,5,2015,2019,eu_trend_wm_max_recent_v2
LPA,VAA,9278.0,178.4231,7,2015,2024,eu_trend_wm_max_recent_v2
ALC,NWI,9273.84,178.3431,2,2017,2018,eu_trend_wm_max_recent_v2
PAD,RHO,9273.0,178.3269,3,2017,2019,eu_trend_wm_max_recent_v2
LCY,BLL,9270.0,178.2692,2,2015,2019,eu_trend_wm_max_recent_v2
WAW,JTR,9269.25,178.2548,1,2024,2024,eu_trend_wm_max_recent_v2
NRN,DBV,9266.53,178.2025,1,2024,2024,eu_trend_wm_max_recent_v2
MPL,IST,9264.72,178.1677,1,2024,2024,eu_trend_wm_max_recent_v2
TLN,LGW,9256.57,178.0109,1,2024,2024,eu_trend_wm_max_recent_v2
MAD,JMK,9254.16,177.9646,2,2023,2024,eu_trend_wm_max_recent_v2
KTW,ZAD,9244.79,177.7845,1,2024,2024,eu_trend_wm_max_recent_v2
SPU,BHX,9242.08,177.7323,1,2024,2024,eu_trend_wm_max_recent_v2
KGS,MST,9242.0,177.7308,2,2018,2019,eu_trend_wm_max_recent_v2
GVA,RNS,9241.0,177.7115,1,2019,2019,eu_trend_wm_max_recent_v2
PSA,FMM,9240.27,177.6974,1,2024,2024,eu_trend_wm_max_recent_v2
HHN,INI,9238.45,177.6626,2,2023,2024,eu_trend_wm_max_recent_v2
MAH,TSF,9227.37,177.4494,1,2023,2023,eu_trend_wm_max_recent_v2
CDG,KTT,9226.0,177.4231,1,2019,2019,eu_trend_wm_max_recent_v2
FUE,PIK,9224.19,177.3882,4,2015,2018,eu_trend_wm_max_recent_v2
BHX,SPU,9223.06,177.3665,1,2024,2024,eu_trend_wm_max_recent_v2
PMO,AHO,9222.75,177.3606,1,2023,2023,eu_trend_wm_max_recent_v2
SKG,ZAG,9221.83,177.3428,2,2023,2024,eu_trend_wm_max_recent_v2
TRN,PSR,9218.76,177.2838,4,2017,2024,eu_trend_wm_max_recent_v2
PEG,BDS,9218.13,177.2717,2,2015,2023,eu_trend_wm_max_recent_v2
XRY,TFN,9218.13,177.2717,2,2023,2024,eu_trend_wm_max_recent_v2
AHO,IST,9214.43,177.2007,2,2023,2024,eu_trend_wm_max_recent_v2
REU,ORY,9212.19,177.1575,1,2024,2024,eu_trend_wm_max_recent_v2
DBV,MRS,9211.66,177.1474,1,2023,2023,eu_trend_wm_max_recent_v2
LGW,TLN,9211.28,177.14,1,2024,2024,eu_trend_wm_max_recent_v2
CGN,BIQ,9209.82,177.1118,1,2023,2023,eu_trend_wm_max_recent_v2
RHO,CIA,9209.82,177.1118,2,2023,2024,eu_trend_wm_max_recent_v2
BOD,PFO,9196.88,176.8631,2,2023,2024,eu_trend_wm_max_recent_v2
PEG,FRA,9195.3,176.8327,1,2018,2018,eu_trend_wm_max_recent_v2
BHX,GNB,9194.28,176.8131,6,2015,2024,eu_trend_wm_max_recent_v2
OST,FCO,9189.0,176.7115,1,2016,2016,eu_trend_wm_max_recent_v2
NAP,PFO,9181.18,176.5611,2,2023,2024,eu_trend_wm_max_recent_v2
PVK,STR,9176.56,176.4722,2,2023,2024,eu_trend_wm_max_recent_v2
RNS,GVA,9171.0,176.3654,1,2019,2019,eu_trend_wm_max_recent_v2
VIE,EFL,9166.9,176.2866,1,2024,2024,eu_trend_wm_max_recent_v2
ZAD,MUC,9164.0,176.2308,3,2017,2019,eu_trend_wm_max_recent_v2
NOC,ACE,9160.0,176.1538,6,2015,2024,eu_trend_wm_max_recent_v2
MUC,ZAD,9151.0,175.9808,3,2017,2019,eu_trend_wm_max_recent_v2
AAR,MXP,9149.77,175.957,1,2023,2023,eu_trend_wm_max_recent_v2
SUF,STR,9149.77,175.957,1,2023,2023,eu_trend_wm_max_recent_v2
TMP,MUC,9143.3,175.8327,1,2023,2023,eu_trend_wm_max_recent_v2
WAW,PSR,9133.0,175.6346,1,2019,2019,eu_trend_wm_max_recent_v2
MAN,KVA,9130.55,175.5875,3,2016,2018,eu_trend_wm_max_recent_v2
BVA,SCV,9124.82,175.4773,1,2023,2023,eu_trend_wm_max_recent_v2
SDR,TFN,9117.09,175.3286,1,2024,2024,eu_trend_wm_max_recent_v2
CTA,BCM,9111.82,175.2274,1,2017,2017,eu_trend_wm_max_recent_v2
FMM,SNN,9097.74,174.9565,2,2015,2016,eu_trend_wm_max_recent_v2
MMX,DEB,9095.34,174.9104,3,2016,2018,eu_trend_wm_max_recent_v2
MXP,AAR,9088.79,174.7844,1,2023,2023,eu_trend_wm_max_recent_v2
ZAD,KTW,9085.39,174.719,1,2024,2024,eu_trend_wm_max_recent_v2
PSA,ZAG,9083.57,174.6841,1,2024,2024,eu_trend_wm_max_recent_v2
PUY,CPH,9081.4,174.6423,2,2023,2024,eu_trend_wm_max_recent_v2
CRV,NUE,9080.0,174.6154,1,2019,2019,eu_trend_wm_max_recent_v2
IST,MPL,9079.95,174.6144,1,2024,2024,eu_trend_wm_max_recent_v2
SOU,LIG,9067.09,174.367,3,2015,2017,eu_trend_wm_max_recent_v2
OSL,JSI,9061.88,174.267,4,2015,2023,eu_trend_wm_max_recent_v2
BCM,BCN,9051.87,174.0745,1,2024,2024,eu_trend_wm_max_recent_v2
ZAG,PSA,9050.06,174.0397,1,2024,2024,eu_trend_wm_max_recent_v2
TOS,LTN,9048.14,174.0027,2,2023,2024,eu_trend_wm_max_recent_v2
BUD,MST,9042.64,173.8969,1,2015,2015,eu_trend_wm_max_recent_v2
VAA,LPA,9033.0,173.7116,7,2015,2024,eu_trend_wm_max_recent_v2
BDS,PEG,9028.74,173.6296,2,2015,2023,eu_trend_wm_max_recent_v2
VRN,JMK,9022.0,173.5,2,2015,2019,eu_trend_wm_max_recent_v2
INI,IST,9013.04,173.3276,2,2023,2024,eu_trend_wm_max_recent_v2
ACE,NOC,9011.0,173.2885,6,2015,2024,eu_trend_wm_max_recent_v2
LEJ,OTP,9008.4,173.2384,1,2024,2024,eu_trend_wm_max_recent_v2
BRE,VIE,9002.06,173.1165,1,2024,2024,eu_trend_wm_max_recent_v2
MST,KGS,9002.0,173.1154,2,2018,2019,eu_trend_wm_max_recent_v2
BHX,EGC,8999.0,173.0577,2,2018,2019,eu_trend_wm_max_recent_v2
DUB,INV,8997.38,173.0265,4,2015,2019,eu_trend_wm_max_recent_v2
TER,BOS,8988.0,172.8462,4,2016,2019,eu_trend_wm_max_recent_v2
JTR,WAW,8985.76,172.803,1,2024,2024,eu_trend_wm_max_recent_v2
CHQ,MRS,8985.32,172.7946,1,2023,2023,eu_trend_wm_max_recent_v2
TMP,CPH,8985.32,172.7946,2,2023,2024,eu_trend_wm_max_recent_v2
PSR,WAW,8983.0,172.75,1,2019,2019,eu_trend_wm_max_recent_v2
SNN,FMM,8981.0,172.7116,2,2015,2016,eu_trend_wm_max_recent_v2
NQY,HHN,8977.82,172.6504,3,2016,2018,eu_trend_wm_max_recent_v2
XRY,LPA,8961.3,172.3327,2,2023,2024,eu_trend_wm_max_recent_v2
NUE,CRV,8959.0,172.2885,1,2019,2019,eu_trend_wm_max_recent_v2
PUY,EDI,8957.64,172.2623,2,2017,2018,eu_trend_wm_max_recent_v2
EDI,PUY,8954.58,172.2035,2,2017,2018,eu_trend_wm_max_recent_v2
LIS,LCG,8948.46,172.0858,2,2017,2018,eu_trend_wm_max_recent_v2
ORY,KTT,8947.44,172.0662,2,2023,2024,eu_trend_wm_max_recent_v2
GRZ,TFS,8945.98,172.0381,2,2015,2016,eu_trend_wm_max_recent_v2
LPA,XRY,8944.67,172.0129,2,2023,2024,eu_trend_wm_max_recent_v2
MAH,NAP,8937.75,171.8798,1,2024,2024,eu_trend_wm_max_recent_v2
TFS,GRZ,8937.49,171.8749,2,2015,2016,eu_trend_wm_max_recent_v2
RHO,PAD,8934.0,171.8077,3,2017,2019,eu_trend_wm_max_recent_v2
FCO,OST,8930.07,171.732,1,2016,2016,eu_trend_wm_max_recent_v2
MST,BUD,8915.99,171.4614,1,2015,2015,eu_trend_wm_max_recent_v2
ORY,REU,8915.11,171.4444,1,2024,2024,eu_trend_wm_max_recent_v2
LEI,LUX,8913.11,171.4059,2,2016,2017,eu_trend_wm_max_recent_v2
AGP,NWI,8907.66,171.3012,2,2017,2018,eu_trend_wm_max_recent_v2
EFL,NCL,8904.95,171.249,2,2023,2024,eu_trend_wm_max_recent_v2
CGN,FDH,8899.76,171.1492,1,2015,2015,eu_trend_wm_max_recent_v2
KLX,MAN,8891.56,170.9915,7,2015,2024,eu_trend_wm_max_recent_v2
EDI,BIQ,8885.22,170.8696,1,2024,2024,eu_trend_wm_max_recent_v2
PIK,FUE,8883.98,170.8457,4,2015,2018,eu_trend_wm_max_recent_v2
EGC,BHX,8879.0,170.75,2,2018,2019,eu_trend_wm_max_recent_v2
GRO,PAD,8877.07,170.7128,1,2024,2024,eu_trend_wm_max_recent_v2
NWI,AGP,8868.9,170.5558,2,2017,2018,eu_trend_wm_max_recent_v2
HHN,NQY,8866.86,170.5165,3,2016,2018,eu_trend_wm_max_recent_v2
EXT,MAH,8864.04,170.4622,4,2015,2018,eu_trend_wm_max_recent_v2
SEN,SBZ,8864.0,170.4615,1,2019,2019,eu_trend_wm_max_recent_v2
PAD,KGS,8857.0,170.3269,3,2017,2019,eu_trend_wm_max_recent_v2
LCJ,MUC,8850.0,170.1923,4,2015,2019,eu_trend_wm_max_recent_v2
PMI,ZAG,8845.37,170.1032,1,2024,2024,eu_trend_wm_max_recent_v2
LUX,LEI,8831.96,169.8453,2,2016,2017,eu_trend_wm_max_recent_v2
KGS,PAD,8823.0,169.6731,3,2017,2019,eu_trend_wm_max_recent_v2
SEN,CFR,8819.0,169.5962,1,2019,2019,eu_trend_wm_max_recent_v2
ORY,AOI,8816.26,169.5434,2,2023,2024,eu_trend_wm_max_recent_v2
TFN,NWI,8810.15,169.4259,1,2016,2016,eu_trend_wm_max_recent_v2
LEI,LHR,8802.6,169.2808,1,2018,2018,eu_trend_wm_max_recent_v2
MAN,KLX,8800.08,169.2323,7,2015,2024,eu_trend_wm_max_recent_v2
AOI,ORY,8798.7,169.2058,2,2023,2024,eu_trend_wm_max_recent_v2
LDE,CRL,8796.86,169.1703,2,2023,2024,eu_trend_wm_max_recent_v2
NCL,EFL,8795.93,169.1525,2,2023,2024,eu_trend_wm_max_recent_v2
ORK,CCF,8788.54,169.0104,1,2023,2023,eu_trend_wm_max_recent_v2
NWI,TFN,8782.56,168.8953,1,2016,2016,eu_trend_wm_max_recent_v2
FDH,CGN,8777.44,168.797,1,2015,2015,eu_trend_wm_max_recent_v2
ORY,TIV,8770.99,168.6729,2,2023,2024,eu_trend_wm_max_recent_v2
MAH,EXT,8767.7,168.6096,4,2015,2018,eu_trend_wm_max_recent_v2
CFR,SEN,8767.0,168.5962,1,2019,2019,eu_trend_wm_max_recent_v2
BIQ,EDI,8761.13,168.4833,1,2024,2024,eu_trend_wm_max_recent_v2
KLX,VIE,8747.55,168.2221,6,2015,2024,eu_trend_wm_max_recent_v2
LIG,SOU,8746.64,168.2047,3,2015,2017,eu_trend_wm_max_recent_v2
VIE,KLX,8739.4,168.0653,6,2015,2024,eu_trend_wm_max_recent_v2
CDG,RVN,8723.87,167.7668,2,2023,2024,eu_trend_wm_max_recent_v2
ZAZ,ACE,8722.24,167.7354,1,2015,2015,eu_trend_wm_max_recent_v2
KTT,CDG,8717.0,167.6346,1,2019,2019,eu_trend_wm_max_recent_v2
BER,TIV,8701.7,167.3404,2,2023,2024,eu_trend_wm_max_recent_v2
FRA,PEG,8696.52,167.2408,1,2018,2018,eu_trend_wm_max_recent_v2
TIV,BER,8688.77,167.0917,2,2023,2024,eu_trend_wm_max_recent_v2
CRL,LDE,8683.22,166.9851,2,2023,2024,eu_trend_wm_max_recent_v2
FCO,PSR,8681.74,166.9566,2,2015,2016,eu_trend_wm_max_recent_v2
TMP,AMS,8672.14,166.7719,1,2023,2023,eu_trend_wm_max_recent_v2
BCM,MAD,8672.0,166.7692,4,2016,2019,eu_trend_wm_max_recent_v2
CWL,REU,8659.46,166.528,2,2015,2016,eu_trend_wm_max_recent_v2
EFL,LBA,8658.28,166.5054,3,2019,2024,eu_trend_wm_max_recent_v2
ORY,RVN,8654.26,166.428,1,2024,2024,eu_trend_wm_max_recent_v2
ACE,ZAZ,8648.63,166.3199,1,2015,2015,eu_trend_wm_max_recent_v2
BGY,RVN,8645.2,166.2539,1,2024,2024,eu_trend_wm_max_recent_v2
SKG,PAS,8642.48,166.2016,5,2017,2024,eu_trend_wm_max_recent_v2
STR,PVK,8641.65,166.1856,2,2023,2024,eu_trend_wm_max_recent_v2
CPH,TMP,8637.95,166.1145,2,2023,2024,eu_trend_wm_max_recent_v2
RZE,CFU,8635.32,166.0638,1,2018,2018,eu_trend_wm_max_recent_v2
JFK,SZZ,8634.33,166.0448,1,2024,2024,eu_trend_wm_max_recent_v2
PAD,GRO,8629.8,165.9578,1,2024,2024,eu_trend_wm_max_recent_v2
REU,CWL,8629.74,165.9566,2,2015,2016,eu_trend_wm_max_recent_v2
BZR,SNN,8626.87,165.9013,2,2023,2024,eu_trend_wm_max_recent_v2
NRN,PUY,8622.25,165.8125,2,2023,2024,eu_trend_wm_max_recent_v2
BGY,KSC,8615.08,165.6746,1,2015,2015,eu_trend_wm_max_recent_v2
CFU,RZE,8609.82,165.5735,1,2018,2018,eu_trend_wm_max_recent_v2
LPA,VXO,8606.0,165.5,5,2015,2019,eu_trend_wm_max_recent_v2
LPA,EVE,8605.34,165.4872,5,2015,2019,eu_trend_wm_max_recent_v2
SEN,ACE,8596.85,165.324,1,2016,2016,eu_trend_wm_max_recent_v2
KSC,BGY,8593.43,165.2582,1,2015,2015,eu_trend_wm_max_recent_v2
BSL,SBZ,8593.0,165.25,1,2019,2019,eu_trend_wm_max_recent_v2
VXO,LPA,8590.0,165.1923,5,2015,2019,eu_trend_wm_max_recent_v2
ZAZ,MAH,8586.22,165.1196,3,2017,2023,eu_trend_wm_max_recent_v2
KTT,ORY,8583.45,165.0663,2,2023,2024,eu_trend_wm_max_recent_v2
BIQ,CGN,8581.6,165.0308,1,2023,2023,eu_trend_wm_max_recent_v2
RMU,PMI,8573.29,164.8709,1,2023,2023,eu_trend_wm_max_recent_v2
KUN,KGS,8567.13,164.7525,2,2015,2016,eu_trend_wm_max_recent_v2
LBA,EFL,8562.2,164.6577,3,2019,2024,eu_trend_wm_max_recent_v2
KLR,LPA,8559.0,164.5962,5,2015,2019,eu_trend_wm_max_recent_v2
KSC,TLV,8556.25,164.5433,1,2017,2017,eu_trend_wm_max_recent_v2
BCN,BCM,8551.91,164.4598,1,2024,2024,eu_trend_wm_max_recent_v2
TLV,KSC,8550.01,164.4232,1,2017,2017,eu_trend_wm_max_recent_v2
CCF,ORK,8545.57,164.3379,1,2023,2023,eu_trend_wm_max_recent_v2
NTE,PGF,8541.04,164.2508,4,2018,2024,eu_trend_wm_max_recent_v2
PIK,MLA,8540.46,164.2396,2,2017,2018,eu_trend_wm_max_recent_v2
RNS,FCO,8535.44,164.1431,2,2016,2017,eu_trend_wm_max_recent_v2
JSI,FCO,8535.41,164.1425,2,2023,2024,eu_trend_wm_max_recent_v2
TRN,REG,8533.32,164.1023,6,2015,2024,eu_trend_wm_max_recent_v2
BCM,CTA,8527.12,163.983,1,2017,2017,eu_trend_wm_max_recent_v2
KSC,RHO,8515.08,163.7516,3,2019,2024,eu_trend_wm_max_recent_v2
KLX,DUS,8508.0,163.6154,4,2018,2024,eu_trend_wm_max_recent_v2
LIG,MRS,8506.62,163.5889,1,2024,2024,eu_trend_wm_max_recent_v2
HEL,JTR,8498.47,163.4322,1,2024,2024,eu_trend_wm_max_recent_v2
MST,STN,8498.45,163.4318,1,2023,2023,eu_trend_wm_max_recent_v2
PUY,NRN,8497.53,163.414,2,2023,2024,eu_trend_wm_max_recent_v2
CIY,MLA,8489.46,163.2588,1,2018,2018,eu_trend_wm_max_recent_v2
ANR,FCO,8475.87,162.9975,1,2016,2016,eu_trend_wm_max_recent_v2
BES,FCO,8474.92,162.9793,1,2024,2024,eu_trend_wm_max_recent_v2
FCO,BES,8457.71,162.6484,1,2024,2024,eu_trend_wm_max_recent_v2
LEI,BIO,8445.79,162.4191,3,2016,2024,eu_trend_wm_max_recent_v2
BIO,LEI,8444.13,162.3871,3,2016,2024,eu_trend_wm_max_recent_v2
FDH,LPA,8444.05,162.3856,4,2015,2018,eu_trend_wm_max_recent_v2
RVN,BGY,8440.51,162.3174,1,2024,2024,eu_trend_wm_max_recent_v2
KGS,KUN,8436.6,162.2424,2,2015,2016,eu_trend_wm_max_recent_v2
LDE,PMO,8435.63,162.2237,2,2023,2024,eu_trend_wm_max_recent_v2
SNN,BZR,8435.63,162.2237,2,2023,2024,eu_trend_wm_max_recent_v2
EGC,EDI,8432.35,162.1607,1,2024,2024,eu_trend_wm_max_recent_v2
MAH,ZAZ,8429.28,162.1015,3,2017,2023,eu_trend_wm_max_recent_v2
MXP,LDE,8419.93,161.9217,2,2023,2024,eu_trend_wm_max_recent_v2
LPA,HAU,8416.44,161.8546,2,2015,2016,eu_trend_wm_max_recent_v2
HEL,PUY,8410.92,161.7485,2,2017,2018,eu_trend_wm_max_recent_v2
PMI,GRQ,8410.0,161.7308,5,2015,2019,eu_trend_wm_max_recent_v2
GOT,SMI,8407.86,161.6896,1,2018,2018,eu_trend_wm_max_recent_v2
INI,CGN,8406.99,161.6729,2,2023,2024,eu_trend_wm_max_recent_v2
PSR,FCO,8403.71,161.6097,2,2015,2016,eu_trend_wm_max_recent_v2
OSL,SMI,8403.0,161.5962,3,2019,2024,eu_trend_wm_max_recent_v2
EFL,FRA,8400.0,161.5385,2,2018,2019,eu_trend_wm_max_recent_v2
EDI,FNI,8397.75,161.4953,1,2023,2023,eu_trend_wm_max_recent_v2
TIV,VIE,8393.14,161.4065,1,2023,2023,eu_trend_wm_max_recent_v2
STN,MST,8392.21,161.3887,1,2023,2023,eu_trend_wm_max_recent_v2
SBZ,SEN,8387.0,161.2885,1,2019,2019,eu_trend_wm_max_recent_v2
FCO,JSI,8382.97,161.211,2,2023,2024,eu_trend_wm_max_recent_v2
PGF,LBA,8382.97,161.211,1,2023,2023,eu_trend_wm_max_recent_v2
MUC,LCJ,8380.42,161.162,4,2015,2019,eu_trend_wm_max_recent_v2
LPA,FDH,8370.12,160.9638,4,2015,2018,eu_trend_wm_max_recent_v2
JSI,OSL,8361.69,160.8018,4,2015,2023,eu_trend_wm_max_recent_v2
NOC,AGP,8360.8,160.7846,2,2023,2024,eu_trend_wm_max_recent_v2
FNI,EDI,8354.33,160.6603,1,2023,2023,eu_trend_wm_max_recent_v2
BES,AGP,8349.03,160.5582,1,2024,2024,eu_trend_wm_max_recent_v2
LEI,GOT,8347.13,160.5217,1,2017,2017,eu_trend_wm_max_recent_v2
GRQ,PMI,8346.0,160.5,5,2015,2019,eu_trend_wm_max_recent_v2
PEG,VIE,8340.48,160.3938,1,2023,2023,eu_trend_wm_max_recent_v2
PGF,NTE,8326.0,160.1154,4,2018,2024,eu_trend_wm_max_recent_v2
JSI,EMA,8317.38,159.9496,2,2023,2024,eu_trend_wm_max_recent_v2
FRA,EFL,8316.0,159.9231,2,2018,2019,eu_trend_wm_max_recent_v2
FMO,RHO,8311.0,159.8269,1,2019,2019,eu_trend_wm_max_recent_v2
PUY,MUC,8306.55,159.7414,1,2017,2017,eu_trend_wm_max_recent_v2
PUY,HEL,8304.84,159.7085,2,2017,2018,eu_trend_wm_max_recent_v2
RVN,CDG,8297.98,159.5765,2,2023,2024,eu_trend_wm_max_recent_v2
RZE,TLV,8295.0,159.5192,2,2018,2019,eu_trend_wm_max_recent_v2
PUY,DUS,8290.56,159.4338,1,2018,2018,eu_trend_wm_max_recent_v2
BES,FAO,8288.34,159.3912,1,2024,2024,eu_trend_wm_max_recent_v2
MLA,PIK,8282.4,159.2769,2,2017,2018,eu_trend_wm_max_recent_v2
BES,PMO,8277.47,159.1822,1,2024,2024,eu_trend_wm_max_recent_v2
FCO,RNS,8274.3,159.1212,2,2016,2017,eu_trend_wm_max_recent_v2
DUS,PUY,8269.14,159.0219,1,2018,2018,eu_trend_wm_max_recent_v2
LPA,OUL,8268.06,159.0011,1,2017,2017,eu_trend_wm_max_recent_v2
EDI,EGC,8261.17,158.8687,1,2024,2024,eu_trend_wm_max_recent_v2
LPA,UME,8261.0,158.8654,1,2019,2019,eu_trend_wm_max_recent_v2
NTE,CLY,8248.09,158.6172,2,2023,2024,eu_trend_wm_max_recent_v2
RHO,KSC,8246.24,158.5816,3,2019,2024,eu_trend_wm_max_recent_v2
GRQ,MUC,8243.64,158.5315,1,2018,2018,eu_trend_wm_max_recent_v2
LBA,PGF,8237.01,158.404,1,2023,2023,eu_trend_wm_max_recent_v2
BES,ATH,8235.81,158.381,1,2024,2024,eu_trend_wm_max_recent_v2
MRS,ETZ,8232.0,158.3077,2,2018,2019,eu_trend_wm_max_recent_v2
ARN,PUY,8223.0,158.1346,2,2017,2019,eu_trend_wm_max_recent_v2
EGC,BRS,8222.28,158.1208,4,2015,2024,eu_trend_wm_max_recent_v2
RHO,FMO,8213.0,157.9423,1,2019,2019,eu_trend_wm_max_recent_v2
PUY,HAM,8211.88,157.9207,1,2017,2017,eu_trend_wm_max_recent_v2
LPA,KLR,8208.0,157.8462,5,2015,2019,eu_trend_wm_max_recent_v2
HAU,LPA,8206.32,157.8139,2,2015,2016,eu_trend_wm_max_recent_v2
CIY,ORY,8204.84,157.7853,1,2015,2015,eu_trend_wm_max_recent_v2
EMA,JSI,8196.36,157.6222,2,2023,2024,eu_trend_wm_max_recent_v2
HER,SCN,8193.59,157.569,3,2016,2024,eu_trend_wm_max_recent_v2
AOK,VRN,8191.0,157.5192,6,2015,2023,eu_trend_wm_max_recent_v2
ATH,BES,8185.09,157.4056,1,2024,2024,eu_trend_wm_max_recent_v2
FAO,BES,8183.28,157.3707,1,2024,2024,eu_trend_wm_max_recent_v2
EFL,FCO,8182.5,157.3557,2,2023,2024,eu_trend_wm_max_recent_v2
LYS,CLY,8181.47,157.3359,1,2024,2024,eu_trend_wm_max_recent_v2
AGP,BES,8174.22,157.1965,1,2024,2024,eu_trend_wm_max_recent_v2
CPH,PUY,8166.79,157.0537,2,2023,2024,eu_trend_wm_max_recent_v2
CRL,TRS,8156.63,156.8583,2,2023,2024,eu_trend_wm_max_recent_v2
LEI,ARN,8152.57,156.7803,1,2017,2017,eu_trend_wm_max_recent_v2
FCO,EFL,8144.62,156.6273,2,2023,2024,eu_trend_wm_max_recent_v2
LDE,CTA,8142.77,156.5918,2,2023,2024,eu_trend_wm_max_recent_v2
AJA,BES,8141.61,156.5695,1,2024,2024,eu_trend_wm_max_recent_v2
UME,LPA,8122.0,156.1923,1,2019,2019,eu_trend_wm_max_recent_v2
DUS,KLX,8117.16,156.0992,4,2018,2024,eu_trend_wm_max_recent_v2
VIE,PEG,8115.06,156.0588,1,2023,2023,eu_trend_wm_max_recent_v2
KSC,HER,8114.44,156.047,1,2024,2024,eu_trend_wm_max_recent_v2
ARN,LEI,8114.08,156.04,1,2017,2017,eu_trend_wm_max_recent_v2
OUL,LPA,8110.96,155.98,1,2017,2017,eu_trend_wm_max_recent_v2
KLX,ZRH,8103.97,155.8456,2,2023,2024,eu_trend_wm_max_recent_v2
SEN,PUY,8100.0,155.7692,1,2019,2019,eu_trend_wm_max_recent_v2
SEN,TFS,8098.08,155.7323,1,2016,2016,eu_trend_wm_max_recent_v2
EXT,ISC,8097.02,155.7119,1,2016,2016,eu_trend_wm_max_recent_v2
PUY,ARN,8095.0,155.6731,2,2017,2019,eu_trend_wm_max_recent_v2
HER,KSC,8093.61,155.6464,1,2024,2024,eu_trend_wm_max_recent_v2
ACE,SEN,8083.22,155.4466,1,2016,2016,eu_trend_wm_max_recent_v2
RVN,ORY,8082.74,155.4373,1,2024,2024,eu_trend_wm_max_recent_v2
KSC,CGN,8078.71,155.3597,1,2017,2017,eu_trend_wm_max_recent_v2
ORY,CIY,8076.03,155.3082,1,2015,2015,eu_trend_wm_max_recent_v2
PMI,RMU,8075.33,155.2949,1,2023,2023,eu_trend_wm_max_recent_v2
SEN,NQY,8070.0,155.1923,1,2019,2019,eu_trend_wm_max_recent_v2
LUZ,FRA,8065.18,155.0996,2,2015,2016,eu_trend_wm_max_recent_v2
TLV,RZE,8063.0,155.0577,2,2018,2019,eu_trend_wm_max_recent_v2
GOT,LEI,8061.02,155.0196,1,2017,2017,eu_trend_wm_max_recent_v2
SCN,HER,8057.75,154.9568,3,2016,2024,eu_trend_wm_max_recent_v2
EFL,LHR,8056.0,154.9231,3,2018,2024,eu_trend_wm_max_recent_v2
TFS,OUL,8044.37,154.6995,2,2015,2017,eu_trend_wm_max_recent_v2
OUL,TFS,8041.25,154.6395,2,2015,2017,eu_trend_wm_max_recent_v2
FRA,LUZ,8035.47,154.5282,2,2015,2016,eu_trend_wm_max_recent_v2
RIX,TIV,8033.76,154.4954,2,2023,2024,eu_trend_wm_max_recent_v2
MLA,CIY,8033.52,154.4908,1,2018,2018,eu_trend_wm_max_recent_v2
PUY,SEN,8016.0,154.1538,1,2019,2019,eu_trend_wm_max_recent_v2
NOC,TFS,8015.72,154.1484,1,2024,2024,eu_trend_wm_max_recent_v2
MUC,PUY,8010.04,154.0392,1,2017,2017,eu_trend_wm_max_recent_v2
BES,AJA,8006.66,153.9742,1,2024,2024,eu_trend_wm_max_recent_v2
PMO,BES,8005.75,153.9568,1,2024,2024,eu_trend_wm_max_recent_v2
MRS,LIG,8002.13,153.8871,1,2024,2024,eu_trend_wm_max_recent_v2
CMF,BHX,8000.88,153.8631,6,2015,2023,eu_trend_wm_max_recent_v2
FDH,HAM,8000.0,153.8462,2,2015,2019,eu_trend_wm_max_recent_v2
PMO,LDE,7995.88,153.767,2,2023,2024,eu_trend_wm_max_recent_v2
BRS,EGC,7995.47,153.7591,4,2015,2024,eu_trend_wm_max_recent_v2
ORY,PVK,7994.96,153.7492,1,2023,2023,eu_trend_wm_max_recent_v2
ANR,PMI,7994.0,153.7308,4,2016,2019,eu_trend_wm_max_recent_v2
LHR,EFL,7973.15,153.3298,3,2018,2024,eu_trend_wm_max_recent_v2
NQY,SEN,7973.0,153.3269,1,2019,2019,eu_trend_wm_max_recent_v2
EGC,OPO,7966.32,153.1984,1,2023,2023,eu_trend_wm_max_recent_v2
TFS,SEN,7960.12,153.0793,1,2016,2016,eu_trend_wm_max_recent_v2
SMI,GOT,7944.78,152.7842,1,2018,2018,eu_trend_wm_max_recent_v2
BRU,MJT,7939.64,152.6853,1,2024,2024,eu_trend_wm_max_recent_v2
SMI,OSL,7938.0,152.6538,3,2019,2024,eu_trend_wm_max_recent_v2
MJT,BRU,7931.48,152.5286,1,2024,2024,eu_trend_wm_max_recent_v2
CLY,NTE,7929.37,152.4878,2,2023,2024,eu_trend_wm_max_recent_v2
LGG,SVO,7926.65,152.4356,1,2015,2015,eu_trend_wm_max_recent_v2
AMS,TMP,7923.82,152.3812,1,2023,2023,eu_trend_wm_max_recent_v2
BHX,CMF,7921.32,152.3331,6,2015,2023,eu_trend_wm_max_recent_v2
LGG,AGP,7921.0,152.3269,6,2015,2024,eu_trend_wm_max_recent_v2
ZRH,KLX,7913.66,152.1858,2,2023,2024,eu_trend_wm_max_recent_v2
KGS,FMO,7902.0,151.9615,1,2019,2019,eu_trend_wm_max_recent_v2
ISC,EXT,7900.69,151.9364,1,2016,2016,eu_trend_wm_max_recent_v2
MUC,TMP,7897.95,151.8837,1,2023,2023,eu_trend_wm_max_recent_v2
PSR,PMO,7888.0,151.6923,1,2019,2019,eu_trend_wm_max_recent_v2
AGP,NOC,7883.17,151.5995,2,2023,2024,eu_trend_wm_max_recent_v2
FDH,DUS,7882.0,151.5769,2,2015,2019,eu_trend_wm_max_recent_v2
NCL,LEI,7874.0,151.4231,1,2019,2019,eu_trend_wm_max_recent_v2
CTA,LDE,7870.24,151.3508,2,2023,2024,eu_trend_wm_max_recent_v2
BES,MAH,7860.84,151.17,1,2024,2024,eu_trend_wm_max_recent_v2
ETZ,MRS,7857.0,151.0962,2,2018,2019,eu_trend_wm_max_recent_v2
AOK,MXP,7849.92,150.96,7,2015,2024,eu_trend_wm_max_recent_v2
PMO,PSR,7847.0,150.9038,1,2019,2019,eu_trend_wm_max_recent_v2
LEI,NCL,7846.0,150.8846,1,2019,2019,eu_trend_wm_max_recent_v2
TLV,LCJ,7840.74,150.7835,1,2018,2018,eu_trend_wm_max_recent_v2
HAM,FDH,7827.0,150.5192,2,2015,2019,eu_trend_wm_max_recent_v2
MUC,GRQ,7822.38,150.4304,1,2018,2018,eu_trend_wm_max_recent_v2
BGY,JSI,7812.83,150.2468,1,2024,2024,eu_trend_wm_max_recent_v2
JSI,OTP,7802.8,150.0538,2,2023,2024,eu_trend_wm_max_recent_v2
TER,YYZ,7793.81,149.881,1,2024,2024,eu_trend_wm_max_recent_v2
INI,ZRH,7787.0,149.75,2,2018,2019,eu_trend_wm_max_recent_v2
MAH,BES,7778.42,149.5849,1,2024,2024,eu_trend_wm_max_recent_v2
ORY,LEI,7776.93,149.5564,1,2023,2023,eu_trend_wm_max_recent_v2
RNS,FRA,7766.77,149.3609,2,2023,2024,eu_trend_wm_max_recent_v2
KLX,ORY,7764.92,149.3254,2,2023,2024,eu_trend_wm_max_recent_v2
FMO,KGS,7763.0,149.2885,1,2019,2019,eu_trend_wm_max_recent_v2
JSI,BGY,7755.77,149.1495,1,2024,2024,eu_trend_wm_max_recent_v2
CRL,RVN,7750.14,149.0411,2,2023,2024,eu_trend_wm_max_recent_v2
ARN,BZR,7749.22,149.0234,2,2023,2024,eu_trend_wm_max_recent_v2
TRS,CRL,7747.37,148.9878,2,2023,2024,eu_trend_wm_max_recent_v2
FRA,RNS,7744.6,148.9345,2,2023,2024,eu_trend_wm_max_recent_v2
OTP,JSI,7727.97,148.6147,2,2023,2024,eu_trend_wm_max_recent_v2
RVN,CRL,7716.88,148.4016,2,2023,2024,eu_trend_wm_max_recent_v2
LRH,SOU,7716.66,148.3973,4,2015,2018,eu_trend_wm_max_recent_v2
EFL,ORY,7708.57,148.2417,1,2023,2023,eu_trend_wm_max_recent_v2
VIE,AOK,7675.0,147.5962,7,2015,2024,eu_trend_wm_max_recent_v2
CGN,KSC,7656.3,147.2366,1,2017,2017,eu_trend_wm_max_recent_v2
TIV,RIX,7650.36,147.1224,2,2023,2024,eu_trend_wm_max_recent_v2
HAM,PUY,7650.06,147.1166,1,2017,2017,eu_trend_wm_max_recent_v2
DUS,FDH,7647.0,147.0577,2,2015,2019,eu_trend_wm_max_recent_v2
OPO,EGC,7643.9,146.998,1,2023,2023,eu_trend_wm_max_recent_v2
LEI,ORY,7642.97,146.9803,1,2023,2023,eu_trend_wm_max_recent_v2
PMI,ANR,7638.0,146.8846,4,2016,2019,eu_trend_wm_max_recent_v2
ARN,AOK,7632.81,146.7848,6,2016,2024,eu_trend_wm_max_recent_v2
AOK,ARN,7630.96,146.7493,6,2016,2024,eu_trend_wm_max_recent_v2
RVN,AMS,7621.72,146.5716,2,2023,2024,eu_trend_wm_max_recent_v2
LHR,PEG,7614.33,146.4295,2,2023,2024,eu_trend_wm_max_recent_v2
RHO,OUL,7611.76,146.38,1,2024,2024,eu_trend_wm_max_recent_v2
GPA,DUS,7608.18,146.3112,4,2017,2024,eu_trend_wm_max_recent_v2
OUL,RHO,7594.55,146.0491,1,2024,2024,eu_trend_wm_max_recent_v2
ORY,EFL,7592.16,146.0031,1,2023,2023,eu_trend_wm_max_recent_v2
PVK,ORY,7582.92,145.8254,1,2023,2023,eu_trend_wm_max_recent_v2
PEG,LHR,7557.06,145.328,2,2023,2024,eu_trend_wm_max_recent_v2
VIE,PUY,7538.58,144.9727,1,2023,2023,eu_trend_wm_max_recent_v2
BOJ,BZG,7532.0,144.8462,1,2019,2019,eu_trend_wm_max_recent_v2
BZG,BOJ,7531.0,144.8269,1,2019,2019,eu_trend_wm_max_recent_v2
BRS,GNB,7527.49,144.7595,2,2023,2024,eu_trend_wm_max_recent_v2
BES,OLB,7524.81,144.7079,1,2024,2024,eu_trend_wm_max_recent_v2
AOK,VIE,7522.0,144.6538,7,2015,2024,eu_trend_wm_max_recent_v2
PVK,BGY,7519.18,144.5996,2,2023,2024,eu_trend_wm_max_recent_v2
TRD,KSU,7511.0,144.4422,1,2015,2015,eu_trend_wm_max_recent_v2
TFS,NOC,7499.45,144.2202,1,2024,2024,eu_trend_wm_max_recent_v2
SOU,LRH,7482.85,143.901,4,2015,2018,eu_trend_wm_max_recent_v2
MXP,AOK,7476.21,143.7733,7,2015,2024,eu_trend_wm_max_recent_v2
OLB,BES,7462.32,143.5061,1,2024,2024,eu_trend_wm_max_recent_v2
CDG,KLX,7460.71,143.4752,3,2016,2018,eu_trend_wm_max_recent_v2
AMS,RVN,7449.89,143.2671,2,2023,2024,eu_trend_wm_max_recent_v2
DUS,GPA,7449.06,143.2512,4,2017,2024,eu_trend_wm_max_recent_v2
SMI,PRG,7439.73,143.0717,2,2023,2024,eu_trend_wm_max_recent_v2
MXP,REG,7437.0,143.0192,2,2019,2024,eu_trend_wm_max_recent_v2
DEB,CRL,7435.88,142.9978,1,2016,2016,eu_trend_wm_max_recent_v2
KLX,CDG,7428.46,142.8549,3,2016,2018,eu_trend_wm_max_recent_v2
BZR,ARN,7426.79,142.8229,2,2023,2024,eu_trend_wm_max_recent_v2
CLY,LYS,7421.56,142.7223,1,2024,2024,eu_trend_wm_max_recent_v2
BRU,SMI,7414.78,142.592,2,2023,2024,eu_trend_wm_max_recent_v2
POZ,PUY,7411.6,142.5307,1,2024,2024,eu_trend_wm_max_recent_v2
PVK,BUD,7395.38,142.2189,2,2023,2024,eu_trend_wm_max_recent_v2
ZRH,INI,7390.0,142.1154,2,2018,2019,eu_trend_wm_max_recent_v2
PRG,SMI,7375.06,141.828,2,2023,2024,eu_trend_wm_max_recent_v2
CGN,INI,7364.9,141.6326,2,2023,2024,eu_trend_wm_max_recent_v2
PUY,VIE,7362.12,141.5793,1,2023,2023,eu_trend_wm_max_recent_v2
LGG,PMI,7358.28,141.5054,6,2015,2024,eu_trend_wm_max_recent_v2
ORY,KLX,7352.89,141.4016,2,2023,2024,eu_trend_wm_max_recent_v2
CIY,TRN,7348.19,141.3114,1,2024,2024,eu_trend_wm_max_recent_v2
MAN,REG,7340.04,141.1547,1,2024,2024,eu_trend_wm_max_recent_v2
BGY,PVK,7309.47,140.5666,2,2023,2024,eu_trend_wm_max_recent_v2
KVA,DTM,7307.44,140.5276,1,2024,2024,eu_trend_wm_max_recent_v2
CRL,DEB,7294.74,140.2835,1,2016,2016,eu_trend_wm_max_recent_v2
REG,MAN,7270.3,139.8135,1,2024,2024,eu_trend_wm_max_recent_v2
SMI,BRU,7262.35,139.6606,2,2023,2024,eu_trend_wm_max_recent_v2
CPH,INN,7258.65,139.5895,1,2023,2023,eu_trend_wm_max_recent_v2
SVO,LGG,7255.54,139.5297,1,2015,2015,eu_trend_wm_max_recent_v2
PUY,POZ,7249.47,139.4129,1,2024,2024,eu_trend_wm_max_recent_v2
VIE,TIV,7233.71,139.1098,1,2023,2023,eu_trend_wm_max_recent_v2
CFU,INI,7228.17,139.0032,1,2023,2023,eu_trend_wm_max_recent_v2
BOH,CCF,7227.24,138.9854,1,2023,2023,eu_trend_wm_max_recent_v2
DTM,KVA,7219.58,138.8381,1,2024,2024,eu_trend_wm_max_recent_v2
FNI,DUB,7216.16,138.7722,2,2023,2024,eu_trend_wm_max_recent_v2
CPH,MJT,7198.75,138.4375,1,2024,2024,eu_trend_wm_max_recent_v2
TRN,CIY,7193.31,138.333,1,2024,2024,eu_trend_wm_max_recent_v2
MJT,CPH,7188.79,138.2459,1,2024,2024,eu_trend_wm_max_recent_v2
ANR,GVA,7186.27,138.1974,1,2015,2015,eu_trend_wm_max_recent_v2
INI,CFU,7184.75,138.1682,1,2023,2023,eu_trend_wm_max_recent_v2
DEB,IST,7178.82,138.0543,1,2024,2024,eu_trend_wm_max_recent_v2
INN,CPH,7174.58,137.9728,1,2023,2023,eu_trend_wm_max_recent_v2
BER,PUY,7166.14,137.8104,1,2024,2024,eu_trend_wm_max_recent_v2
MRS,REG,7158.9,137.6711,1,2024,2024,eu_trend_wm_max_recent_v2
LGW,IVL,7153.0,137.5577,3,2017,2019,eu_trend_wm_max_recent_v2
GVA,BIQ,7152.41,137.5464,2,2023,2024,eu_trend_wm_max_recent_v2
PRG,KVA,7144.1,137.3865,2,2023,2024,eu_trend_wm_max_recent_v2
KVA,PRG,7123.77,136.9956,2,2023,2024,eu_trend_wm_max_recent_v2
REG,MRS,7123.57,136.9918,1,2024,2024,eu_trend_wm_max_recent_v2
ANR,SEN,7104.3,136.6212,1,2018,2018,eu_trend_wm_max_recent_v2
CCF,BOH,7095.13,136.4449,1,2023,2023,eu_trend_wm_max_recent_v2
SMI,WAW,7089.59,136.3383,1,2023,2023,eu_trend_wm_max_recent_v2
WAW,SMI,7076.66,136.0895,1,2023,2023,eu_trend_wm_max_recent_v2
IST,DEB,7068.32,135.9293,1,2024,2024,eu_trend_wm_max_recent_v2
BUD,PVK,7047.09,135.521,2,2023,2024,eu_trend_wm_max_recent_v2
PUY,BER,7024.85,135.0932,1,2024,2024,eu_trend_wm_max_recent_v2
FRA,GPA,7021.0,135.0192,2,2018,2019,eu_trend_wm_max_recent_v2
DUB,FNI,7010.14,134.8104,2,2023,2024,eu_trend_wm_max_recent_v2
GVA,ANR,7001.17,134.6379,1,2015,2015,eu_trend_wm_max_recent_v2
LDE,MXP,7000.9,134.6327,2,2023,2024,eu_trend_wm_max_recent_v2
AOK,CPH,6990.0,134.4231,2,2019,2024,eu_trend_wm_max_recent_v2
BIQ,SXB,6989.81,134.4195,1,2023,2023,eu_trend_wm_max_recent_v2
DEB,BOJ,6979.65,134.2241,2,2023,2024,eu_trend_wm_max_recent_v2
GNB,BRS,6974.11,134.1175,2,2023,2024,eu_trend_wm_max_recent_v2
KLX,STN,6933.46,133.3358,2,2023,2024,eu_trend_wm_max_recent_v2
TFS,GRQ,6930.0,133.2692,1,2019,2019,eu_trend_wm_max_recent_v2
BOJ,DEB,6927.92,133.2292,2,2023,2024,eu_trend_wm_max_recent_v2
SXB,BIQ,6926.99,133.2114,1,2023,2023,eu_trend_wm_max_recent_v2
LCJ,TLV,6924.78,133.1688,1,2018,2018,eu_trend_wm_max_recent_v2
RMU,MAD,6890.8,132.5154,1,2024,2024,eu_trend_wm_max_recent_v2
BOH,EGC,6890.04,132.5008,2,2023,2024,eu_trend_wm_max_recent_v2
LHR,GNB,6884.5,132.3942,2,2023,2024,eu_trend_wm_max_recent_v2
GPA,FRA,6871.0,132.1346,2,2018,2019,eu_trend_wm_max_recent_v2
MJT,MAN,6861.82,131.958,1,2024,2024,eu_trend_wm_max_recent_v2
EGC,BOH,6861.4,131.95,2,2023,2024,eu_trend_wm_max_recent_v2
OSL,AOK,6854.0,131.8077,1,2019,2019,eu_trend_wm_max_recent_v2
AOK,OSL,6849.0,131.7115,1,2019,2019,eu_trend_wm_max_recent_v2
PMI,LGG,6846.38,131.6612,6,2015,2024,eu_trend_wm_max_recent_v2
STN,KLX,6840.15,131.5414,2,2023,2024,eu_trend_wm_max_recent_v2
LGW,PXO,6816.66,131.0896,4,2016,2019,eu_trend_wm_max_recent_v2
KLX,ATH,6808.38,130.9303,1,2017,2017,eu_trend_wm_max_recent_v2
GRQ,TFS,6804.0,130.8462,1,2019,2019,eu_trend_wm_max_recent_v2
MAD,RMU,6792.98,130.6343,1,2024,2024,eu_trend_wm_max_recent_v2
BIQ,GVA,6774.56,130.28,2,2023,2024,eu_trend_wm_max_recent_v2
MAN,MJT,6745.88,129.7285,1,2024,2024,eu_trend_wm_max_recent_v2
KSU,TRD,6681.85,128.4972,1,2015,2015,eu_trend_wm_max_recent_v2
CMF,EMA,6659.08,128.0592,2,2015,2016,eu_trend_wm_max_recent_v2
KLR,PMI,6645.3,127.7942,2,2017,2018,eu_trend_wm_max_recent_v2
FAO,MST,6639.83,127.6891,2,2015,2017,eu_trend_wm_max_recent_v2
SEN,ANR,6595.32,126.8331,1,2018,2018,eu_trend_wm_max_recent_v2
GVA,LRH,6573.61,126.4156,2,2015,2024,eu_trend_wm_max_recent_v2
LCJ,AMS,6566.76,126.2838,2,2015,2016,eu_trend_wm_max_recent_v2
YYZ,TER,6561.11,126.1753,1,2024,2024,eu_trend_wm_max_recent_v2
LGW,LIG,6528.0,125.5385,2,2019,2023,eu_trend_wm_max_recent_v2
GNB,CPH,6527.07,125.5205,1,2015,2015,eu_trend_wm_max_recent_v2
TRN,LMP,6511.68,125.2246,1,2018,2018,eu_trend_wm_max_recent_v2
GNB,LHR,6499.25,124.9856,2,2023,2024,eu_trend_wm_max_recent_v2
PMI,KLR,6494.34,124.8912,2,2017,2018,eu_trend_wm_max_recent_v2
FNI,LPL,6488.1,124.7711,3,2015,2017,eu_trend_wm_max_recent_v2
AMS,LCJ,6486.1,124.7328,2,2015,2016,eu_trend_wm_max_recent_v2
BOD,TLN,6468.73,124.3986,1,2024,2024,eu_trend_wm_max_recent_v2
TLN,BOD,6457.86,124.1896,1,2024,2024,eu_trend_wm_max_recent_v2
MST,FAO,6451.52,124.0677,2,2015,2017,eu_trend_wm_max_recent_v2
WAW,GPA,6446.4,123.9692,3,2017,2024,eu_trend_wm_max_recent_v2
IVL,LGW,6425.0,123.5577,3,2017,2019,eu_trend_wm_max_recent_v2
GPA,WAW,6415.8,123.3808,3,2017,2024,eu_trend_wm_max_recent_v2
ANR,LUZ,6406.0,123.1923,1,2019,2019,eu_trend_wm_max_recent_v2
LIG,LGW,6403.0,123.1346,2,2019,2023,eu_trend_wm_max_recent_v2
CPH,GNB,6383.1,122.752,1,2015,2015,eu_trend_wm_max_recent_v2
CPH,AOK,6376.0,122.6154,2,2019,2024,eu_trend_wm_max_recent_v2
IST,CIY,6370.0,122.5001,1,2024,2024,eu_trend_wm_max_recent_v2
CIY,IST,6362.76,122.3607,1,2024,2024,eu_trend_wm_max_recent_v2
LUZ,ANR,6325.0,121.6346,1,2019,2019,eu_trend_wm_max_recent_v2
KLX,BGY,6257.21,120.3309,1,2023,2023,eu_trend_wm_max_recent_v2
GPA,MUC,6244.0,120.0769,2,2019,2024,eu_trend_wm_max_recent_v2
LPL,FNI,6228.87,119.7861,3,2015,2017,eu_trend_wm_max_recent_v2
ATH,KLX,6226.79,119.746,1,2017,2017,eu_trend_wm_max_recent_v2
FAO,LDY,6223.98,119.692,1,2016,2016,eu_trend_wm_max_recent_v2
VRN,AOK,6205.99,119.3459,6,2015,2023,eu_trend_wm_max_recent_v2
EMA,CMF,6195.33,119.141,2,2015,2016,eu_trend_wm_max_recent_v2
LMP,TRN,6184.26,118.9281,1,2018,2018,eu_trend_wm_max_recent_v2
LPA,TKU,6171.29,118.6786,2,2023,2024,eu_trend_wm_max_recent_v2
LDY,FAO,6151.82,118.3043,1,2016,2016,eu_trend_wm_max_recent_v2
LRH,GVA,6135.23,117.9851,2,2015,2024,eu_trend_wm_max_recent_v2
KTW,GPA,6127.14,117.8296,3,2018,2024,eu_trend_wm_max_recent_v2
GPA,KTW,6113.68,117.5708,3,2018,2024,eu_trend_wm_max_recent_v2
TFS,LGG,6105.53,117.4141,7,2015,2024,eu_trend_wm_max_recent_v2
KLX,NTE,6100.62,117.3196,1,2018,2018,eu_trend_wm_max_recent_v2
MUC,GPA,6080.0,116.9231,2,2019,2024,eu_trend_wm_max_recent_v2
KUO,LPA,6039.0,116.1346,5,2015,2019,eu_trend_wm_max_recent_v2
GRQ,ACE,6028.72,115.937,3,2016,2018,eu_trend_wm_max_recent_v2
VXO,ZAD,5999.45,115.3741,1,2023,2023,eu_trend_wm_max_recent_v2
BGY,KLX,5996.68,115.3208,1,2023,2023,eu_trend_wm_max_recent_v2
KTW,KVA,5967.86,114.7665,1,2024,2024,eu_trend_wm_max_recent_v2
CMF,BRS,5956.0,114.5385,6,2015,2023,eu_trend_wm_max_recent_v2
KVA,KTW,5950.65,114.4356,1,2024,2024,eu_trend_wm_max_recent_v2
CPH,PXO,5937.0,114.1731,3,2019,2024,eu_trend_wm_max_recent_v2
LIN,LMP,5932.36,114.0839,1,2017,2017,eu_trend_wm_max_recent_v2
BRS,CMF,5928.0,114.0,6,2015,2023,eu_trend_wm_max_recent_v2
IVL,ORY,5908.99,113.6344,1,2024,2024,eu_trend_wm_max_recent_v2
ACE,GRQ,5882.28,113.1207,3,2016,2018,eu_trend_wm_max_recent_v2
SDL,GOT,5868.48,112.8554,4,2015,2018,eu_trend_wm_max_recent_v2
ANR,ZRH,5858.88,112.6708,1,2018,2018,eu_trend_wm_max_recent_v2
ZAD,VXO,5847.02,112.4426,1,2023,2023,eu_trend_wm_max_recent_v2
MST,ZTH,5821.15,111.9452,2,2023,2024,eu_trend_wm_max_recent_v2
LPA,KUO,5757.9,110.7288,5,2015,2019,eu_trend_wm_max_recent_v2
LMP,LIN,5747.17,110.5225,1,2017,2017,eu_trend_wm_max_recent_v2
PEG,FCO,5745.38,110.4881,2,2015,2016,eu_trend_wm_max_recent_v2
PXO,MXP,5731.38,110.2188,3,2016,2018,eu_trend_wm_max_recent_v2
ZRH,ANR,5713.02,109.8658,1,2018,2018,eu_trend_wm_max_recent_v2
GOT,SDL,5670.18,109.0419,4,2015,2018,eu_trend_wm_max_recent_v2
PXO,CPH,5658.0,108.8077,3,2019,2024,eu_trend_wm_max_recent_v2
MAN,PXO,5653.06,108.7126,1,2016,2016,eu_trend_wm_max_recent_v2
ACE,ETZ,5652.49,108.7018,2,2016,2017,eu_trend_wm_max_recent_v2
AOK,RHO,5646.72,108.5908,4,2015,2018,eu_trend_wm_max_recent_v2
ZTH,MST,5643.77,108.5341,2,2023,2024,eu_trend_wm_max_recent_v2
LIG,ORY,5639.0,108.4423,1,2019,2019,eu_trend_wm_max_recent_v2
GPA,BTS,5620.06,108.0781,1,2024,2024,eu_trend_wm_max_recent_v2
RNN,BLL,5588.58,107.4727,3,2017,2023,eu_trend_wm_max_recent_v2
KVA,VIE,5581.02,107.3273,1,2015,2015,eu_trend_wm_max_recent_v2
MXP,PXO,5567.16,107.0608,3,2016,2018,eu_trend_wm_max_recent_v2
CDG,GPA,5554.0,106.8077,1,2019,2019,eu_trend_wm_max_recent_v2
FCO,PEG,5510.85,105.9779,2,2015,2016,eu_trend_wm_max_recent_v2
PXO,LGW,5506.0,105.8846,4,2016,2019,eu_trend_wm_max_recent_v2
ANR,IBZ,5488.0,105.5385,3,2017,2019,eu_trend_wm_max_recent_v2
NTE,KLX,5466.18,105.1188,1,2018,2018,eu_trend_wm_max_recent_v2
TKU,LPA,5448.84,104.7854,2,2023,2024,eu_trend_wm_max_recent_v2
BLL,RNN,5428.81,104.4001,3,2017,2023,eu_trend_wm_max_recent_v2
FLR,ANR,5411.0,104.0577,2,2018,2019,eu_trend_wm_max_recent_v2
ETZ,ACE,5403.84,103.92,2,2016,2017,eu_trend_wm_max_recent_v2
IBZ,ANR,5399.0,103.8269,3,2017,2019,eu_trend_wm_max_recent_v2
RHO,TMP,5386.02,103.5773,1,2023,2023,eu_trend_wm_max_recent_v2
VCE,LMP,5371.0,103.2885,2,2018,2019,eu_trend_wm_max_recent_v2
HUY,PMI,5352.86,102.9396,1,2017,2017,eu_trend_wm_max_recent_v2
TMP,RHO,5340.75,102.7067,1,2023,2023,eu_trend_wm_max_recent_v2
LCA,VXO,5339.33,102.6795,6,2015,2023,eu_trend_wm_max_recent_v2
TFS,ANR,5325.05,102.4047,2,2023,2024,eu_trend_wm_max_recent_v2
BLL,AOK,5324.12,102.3869,1,2023,2023,eu_trend_wm_max_recent_v2
VXO,LCA,5322.36,102.3531,6,2015,2023,eu_trend_wm_max_recent_v2
FDH,HER,5316.73,102.2448,2,2023,2024,eu_trend_wm_max_recent_v2
ANR,FLR,5313.0,102.1731,2,2018,2019,eu_trend_wm_max_recent_v2
PXO,BLL,5308.08,102.0785,1,2018,2018,eu_trend_wm_max_recent_v2
AOK,PRG,5299.0,101.9038,1,2019,2019,eu_trend_wm_max_recent_v2
GPA,CDG,5296.0,101.8462,1,2019,2019,eu_trend_wm_max_recent_v2
BLL,PXO,5295.84,101.8431,1,2018,2018,eu_trend_wm_max_recent_v2
BGY,AOK,5294.0,101.8077,2,2018,2019,eu_trend_wm_max_recent_v2
VIE,KVA,5290.93,101.7486,1,2015,2015,eu_trend_wm_max_recent_v2
ORY,LIG,5286.0,101.6538,1,2019,2019,eu_trend_wm_max_recent_v2
PMI,HUY,5264.42,101.2389,1,2017,2017,eu_trend_wm_max_recent_v2
LRH,ORK,5228.97,100.557,2,2023,2024,eu_trend_wm_max_recent_v2
ORY,IVL,5219.73,100.3794,1,2024,2024,eu_trend_wm_max_recent_v2
AOK,BGY,5214.0,100.2692,2,2018,2019,eu_trend_wm_max_recent_v2
LPA,TMP,5209.76,100.1878,1,2024,2024,eu_trend_wm_max_recent_v2
LMP,VCE,5197.0,99.9423,2,2018,2019,eu_trend_wm_max_recent_v2
PXO,MAN,5194.61,99.8964,1,2016,2016,eu_trend_wm_max_recent_v2
AOK,BLL,5149.51,99.0291,1,2023,2023,eu_trend_wm_max_recent_v2
ORK,LRH,5133.81,98.7271,2,2023,2024,eu_trend_wm_max_recent_v2
LPA,SDL,5120.4,98.4692,1,2018,2018,eu_trend_wm_max_recent_v2
SDL,LPA,5109.18,98.2535,1,2018,2018,eu_trend_wm_max_recent_v2
BOJ,HUY,5107.0,98.2115,1,2019,2019,eu_trend_wm_max_recent_v2
AOK,BLQ,5097.0,98.0192,1,2019,2019,eu_trend_wm_max_recent_v2
HUY,BOJ,5093.0,97.9423,1,2019,2019,eu_trend_wm_max_recent_v2
PRG,AOK,5093.0,97.9423,1,2019,2019,eu_trend_wm_max_recent_v2
AEY,LGW,5068.47,97.4706,1,2024,2024,eu_trend_wm_max_recent_v2
BLQ,AOK,5032.0,96.7692,1,2019,2019,eu_trend_wm_max_recent_v2
EDI,GNB,5031.26,96.755,2,2023,2024,eu_trend_wm_max_recent_v2
IVL,MAN,5030.34,96.7373,1,2023,2023,eu_trend_wm_max_recent_v2
LGW,AEY,5016.84,96.4777,1,2024,2024,eu_trend_wm_max_recent_v2
MAN,IVL,5016.48,96.4708,1,2023,2023,eu_trend_wm_max_recent_v2
RHO,FDH,5009.09,96.3287,2,2023,2024,eu_trend_wm_max_recent_v2
GNB,EDI,4969.36,95.5647,2,2023,2024,eu_trend_wm_max_recent_v2
DUB,GNB,4939.8,94.9962,2,2023,2024,eu_trend_wm_max_recent_v2
ANR,TFS,4934.26,94.8896,2,2023,2024,eu_trend_wm_max_recent_v2
FDH,RHO,4933.33,94.8718,2,2023,2024,eu_trend_wm_max_recent_v2
TMP,LPA,4912.68,94.4747,1,2024,2024,eu_trend_wm_max_recent_v2
GPA,PRG,4896.38,94.1612,1,2024,2024,eu_trend_wm_max_recent_v2
OTP,RMI,4885.29,93.948,1,2023,2023,eu_trend_wm_max_recent_v2
PRG,GPA,4869.21,93.6386,1,2024,2024,eu_trend_wm_max_recent_v2
RHO,AOK,4859.71,93.4559,4,2015,2018,eu_trend_wm_max_recent_v2
HER,FDH,4834.48,92.9708,2,2023,2024,eu_trend_wm_max_recent_v2
BTS,GPA,4833.89,92.9593,1,2024,2024,eu_trend_wm_max_recent_v2
GNB,DUB,4731.94,90.9988,2,2023,2024,eu_trend_wm_max_recent_v2
LCY,EGC,4712.52,90.6253,1,2024,2024,eu_trend_wm_max_recent_v2
VIE,RMI,4707.92,90.5369,2,2023,2024,eu_trend_wm_max_recent_v2
EGC,LCY,4680.82,90.0157,1,2024,2024,eu_trend_wm_max_recent_v2
RMI,VIE,4678.35,89.9683,2,2023,2024,eu_trend_wm_max_recent_v2
RMI,OTP,4488.96,86.3262,1,2023,2023,eu_trend_wm_max_recent_v2
LGG,LPA,3756.07,72.232,7,2015,2024,eu_trend_wm_max_recent_v2
